2026-07-26 13:15:47,644 - Engine - INFO - Type: wav2vec2. Memory Stats of Processor...: Before load: 745.455616, After load: 746.196992, Delta: 0.741376
2026-07-26 13:16:24,894 - Engine - INFO - Type: wav2vec2. Memory Stats of Model...: Before load: 746.196992, After load: 3902.607360, Delta: 3156.410368
2026-07-26 13:16:33,380 - Evaluate - INFO - ASR Module... Epoch: 0, RSS: 3.81 GB
2026-07-26 13:16:33,381 - Evaluate - INFO - ASR... Epoch: 0, Walltime: 3.481991 CPU time: 17.774792
2026-07-26 13:16:37,141 - Evaluate - INFO - ASR Module... Epoch: 0, RSS: 3.97 GB
2026-07-26 13:16:37,142 - Evaluate - INFO - ASR... Epoch: 0, Walltime: 3.755745 CPU time: 21.205885
2026-07-26 13:16:41,152 - Evaluate - INFO - ASR Module... Epoch: 0, RSS: 4.05 GB
2026-07-26 13:16:41,152 - Evaluate - INFO - ASR... Epoch: 0, Walltime: 4.005746 CPU time: 21.906714
2026-07-26 13:16:47,226 - Evaluate - INFO - ASR Module... Epoch: 0, RSS: 4.19 GB
2026-07-26 13:16:47,227 - Evaluate - INFO - ASR... Epoch: 0, Walltime: 6.067027 CPU time: 33.790916
2026-07-26 13:16:53,660 - Evaluate - INFO - ASR Module... Epoch: 0, RSS: 4.26 GB
2026-07-26 13:16:53,661 - Evaluate - INFO - ASR... Epoch: 0, Walltime: 6.425628 CPU time: 36.068627
2026-07-26 13:16:57,022 - Evaluate - INFO - ASR Module... Epoch: 0, RSS: 4.49 GB
2026-07-26 13:16:57,022 - Evaluate - INFO - ASR... Epoch: 0, Walltime: 3.355383 CPU time: 19.018472
2026-07-26 13:16:59,191 - Evaluate - INFO - ASR Module... Epoch: 0, RSS: 4.49 GB
2026-07-26 13:16:59,192 - Evaluate - INFO - ASR... Epoch: 0, Walltime: 2.164685 CPU time: 12.428380
2026-07-26 13:17:02,165 - Evaluate - INFO - ASR Module... Epoch: 0, RSS: 4.49 GB
2026-07-26 13:17:02,165 - Evaluate - INFO - ASR... Epoch: 0, Walltime: 2.969535 CPU time: 16.828757
2026-07-26 13:17:05,499 - Evaluate - INFO - ASR Module... Epoch: 0, RSS: 4.59 GB
2026-07-26 13:17:05,499 - Evaluate - INFO - ASR... Epoch: 0, Walltime: 3.329617 CPU time: 18.859919
2026-07-26 13:17:07,726 - Evaluate - INFO - ASR Module... Epoch: 0, RSS: 4.59 GB
2026-07-26 13:17:07,727 - Evaluate - INFO - ASR... Epoch: 0, Walltime: 2.222708 CPU time: 12.766817
2026-07-26 13:17:11,829 - Evaluate - INFO - ASR Module... Epoch: 0, RSS: 4.63 GB
2026-07-26 13:17:11,829 - Evaluate - INFO - ASR... Epoch: 0, Walltime: 4.096595 CPU time: 23.212365
2026-07-26 13:17:13,564 - Evaluate - INFO - ASR Module... Epoch: 0, RSS: 4.63 GB
2026-07-26 13:17:13,564 - Evaluate - INFO - ASR... Epoch: 0, Walltime: 1.731976 CPU time: 9.457187
2026-07-26 13:17:15,584 - Evaluate - INFO - ASR Module... Epoch: 0, RSS: 4.71 GB
2026-07-26 13:17:15,585 - Evaluate - INFO - ASR... Epoch: 0, Walltime: 2.017772 CPU time: 11.572235
2026-07-26 13:17:20,230 - Evaluate - INFO - ASR Module... Epoch: 0, RSS: 4.68 GB
2026-07-26 13:17:20,231 - Evaluate - INFO - ASR... Epoch: 0, Walltime: 4.640499 CPU time: 25.990385
2026-07-26 13:17:23,803 - Evaluate - INFO - ASR Module... Epoch: 0, RSS: 4.71 GB
2026-07-26 13:17:23,804 - Evaluate - INFO - ASR... Epoch: 0, Walltime: 3.567524 CPU time: 19.954210
2026-07-26 13:17:25,264 - Evaluate - INFO - ASR Module... Epoch: 0, RSS: 4.71 GB
2026-07-26 13:17:25,265 - Evaluate - INFO - ASR... Epoch: 0, Walltime: 1.457796 CPU time: 8.115253
2026-07-26 13:17:28,005 - Evaluate - INFO - ASR Module... Epoch: 0, RSS: 4.76 GB
2026-07-26 13:17:28,005 - Evaluate - INFO - ASR... Epoch: 0, Walltime: 2.736084 CPU time: 15.093083
2026-07-26 13:17:29,798 - Evaluate - INFO - ASR Module... Epoch: 0, RSS: 4.76 GB
2026-07-26 13:17:29,799 - Evaluate - INFO - ASR... Epoch: 0, Walltime: 1.789763 CPU time: 10.195700
2026-07-26 13:17:31,480 - Evaluate - INFO - ASR Module... Epoch: 0, RSS: 4.79 GB
2026-07-26 13:17:31,481 - Evaluate - INFO - ASR... Epoch: 0, Walltime: 1.678841 CPU time: 9.474815
2026-07-26 13:17:33,799 - Evaluate - INFO - ASR Module... Epoch: 0, RSS: 4.79 GB
2026-07-26 13:17:33,800 - Evaluate - INFO - ASR... Epoch: 0, Walltime: 2.315567 CPU time: 13.021322
2026-07-26 13:17:38,318 - Evaluate - INFO - ASR Module... Epoch: 0, RSS: 4.88 GB
2026-07-26 13:17:38,319 - Evaluate - INFO - ASR... Epoch: 0, Walltime: 4.513533 CPU time: 25.877255
2026-07-26 13:17:43,615 - Evaluate - INFO - ASR Module... Epoch: 0, RSS: 5.00 GB
2026-07-26 13:17:43,616 - Evaluate - INFO - ASR... Epoch: 0, Walltime: 5.290072 CPU time: 29.899582
2026-07-26 13:17:45,810 - Evaluate - INFO - ASR Module... Epoch: 0, RSS: 5.03 GB
2026-07-26 13:17:45,811 - Evaluate - INFO - ASR... Epoch: 0, Walltime: 2.189177 CPU time: 11.733521
2026-07-26 13:17:47,442 - Evaluate - INFO - ASR Module... Epoch: 0, RSS: 5.13 GB
2026-07-26 13:17:47,443 - Evaluate - INFO - ASR... Epoch: 0, Walltime: 1.629133 CPU time: 9.116811
2026-07-26 13:17:50,332 - Evaluate - INFO - ASR Module... Epoch: 0, RSS: 5.15 GB
2026-07-26 13:17:50,333 - Evaluate - INFO - ASR... Epoch: 0, Walltime: 2.886309 CPU time: 16.318351
2026-07-26 13:17:53,424 - Evaluate - INFO - ASR Module... Epoch: 0, RSS: 5.18 GB
2026-07-26 13:17:53,424 - Evaluate - INFO - ASR... Epoch: 0, Walltime: 3.087539 CPU time: 17.568912
2026-07-26 13:17:56,333 - Evaluate - INFO - ASR Module... Epoch: 0, RSS: 5.18 GB
2026-07-26 13:17:56,334 - Evaluate - INFO - ASR... Epoch: 0, Walltime: 2.905317 CPU time: 16.242988
2026-07-26 13:17:59,337 - Evaluate - INFO - ASR Module... Epoch: 0, RSS: 5.25 GB
2026-07-26 13:17:59,338 - Evaluate - INFO - ASR... Epoch: 0, Walltime: 2.999086 CPU time: 16.999197
2026-07-26 13:18:04,144 - Evaluate - INFO - ASR Module... Epoch: 0, RSS: 5.25 GB
2026-07-26 13:18:04,145 - Evaluate - INFO - ASR... Epoch: 0, Walltime: 4.802358 CPU time: 25.536062
2026-07-26 13:18:06,677 - Evaluate - INFO - ASR Module... Epoch: 0, RSS: 5.34 GB
2026-07-26 13:18:06,678 - Evaluate - INFO - ASR... Epoch: 0, Walltime: 2.529511 CPU time: 13.770267
2026-07-26 13:18:09,361 - Evaluate - INFO - ASR Module... Epoch: 0, RSS: 5.34 GB
2026-07-26 13:18:09,362 - Evaluate - INFO - ASR... Epoch: 0, Walltime: 2.679503 CPU time: 14.936910
2026-07-26 13:18:11,502 - Evaluate - INFO - ASR Module... Epoch: 0, RSS: 5.34 GB
2026-07-26 13:18:11,503 - Evaluate - INFO - ASR... Epoch: 0, Walltime: 2.137038 CPU time: 11.347434
2026-07-26 13:18:13,799 - Evaluate - INFO - ASR Module... Epoch: 0, RSS: 5.37 GB
2026-07-26 13:18:13,800 - Evaluate - INFO - ASR... Epoch: 0, Walltime: 2.293671 CPU time: 12.776962
2026-07-26 13:18:16,145 - Evaluate - INFO - ASR Module... Epoch: 0, RSS: 5.42 GB
2026-07-26 13:18:16,146 - Evaluate - INFO - ASR... Epoch: 0, Walltime: 2.341637 CPU time: 12.723401
2026-07-26 13:18:18,194 - Evaluate - INFO - ASR Module... Epoch: 0, RSS: 5.48 GB
2026-07-26 13:18:18,195 - Evaluate - INFO - ASR... Epoch: 0, Walltime: 2.045998 CPU time: 10.681671
2026-07-26 13:18:21,479 - Evaluate - INFO - ASR Module... Epoch: 0, RSS: 5.48 GB
2026-07-26 13:18:21,480 - Evaluate - INFO - ASR... Epoch: 0, Walltime: 3.281430 CPU time: 18.445592
2026-07-26 13:18:25,537 - Evaluate - INFO - ASR Module... Epoch: 0, RSS: 5.48 GB
2026-07-26 13:18:25,538 - Evaluate - INFO - ASR... Epoch: 0, Walltime: 4.052339 CPU time: 22.812784
2026-07-26 13:18:29,271 - Evaluate - INFO - ASR Module... Epoch: 0, RSS: 5.51 GB
2026-07-26 13:18:29,272 - Evaluate - INFO - ASR... Epoch: 0, Walltime: 3.728179 CPU time: 20.835039
2026-07-26 13:18:32,488 - Evaluate - INFO - ASR Module... Epoch: 0, RSS: 5.51 GB
2026-07-26 13:18:32,488 - Evaluate - INFO - ASR... Epoch: 0, Walltime: 3.211563 CPU time: 17.887687
2026-07-26 13:18:33,870 - Evaluate - INFO - ASR Module... Epoch: 0, RSS: 5.57 GB
2026-07-26 13:18:33,870 - Evaluate - INFO - ASR... Epoch: 0, Walltime: 1.378419 CPU time: 7.956834
2026-07-26 13:18:35,799 - Evaluate - INFO - ASR Module... Epoch: 0, RSS: 5.63 GB
2026-07-26 13:18:35,800 - Evaluate - INFO - ASR... Epoch: 0, Walltime: 1.926886 CPU time: 11.014936
2026-07-26 13:18:38,343 - Evaluate - INFO - ASR Module... Epoch: 0, RSS: 5.63 GB
2026-07-26 13:18:38,343 - Evaluate - INFO - ASR... Epoch: 0, Walltime: 2.540045 CPU time: 14.694320
2026-07-26 13:18:40,349 - Evaluate - INFO - ASR Module... Epoch: 0, RSS: 5.63 GB
2026-07-26 13:18:40,350 - Evaluate - INFO - ASR... Epoch: 0, Walltime: 2.003440 CPU time: 11.359727
2026-07-26 13:18:41,946 - Evaluate - INFO - ASR Module... Epoch: 0, RSS: 5.63 GB
2026-07-26 13:18:41,947 - Evaluate - INFO - ASR... Epoch: 0, Walltime: 1.593976 CPU time: 9.028985
2026-07-26 13:18:44,522 - Evaluate - INFO - ASR Module... Epoch: 0, RSS: 5.63 GB
2026-07-26 13:18:44,523 - Evaluate - INFO - ASR... Epoch: 0, Walltime: 2.572552 CPU time: 14.687584
2026-07-26 13:18:46,097 - Evaluate - INFO - ASR Module... Epoch: 0, RSS: 5.63 GB
2026-07-26 13:18:46,098 - Evaluate - INFO - ASR... Epoch: 0, Walltime: 1.572154 CPU time: 8.371331
2026-07-26 13:18:47,476 - Evaluate - INFO - ASR Module... Epoch: 0, RSS: 5.63 GB
2026-07-26 13:18:47,477 - Evaluate - INFO - ASR... Epoch: 0, Walltime: 1.375882 CPU time: 8.010583
2026-07-26 13:18:49,783 - Evaluate - INFO - ASR Module... Epoch: 0, RSS: 5.63 GB
2026-07-26 13:18:49,784 - Evaluate - INFO - ASR... Epoch: 0, Walltime: 2.304012 CPU time: 13.093623
2026-07-26 13:18:51,954 - Evaluate - INFO - ASR Module... Epoch: 0, RSS: 5.63 GB
2026-07-26 13:18:51,955 - Evaluate - INFO - ASR... Epoch: 0, Walltime: 2.167268 CPU time: 12.142582
2026-07-26 13:18:53,343 - Evaluate - INFO - ASR Module... Epoch: 0, RSS: 5.63 GB
2026-07-26 13:18:53,343 - Evaluate - INFO - ASR... Epoch: 0, Walltime: 1.385390 CPU time: 7.972526
2026-07-26 13:18:55,023 - Evaluate - INFO - ASR Module... Epoch: 0, RSS: 5.63 GB
2026-07-26 13:18:55,024 - Evaluate - INFO - ASR... Epoch: 0, Walltime: 1.677459 CPU time: 9.396360
2026-07-26 13:18:56,791 - Evaluate - INFO - ASR Module... Epoch: 0, RSS: 5.63 GB
2026-07-26 13:18:56,791 - Evaluate - INFO - ASR... Epoch: 0, Walltime: 1.764719 CPU time: 9.625090
2026-07-26 13:18:59,386 - Evaluate - INFO - ASR Module... Epoch: 0, RSS: 5.63 GB
2026-07-26 13:18:59,386 - Evaluate - INFO - ASR... Epoch: 0, Walltime: 2.591891 CPU time: 14.594924
2026-07-26 13:19:01,038 - Evaluate - INFO - ASR Module... Epoch: 0, RSS: 5.63 GB
2026-07-26 13:19:01,038 - Evaluate - INFO - ASR... Epoch: 0, Walltime: 1.649329 CPU time: 9.657570
2026-07-26 13:19:03,122 - Evaluate - INFO - ASR Module... Epoch: 0, RSS: 5.63 GB
2026-07-26 13:19:03,122 - Evaluate - INFO - ASR... Epoch: 0, Walltime: 2.080436 CPU time: 11.777121
2026-07-26 13:19:05,402 - Evaluate - INFO - ASR Module... Epoch: 0, RSS: 5.63 GB
2026-07-26 13:19:05,402 - Evaluate - INFO - ASR... Epoch: 0, Walltime: 2.276446 CPU time: 13.045539
2026-07-26 13:19:07,457 - Evaluate - INFO - ASR Module... Epoch: 0, RSS: 5.63 GB
2026-07-26 13:19:07,458 - Evaluate - INFO - ASR... Epoch: 0, Walltime: 2.051969 CPU time: 11.304868
2026-07-26 13:19:10,380 - Evaluate - INFO - ASR Module... Epoch: 0, RSS: 5.63 GB
2026-07-26 13:19:10,381 - Evaluate - INFO - ASR... Epoch: 0, Walltime: 2.918799 CPU time: 16.663740
2026-07-26 13:19:12,871 - Evaluate - INFO - ASR Module... Epoch: 0, RSS: 5.63 GB
2026-07-26 13:19:12,871 - Evaluate - INFO - ASR... Epoch: 0, Walltime: 2.486243 CPU time: 14.367282
2026-07-26 13:19:14,990 - Evaluate - INFO - ASR Module... Epoch: 0, RSS: 5.63 GB
2026-07-26 13:19:14,991 - Evaluate - INFO - ASR... Epoch: 0, Walltime: 2.116137 CPU time: 12.106887
2026-07-26 13:19:16,738 - Evaluate - INFO - ASR Module... Epoch: 0, RSS: 5.63 GB
2026-07-26 13:19:16,739 - Evaluate - INFO - ASR... Epoch: 0, Walltime: 1.745126 CPU time: 10.000723
2026-07-26 13:19:19,013 - Evaluate - INFO - ASR Module... Epoch: 0, RSS: 5.63 GB
2026-07-26 13:19:19,014 - Evaluate - INFO - ASR... Epoch: 0, Walltime: 2.270891 CPU time: 12.726666
2026-07-26 13:19:20,802 - Evaluate - INFO - ASR Module... Epoch: 0, RSS: 5.63 GB
2026-07-26 13:19:20,803 - Evaluate - INFO - ASR... Epoch: 0, Walltime: 1.786428 CPU time: 10.178290
2026-07-26 13:19:23,543 - Evaluate - INFO - ASR Module... Epoch: 0, RSS: 5.63 GB
2026-07-26 13:19:23,544 - Evaluate - INFO - ASR... Epoch: 0, Walltime: 2.737380 CPU time: 15.110414
2026-07-26 13:19:25,657 - Evaluate - INFO - ASR Module... Epoch: 0, RSS: 5.63 GB
2026-07-26 13:19:25,658 - Evaluate - INFO - ASR... Epoch: 0, Walltime: 2.109813 CPU time: 12.127178
2026-07-26 13:19:28,481 - Evaluate - INFO - ASR Module... Epoch: 0, RSS: 5.63 GB
2026-07-26 13:19:28,481 - Evaluate - INFO - ASR... Epoch: 0, Walltime: 2.819710 CPU time: 15.988068
2026-07-26 13:19:30,046 - Evaluate - INFO - ASR Module... Epoch: 0, RSS: 5.63 GB
2026-07-26 13:19:30,046 - Evaluate - INFO - ASR... Epoch: 0, Walltime: 1.561936 CPU time: 8.787793
2026-07-26 13:19:32,105 - Evaluate - INFO - ASR Module... Epoch: 0, RSS: 5.63 GB
2026-07-26 13:19:32,105 - Evaluate - INFO - ASR... Epoch: 0, Walltime: 2.056404 CPU time: 11.674047
2026-07-26 13:19:34,274 - Evaluate - INFO - ASR Module... Epoch: 0, RSS: 5.63 GB
2026-07-26 13:19:34,275 - Evaluate - INFO - ASR... Epoch: 0, Walltime: 2.166365 CPU time: 12.030600
2026-07-26 13:19:36,568 - Evaluate - INFO - ASR Module... Epoch: 0, RSS: 5.63 GB
2026-07-26 13:19:36,569 - Evaluate - INFO - ASR... Epoch: 0, Walltime: 2.290773 CPU time: 12.738102
2026-07-26 13:19:37,723 - Evaluate - INFO - ASR Module... Epoch: 0, RSS: 5.63 GB
2026-07-26 13:19:37,723 - Evaluate - INFO - ASR... Epoch: 0, Walltime: 1.151365 CPU time: 6.455336
2026-07-26 13:19:39,214 - Evaluate - INFO - ASR Module... Epoch: 0, RSS: 5.63 GB
2026-07-26 13:19:39,215 - Evaluate - INFO - ASR... Epoch: 0, Walltime: 1.489261 CPU time: 8.696691
2026-07-26 13:19:41,601 - Evaluate - INFO - ASR Module... Epoch: 0, RSS: 5.63 GB
2026-07-26 13:19:41,602 - Evaluate - INFO - ASR... Epoch: 0, Walltime: 2.383724 CPU time: 13.618046
2026-07-26 13:19:42,439 - Evaluate - INFO - ASR Module... Epoch: 0, RSS: 5.63 GB
2026-07-26 13:19:42,440 - Evaluate - INFO - ASR... Epoch: 0, Walltime: 0.835797 CPU time: 4.643015
2026-07-26 13:19:43,497 - Evaluate - INFO - ASR Module... Epoch: 0, RSS: 5.63 GB
2026-07-26 13:19:43,498 - Evaluate - INFO - ASR... Epoch: 0, Walltime: 1.055726 CPU time: 5.880774
2026-07-26 13:19:44,811 - Evaluate - INFO - ASR Module... Epoch: 0, RSS: 5.63 GB
2026-07-26 13:19:44,811 - Evaluate - INFO - ASR... Epoch: 0, Walltime: 1.311521 CPU time: 7.712500
2026-07-26 13:19:45,872 - Evaluate - INFO - ASR Module... Epoch: 0, RSS: 5.63 GB
2026-07-26 13:19:45,872 - Evaluate - INFO - ASR... Epoch: 0, Walltime: 1.058750 CPU time: 6.030460
2026-07-26 13:19:47,239 - Evaluate - INFO - ASR Module... Epoch: 0, RSS: 5.63 GB
2026-07-26 13:19:47,240 - Evaluate - INFO - ASR... Epoch: 0, Walltime: 1.365063 CPU time: 8.001824
2026-07-26 13:19:49,456 - Evaluate - INFO - ASR Module... Epoch: 0, RSS: 5.63 GB
2026-07-26 13:19:49,457 - Evaluate - INFO - ASR... Epoch: 0, Walltime: 2.214364 CPU time: 12.526865
2026-07-26 13:19:50,845 - Evaluate - INFO - ASR Module... Epoch: 0, RSS: 5.63 GB
2026-07-26 13:19:50,846 - Evaluate - INFO - ASR... Epoch: 0, Walltime: 1.386145 CPU time: 7.913652
2026-07-26 13:19:51,709 - Evaluate - INFO - ASR Module... Epoch: 0, RSS: 5.63 GB
2026-07-26 13:19:51,709 - Evaluate - INFO - ASR... Epoch: 0, Walltime: 0.861013 CPU time: 4.825526
2026-07-26 13:19:54,090 - Evaluate - INFO - ASR Module... Epoch: 0, RSS: 5.63 GB
2026-07-26 13:19:54,091 - Evaluate - INFO - ASR... Epoch: 0, Walltime: 2.378757 CPU time: 13.180035
2026-07-26 13:19:55,935 - Evaluate - INFO - ASR Module... Epoch: 0, RSS: 5.63 GB
2026-07-26 13:19:55,936 - Evaluate - INFO - ASR... Epoch: 0, Walltime: 1.841827 CPU time: 10.577341
2026-07-26 13:19:57,051 - Evaluate - INFO - ASR Module... Epoch: 0, RSS: 5.63 GB
2026-07-26 13:19:57,052 - Evaluate - INFO - ASR... Epoch: 0, Walltime: 1.112796 CPU time: 6.260363
2026-07-26 13:19:58,686 - Evaluate - INFO - ASR Module... Epoch: 0, RSS: 5.63 GB
2026-07-26 13:19:58,687 - Evaluate - INFO - ASR... Epoch: 0, Walltime: 1.631636 CPU time: 9.470549
2026-07-26 13:19:59,657 - Evaluate - INFO - ASR Module... Epoch: 0, RSS: 5.63 GB
2026-07-26 13:19:59,657 - Evaluate - INFO - ASR... Epoch: 0, Walltime: 0.967783 CPU time: 5.527502
2026-07-26 13:20:00,763 - Evaluate - INFO - ASR Module... Epoch: 0, RSS: 5.63 GB
2026-07-26 13:20:00,764 - Evaluate - INFO - ASR... Epoch: 0, Walltime: 1.104818 CPU time: 6.300972
2026-07-26 13:20:02,189 - Evaluate - INFO - ASR Module... Epoch: 0, RSS: 5.63 GB
2026-07-26 13:20:02,190 - Evaluate - INFO - ASR... Epoch: 0, Walltime: 1.423894 CPU time: 8.279793
2026-07-26 13:20:03,776 - Evaluate - INFO - ASR Module... Epoch: 0, RSS: 5.63 GB
2026-07-26 13:20:03,776 - Evaluate - INFO - ASR... Epoch: 0, Walltime: 1.583289 CPU time: 9.061101
2026-07-26 13:20:05,298 - Evaluate - INFO - ASR Module... Epoch: 0, RSS: 5.63 GB
2026-07-26 13:20:05,298 - Evaluate - INFO - ASR... Epoch: 0, Walltime: 1.519822 CPU time: 8.909675
2026-07-26 13:20:08,278 - Evaluate - INFO - ASR Module... Epoch: 0, RSS: 5.63 GB
2026-07-26 13:20:08,279 - Evaluate - INFO - ASR... Epoch: 0, Walltime: 2.976258 CPU time: 16.789795
2026-07-26 13:20:09,828 - Evaluate - INFO - ASR Module... Epoch: 0, RSS: 5.63 GB
2026-07-26 13:20:09,828 - Evaluate - INFO - ASR... Epoch: 0, Walltime: 1.546081 CPU time: 8.884599
2026-07-26 13:20:11,460 - Evaluate - INFO - ASR Module... Epoch: 0, RSS: 5.63 GB
2026-07-26 13:20:11,461 - Evaluate - INFO - ASR... Epoch: 0, Walltime: 1.629882 CPU time: 9.301835
2026-07-26 13:20:12,454 - Evaluate - INFO - ASR Module... Epoch: 0, RSS: 5.63 GB
2026-07-26 13:20:12,455 - Evaluate - INFO - ASR... Epoch: 0, Walltime: 0.991652 CPU time: 5.664141
2026-07-26 13:20:14,226 - Evaluate - INFO - ASR Module... Epoch: 0, RSS: 5.63 GB
2026-07-26 13:20:14,226 - Evaluate - INFO - ASR... Epoch: 0, Walltime: 1.769199 CPU time: 10.011393
2026-07-26 13:20:15,449 - Evaluate - INFO - ASR Module... Epoch: 0, RSS: 5.63 GB
2026-07-26 13:20:15,449 - Evaluate - INFO - ASR... Epoch: 0, Walltime: 1.220728 CPU time: 7.033406
2026-07-26 13:20:17,101 - Evaluate - INFO - ASR Module... Epoch: 0, RSS: 5.63 GB
2026-07-26 13:20:17,101 - Evaluate - INFO - ASR... Epoch: 0, Walltime: 1.649232 CPU time: 9.158747
2026-07-26 13:20:18,388 - Evaluate - INFO - ASR Module... Epoch: 0, RSS: 5.63 GB
2026-07-26 13:20:18,390 - Evaluate - INFO - ASR... Epoch: 0, Walltime: 1.285358 CPU time: 6.989475
2026-07-26 13:20:19,953 - Evaluate - INFO - ASR Module... Epoch: 0, RSS: 5.63 GB
2026-07-26 13:20:19,953 - Evaluate - INFO - ASR... Epoch: 0, Walltime: 1.561082 CPU time: 9.067983
2026-07-26 13:20:21,257 - Evaluate - INFO - ASR Module... Epoch: 0, RSS: 5.63 GB
2026-07-26 13:20:21,257 - Evaluate - INFO - ASR... Epoch: 0, Walltime: 1.301377 CPU time: 7.301910
2026-07-26 13:20:22,622 - Evaluate - INFO - ASR Module... Epoch: 0, RSS: 5.63 GB
2026-07-26 13:20:22,623 - Evaluate - INFO - ASR... Epoch: 0, Walltime: 1.363336 CPU time: 7.968393
2026-07-26 13:20:23,772 - Evaluate - INFO - ASR Module... Epoch: 0, RSS: 5.63 GB
2026-07-26 13:20:23,773 - Evaluate - INFO - ASR... Epoch: 0, Walltime: 1.147724 CPU time: 6.606980
2026-07-26 13:20:25,384 - Evaluate - INFO - ASR Module... Epoch: 0, RSS: 5.63 GB
2026-07-26 13:20:25,385 - Evaluate - INFO - ASR... Epoch: 0, Walltime: 1.609470 CPU time: 9.165549
2026-07-26 13:20:26,472 - Evaluate - INFO - ASR Module... Epoch: 0, RSS: 5.63 GB
2026-07-26 13:20:26,472 - Evaluate - INFO - ASR... Epoch: 0, Walltime: 1.085007 CPU time: 6.176666
2026-07-26 13:20:27,627 - Evaluate - INFO - ASR Module... Epoch: 0, RSS: 5.63 GB
2026-07-26 13:20:27,628 - Evaluate - INFO - ASR... Epoch: 0, Walltime: 1.154036 CPU time: 6.780783
2026-07-26 13:20:28,850 - Evaluate - INFO - ASR Module... Epoch: 0, RSS: 5.63 GB
2026-07-26 13:20:28,851 - Evaluate - INFO - ASR... Epoch: 0, Walltime: 1.219858 CPU time: 7.007959
2026-07-26 13:20:30,269 - Evaluate - INFO - ASR Module... Epoch: 0, RSS: 5.63 GB
2026-07-26 13:20:30,270 - Evaluate - INFO - ASR... Epoch: 0, Walltime: 1.415972 CPU time: 8.012826
2026-07-26 13:20:31,252 - Evaluate - INFO - ASR Module... Epoch: 0, RSS: 5.63 GB
2026-07-26 13:20:31,253 - Evaluate - INFO - ASR... Epoch: 0, Walltime: 0.980735 CPU time: 5.579632
2026-07-26 13:20:33,234 - Evaluate - INFO - ASR Module... Epoch: 0, RSS: 5.63 GB
2026-07-26 13:20:33,235 - Evaluate - INFO - ASR... Epoch: 0, Walltime: 1.979650 CPU time: 11.062069
2026-07-26 13:20:34,668 - Evaluate - INFO - ASR Module... Epoch: 0, RSS: 5.63 GB
2026-07-26 13:20:34,669 - Evaluate - INFO - ASR... Epoch: 0, Walltime: 1.430526 CPU time: 8.039788
2026-07-26 13:20:36,634 - Evaluate - INFO - ASR Module... Epoch: 0, RSS: 5.63 GB
2026-07-26 13:20:36,634 - Evaluate - INFO - ASR... Epoch: 0, Walltime: 1.962894 CPU time: 10.749406
2026-07-26 13:20:37,543 - Evaluate - INFO - ASR Module... Epoch: 0, RSS: 5.63 GB
2026-07-26 13:20:37,544 - Evaluate - INFO - ASR... Epoch: 0, Walltime: 0.907806 CPU time: 5.312986
2026-07-26 13:20:39,957 - Evaluate - INFO - ASR Module... Epoch: 0, RSS: 5.63 GB
2026-07-26 13:20:39,958 - Evaluate - INFO - ASR... Epoch: 0, Walltime: 2.410303 CPU time: 14.079251
2026-07-26 13:20:43,033 - Evaluate - INFO - ASR Module... Epoch: 0, RSS: 5.63 GB
2026-07-26 13:20:43,034 - Evaluate - INFO - ASR... Epoch: 0, Walltime: 3.071853 CPU time: 17.954558
2026-07-26 13:20:44,991 - Evaluate - INFO - ASR Module... Epoch: 0, RSS: 5.63 GB
2026-07-26 13:20:44,992 - Evaluate - INFO - ASR... Epoch: 0, Walltime: 1.954781 CPU time: 11.257946
2026-07-26 13:20:46,568 - Evaluate - INFO - ASR Module... Epoch: 0, RSS: 5.63 GB
2026-07-26 13:20:46,568 - Evaluate - INFO - ASR... Epoch: 0, Walltime: 1.574089 CPU time: 8.435479
2026-07-26 13:20:47,966 - Evaluate - INFO - ASR Module... Epoch: 0, RSS: 5.63 GB
2026-07-26 13:20:47,967 - Evaluate - INFO - ASR... Epoch: 0, Walltime: 1.396573 CPU time: 7.849033
2026-07-26 13:20:50,147 - Evaluate - INFO - ASR Module... Epoch: 0, RSS: 5.63 GB
2026-07-26 13:20:50,147 - Evaluate - INFO - ASR... Epoch: 0, Walltime: 2.176728 CPU time: 12.316966
2026-07-26 13:20:52,221 - Evaluate - INFO - ASR Module... Epoch: 0, RSS: 5.63 GB
2026-07-26 13:20:52,222 - Evaluate - INFO - ASR... Epoch: 0, Walltime: 2.070696 CPU time: 11.917659
2026-07-26 13:20:53,582 - Evaluate - INFO - ASR Module... Epoch: 0, RSS: 5.63 GB
2026-07-26 13:20:53,582 - Evaluate - INFO - ASR... Epoch: 0, Walltime: 1.357306 CPU time: 7.675445
2026-07-26 13:20:55,784 - Evaluate - INFO - ASR Module... Epoch: 0, RSS: 5.63 GB
2026-07-26 13:20:55,785 - Evaluate - INFO - ASR... Epoch: 0, Walltime: 2.199752 CPU time: 12.615690
2026-07-26 13:20:57,502 - Evaluate - INFO - ASR Module... Epoch: 0, RSS: 5.63 GB
2026-07-26 13:20:57,503 - Evaluate - INFO - ASR... Epoch: 0, Walltime: 1.714878 CPU time: 9.519821
2026-07-26 13:21:00,861 - Evaluate - INFO - ASR Module... Epoch: 0, RSS: 5.63 GB
2026-07-26 13:21:00,861 - Evaluate - INFO - ASR... Epoch: 0, Walltime: 3.354218 CPU time: 19.412084
2026-07-26 13:21:02,199 - Evaluate - INFO - ASR Module... Epoch: 0, RSS: 5.63 GB
2026-07-26 13:21:02,199 - Evaluate - INFO - ASR... Epoch: 0, Walltime: 1.334963 CPU time: 7.734492
2026-07-26 13:21:04,796 - Evaluate - INFO - ASR Module... Epoch: 0, RSS: 5.63 GB
2026-07-26 13:21:04,797 - Evaluate - INFO - ASR... Epoch: 0, Walltime: 2.594022 CPU time: 14.937891
2026-07-26 13:21:06,825 - Evaluate - INFO - ASR Module... Epoch: 0, RSS: 5.63 GB
2026-07-26 13:21:06,825 - Evaluate - INFO - ASR... Epoch: 0, Walltime: 2.025519 CPU time: 11.817786
2026-07-26 13:21:10,448 - Evaluate - INFO - ASR Module... Epoch: 0, RSS: 5.63 GB
2026-07-26 13:21:10,449 - Evaluate - INFO - ASR... Epoch: 0, Walltime: 3.619330 CPU time: 20.842483
2026-07-26 13:21:13,339 - Evaluate - INFO - ASR Module... Epoch: 0, RSS: 5.63 GB
2026-07-26 13:21:13,340 - Evaluate - INFO - ASR... Epoch: 0, Walltime: 2.885776 CPU time: 16.697599
2026-07-26 13:21:14,605 - Evaluate - INFO - ASR Module... Epoch: 0, RSS: 5.63 GB
2026-07-26 13:21:14,606 - Evaluate - INFO - ASR... Epoch: 0, Walltime: 1.262922 CPU time: 7.308241
2026-07-26 13:21:16,151 - Evaluate - INFO - ASR Module... Epoch: 0, RSS: 5.63 GB
2026-07-26 13:21:16,152 - Evaluate - INFO - ASR... Epoch: 0, Walltime: 1.542969 CPU time: 9.042404
2026-07-26 13:21:17,828 - Evaluate - INFO - ASR Module... Epoch: 0, RSS: 5.63 GB
2026-07-26 13:21:17,829 - Evaluate - INFO - ASR... Epoch: 0, Walltime: 1.674051 CPU time: 9.749301
2026-07-26 13:21:18,976 - Evaluate - INFO - ASR Module... Epoch: 0, RSS: 5.63 GB
2026-07-26 13:21:18,977 - Evaluate - INFO - ASR... Epoch: 0, Walltime: 1.145254 CPU time: 6.528871
2026-07-26 13:21:21,450 - Evaluate - INFO - ASR Module... Epoch: 0, RSS: 5.63 GB
2026-07-26 13:21:21,450 - Evaluate - INFO - ASR... Epoch: 0, Walltime: 2.470310 CPU time: 13.892523
2026-07-26 13:21:23,400 - Evaluate - INFO - ASR Module... Epoch: 0, RSS: 5.63 GB
2026-07-26 13:21:23,401 - Evaluate - INFO - ASR... Epoch: 0, Walltime: 1.947275 CPU time: 10.632559
2026-07-26 13:21:24,932 - Evaluate - INFO - ASR Module... Epoch: 0, RSS: 5.63 GB
2026-07-26 13:21:24,932 - Evaluate - INFO - ASR... Epoch: 0, Walltime: 1.528652 CPU time: 8.993750
2026-07-26 13:21:26,486 - Evaluate - INFO - ASR Module... Epoch: 0, RSS: 5.63 GB
2026-07-26 13:21:26,486 - Evaluate - INFO - ASR... Epoch: 0, Walltime: 1.551601 CPU time: 9.158426
2026-07-26 13:21:27,550 - Evaluate - INFO - ASR Module... Epoch: 0, RSS: 5.63 GB
2026-07-26 13:21:27,550 - Evaluate - INFO - ASR... Epoch: 0, Walltime: 1.062127 CPU time: 6.113659
2026-07-26 13:21:28,443 - Evaluate - INFO - ASR Module... Epoch: 0, RSS: 5.63 GB
2026-07-26 13:21:28,444 - Evaluate - INFO - ASR... Epoch: 0, Walltime: 0.891369 CPU time: 5.026651
2026-07-26 13:21:30,558 - Evaluate - INFO - ASR Module... Epoch: 0, RSS: 5.63 GB
2026-07-26 13:21:30,559 - Evaluate - INFO - ASR... Epoch: 0, Walltime: 2.109556 CPU time: 12.421933
2026-07-26 13:21:34,900 - Evaluate - INFO - ASR Module... Epoch: 0, RSS: 5.63 GB
2026-07-26 13:21:34,900 - Evaluate - INFO - ASR... Epoch: 0, Walltime: 4.335992 CPU time: 25.110042
2026-07-26 13:21:37,257 - Evaluate - INFO - ASR Module... Epoch: 0, RSS: 5.63 GB
2026-07-26 13:21:37,258 - Evaluate - INFO - ASR... Epoch: 0, Walltime: 2.353283 CPU time: 13.760959
2026-07-26 13:21:38,340 - Evaluate - INFO - ASR Module... Epoch: 0, RSS: 5.63 GB
2026-07-26 13:21:38,341 - Evaluate - INFO - ASR... Epoch: 0, Walltime: 1.080561 CPU time: 6.413855
2026-07-26 13:21:40,742 - Evaluate - INFO - ASR Module... Epoch: 0, RSS: 5.63 GB
2026-07-26 13:21:40,743 - Evaluate - INFO - ASR... Epoch: 0, Walltime: 2.398599 CPU time: 13.838791
2026-07-26 13:21:42,807 - Evaluate - INFO - ASR Module... Epoch: 0, RSS: 5.63 GB
2026-07-26 13:21:42,807 - Evaluate - INFO - ASR... Epoch: 0, Walltime: 2.061579 CPU time: 12.138418
2026-07-26 13:21:44,445 - Evaluate - INFO - ASR Module... Epoch: 0, RSS: 5.63 GB
2026-07-26 13:21:44,446 - Evaluate - INFO - ASR... Epoch: 0, Walltime: 1.635251 CPU time: 9.583136
2026-07-26 13:21:46,656 - Evaluate - INFO - ASR Module... Epoch: 0, RSS: 5.63 GB
2026-07-26 13:21:46,657 - Evaluate - INFO - ASR... Epoch: 0, Walltime: 2.207714 CPU time: 12.954237
2026-07-26 13:21:48,091 - Evaluate - INFO - ASR Module... Epoch: 0, RSS: 5.63 GB
2026-07-26 13:21:48,091 - Evaluate - INFO - ASR... Epoch: 0, Walltime: 1.430867 CPU time: 8.432090
2026-07-26 13:21:49,415 - Evaluate - INFO - ASR Module... Epoch: 0, RSS: 5.63 GB
2026-07-26 13:21:49,416 - Evaluate - INFO - ASR... Epoch: 0, Walltime: 1.322386 CPU time: 7.833863
2026-07-26 13:21:51,158 - Evaluate - INFO - ASR Module... Epoch: 0, RSS: 5.63 GB
2026-07-26 13:21:51,158 - Evaluate - INFO - ASR... Epoch: 0, Walltime: 1.739012 CPU time: 10.378672
2026-07-26 13:21:52,301 - Evaluate - INFO - ASR Module... Epoch: 0, RSS: 5.63 GB
2026-07-26 13:21:52,302 - Evaluate - INFO - ASR... Epoch: 0, Walltime: 1.140733 CPU time: 6.828670
2026-07-26 13:21:54,050 - Evaluate - INFO - ASR Module... Epoch: 0, RSS: 5.63 GB
2026-07-26 13:21:54,051 - Evaluate - INFO - ASR... Epoch: 0, Walltime: 1.745460 CPU time: 10.349632
2026-07-26 13:21:55,317 - Evaluate - INFO - ASR Module... Epoch: 0, RSS: 5.63 GB
2026-07-26 13:21:55,318 - Evaluate - INFO - ASR... Epoch: 0, Walltime: 1.263390 CPU time: 7.502788
2026-07-26 13:21:56,550 - Evaluate - INFO - ASR Module... Epoch: 0, RSS: 5.63 GB
2026-07-26 13:21:56,551 - Evaluate - INFO - ASR... Epoch: 0, Walltime: 1.229407 CPU time: 7.087660
2026-07-26 13:21:58,308 - Evaluate - INFO - ASR Module... Epoch: 0, RSS: 5.63 GB
2026-07-26 13:21:58,308 - Evaluate - INFO - ASR... Epoch: 0, Walltime: 1.754382 CPU time: 9.690409
2026-07-26 13:21:59,947 - Evaluate - INFO - ASR Module... Epoch: 0, RSS: 5.63 GB
2026-07-26 13:21:59,948 - Evaluate - INFO - ASR... Epoch: 0, Walltime: 1.636898 CPU time: 9.432566
2026-07-26 13:22:01,953 - Evaluate - INFO - ASR Module... Epoch: 0, RSS: 5.63 GB
2026-07-26 13:22:01,954 - Evaluate - INFO - ASR... Epoch: 0, Walltime: 2.002059 CPU time: 11.076192
2026-07-26 13:22:03,581 - Evaluate - INFO - ASR Module... Epoch: 0, RSS: 5.63 GB
2026-07-26 13:22:03,581 - Evaluate - INFO - ASR... Epoch: 0, Walltime: 1.624896 CPU time: 8.988217
2026-07-26 13:22:05,581 - Evaluate - INFO - ASR Module... Epoch: 0, RSS: 5.63 GB
2026-07-26 13:22:05,582 - Evaluate - INFO - ASR... Epoch: 0, Walltime: 1.997929 CPU time: 11.185359
2026-07-26 13:22:06,828 - Evaluate - INFO - ASR Module... Epoch: 0, RSS: 5.63 GB
2026-07-26 13:22:06,829 - Evaluate - INFO - ASR... Epoch: 0, Walltime: 1.243921 CPU time: 7.146584
2026-07-26 13:22:09,333 - Evaluate - INFO - ASR Module... Epoch: 0, RSS: 5.63 GB
2026-07-26 13:22:09,334 - Evaluate - INFO - ASR... Epoch: 0, Walltime: 2.501328 CPU time: 13.906452
2026-07-26 13:22:11,033 - Evaluate - INFO - ASR Module... Epoch: 0, RSS: 5.63 GB
2026-07-26 13:22:11,034 - Evaluate - INFO - ASR... Epoch: 0, Walltime: 1.696766 CPU time: 9.422759
2026-07-26 13:22:12,883 - Evaluate - INFO - ASR Module... Epoch: 0, RSS: 5.63 GB
2026-07-26 13:22:12,884 - Evaluate - INFO - ASR... Epoch: 0, Walltime: 1.846319 CPU time: 10.197141
2026-07-26 13:22:14,542 - Evaluate - INFO - ASR Module... Epoch: 0, RSS: 5.63 GB
2026-07-26 13:22:14,543 - Evaluate - INFO - ASR... Epoch: 0, Walltime: 1.655334 CPU time: 9.350467
2026-07-26 13:22:16,610 - Evaluate - INFO - ASR Module... Epoch: 0, RSS: 5.63 GB
2026-07-26 13:22:16,611 - Evaluate - INFO - ASR... Epoch: 0, Walltime: 2.064678 CPU time: 11.286347
2026-07-26 13:22:19,126 - Evaluate - INFO - ASR Module... Epoch: 0, RSS: 5.63 GB
2026-07-26 13:22:19,127 - Evaluate - INFO - ASR... Epoch: 0, Walltime: 2.512934 CPU time: 13.935904
2026-07-26 13:22:20,626 - Evaluate - INFO - ASR Module... Epoch: 0, RSS: 5.63 GB
2026-07-26 13:22:20,627 - Evaluate - INFO - ASR... Epoch: 0, Walltime: 1.497252 CPU time: 8.457570
2026-07-26 13:22:22,088 - Evaluate - INFO - ASR Module... Epoch: 0, RSS: 5.63 GB
2026-07-26 13:22:22,089 - Evaluate - INFO - ASR... Epoch: 0, Walltime: 1.458589 CPU time: 8.504386
2026-07-26 13:22:23,888 - Evaluate - INFO - ASR Module... Epoch: 0, RSS: 5.63 GB
2026-07-26 13:22:23,888 - Evaluate - INFO - ASR... Epoch: 0, Walltime: 1.796925 CPU time: 10.307567
2026-07-26 13:22:25,213 - Evaluate - INFO - ASR Module... Epoch: 0, RSS: 5.63 GB
2026-07-26 13:22:25,214 - Evaluate - INFO - ASR... Epoch: 0, Walltime: 1.323076 CPU time: 7.519222
2026-07-26 13:22:28,187 - Evaluate - INFO - ASR Module... Epoch: 0, RSS: 5.63 GB
2026-07-26 13:22:28,188 - Evaluate - INFO - ASR... Epoch: 0, Walltime: 2.969663 CPU time: 16.523404
2026-07-26 13:22:29,318 - Evaluate - INFO - ASR Module... Epoch: 0, RSS: 5.63 GB
2026-07-26 13:22:29,318 - Evaluate - INFO - ASR... Epoch: 0, Walltime: 1.127503 CPU time: 6.482740
2026-07-26 13:22:31,180 - Evaluate - INFO - ASR Module... Epoch: 0, RSS: 5.63 GB
2026-07-26 13:22:31,180 - Evaluate - INFO - ASR... Epoch: 0, Walltime: 1.859703 CPU time: 10.375102
2026-07-26 13:22:32,635 - Evaluate - INFO - ASR Module... Epoch: 0, RSS: 5.63 GB
2026-07-26 13:22:32,636 - Evaluate - INFO - ASR... Epoch: 0, Walltime: 1.452318 CPU time: 8.561713
2026-07-26 13:22:34,597 - Evaluate - INFO - ASR Module... Epoch: 0, RSS: 5.63 GB
2026-07-26 13:22:34,597 - Evaluate - INFO - ASR... Epoch: 0, Walltime: 1.958271 CPU time: 10.950684
2026-07-26 13:22:36,353 - Evaluate - INFO - ASR Module... Epoch: 0, RSS: 5.63 GB
2026-07-26 13:22:36,354 - Evaluate - INFO - ASR... Epoch: 0, Walltime: 1.753050 CPU time: 10.000880
2026-07-26 13:22:37,430 - Evaluate - INFO - ASR Module... Epoch: 0, RSS: 5.63 GB
2026-07-26 13:22:37,431 - Evaluate - INFO - ASR... Epoch: 0, Walltime: 1.073967 CPU time: 5.861814
2026-07-26 13:22:40,961 - Evaluate - INFO - ASR Module... Epoch: 0, RSS: 5.63 GB
2026-07-26 13:22:40,962 - Evaluate - INFO - ASR... Epoch: 0, Walltime: 3.527107 CPU time: 18.549068
2026-07-26 13:22:42,161 - Evaluate - INFO - ASR Module... Epoch: 0, RSS: 5.63 GB
2026-07-26 13:22:42,162 - Evaluate - INFO - ASR... Epoch: 0, Walltime: 1.197113 CPU time: 6.821930
2026-07-26 13:22:43,415 - Evaluate - INFO - ASR Module... Epoch: 0, RSS: 5.63 GB
2026-07-26 13:22:43,416 - Evaluate - INFO - ASR... Epoch: 0, Walltime: 1.250786 CPU time: 7.028403
2026-07-26 13:22:45,112 - Evaluate - INFO - ASR Module... Epoch: 0, RSS: 5.63 GB
2026-07-26 13:22:45,112 - Evaluate - INFO - ASR... Epoch: 0, Walltime: 1.693670 CPU time: 9.317416
2026-07-26 13:22:46,754 - Evaluate - INFO - ASR Module... Epoch: 0, RSS: 5.63 GB
2026-07-26 13:22:46,755 - Evaluate - INFO - ASR... Epoch: 0, Walltime: 1.639078 CPU time: 9.104151
2026-07-26 13:22:48,016 - Evaluate - INFO - ASR Module... Epoch: 0, RSS: 5.63 GB
2026-07-26 13:22:48,016 - Evaluate - INFO - ASR... Epoch: 0, Walltime: 1.258467 CPU time: 7.142322
2026-07-26 13:22:49,408 - Evaluate - INFO - ASR Module... Epoch: 0, RSS: 5.63 GB
2026-07-26 13:22:49,408 - Evaluate - INFO - ASR... Epoch: 0, Walltime: 1.389851 CPU time: 7.734322
2026-07-26 13:22:50,387 - Evaluate - INFO - ASR Module... Epoch: 0, RSS: 5.63 GB
2026-07-26 13:22:50,388 - Evaluate - INFO - ASR... Epoch: 0, Walltime: 0.977462 CPU time: 5.674087
2026-07-26 13:22:51,668 - Evaluate - INFO - ASR Module... Epoch: 0, RSS: 5.63 GB
2026-07-26 13:22:51,668 - Evaluate - INFO - ASR... Epoch: 0, Walltime: 1.277623 CPU time: 7.212756
2026-07-26 13:22:52,931 - Evaluate - INFO - ASR Module... Epoch: 0, RSS: 5.63 GB
2026-07-26 13:22:52,931 - Evaluate - INFO - ASR... Epoch: 0, Walltime: 1.260324 CPU time: 6.699671
2026-07-26 13:22:54,680 - Evaluate - INFO - ASR Module... Epoch: 0, RSS: 5.63 GB
2026-07-26 13:22:54,681 - Evaluate - INFO - ASR... Epoch: 0, Walltime: 1.746419 CPU time: 9.958522
2026-07-26 13:22:55,718 - Evaluate - INFO - ASR Module... Epoch: 0, RSS: 5.63 GB
2026-07-26 13:22:55,718 - Evaluate - INFO - ASR... Epoch: 0, Walltime: 1.035232 CPU time: 6.000596
2026-07-26 13:22:56,792 - Evaluate - INFO - ASR Module... Epoch: 0, RSS: 5.63 GB
2026-07-26 13:22:56,792 - Evaluate - INFO - ASR... Epoch: 0, Walltime: 1.071241 CPU time: 6.000621
2026-07-26 13:22:57,664 - Evaluate - INFO - ASR Module... Epoch: 0, RSS: 5.63 GB
2026-07-26 13:22:57,664 - Evaluate - INFO - ASR... Epoch: 0, Walltime: 0.869878 CPU time: 5.070078
2026-07-26 13:22:58,888 - Evaluate - INFO - ASR Module... Epoch: 0, RSS: 5.63 GB
2026-07-26 13:22:58,890 - Evaluate - INFO - ASR... Epoch: 0, Walltime: 1.221972 CPU time: 6.627972
2026-07-26 13:23:00,161 - Evaluate - INFO - ASR Module... Epoch: 0, RSS: 5.63 GB
2026-07-26 13:23:00,161 - Evaluate - INFO - ASR... Epoch: 0, Walltime: 1.268678 CPU time: 7.262855
2026-07-26 13:23:01,598 - Evaluate - INFO - ASR Module... Epoch: 0, RSS: 5.63 GB
2026-07-26 13:23:01,599 - Evaluate - INFO - ASR... Epoch: 0, Walltime: 1.435993 CPU time: 8.101990
2026-07-26 13:23:02,797 - Evaluate - INFO - ASR Module... Epoch: 0, RSS: 5.63 GB
2026-07-26 13:23:02,797 - Evaluate - INFO - ASR... Epoch: 0, Walltime: 1.195684 CPU time: 6.328841
2026-07-26 13:23:04,705 - Evaluate - INFO - ASR Module... Epoch: 0, RSS: 5.63 GB
2026-07-26 13:23:04,705 - Evaluate - INFO - ASR... Epoch: 0, Walltime: 1.905247 CPU time: 10.553407
2026-07-26 13:23:06,612 - Evaluate - INFO - ASR Module... Epoch: 0, RSS: 5.63 GB
2026-07-26 13:23:06,613 - Evaluate - INFO - ASR... Epoch: 0, Walltime: 1.903766 CPU time: 10.604101
2026-07-26 13:23:07,774 - Evaluate - INFO - ASR Module... Epoch: 0, RSS: 5.63 GB
2026-07-26 13:23:07,774 - Evaluate - INFO - ASR... Epoch: 0, Walltime: 1.158580 CPU time: 6.561768
2026-07-26 13:23:09,696 - Evaluate - INFO - ASR Module... Epoch: 0, RSS: 5.63 GB
2026-07-26 13:23:09,697 - Evaluate - INFO - ASR... Epoch: 0, Walltime: 1.919558 CPU time: 10.327260
2026-07-26 13:23:11,280 - Evaluate - INFO - ASR Module... Epoch: 0, RSS: 5.63 GB
2026-07-26 13:23:11,281 - Evaluate - INFO - ASR... Epoch: 0, Walltime: 1.580162 CPU time: 8.995298
2026-07-26 13:23:12,773 - Evaluate - INFO - ASR Module... Epoch: 0, RSS: 5.63 GB
2026-07-26 13:23:12,774 - Evaluate - INFO - ASR... Epoch: 0, Walltime: 1.489783 CPU time: 8.633498
2026-07-26 13:23:14,927 - Evaluate - INFO - ASR Module... Epoch: 0, RSS: 5.63 GB
2026-07-26 13:23:14,927 - Evaluate - INFO - ASR... Epoch: 0, Walltime: 2.149310 CPU time: 12.366649
2026-07-26 13:23:16,885 - Evaluate - INFO - ASR Module... Epoch: 0, RSS: 5.63 GB
2026-07-26 13:23:16,886 - Evaluate - INFO - ASR... Epoch: 0, Walltime: 1.953962 CPU time: 10.781267
2026-07-26 13:23:18,578 - Evaluate - INFO - ASR Module... Epoch: 0, RSS: 5.63 GB
2026-07-26 13:23:18,579 - Evaluate - INFO - ASR... Epoch: 0, Walltime: 1.689418 CPU time: 9.620734
2026-07-26 13:23:20,227 - Evaluate - INFO - ASR Module... Epoch: 0, RSS: 5.63 GB
2026-07-26 13:23:20,227 - Evaluate - INFO - ASR... Epoch: 0, Walltime: 1.644972 CPU time: 8.770780
2026-07-26 13:23:21,342 - Evaluate - INFO - ASR Module... Epoch: 0, RSS: 5.63 GB
2026-07-26 13:23:21,343 - Evaluate - INFO - ASR... Epoch: 0, Walltime: 1.113691 CPU time: 6.344642
2026-07-26 13:23:22,854 - Evaluate - INFO - ASR Module... Epoch: 0, RSS: 5.63 GB
2026-07-26 13:23:22,854 - Evaluate - INFO - ASR... Epoch: 0, Walltime: 1.508288 CPU time: 8.502955
2026-07-26 13:23:24,088 - Evaluate - INFO - ASR Module... Epoch: 0, RSS: 5.63 GB
2026-07-26 13:23:24,089 - Evaluate - INFO - ASR... Epoch: 0, Walltime: 1.231502 CPU time: 7.007182
2026-07-26 13:23:25,766 - Evaluate - INFO - ASR Module... Epoch: 0, RSS: 5.63 GB
2026-07-26 13:23:25,767 - Evaluate - INFO - ASR... Epoch: 0, Walltime: 1.675154 CPU time: 9.423819
2026-07-26 13:23:27,214 - Evaluate - INFO - ASR Module... Epoch: 0, RSS: 5.63 GB
2026-07-26 13:23:27,215 - Evaluate - INFO - ASR... Epoch: 0, Walltime: 1.444950 CPU time: 8.038307
2026-07-26 13:23:29,938 - Evaluate - INFO - ASR Module... Epoch: 0, RSS: 5.63 GB
2026-07-26 13:23:29,939 - Evaluate - INFO - ASR... Epoch: 0, Walltime: 2.720640 CPU time: 14.778645
2026-07-26 13:23:31,885 - Evaluate - INFO - ASR Module... Epoch: 0, RSS: 5.63 GB
2026-07-26 13:23:31,886 - Evaluate - INFO - ASR... Epoch: 0, Walltime: 1.943558 CPU time: 10.951863
2026-07-26 13:23:33,991 - Evaluate - INFO - ASR Module... Epoch: 0, RSS: 5.63 GB
2026-07-26 13:23:33,992 - Evaluate - INFO - ASR... Epoch: 0, Walltime: 2.102578 CPU time: 11.106620
2026-07-26 13:23:36,367 - Evaluate - INFO - ASR Module... Epoch: 0, RSS: 5.63 GB
2026-07-26 13:23:36,368 - Evaluate - INFO - ASR... Epoch: 0, Walltime: 2.372145 CPU time: 13.545342
2026-07-26 13:23:37,981 - Evaluate - INFO - ASR Module... Epoch: 0, RSS: 5.63 GB
2026-07-26 13:23:37,982 - Evaluate - INFO - ASR... Epoch: 0, Walltime: 1.610663 CPU time: 9.074338
2026-07-26 13:23:39,259 - Evaluate - INFO - ASR Module... Epoch: 0, RSS: 5.63 GB
2026-07-26 13:23:39,260 - Evaluate - INFO - ASR... Epoch: 0, Walltime: 1.274875 CPU time: 7.414722
2026-07-26 13:23:40,831 - Evaluate - INFO - ASR Module... Epoch: 0, RSS: 5.63 GB
2026-07-26 13:23:40,831 - Evaluate - INFO - ASR... Epoch: 0, Walltime: 1.569074 CPU time: 8.596174
2026-07-26 13:23:42,664 - Evaluate - INFO - ASR Module... Epoch: 0, RSS: 5.63 GB
2026-07-26 13:23:42,665 - Evaluate - INFO - ASR... Epoch: 0, Walltime: 1.830747 CPU time: 9.973647
2026-07-26 13:23:45,555 - Evaluate - INFO - ASR Module... Epoch: 0, RSS: 5.63 GB
2026-07-26 13:23:45,555 - Evaluate - INFO - ASR... Epoch: 0, Walltime: 2.885964 CPU time: 16.060295
2026-07-26 13:23:48,387 - Evaluate - INFO - ASR Module... Epoch: 0, RSS: 5.63 GB
2026-07-26 13:23:48,387 - Evaluate - INFO - ASR... Epoch: 0, Walltime: 2.828847 CPU time: 15.536205
2026-07-26 13:23:50,005 - Evaluate - INFO - ASR Module... Epoch: 0, RSS: 5.63 GB
2026-07-26 13:23:50,006 - Evaluate - INFO - ASR... Epoch: 0, Walltime: 1.614892 CPU time: 8.754750
2026-07-26 13:23:52,498 - Evaluate - INFO - ASR Module... Epoch: 0, RSS: 5.63 GB
2026-07-26 13:23:52,498 - Evaluate - INFO - ASR... Epoch: 0, Walltime: 2.489264 CPU time: 13.343892
2026-07-26 13:23:54,354 - Evaluate - INFO - ASR Module... Epoch: 0, RSS: 5.63 GB
2026-07-26 13:23:54,354 - Evaluate - INFO - ASR... Epoch: 0, Walltime: 1.852544 CPU time: 10.099211
2026-07-26 13:23:56,053 - Evaluate - INFO - ASR Module... Epoch: 0, RSS: 5.63 GB
2026-07-26 13:23:56,053 - Evaluate - INFO - ASR... Epoch: 0, Walltime: 1.695889 CPU time: 9.338512
2026-07-26 13:23:57,635 - Evaluate - INFO - ASR Module... Epoch: 0, RSS: 5.63 GB
2026-07-26 13:23:57,636 - Evaluate - INFO - ASR... Epoch: 0, Walltime: 1.579806 CPU time: 9.010265
2026-07-26 13:23:59,759 - Evaluate - INFO - ASR Module... Epoch: 0, RSS: 5.63 GB
2026-07-26 13:23:59,760 - Evaluate - INFO - ASR... Epoch: 0, Walltime: 2.120941 CPU time: 11.755074
2026-07-26 13:24:01,665 - Evaluate - INFO - ASR Module... Epoch: 0, RSS: 5.63 GB
2026-07-26 13:24:01,666 - Evaluate - INFO - ASR... Epoch: 0, Walltime: 1.902987 CPU time: 10.430978
2026-07-26 13:24:03,461 - Evaluate - INFO - ASR Module... Epoch: 0, RSS: 5.63 GB
2026-07-26 13:24:03,462 - Evaluate - INFO - ASR... Epoch: 0, Walltime: 1.791925 CPU time: 10.078721
2026-07-26 13:24:04,956 - Evaluate - INFO - ASR Module... Epoch: 0, RSS: 5.63 GB
2026-07-26 13:24:04,957 - Evaluate - INFO - ASR... Epoch: 0, Walltime: 1.491967 CPU time: 8.486898
2026-07-26 13:24:05,980 - Evaluate - INFO - ASR Module... Epoch: 0, RSS: 5.63 GB
2026-07-26 13:24:05,980 - Evaluate - INFO - ASR... Epoch: 0, Walltime: 1.020432 CPU time: 5.596742
2026-07-26 13:24:06,776 - Evaluate - INFO - ASR Module... Epoch: 0, RSS: 5.63 GB
2026-07-26 13:24:06,777 - Evaluate - INFO - ASR... Epoch: 0, Walltime: 0.794870 CPU time: 4.545453
2026-07-26 13:24:07,899 - Evaluate - INFO - ASR Module... Epoch: 0, RSS: 5.63 GB
2026-07-26 13:24:07,900 - Evaluate - INFO - ASR... Epoch: 0, Walltime: 1.120003 CPU time: 6.059447
2026-07-26 13:24:08,936 - Evaluate - INFO - ASR Module... Epoch: 0, RSS: 5.63 GB
2026-07-26 13:24:08,936 - Evaluate - INFO - ASR... Epoch: 0, Walltime: 1.034135 CPU time: 5.762646
2026-07-26 13:24:10,352 - Evaluate - INFO - ASR Module... Epoch: 0, RSS: 5.63 GB
2026-07-26 13:24:10,353 - Evaluate - INFO - ASR... Epoch: 0, Walltime: 1.413288 CPU time: 7.815342
2026-07-26 13:24:11,555 - Evaluate - INFO - ASR Module... Epoch: 0, RSS: 5.63 GB
2026-07-26 13:24:11,555 - Evaluate - INFO - ASR... Epoch: 0, Walltime: 1.200021 CPU time: 6.922934
2026-07-26 13:24:13,007 - Evaluate - INFO - ASR Module... Epoch: 0, RSS: 5.63 GB
2026-07-26 13:24:13,008 - Evaluate - INFO - ASR... Epoch: 0, Walltime: 1.450429 CPU time: 8.187723
2026-07-26 13:24:14,596 - Evaluate - INFO - ASR Module... Epoch: 0, RSS: 5.63 GB
2026-07-26 13:24:14,596 - Evaluate - INFO - ASR... Epoch: 0, Walltime: 1.585358 CPU time: 9.115566
2026-07-26 13:24:15,556 - Evaluate - INFO - ASR Module... Epoch: 0, RSS: 5.63 GB
2026-07-26 13:24:15,556 - Evaluate - INFO - ASR... Epoch: 0, Walltime: 0.957594 CPU time: 5.195947
2026-07-26 13:24:17,217 - Evaluate - INFO - ASR Module... Epoch: 0, RSS: 5.63 GB
2026-07-26 13:24:17,217 - Evaluate - INFO - ASR... Epoch: 0, Walltime: 1.659007 CPU time: 9.366285
2026-07-26 13:24:18,637 - Evaluate - INFO - ASR Module... Epoch: 0, RSS: 5.63 GB
2026-07-26 13:24:18,637 - Evaluate - INFO - ASR... Epoch: 0, Walltime: 1.416908 CPU time: 8.231041
2026-07-26 13:24:19,430 - Evaluate - INFO - ASR Module... Epoch: 0, RSS: 5.63 GB
2026-07-26 13:24:19,431 - Evaluate - INFO - ASR... Epoch: 0, Walltime: 0.791389 CPU time: 4.581080
2026-07-26 13:24:20,803 - Evaluate - INFO - ASR Module... Epoch: 0, RSS: 5.63 GB
2026-07-26 13:24:20,804 - Evaluate - INFO - ASR... Epoch: 0, Walltime: 1.370153 CPU time: 7.994467
2026-07-26 13:24:22,520 - Evaluate - INFO - ASR Module... Epoch: 0, RSS: 5.63 GB
2026-07-26 13:24:22,521 - Evaluate - INFO - ASR... Epoch: 0, Walltime: 1.713263 CPU time: 9.635038
2026-07-26 13:24:23,804 - Evaluate - INFO - ASR Module... Epoch: 0, RSS: 5.63 GB
2026-07-26 13:24:23,804 - Evaluate - INFO - ASR... Epoch: 0, Walltime: 1.280032 CPU time: 7.250216
2026-07-26 13:24:25,094 - Evaluate - INFO - ASR Module... Epoch: 0, RSS: 5.63 GB
2026-07-26 13:24:25,095 - Evaluate - INFO - ASR... Epoch: 0, Walltime: 1.287828 CPU time: 7.178738
2026-07-26 13:24:26,918 - Evaluate - INFO - ASR Module... Epoch: 0, RSS: 5.63 GB
2026-07-26 13:24:26,918 - Evaluate - INFO - ASR... Epoch: 0, Walltime: 1.819791 CPU time: 10.467803
2026-07-26 13:24:28,253 - Evaluate - INFO - ASR Module... Epoch: 0, RSS: 5.63 GB
2026-07-26 13:24:28,254 - Evaluate - INFO - ASR... Epoch: 0, Walltime: 1.333123 CPU time: 7.452932
2026-07-26 13:24:29,287 - Evaluate - INFO - ASR Module... Epoch: 0, RSS: 5.63 GB
2026-07-26 13:24:29,288 - Evaluate - INFO - ASR... Epoch: 0, Walltime: 1.031338 CPU time: 5.987953
2026-07-26 13:24:30,526 - Evaluate - INFO - ASR Module... Epoch: 0, RSS: 5.63 GB
2026-07-26 13:24:30,527 - Evaluate - INFO - ASR... Epoch: 0, Walltime: 1.236713 CPU time: 7.127785
2026-07-26 13:24:32,084 - Evaluate - INFO - ASR Module... Epoch: 0, RSS: 5.63 GB
2026-07-26 13:24:32,084 - Evaluate - INFO - ASR... Epoch: 0, Walltime: 1.554949 CPU time: 8.836598
2026-07-26 13:24:33,760 - Evaluate - INFO - ASR Module... Epoch: 0, RSS: 5.63 GB
2026-07-26 13:24:33,761 - Evaluate - INFO - ASR... Epoch: 0, Walltime: 1.673746 CPU time: 9.539864
2026-07-26 13:24:34,853 - Evaluate - INFO - ASR Module... Epoch: 0, RSS: 5.63 GB
2026-07-26 13:24:34,854 - Evaluate - INFO - ASR... Epoch: 0, Walltime: 1.090101 CPU time: 6.215028
2026-07-26 13:24:36,383 - Evaluate - INFO - ASR Module... Epoch: 0, RSS: 5.63 GB
2026-07-26 13:24:36,383 - Evaluate - INFO - ASR... Epoch: 0, Walltime: 1.525971 CPU time: 8.640175
2026-07-26 13:24:38,178 - Evaluate - INFO - ASR Module... Epoch: 0, RSS: 5.63 GB
2026-07-26 13:24:38,179 - Evaluate - INFO - ASR... Epoch: 0, Walltime: 1.791564 CPU time: 9.874871
2026-07-26 13:24:39,276 - Evaluate - INFO - ASR Module... Epoch: 0, RSS: 5.63 GB
2026-07-26 13:24:39,276 - Evaluate - INFO - ASR... Epoch: 0, Walltime: 1.094928 CPU time: 6.304934
2026-07-26 13:24:40,680 - Evaluate - INFO - ASR Module... Epoch: 0, RSS: 5.63 GB
2026-07-26 13:24:40,681 - Evaluate - INFO - ASR... Epoch: 0, Walltime: 1.401923 CPU time: 7.746334
2026-07-26 13:24:42,217 - Evaluate - INFO - ASR Module... Epoch: 0, RSS: 5.63 GB
2026-07-26 13:24:42,217 - Evaluate - INFO - ASR... Epoch: 0, Walltime: 1.533386 CPU time: 8.741240
2026-07-26 13:24:43,876 - Evaluate - INFO - ASR Module... Epoch: 0, RSS: 5.63 GB
2026-07-26 13:24:43,877 - Evaluate - INFO - ASR... Epoch: 0, Walltime: 1.657133 CPU time: 9.549131
2026-07-26 13:24:44,992 - Evaluate - INFO - ASR Module... Epoch: 0, RSS: 5.63 GB
2026-07-26 13:24:44,992 - Evaluate - INFO - ASR... Epoch: 0, Walltime: 1.112422 CPU time: 6.078706
2026-07-26 13:24:46,355 - Evaluate - INFO - ASR Module... Epoch: 0, RSS: 5.63 GB
2026-07-26 13:24:46,356 - Evaluate - INFO - ASR... Epoch: 0, Walltime: 1.360740 CPU time: 7.656423
2026-07-26 13:24:52,662 - Evaluate - INFO - ASR Module... Epoch: 0, RSS: 5.63 GB
2026-07-26 13:24:52,663 - Evaluate - INFO - ASR... Epoch: 0, Walltime: 6.302363 CPU time: 31.431091
2026-07-26 13:24:54,486 - Evaluate - INFO - ASR Module... Epoch: 0, RSS: 5.63 GB
2026-07-26 13:24:54,487 - Evaluate - INFO - ASR... Epoch: 0, Walltime: 1.820377 CPU time: 10.172057
2026-07-26 13:24:55,827 - Evaluate - INFO - ASR Module... Epoch: 0, RSS: 5.63 GB
2026-07-26 13:24:55,829 - Evaluate - INFO - ASR... Epoch: 0, Walltime: 1.337364 CPU time: 7.295123
2026-07-26 13:24:57,115 - Evaluate - INFO - ASR Module... Epoch: 0, RSS: 5.63 GB
2026-07-26 13:24:57,115 - Evaluate - INFO - ASR... Epoch: 0, Walltime: 1.284402 CPU time: 7.372455
2026-07-26 13:24:58,482 - Evaluate - INFO - ASR Module... Epoch: 0, RSS: 5.63 GB
2026-07-26 13:24:58,483 - Evaluate - INFO - ASR... Epoch: 0, Walltime: 1.365391 CPU time: 7.883344
2026-07-26 13:24:59,847 - Evaluate - INFO - ASR Module... Epoch: 0, RSS: 5.63 GB
2026-07-26 13:24:59,848 - Evaluate - INFO - ASR... Epoch: 0, Walltime: 1.361842 CPU time: 7.604877
2026-07-26 13:25:01,182 - Evaluate - INFO - ASR Module... Epoch: 0, RSS: 5.63 GB
2026-07-26 13:25:01,183 - Evaluate - INFO - ASR... Epoch: 0, Walltime: 1.331962 CPU time: 7.633124
2026-07-26 13:25:02,557 - Evaluate - INFO - ASR Module... Epoch: 0, RSS: 5.63 GB
2026-07-26 13:25:02,557 - Evaluate - INFO - ASR... Epoch: 0, Walltime: 1.371696 CPU time: 7.946469
2026-07-26 13:25:04,096 - Evaluate - INFO - ASR Module... Epoch: 0, RSS: 5.63 GB
2026-07-26 13:25:04,097 - Evaluate - INFO - ASR... Epoch: 0, Walltime: 1.536136 CPU time: 8.790918
2026-07-26 13:25:06,969 - Evaluate - INFO - ASR Module... Epoch: 0, RSS: 5.63 GB
2026-07-26 13:25:06,970 - Evaluate - INFO - ASR... Epoch: 0, Walltime: 2.867860 CPU time: 15.934862
2026-07-26 13:25:09,148 - Evaluate - INFO - ASR Module... Epoch: 0, RSS: 5.63 GB
2026-07-26 13:25:09,149 - Evaluate - INFO - ASR... Epoch: 0, Walltime: 2.174880 CPU time: 12.087749
2026-07-26 13:25:11,137 - Evaluate - INFO - ASR Module... Epoch: 0, RSS: 5.63 GB
2026-07-26 13:25:11,138 - Evaluate - INFO - ASR... Epoch: 0, Walltime: 1.985746 CPU time: 10.718200
2026-07-26 13:25:12,057 - Evaluate - INFO - ASR Module... Epoch: 0, RSS: 5.63 GB
2026-07-26 13:25:12,057 - Evaluate - INFO - ASR... Epoch: 0, Walltime: 0.916741 CPU time: 5.350772
2026-07-26 13:25:15,100 - Evaluate - INFO - ASR Module... Epoch: 0, RSS: 5.63 GB
2026-07-26 13:25:15,101 - Evaluate - INFO - ASR... Epoch: 0, Walltime: 3.039616 CPU time: 17.124707
2026-07-26 13:25:16,686 - Evaluate - INFO - ASR Module... Epoch: 0, RSS: 5.63 GB
2026-07-26 13:25:16,687 - Evaluate - INFO - ASR... Epoch: 0, Walltime: 1.581350 CPU time: 8.655842
2026-07-26 13:25:17,715 - Evaluate - INFO - ASR Module... Epoch: 0, RSS: 5.63 GB
2026-07-26 13:25:17,715 - Evaluate - INFO - ASR... Epoch: 0, Walltime: 1.025331 CPU time: 5.995656
2026-07-26 13:25:20,159 - Evaluate - INFO - ASR Module... Epoch: 0, RSS: 5.63 GB
2026-07-26 13:25:20,160 - Evaluate - INFO - ASR... Epoch: 0, Walltime: 2.441157 CPU time: 13.047956
2026-07-26 13:25:22,747 - Evaluate - INFO - ASR Module... Epoch: 0, RSS: 5.63 GB
2026-07-26 13:25:22,747 - Evaluate - INFO - ASR... Epoch: 0, Walltime: 2.582529 CPU time: 14.189248
2026-07-26 13:25:24,333 - Evaluate - INFO - ASR Module... Epoch: 0, RSS: 5.63 GB
2026-07-26 13:25:24,334 - Evaluate - INFO - ASR... Epoch: 0, Walltime: 1.584119 CPU time: 8.912295
2026-07-26 13:25:25,586 - Evaluate - INFO - ASR Module... Epoch: 0, RSS: 5.63 GB
2026-07-26 13:25:25,587 - Evaluate - INFO - ASR... Epoch: 0, Walltime: 1.248880 CPU time: 7.033213
2026-07-26 13:25:28,700 - Evaluate - INFO - ASR Module... Epoch: 0, RSS: 5.63 GB
2026-07-26 13:25:28,701 - Evaluate - INFO - ASR... Epoch: 0, Walltime: 3.109913 CPU time: 16.667573
2026-07-26 13:25:31,361 - Evaluate - INFO - ASR Module... Epoch: 0, RSS: 5.63 GB
2026-07-26 13:25:31,361 - Evaluate - INFO - ASR... Epoch: 0, Walltime: 2.656645 CPU time: 14.037899
2026-07-26 13:25:33,793 - Evaluate - INFO - ASR Module... Epoch: 0, RSS: 5.63 GB
2026-07-26 13:25:33,793 - Evaluate - INFO - ASR... Epoch: 0, Walltime: 2.428708 CPU time: 12.794034
2026-07-26 13:25:35,068 - Evaluate - INFO - ASR Module... Epoch: 0, RSS: 5.63 GB
2026-07-26 13:25:35,069 - Evaluate - INFO - ASR... Epoch: 0, Walltime: 1.273378 CPU time: 7.028605
2026-07-26 13:25:36,396 - Evaluate - INFO - ASR Module... Epoch: 0, RSS: 5.63 GB
2026-07-26 13:25:36,397 - Evaluate - INFO - ASR... Epoch: 0, Walltime: 1.324461 CPU time: 7.173189
2026-07-26 13:25:38,046 - Evaluate - INFO - ASR Module... Epoch: 0, RSS: 5.63 GB
2026-07-26 13:25:38,046 - Evaluate - INFO - ASR... Epoch: 0, Walltime: 1.647208 CPU time: 8.700229
2026-07-26 13:25:39,834 - Evaluate - INFO - ASR Module... Epoch: 0, RSS: 5.63 GB
2026-07-26 13:25:39,835 - Evaluate - INFO - ASR... Epoch: 0, Walltime: 1.785429 CPU time: 9.629808
2026-07-26 13:25:41,521 - Evaluate - INFO - ASR Module... Epoch: 0, RSS: 5.63 GB
2026-07-26 13:25:41,522 - Evaluate - INFO - ASR... Epoch: 0, Walltime: 1.683629 CPU time: 8.989393
2026-07-26 13:25:43,885 - Evaluate - INFO - ASR Module... Epoch: 0, RSS: 5.63 GB
2026-07-26 13:25:43,885 - Evaluate - INFO - ASR... Epoch: 0, Walltime: 2.359615 CPU time: 13.139257
2026-07-26 13:25:45,402 - Evaluate - INFO - ASR Module... Epoch: 0, RSS: 5.63 GB
2026-07-26 13:25:45,402 - Evaluate - INFO - ASR... Epoch: 0, Walltime: 1.514211 CPU time: 8.608694
2026-07-26 13:25:48,800 - Evaluate - INFO - ASR Module... Epoch: 0, RSS: 5.63 GB
2026-07-26 13:25:48,800 - Evaluate - INFO - ASR... Epoch: 0, Walltime: 3.393623 CPU time: 18.192821
2026-07-26 13:25:50,175 - Evaluate - INFO - ASR Module... Epoch: 0, RSS: 5.63 GB
2026-07-26 13:25:50,176 - Evaluate - INFO - ASR... Epoch: 0, Walltime: 1.372693 CPU time: 7.088660
2026-07-26 13:25:51,339 - Evaluate - INFO - ASR Module... Epoch: 0, RSS: 5.63 GB
2026-07-26 13:25:51,340 - Evaluate - INFO - ASR... Epoch: 0, Walltime: 1.161410 CPU time: 6.086876
2026-07-26 13:25:52,849 - Evaluate - INFO - ASR Module... Epoch: 0, RSS: 5.63 GB
2026-07-26 13:25:52,850 - Evaluate - INFO - ASR... Epoch: 0, Walltime: 1.506969 CPU time: 8.377454
2026-07-26 13:25:55,077 - Evaluate - INFO - ASR Module... Epoch: 0, RSS: 5.63 GB
2026-07-26 13:25:55,077 - Evaluate - INFO - ASR... Epoch: 0, Walltime: 2.223910 CPU time: 12.118893
2026-07-26 13:25:57,112 - Evaluate - INFO - ASR Module... Epoch: 0, RSS: 5.63 GB
2026-07-26 13:25:57,113 - Evaluate - INFO - ASR... Epoch: 0, Walltime: 2.031291 CPU time: 11.316384
2026-07-26 13:26:00,258 - Evaluate - INFO - ASR Module... Epoch: 0, RSS: 5.63 GB
2026-07-26 13:26:00,259 - Evaluate - INFO - ASR... Epoch: 0, Walltime: 3.141803 CPU time: 16.964659
2026-07-26 13:26:01,920 - Evaluate - INFO - ASR Module... Epoch: 0, RSS: 5.63 GB
2026-07-26 13:26:01,920 - Evaluate - INFO - ASR... Epoch: 0, Walltime: 1.657315 CPU time: 9.129252
2026-07-26 13:26:03,814 - Evaluate - INFO - ASR Module... Epoch: 0, RSS: 5.63 GB
2026-07-26 13:26:03,814 - Evaluate - INFO - ASR... Epoch: 0, Walltime: 1.890799 CPU time: 9.916507
2026-07-26 13:26:05,571 - Evaluate - INFO - ASR Module... Epoch: 0, RSS: 5.63 GB
2026-07-26 13:26:05,571 - Evaluate - INFO - ASR... Epoch: 0, Walltime: 1.753925 CPU time: 9.597635
2026-07-26 13:26:09,042 - Evaluate - INFO - ASR Module... Epoch: 0, RSS: 5.63 GB
2026-07-26 13:26:09,042 - Evaluate - INFO - ASR... Epoch: 0, Walltime: 3.466829 CPU time: 18.700653
2026-07-26 13:26:11,092 - Evaluate - INFO - ASR Module... Epoch: 0, RSS: 5.63 GB
2026-07-26 13:26:11,093 - Evaluate - INFO - ASR... Epoch: 0, Walltime: 2.046422 CPU time: 10.898214
2026-07-26 13:26:13,877 - Evaluate - INFO - ASR Module... Epoch: 0, RSS: 5.63 GB
2026-07-26 13:26:13,877 - Evaluate - INFO - ASR... Epoch: 0, Walltime: 2.780163 CPU time: 15.298542
2026-07-26 13:26:15,852 - Evaluate - INFO - ASR Module... Epoch: 0, RSS: 5.63 GB
2026-07-26 13:26:15,852 - Evaluate - INFO - ASR... Epoch: 0, Walltime: 1.972185 CPU time: 10.474812
2026-07-26 13:26:19,175 - Evaluate - INFO - ASR Module... Epoch: 0, RSS: 5.63 GB
2026-07-26 13:26:19,176 - Evaluate - INFO - ASR... Epoch: 0, Walltime: 3.319403 CPU time: 18.447641
2026-07-26 13:26:21,012 - Evaluate - INFO - ASR Module... Epoch: 0, RSS: 5.63 GB
2026-07-26 13:26:21,013 - Evaluate - INFO - ASR... Epoch: 0, Walltime: 1.833598 CPU time: 10.153751
2026-07-26 13:26:24,639 - Evaluate - INFO - ASR Module... Epoch: 0, RSS: 5.63 GB
2026-07-26 13:26:24,639 - Evaluate - INFO - ASR... Epoch: 0, Walltime: 3.621397 CPU time: 19.536002
2026-07-26 13:26:26,723 - Evaluate - INFO - ASR Module... Epoch: 0, RSS: 5.63 GB
2026-07-26 13:26:26,724 - Evaluate - INFO - ASR... Epoch: 0, Walltime: 2.080780 CPU time: 11.398692
2026-07-26 13:26:29,495 - Evaluate - INFO - ASR Module... Epoch: 0, RSS: 5.63 GB
2026-07-26 13:26:29,496 - Evaluate - INFO - ASR... Epoch: 0, Walltime: 2.767746 CPU time: 15.291253
2026-07-26 13:26:32,516 - Evaluate - INFO - ASR Module... Epoch: 0, RSS: 5.63 GB
2026-07-26 13:26:32,517 - Evaluate - INFO - ASR... Epoch: 0, Walltime: 3.016645 CPU time: 16.296708
2026-07-26 13:26:34,063 - Evaluate - INFO - ASR Module... Epoch: 0, RSS: 5.63 GB
2026-07-26 13:26:34,064 - Evaluate - INFO - ASR... Epoch: 0, Walltime: 1.542850 CPU time: 8.166637
2026-07-26 13:26:36,135 - Evaluate - INFO - ASR Module... Epoch: 0, RSS: 5.63 GB
2026-07-26 13:26:36,136 - Evaluate - INFO - ASR... Epoch: 0, Walltime: 2.068717 CPU time: 11.112248
2026-07-26 13:26:38,220 - Evaluate - INFO - ASR Module... Epoch: 0, RSS: 5.63 GB
2026-07-26 13:26:38,221 - Evaluate - INFO - ASR... Epoch: 0, Walltime: 2.081631 CPU time: 11.716807
2026-07-26 13:26:41,437 - Evaluate - INFO - ASR Module... Epoch: 0, RSS: 5.63 GB
2026-07-26 13:26:41,437 - Evaluate - INFO - ASR... Epoch: 0, Walltime: 3.211536 CPU time: 16.999030
2026-07-26 13:26:44,071 - Evaluate - INFO - ASR Module... Epoch: 0, RSS: 5.63 GB
2026-07-26 13:26:44,072 - Evaluate - INFO - ASR... Epoch: 0, Walltime: 2.630059 CPU time: 14.158895
2026-07-26 13:26:46,947 - Evaluate - INFO - ASR Module... Epoch: 0, RSS: 5.63 GB
2026-07-26 13:26:46,948 - Evaluate - INFO - ASR... Epoch: 0, Walltime: 2.871704 CPU time: 16.144208
2026-07-26 13:26:50,217 - Evaluate - INFO - ASR Module... Epoch: 0, RSS: 5.63 GB
2026-07-26 13:26:50,217 - Evaluate - INFO - ASR... Epoch: 0, Walltime: 3.264141 CPU time: 17.522926
2026-07-26 13:26:52,895 - Evaluate - INFO - ASR Module... Epoch: 0, RSS: 5.63 GB
2026-07-26 13:26:52,896 - Evaluate - INFO - ASR... Epoch: 0, Walltime: 2.675356 CPU time: 14.519684
2026-07-26 13:26:54,940 - Evaluate - INFO - ASR Module... Epoch: 0, RSS: 5.63 GB
2026-07-26 13:26:54,940 - Evaluate - INFO - ASR... Epoch: 0, Walltime: 2.040798 CPU time: 11.170844
2026-07-26 13:26:56,334 - Evaluate - INFO - ASR Module... Epoch: 0, RSS: 5.63 GB
2026-07-26 13:26:56,334 - Evaluate - INFO - ASR... Epoch: 0, Walltime: 1.391474 CPU time: 7.370922
2026-07-26 13:26:58,544 - Evaluate - INFO - ASR Module... Epoch: 0, RSS: 5.63 GB
2026-07-26 13:26:58,545 - Evaluate - INFO - ASR... Epoch: 0, Walltime: 2.207476 CPU time: 12.091930
2026-07-26 13:26:59,508 - Evaluate - INFO - ASR Module... Epoch: 0, RSS: 5.63 GB
2026-07-26 13:26:59,508 - Evaluate - INFO - ASR... Epoch: 0, Walltime: 0.960624 CPU time: 5.128442
2026-07-26 13:27:00,643 - Evaluate - INFO - ASR Module... Epoch: 0, RSS: 5.63 GB
2026-07-26 13:27:00,643 - Evaluate - INFO - ASR... Epoch: 0, Walltime: 1.133588 CPU time: 6.062473
2026-07-26 13:27:02,215 - Evaluate - INFO - ASR Module... Epoch: 0, RSS: 5.63 GB
2026-07-26 13:27:02,216 - Evaluate - INFO - ASR... Epoch: 0, Walltime: 1.569811 CPU time: 9.065655
2026-07-26 13:27:03,927 - Evaluate - INFO - ASR Module... Epoch: 0, RSS: 5.63 GB
2026-07-26 13:27:03,927 - Evaluate - INFO - ASR... Epoch: 0, Walltime: 1.708101 CPU time: 9.803028
2026-07-26 13:27:05,493 - Evaluate - INFO - ASR Module... Epoch: 0, RSS: 5.63 GB
2026-07-26 13:27:05,493 - Evaluate - INFO - ASR... Epoch: 0, Walltime: 1.562841 CPU time: 9.072753
2026-07-26 13:27:07,475 - Evaluate - INFO - ASR Module... Epoch: 0, RSS: 5.63 GB
2026-07-26 13:27:07,475 - Evaluate - INFO - ASR... Epoch: 0, Walltime: 1.978762 CPU time: 11.059737
2026-07-26 13:27:08,538 - Evaluate - INFO - ASR Module... Epoch: 0, RSS: 5.63 GB
2026-07-26 13:27:08,538 - Evaluate - INFO - ASR... Epoch: 0, Walltime: 1.060163 CPU time: 5.693046
2026-07-26 13:27:09,864 - Evaluate - INFO - ASR Module... Epoch: 0, RSS: 5.63 GB
2026-07-26 13:27:09,864 - Evaluate - INFO - ASR... Epoch: 0, Walltime: 1.323454 CPU time: 7.664416
2026-07-26 13:27:10,848 - Evaluate - INFO - ASR Module... Epoch: 0, RSS: 5.63 GB
2026-07-26 13:27:10,849 - Evaluate - INFO - ASR... Epoch: 0, Walltime: 0.981909 CPU time: 5.616265
2026-07-26 13:27:11,905 - Evaluate - INFO - ASR Module... Epoch: 0, RSS: 5.63 GB
2026-07-26 13:27:11,905 - Evaluate - INFO - ASR... Epoch: 0, Walltime: 1.054719 CPU time: 5.511413
2026-07-26 13:27:13,331 - Evaluate - INFO - ASR Module... Epoch: 0, RSS: 5.63 GB
2026-07-26 13:27:13,331 - Evaluate - INFO - ASR... Epoch: 0, Walltime: 1.423130 CPU time: 7.942857
2026-07-26 13:27:14,384 - Evaluate - INFO - ASR Module... Epoch: 0, RSS: 5.63 GB
2026-07-26 13:27:14,385 - Evaluate - INFO - ASR... Epoch: 0, Walltime: 1.051353 CPU time: 5.925378
2026-07-26 13:27:15,759 - Evaluate - INFO - ASR Module... Epoch: 0, RSS: 5.63 GB
2026-07-26 13:27:15,759 - Evaluate - INFO - ASR... Epoch: 0, Walltime: 1.371873 CPU time: 7.411794
2026-07-26 13:27:16,951 - Evaluate - INFO - ASR Module... Epoch: 0, RSS: 5.63 GB
2026-07-26 13:27:16,951 - Evaluate - INFO - ASR... Epoch: 0, Walltime: 1.189754 CPU time: 6.870608
2026-07-26 13:27:18,341 - Evaluate - INFO - ASR Module... Epoch: 0, RSS: 5.63 GB
2026-07-26 13:27:18,342 - Evaluate - INFO - ASR... Epoch: 0, Walltime: 1.388032 CPU time: 7.710281
2026-07-26 13:27:19,988 - Evaluate - INFO - ASR Module... Epoch: 0, RSS: 5.63 GB
2026-07-26 13:27:19,989 - Evaluate - INFO - ASR... Epoch: 0, Walltime: 1.643287 CPU time: 9.430717
2026-07-26 13:27:21,764 - Evaluate - INFO - ASR Module... Epoch: 0, RSS: 5.63 GB
2026-07-26 13:27:21,765 - Evaluate - INFO - ASR... Epoch: 0, Walltime: 1.772353 CPU time: 10.187831
2026-07-26 13:27:22,981 - Evaluate - INFO - ASR Module... Epoch: 0, RSS: 5.63 GB
2026-07-26 13:27:22,982 - Evaluate - INFO - ASR... Epoch: 0, Walltime: 1.213621 CPU time: 6.999470
2026-07-26 13:27:24,264 - Evaluate - INFO - ASR Module... Epoch: 0, RSS: 5.63 GB
2026-07-26 13:27:24,265 - Evaluate - INFO - ASR... Epoch: 0, Walltime: 1.279784 CPU time: 7.232105
2026-07-26 13:27:25,504 - Evaluate - INFO - ASR Module... Epoch: 0, RSS: 5.63 GB
2026-07-26 13:27:25,504 - Evaluate - INFO - ASR... Epoch: 0, Walltime: 1.236858 CPU time: 7.192226
2026-07-26 13:27:27,055 - Evaluate - INFO - ASR Module... Epoch: 0, RSS: 5.63 GB
2026-07-26 13:27:27,056 - Evaluate - INFO - ASR... Epoch: 0, Walltime: 1.549315 CPU time: 8.944112
2026-07-26 13:27:28,859 - Evaluate - INFO - ASR Module... Epoch: 0, RSS: 5.63 GB
2026-07-26 13:27:28,860 - Evaluate - INFO - ASR... Epoch: 0, Walltime: 1.800937 CPU time: 10.236427
2026-07-26 13:27:30,436 - Evaluate - INFO - ASR Module... Epoch: 0, RSS: 5.63 GB
2026-07-26 13:27:30,437 - Evaluate - INFO - ASR... Epoch: 0, Walltime: 1.573846 CPU time: 9.142031
2026-07-26 13:27:31,944 - Evaluate - INFO - ASR Module... Epoch: 0, RSS: 5.63 GB
2026-07-26 13:27:31,944 - Evaluate - INFO - ASR... Epoch: 0, Walltime: 1.504596 CPU time: 8.602015
2026-07-26 13:27:33,836 - Evaluate - INFO - ASR Module... Epoch: 0, RSS: 5.63 GB
2026-07-26 13:27:33,837 - Evaluate - INFO - ASR... Epoch: 0, Walltime: 1.888912 CPU time: 10.981515
2026-07-26 13:27:35,054 - Evaluate - INFO - ASR Module... Epoch: 0, RSS: 5.63 GB
2026-07-26 13:27:35,054 - Evaluate - INFO - ASR... Epoch: 0, Walltime: 1.214882 CPU time: 7.069862
2026-07-26 13:27:36,786 - Evaluate - INFO - ASR Module... Epoch: 0, RSS: 5.63 GB
2026-07-26 13:27:36,786 - Evaluate - INFO - ASR... Epoch: 0, Walltime: 1.728510 CPU time: 9.612528
2026-07-26 13:27:38,313 - Evaluate - INFO - ASR Module... Epoch: 0, RSS: 5.63 GB
2026-07-26 13:27:38,314 - Evaluate - INFO - ASR... Epoch: 0, Walltime: 1.524157 CPU time: 8.867000
2026-07-26 13:27:40,205 - Evaluate - INFO - ASR Module... Epoch: 0, RSS: 5.63 GB
2026-07-26 13:27:40,205 - Evaluate - INFO - ASR... Epoch: 0, Walltime: 1.888486 CPU time: 10.941885
2026-07-26 13:27:41,952 - Evaluate - INFO - ASR Module... Epoch: 0, RSS: 5.63 GB
2026-07-26 13:27:41,953 - Evaluate - INFO - ASR... Epoch: 0, Walltime: 1.744469 CPU time: 9.756142
2026-07-26 13:27:43,322 - Evaluate - INFO - ASR Module... Epoch: 0, RSS: 5.63 GB
2026-07-26 13:27:43,323 - Evaluate - INFO - ASR... Epoch: 0, Walltime: 1.367070 CPU time: 7.989688
2026-07-26 13:27:45,197 - Evaluate - INFO - ASR Module... Epoch: 0, RSS: 5.63 GB
2026-07-26 13:27:45,198 - Evaluate - INFO - ASR... Epoch: 0, Walltime: 1.871676 CPU time: 10.791419
2026-07-26 13:27:46,561 - Evaluate - INFO - ASR Module... Epoch: 0, RSS: 5.63 GB
2026-07-26 13:27:46,561 - Evaluate - INFO - ASR... Epoch: 0, Walltime: 1.360365 CPU time: 7.777258
2026-07-26 13:27:48,172 - Evaluate - INFO - ASR Module... Epoch: 0, RSS: 5.63 GB
2026-07-26 13:27:48,173 - Evaluate - INFO - ASR... Epoch: 0, Walltime: 1.607535 CPU time: 9.474177
2026-07-26 13:27:51,870 - Evaluate - INFO - ASR Module... Epoch: 0, RSS: 5.63 GB
2026-07-26 13:27:51,870 - Evaluate - INFO - ASR... Epoch: 0, Walltime: 3.693326 CPU time: 20.955210
2026-07-26 13:27:54,569 - Evaluate - INFO - ASR Module... Epoch: 0, RSS: 5.63 GB
2026-07-26 13:27:54,570 - Evaluate - INFO - ASR... Epoch: 0, Walltime: 2.694496 CPU time: 15.289232
2026-07-26 13:27:56,150 - Evaluate - INFO - ASR Module... Epoch: 0, RSS: 5.63 GB
2026-07-26 13:27:56,151 - Evaluate - INFO - ASR... Epoch: 0, Walltime: 1.576269 CPU time: 9.299240
2026-07-26 13:27:57,881 - Evaluate - INFO - ASR Module... Epoch: 0, RSS: 5.63 GB
2026-07-26 13:27:57,882 - Evaluate - INFO - ASR... Epoch: 0, Walltime: 1.727141 CPU time: 10.167938
2026-07-26 13:28:00,036 - Evaluate - INFO - ASR Module... Epoch: 0, RSS: 5.63 GB
2026-07-26 13:28:00,037 - Evaluate - INFO - ASR... Epoch: 0, Walltime: 2.150870 CPU time: 12.495480
2026-07-26 13:28:02,395 - Evaluate - INFO - ASR Module... Epoch: 0, RSS: 5.63 GB
2026-07-26 13:28:02,395 - Evaluate - INFO - ASR... Epoch: 0, Walltime: 2.354435 CPU time: 13.452591
2026-07-26 13:28:05,035 - Evaluate - INFO - ASR Module... Epoch: 0, RSS: 5.63 GB
2026-07-26 13:28:05,036 - Evaluate - INFO - ASR... Epoch: 0, Walltime: 2.635822 CPU time: 15.134247
2026-07-26 13:28:06,674 - Evaluate - INFO - ASR Module... Epoch: 0, RSS: 5.63 GB
2026-07-26 13:28:06,675 - Evaluate - INFO - ASR... Epoch: 0, Walltime: 1.635868 CPU time: 8.906823
2026-07-26 13:28:09,235 - Evaluate - INFO - ASR Module... Epoch: 0, RSS: 5.63 GB
2026-07-26 13:28:09,236 - Evaluate - INFO - ASR... Epoch: 0, Walltime: 2.556589 CPU time: 14.785392
2026-07-26 13:28:10,749 - Evaluate - INFO - ASR Module... Epoch: 0, RSS: 5.63 GB
2026-07-26 13:28:10,750 - Evaluate - INFO - ASR... Epoch: 0, Walltime: 1.509904 CPU time: 8.391814
2026-07-26 13:28:13,088 - Evaluate - INFO - ASR Module... Epoch: 0, RSS: 5.63 GB
2026-07-26 13:28:13,089 - Evaluate - INFO - ASR... Epoch: 0, Walltime: 2.335427 CPU time: 13.531327
2026-07-26 13:28:15,277 - Evaluate - INFO - ASR Module... Epoch: 0, RSS: 5.63 GB
2026-07-26 13:28:15,278 - Evaluate - INFO - ASR... Epoch: 0, Walltime: 2.185318 CPU time: 12.534085
2026-07-26 13:28:17,473 - Evaluate - INFO - ASR Module... Epoch: 0, RSS: 5.63 GB
2026-07-26 13:28:17,473 - Evaluate - INFO - ASR... Epoch: 0, Walltime: 2.191340 CPU time: 12.792016
2026-07-26 13:28:19,198 - Evaluate - INFO - ASR Module... Epoch: 0, RSS: 5.63 GB
2026-07-26 13:28:19,199 - Evaluate - INFO - ASR... Epoch: 0, Walltime: 1.721616 CPU time: 9.974848
2026-07-26 13:28:20,684 - Evaluate - INFO - ASR Module... Epoch: 0, RSS: 5.63 GB
2026-07-26 13:28:20,685 - Evaluate - INFO - ASR... Epoch: 0, Walltime: 1.480055 CPU time: 8.628564
2026-07-26 13:28:22,778 - Evaluate - INFO - ASR Module... Epoch: 0, RSS: 5.63 GB
2026-07-26 13:28:22,779 - Evaluate - INFO - ASR... Epoch: 0, Walltime: 2.090348 CPU time: 11.979881
2026-07-26 13:28:23,876 - Evaluate - INFO - ASR Module... Epoch: 0, RSS: 5.63 GB
2026-07-26 13:28:23,877 - Evaluate - INFO - ASR... Epoch: 0, Walltime: 1.093992 CPU time: 6.514697
2026-07-26 13:28:26,437 - Evaluate - INFO - ASR Module... Epoch: 0, RSS: 5.63 GB
2026-07-26 13:28:26,438 - Evaluate - INFO - ASR... Epoch: 0, Walltime: 2.554706 CPU time: 14.444010
2026-07-26 13:28:28,422 - Evaluate - INFO - ASR Module... Epoch: 0, RSS: 5.63 GB
2026-07-26 13:28:28,423 - Evaluate - INFO - ASR... Epoch: 0, Walltime: 1.981603 CPU time: 11.229843
2026-07-26 13:28:29,995 - Evaluate - INFO - ASR Module... Epoch: 0, RSS: 5.63 GB
2026-07-26 13:28:29,996 - Evaluate - INFO - ASR... Epoch: 0, Walltime: 1.569749 CPU time: 8.933255
2026-07-26 13:28:32,913 - Evaluate - INFO - ASR Module... Epoch: 0, RSS: 5.63 GB
2026-07-26 13:28:32,913 - Evaluate - INFO - ASR... Epoch: 0, Walltime: 2.913719 CPU time: 16.733791
2026-07-26 13:28:35,537 - Evaluate - INFO - ASR Module... Epoch: 0, RSS: 5.63 GB
2026-07-26 13:28:35,538 - Evaluate - INFO - ASR... Epoch: 0, Walltime: 2.621266 CPU time: 14.918094
2026-07-26 13:28:37,377 - Evaluate - INFO - ASR Module... Epoch: 0, RSS: 5.63 GB
2026-07-26 13:28:37,377 - Evaluate - INFO - ASR... Epoch: 0, Walltime: 1.835764 CPU time: 10.742648
2026-07-26 13:28:39,303 - Evaluate - INFO - ASR Module... Epoch: 0, RSS: 5.63 GB
2026-07-26 13:28:39,303 - Evaluate - INFO - ASR... Epoch: 0, Walltime: 1.923520 CPU time: 10.812827
2026-07-26 13:28:42,870 - Evaluate - INFO - ASR Module... Epoch: 0, RSS: 5.63 GB
2026-07-26 13:28:42,871 - Evaluate - INFO - ASR... Epoch: 0, Walltime: 3.563470 CPU time: 19.727847
2026-07-26 13:28:44,145 - Evaluate - INFO - ASR Module... Epoch: 0, RSS: 5.63 GB
2026-07-26 13:28:44,146 - Evaluate - INFO - ASR... Epoch: 0, Walltime: 1.271575 CPU time: 7.431364
2026-07-26 13:28:46,560 - Evaluate - INFO - ASR Module... Epoch: 0, RSS: 5.63 GB
2026-07-26 13:28:46,561 - Evaluate - INFO - ASR... Epoch: 0, Walltime: 2.410852 CPU time: 13.520431
2026-07-26 13:28:49,279 - Evaluate - INFO - ASR Module... Epoch: 0, RSS: 5.63 GB
2026-07-26 13:28:49,281 - Evaluate - INFO - ASR... Epoch: 0, Walltime: 2.712416 CPU time: 15.357539
2026-07-26 13:28:51,543 - Evaluate - INFO - ASR Module... Epoch: 0, RSS: 5.63 GB
2026-07-26 13:28:51,544 - Evaluate - INFO - ASR... Epoch: 0, Walltime: 2.259578 CPU time: 12.390413
2026-07-26 13:28:53,330 - Evaluate - INFO - ASR Module... Epoch: 0, RSS: 5.63 GB
2026-07-26 13:28:53,330 - Evaluate - INFO - ASR... Epoch: 0, Walltime: 1.782984 CPU time: 10.282174
2026-07-26 13:28:56,979 - Evaluate - INFO - ASR Module... Epoch: 0, RSS: 5.63 GB
2026-07-26 13:28:56,979 - Evaluate - INFO - ASR... Epoch: 0, Walltime: 3.644188 CPU time: 20.417111
2026-07-26 13:28:59,481 - Evaluate - INFO - ASR Module... Epoch: 0, RSS: 5.63 GB
2026-07-26 13:28:59,482 - Evaluate - INFO - ASR... Epoch: 0, Walltime: 2.498386 CPU time: 13.563813
2026-07-26 13:29:02,360 - Evaluate - INFO - ASR Module... Epoch: 0, RSS: 5.63 GB
2026-07-26 13:29:02,360 - Evaluate - INFO - ASR... Epoch: 0, Walltime: 2.873689 CPU time: 15.784816
2026-07-26 13:29:03,786 - Evaluate - INFO - ASR Module... Epoch: 0, RSS: 5.63 GB
2026-07-26 13:29:03,787 - Evaluate - INFO - ASR... Epoch: 0, Walltime: 1.423176 CPU time: 8.148682
2026-07-26 13:29:05,872 - Evaluate - INFO - ASR Module... Epoch: 0, RSS: 5.63 GB
2026-07-26 13:29:05,873 - Evaluate - INFO - ASR... Epoch: 0, Walltime: 2.082343 CPU time: 11.735810
2026-07-26 13:29:07,874 - Evaluate - INFO - ASR Module... Epoch: 0, RSS: 5.63 GB
2026-07-26 13:29:07,874 - Evaluate - INFO - ASR... Epoch: 0, Walltime: 1.998111 CPU time: 11.165268
2026-07-26 13:29:11,359 - Evaluate - INFO - ASR Module... Epoch: 0, RSS: 5.63 GB
2026-07-26 13:29:11,360 - Evaluate - INFO - ASR... Epoch: 0, Walltime: 3.481208 CPU time: 18.999176
2026-07-26 13:29:14,041 - Evaluate - INFO - ASR Module... Epoch: 0, RSS: 5.63 GB
2026-07-26 13:29:14,041 - Evaluate - INFO - ASR... Epoch: 0, Walltime: 2.673716 CPU time: 14.963329
2026-07-26 13:29:16,121 - Evaluate - INFO - ASR Module... Epoch: 0, RSS: 5.63 GB
2026-07-26 13:29:16,125 - Evaluate - INFO - ASR... Epoch: 0, Walltime: 2.076317 CPU time: 11.649978
2026-07-26 13:29:21,114 - Evaluate - INFO - ASR Module... Epoch: 0, RSS: 5.63 GB
2026-07-26 13:29:21,114 - Evaluate - INFO - ASR... Epoch: 0, Walltime: 4.982941 CPU time: 27.152526
2026-07-26 13:29:25,730 - Evaluate - INFO - ASR Module... Epoch: 0, RSS: 5.63 GB
2026-07-26 13:29:25,731 - Evaluate - INFO - ASR... Epoch: 0, Walltime: 4.610322 CPU time: 24.851994
2026-07-26 13:29:30,878 - Evaluate - INFO - ASR Module... Epoch: 0, RSS: 5.64 GB
2026-07-26 13:29:30,878 - Evaluate - INFO - ASR... Epoch: 0, Walltime: 5.141193 CPU time: 27.982052
2026-07-26 13:29:34,356 - Evaluate - INFO - ASR Module... Epoch: 0, RSS: 5.64 GB
2026-07-26 13:29:34,357 - Evaluate - INFO - ASR... Epoch: 0, Walltime: 3.473454 CPU time: 19.015737
2026-07-26 13:29:39,610 - Evaluate - INFO - ASR Module... Epoch: 0, RSS: 5.64 GB
2026-07-26 13:29:39,611 - Evaluate - INFO - ASR... Epoch: 0, Walltime: 5.248514 CPU time: 28.629146
2026-07-26 13:29:43,370 - Evaluate - INFO - ASR Module... Epoch: 0, RSS: 5.64 GB
2026-07-26 13:29:43,371 - Evaluate - INFO - ASR... Epoch: 0, Walltime: 3.753641 CPU time: 20.822355
2026-07-26 13:29:46,704 - Evaluate - INFO - ASR Module... Epoch: 0, RSS: 5.64 GB
2026-07-26 13:29:46,704 - Evaluate - INFO - ASR... Epoch: 0, Walltime: 3.328781 CPU time: 18.234776
2026-07-26 13:29:47,694 - Evaluate - INFO - ASR Module... Epoch: 0, RSS: 5.64 GB
2026-07-26 13:29:47,694 - Evaluate - INFO - ASR... Epoch: 0, Walltime: 0.986938 CPU time: 5.848611
2026-07-26 13:29:49,699 - Evaluate - INFO - ASR Module... Epoch: 0, RSS: 5.64 GB
2026-07-26 13:29:49,700 - Evaluate - INFO - ASR... Epoch: 0, Walltime: 2.002411 CPU time: 11.456533
2026-07-26 13:29:51,242 - Evaluate - INFO - ASR Module... Epoch: 0, RSS: 5.64 GB
2026-07-26 13:29:51,243 - Evaluate - INFO - ASR... Epoch: 0, Walltime: 1.539457 CPU time: 8.580525
2026-07-26 13:29:52,788 - Evaluate - INFO - ASR Module... Epoch: 0, RSS: 5.64 GB
2026-07-26 13:29:52,789 - Evaluate - INFO - ASR... Epoch: 0, Walltime: 1.542143 CPU time: 8.658520
2026-07-26 13:29:53,945 - Evaluate - INFO - ASR Module... Epoch: 0, RSS: 5.64 GB
2026-07-26 13:29:53,946 - Evaluate - INFO - ASR... Epoch: 0, Walltime: 1.154355 CPU time: 6.607708
2026-07-26 13:29:55,172 - Evaluate - INFO - ASR Module... Epoch: 0, RSS: 5.64 GB
2026-07-26 13:29:55,172 - Evaluate - INFO - ASR... Epoch: 0, Walltime: 1.224345 CPU time: 6.891340
2026-07-26 13:29:56,745 - Evaluate - INFO - ASR Module... Epoch: 0, RSS: 5.64 GB
2026-07-26 13:29:56,746 - Evaluate - INFO - ASR... Epoch: 0, Walltime: 1.570893 CPU time: 8.708874
2026-07-26 13:29:58,576 - Evaluate - INFO - ASR Module... Epoch: 0, RSS: 5.64 GB
2026-07-26 13:29:58,577 - Evaluate - INFO - ASR... Epoch: 0, Walltime: 1.827193 CPU time: 10.502926
2026-07-26 13:29:59,978 - Evaluate - INFO - ASR Module... Epoch: 0, RSS: 5.64 GB
2026-07-26 13:29:59,978 - Evaluate - INFO - ASR... Epoch: 0, Walltime: 1.396227 CPU time: 8.206330
2026-07-26 13:30:01,440 - Evaluate - INFO - ASR Module... Epoch: 0, RSS: 5.64 GB
2026-07-26 13:30:01,440 - Evaluate - INFO - ASR... Epoch: 0, Walltime: 1.460144 CPU time: 8.017280
2026-07-26 13:30:02,878 - Evaluate - INFO - ASR Module... Epoch: 0, RSS: 5.64 GB
2026-07-26 13:30:02,879 - Evaluate - INFO - ASR... Epoch: 0, Walltime: 1.435322 CPU time: 8.057995
2026-07-26 13:30:03,962 - Evaluate - INFO - ASR Module... Epoch: 0, RSS: 5.64 GB
2026-07-26 13:30:03,962 - Evaluate - INFO - ASR... Epoch: 0, Walltime: 1.080673 CPU time: 6.235804
2026-07-26 13:30:05,741 - Evaluate - INFO - ASR Module... Epoch: 0, RSS: 5.64 GB
2026-07-26 13:30:05,742 - Evaluate - INFO - ASR... Epoch: 0, Walltime: 1.776461 CPU time: 9.395125
2026-07-26 13:30:07,425 - Evaluate - INFO - ASR Module... Epoch: 0, RSS: 5.64 GB
2026-07-26 13:30:07,425 - Evaluate - INFO - ASR... Epoch: 0, Walltime: 1.679957 CPU time: 9.061409
2026-07-26 13:30:09,485 - Evaluate - INFO - ASR Module... Epoch: 0, RSS: 5.64 GB
2026-07-26 13:30:09,485 - Evaluate - INFO - ASR... Epoch: 0, Walltime: 2.056499 CPU time: 11.323599
2026-07-26 13:30:11,135 - Evaluate - INFO - ASR Module... Epoch: 0, RSS: 5.64 GB
2026-07-26 13:30:11,136 - Evaluate - INFO - ASR... Epoch: 0, Walltime: 1.647523 CPU time: 9.279630
2026-07-26 13:30:12,673 - Evaluate - INFO - ASR Module... Epoch: 0, RSS: 5.64 GB
2026-07-26 13:30:12,674 - Evaluate - INFO - ASR... Epoch: 0, Walltime: 1.535334 CPU time: 8.567479
2026-07-26 13:30:14,098 - Evaluate - INFO - ASR Module... Epoch: 0, RSS: 5.64 GB
2026-07-26 13:30:14,098 - Evaluate - INFO - ASR... Epoch: 0, Walltime: 1.421428 CPU time: 7.903428
2026-07-26 13:30:16,037 - Evaluate - INFO - ASR Module... Epoch: 0, RSS: 5.64 GB
2026-07-26 13:30:16,038 - Evaluate - INFO - ASR... Epoch: 0, Walltime: 1.936189 CPU time: 10.802638
2026-07-26 13:30:17,265 - Evaluate - INFO - ASR Module... Epoch: 0, RSS: 5.64 GB
2026-07-26 13:30:17,266 - Evaluate - INFO - ASR... Epoch: 0, Walltime: 1.224775 CPU time: 7.105349
2026-07-26 13:30:18,615 - Evaluate - INFO - ASR Module... Epoch: 0, RSS: 5.64 GB
2026-07-26 13:30:18,616 - Evaluate - INFO - ASR... Epoch: 0, Walltime: 1.347075 CPU time: 7.525822
2026-07-26 13:30:20,050 - Evaluate - INFO - ASR Module... Epoch: 0, RSS: 5.64 GB
2026-07-26 13:30:20,050 - Evaluate - INFO - ASR... Epoch: 0, Walltime: 1.430300 CPU time: 8.194559
2026-07-26 13:30:21,963 - Evaluate - INFO - ASR Module... Epoch: 0, RSS: 5.64 GB
2026-07-26 13:30:21,964 - Evaluate - INFO - ASR... Epoch: 0, Walltime: 1.910148 CPU time: 10.903511
2026-07-26 13:30:23,858 - Evaluate - INFO - ASR Module... Epoch: 0, RSS: 5.64 GB
2026-07-26 13:30:23,859 - Evaluate - INFO - ASR... Epoch: 0, Walltime: 1.891165 CPU time: 10.466396
2026-07-26 13:30:25,372 - Evaluate - INFO - ASR Module... Epoch: 0, RSS: 5.64 GB
2026-07-26 13:30:25,372 - Evaluate - INFO - ASR... Epoch: 0, Walltime: 1.510702 CPU time: 8.293143
2026-07-26 13:30:26,848 - Evaluate - INFO - ASR Module... Epoch: 0, RSS: 5.64 GB
2026-07-26 13:30:26,849 - Evaluate - INFO - ASR... Epoch: 0, Walltime: 1.473455 CPU time: 8.358191
2026-07-26 13:30:28,427 - Evaluate - INFO - ASR Module... Epoch: 0, RSS: 5.64 GB
2026-07-26 13:30:28,428 - Evaluate - INFO - ASR... Epoch: 0, Walltime: 1.575972 CPU time: 9.145127
2026-07-26 13:30:29,560 - Evaluate - INFO - ASR Module... Epoch: 0, RSS: 5.64 GB
2026-07-26 13:30:29,561 - Evaluate - INFO - ASR... Epoch: 0, Walltime: 1.130394 CPU time: 6.465380
2026-07-26 13:30:31,075 - Evaluate - INFO - ASR Module... Epoch: 0, RSS: 5.64 GB
2026-07-26 13:30:31,076 - Evaluate - INFO - ASR... Epoch: 0, Walltime: 1.511590 CPU time: 8.687513
2026-07-26 13:30:32,489 - Evaluate - INFO - ASR Module... Epoch: 0, RSS: 5.64 GB
2026-07-26 13:30:32,490 - Evaluate - INFO - ASR... Epoch: 0, Walltime: 1.411566 CPU time: 8.171289
2026-07-26 13:30:33,807 - Evaluate - INFO - ASR Module... Epoch: 0, RSS: 5.64 GB
2026-07-26 13:30:33,808 - Evaluate - INFO - ASR... Epoch: 0, Walltime: 1.314802 CPU time: 7.563343
2026-07-26 13:30:35,192 - Evaluate - INFO - ASR Module... Epoch: 0, RSS: 5.64 GB
2026-07-26 13:30:35,192 - Evaluate - INFO - ASR... Epoch: 0, Walltime: 1.381810 CPU time: 7.799474
2026-07-26 13:30:36,889 - Evaluate - INFO - ASR Module... Epoch: 0, RSS: 5.64 GB
2026-07-26 13:30:36,890 - Evaluate - INFO - ASR... Epoch: 0, Walltime: 1.694796 CPU time: 9.692472
2026-07-26 13:30:38,395 - Evaluate - INFO - ASR Module... Epoch: 0, RSS: 5.64 GB
2026-07-26 13:30:38,396 - Evaluate - INFO - ASR... Epoch: 0, Walltime: 1.502955 CPU time: 8.352101
2026-07-26 13:30:39,941 - Evaluate - INFO - ASR Module... Epoch: 0, RSS: 5.64 GB
2026-07-26 13:30:39,942 - Evaluate - INFO - ASR... Epoch: 0, Walltime: 1.542323 CPU time: 8.730765
2026-07-26 13:30:41,593 - Evaluate - INFO - ASR Module... Epoch: 0, RSS: 5.64 GB
2026-07-26 13:30:41,594 - Evaluate - INFO - ASR... Epoch: 0, Walltime: 1.648499 CPU time: 9.201353
2026-07-26 13:30:43,117 - Evaluate - INFO - ASR Module... Epoch: 0, RSS: 5.64 GB
2026-07-26 13:30:43,117 - Evaluate - INFO - ASR... Epoch: 0, Walltime: 1.520523 CPU time: 8.806709
2026-07-26 13:30:44,591 - Evaluate - INFO - ASR Module... Epoch: 0, RSS: 5.64 GB
2026-07-26 13:30:44,592 - Evaluate - INFO - ASR... Epoch: 0, Walltime: 1.469199 CPU time: 8.218124
2026-07-26 13:30:46,299 - Evaluate - INFO - ASR Module... Epoch: 0, RSS: 5.64 GB
2026-07-26 13:30:46,300 - Evaluate - INFO - ASR... Epoch: 0, Walltime: 1.704215 CPU time: 9.392693
2026-07-26 13:30:47,647 - Evaluate - INFO - ASR Module... Epoch: 0, RSS: 5.64 GB
2026-07-26 13:30:47,647 - Evaluate - INFO - ASR... Epoch: 0, Walltime: 1.344335 CPU time: 7.938509
2026-07-26 13:30:49,746 - Evaluate - INFO - ASR Module... Epoch: 0, RSS: 5.64 GB
2026-07-26 13:30:49,746 - Evaluate - INFO - ASR... Epoch: 0, Walltime: 2.095822 CPU time: 12.181881
2026-07-26 13:30:52,506 - Evaluate - INFO - ASR Module... Epoch: 0, RSS: 5.64 GB
2026-07-26 13:30:52,507 - Evaluate - INFO - ASR... Epoch: 0, Walltime: 2.756683 CPU time: 14.617798
2026-07-26 13:30:54,953 - Evaluate - INFO - ASR Module... Epoch: 0, RSS: 5.64 GB
2026-07-26 13:30:54,954 - Evaluate - INFO - ASR... Epoch: 0, Walltime: 2.442573 CPU time: 13.725835
2026-07-26 13:30:57,033 - Evaluate - INFO - ASR Module... Epoch: 0, RSS: 5.64 GB
2026-07-26 13:30:57,034 - Evaluate - INFO - ASR... Epoch: 0, Walltime: 2.075608 CPU time: 11.719061
2026-07-26 13:30:58,850 - Evaluate - INFO - ASR Module... Epoch: 0, RSS: 5.64 GB
2026-07-26 13:30:58,851 - Evaluate - INFO - ASR... Epoch: 0, Walltime: 1.813580 CPU time: 10.335405
2026-07-26 13:31:01,148 - Evaluate - INFO - ASR Module... Epoch: 0, RSS: 5.64 GB
2026-07-26 13:31:01,148 - Evaluate - INFO - ASR... Epoch: 0, Walltime: 2.293682 CPU time: 12.800799
2026-07-26 13:31:03,711 - Evaluate - INFO - ASR Module... Epoch: 0, RSS: 5.64 GB
2026-07-26 13:31:03,711 - Evaluate - INFO - ASR... Epoch: 0, Walltime: 2.559784 CPU time: 13.933430
2026-07-26 13:31:07,043 - Evaluate - INFO - ASR Module... Epoch: 0, RSS: 5.64 GB
2026-07-26 13:31:07,044 - Evaluate - INFO - ASR... Epoch: 0, Walltime: 3.327524 CPU time: 18.523974
2026-07-26 13:31:09,798 - Evaluate - INFO - ASR Module... Epoch: 0, RSS: 5.64 GB
2026-07-26 13:31:09,799 - Evaluate - INFO - ASR... Epoch: 0, Walltime: 2.750378 CPU time: 14.856581
2026-07-26 13:31:12,155 - Evaluate - INFO - ASR Module... Epoch: 0, RSS: 5.64 GB
2026-07-26 13:31:12,156 - Evaluate - INFO - ASR... Epoch: 0, Walltime: 2.352245 CPU time: 13.187407
2026-07-26 13:31:14,825 - Evaluate - INFO - ASR Module... Epoch: 0, RSS: 5.64 GB
2026-07-26 13:31:14,826 - Evaluate - INFO - ASR... Epoch: 0, Walltime: 2.665981 CPU time: 14.778000
2026-07-26 13:31:16,707 - Evaluate - INFO - ASR Module... Epoch: 0, RSS: 5.64 GB
2026-07-26 13:31:16,707 - Evaluate - INFO - ASR... Epoch: 0, Walltime: 1.877464 CPU time: 10.500511
2026-07-26 13:31:19,210 - Evaluate - INFO - ASR Module... Epoch: 0, RSS: 5.64 GB
2026-07-26 13:31:19,213 - Evaluate - INFO - ASR... Epoch: 0, Walltime: 2.499359 CPU time: 14.103451
2026-07-26 13:31:22,012 - Evaluate - INFO - ASR Module... Epoch: 0, RSS: 5.64 GB
2026-07-26 13:31:22,012 - Evaluate - INFO - ASR... Epoch: 0, Walltime: 2.792383 CPU time: 15.206512
2026-07-26 13:31:24,269 - Evaluate - INFO - ASR Module... Epoch: 0, RSS: 5.64 GB
2026-07-26 13:31:24,270 - Evaluate - INFO - ASR... Epoch: 0, Walltime: 2.253392 CPU time: 12.667542
2026-07-26 13:31:27,829 - Evaluate - INFO - ASR Module... Epoch: 0, RSS: 5.64 GB
2026-07-26 13:31:27,831 - Evaluate - INFO - ASR... Epoch: 0, Walltime: 3.554942 CPU time: 19.508987
2026-07-26 13:31:29,860 - Evaluate - INFO - ASR Module... Epoch: 0, RSS: 5.64 GB
2026-07-26 13:31:29,861 - Evaluate - INFO - ASR... Epoch: 0, Walltime: 2.024609 CPU time: 11.444571
2026-07-26 13:31:32,098 - Evaluate - INFO - ASR Module... Epoch: 0, RSS: 5.64 GB
2026-07-26 13:31:32,098 - Evaluate - INFO - ASR... Epoch: 0, Walltime: 2.233611 CPU time: 12.509579
2026-07-26 13:31:35,404 - Evaluate - INFO - ASR Module... Epoch: 0, RSS: 5.64 GB
2026-07-26 13:31:35,405 - Evaluate - INFO - ASR... Epoch: 0, Walltime: 3.302993 CPU time: 18.259045
2026-07-26 13:31:38,229 - Evaluate - INFO - ASR Module... Epoch: 0, RSS: 5.64 GB
2026-07-26 13:31:38,230 - Evaluate - INFO - ASR... Epoch: 0, Walltime: 2.820465 CPU time: 15.732581
2026-07-26 13:31:41,535 - Evaluate - INFO - ASR Module... Epoch: 0, RSS: 5.64 GB
2026-07-26 13:31:41,535 - Evaluate - INFO - ASR... Epoch: 0, Walltime: 3.300748 CPU time: 18.215488
2026-07-26 13:31:44,034 - Evaluate - INFO - ASR Module... Epoch: 0, RSS: 5.64 GB
2026-07-26 13:31:44,035 - Evaluate - INFO - ASR... Epoch: 0, Walltime: 2.495676 CPU time: 13.868350
2026-07-26 13:31:46,605 - Evaluate - INFO - ASR Module... Epoch: 0, RSS: 5.64 GB
2026-07-26 13:31:46,605 - Evaluate - INFO - ASR... Epoch: 0, Walltime: 2.566307 CPU time: 14.317531
2026-07-26 13:31:49,358 - Evaluate - INFO - ASR Module... Epoch: 0, RSS: 5.64 GB
2026-07-26 13:31:49,359 - Evaluate - INFO - ASR... Epoch: 0, Walltime: 2.749990 CPU time: 14.839453
2026-07-26 13:31:50,760 - Evaluate - INFO - ASR Module... Epoch: 0, RSS: 5.64 GB
2026-07-26 13:31:50,761 - Evaluate - INFO - ASR... Epoch: 0, Walltime: 1.397876 CPU time: 7.664156
2026-07-26 13:31:52,900 - Evaluate - INFO - ASR Module... Epoch: 0, RSS: 5.64 GB
2026-07-26 13:31:52,901 - Evaluate - INFO - ASR... Epoch: 0, Walltime: 2.136334 CPU time: 12.197113
2026-07-26 13:31:53,758 - Evaluate - INFO - ASR Module... Epoch: 0, RSS: 5.64 GB
2026-07-26 13:31:53,758 - Evaluate - INFO - ASR... Epoch: 0, Walltime: 0.854463 CPU time: 4.889267
2026-07-26 13:31:55,069 - Evaluate - INFO - ASR Module... Epoch: 0, RSS: 5.64 GB
2026-07-26 13:31:55,070 - Evaluate - INFO - ASR... Epoch: 0, Walltime: 1.309495 CPU time: 7.223514
2026-07-26 13:31:56,405 - Evaluate - INFO - ASR Module... Epoch: 0, RSS: 5.64 GB
2026-07-26 13:31:56,406 - Evaluate - INFO - ASR... Epoch: 0, Walltime: 1.333485 CPU time: 7.682135
2026-07-26 13:31:57,745 - Evaluate - INFO - ASR Module... Epoch: 0, RSS: 5.64 GB
2026-07-26 13:31:57,745 - Evaluate - INFO - ASR... Epoch: 0, Walltime: 1.336552 CPU time: 7.601794
2026-07-26 13:31:59,777 - Evaluate - INFO - ASR Module... Epoch: 0, RSS: 5.64 GB
2026-07-26 13:31:59,778 - Evaluate - INFO - ASR... Epoch: 0, Walltime: 2.030025 CPU time: 11.227287
2026-07-26 13:32:01,029 - Evaluate - INFO - ASR Module... Epoch: 0, RSS: 5.64 GB
2026-07-26 13:32:01,030 - Evaluate - INFO - ASR... Epoch: 0, Walltime: 1.249761 CPU time: 7.411244
2026-07-26 13:32:03,153 - Evaluate - INFO - ASR Module... Epoch: 0, RSS: 5.64 GB
2026-07-26 13:32:03,154 - Evaluate - INFO - ASR... Epoch: 0, Walltime: 2.120557 CPU time: 12.107306
2026-07-26 13:32:04,736 - Evaluate - INFO - ASR Module... Epoch: 0, RSS: 5.64 GB
2026-07-26 13:32:04,737 - Evaluate - INFO - ASR... Epoch: 0, Walltime: 1.578777 CPU time: 8.720603
2026-07-26 13:32:06,505 - Evaluate - INFO - ASR Module... Epoch: 0, RSS: 5.64 GB
2026-07-26 13:32:06,505 - Evaluate - INFO - ASR... Epoch: 0, Walltime: 1.765455 CPU time: 9.779669
2026-07-26 13:32:08,163 - Evaluate - INFO - ASR Module... Epoch: 0, RSS: 5.64 GB
2026-07-26 13:32:08,164 - Evaluate - INFO - ASR... Epoch: 0, Walltime: 1.655264 CPU time: 9.351915
2026-07-26 13:32:10,325 - Evaluate - INFO - ASR Module... Epoch: 0, RSS: 5.64 GB
2026-07-26 13:32:10,326 - Evaluate - INFO - ASR... Epoch: 0, Walltime: 2.158433 CPU time: 11.947634
2026-07-26 13:32:12,471 - Evaluate - INFO - ASR Module... Epoch: 0, RSS: 5.64 GB
2026-07-26 13:32:12,472 - Evaluate - INFO - ASR... Epoch: 0, Walltime: 2.142892 CPU time: 12.306482
2026-07-26 13:32:14,583 - Evaluate - INFO - ASR Module... Epoch: 0, RSS: 5.64 GB
2026-07-26 13:32:14,585 - Evaluate - INFO - ASR... Epoch: 0, Walltime: 2.108521 CPU time: 12.038532
2026-07-26 13:32:16,531 - Evaluate - INFO - ASR Module... Epoch: 0, RSS: 5.64 GB
2026-07-26 13:32:16,532 - Evaluate - INFO - ASR... Epoch: 0, Walltime: 1.942857 CPU time: 10.603748
2026-07-26 13:32:17,826 - Evaluate - INFO - ASR Module... Epoch: 0, RSS: 5.64 GB
2026-07-26 13:32:17,826 - Evaluate - INFO - ASR... Epoch: 0, Walltime: 1.291807 CPU time: 7.021506
2026-07-26 13:32:19,179 - Evaluate - INFO - ASR Module... Epoch: 0, RSS: 5.64 GB
2026-07-26 13:32:19,179 - Evaluate - INFO - ASR... Epoch: 0, Walltime: 1.350841 CPU time: 7.542858
2026-07-26 13:32:20,787 - Evaluate - INFO - ASR Module... Epoch: 0, RSS: 5.64 GB
2026-07-26 13:32:20,788 - Evaluate - INFO - ASR... Epoch: 0, Walltime: 1.605429 CPU time: 9.215064
2026-07-26 13:32:22,157 - Evaluate - INFO - ASR Module... Epoch: 0, RSS: 5.64 GB
2026-07-26 13:32:22,158 - Evaluate - INFO - ASR... Epoch: 0, Walltime: 1.367103 CPU time: 7.869135
2026-07-26 13:32:23,655 - Evaluate - INFO - ASR Module... Epoch: 0, RSS: 5.64 GB
2026-07-26 13:32:23,656 - Evaluate - INFO - ASR... Epoch: 0, Walltime: 1.495551 CPU time: 8.556137
2026-07-26 13:32:25,449 - Evaluate - INFO - ASR Module... Epoch: 0, RSS: 5.64 GB
2026-07-26 13:32:25,450 - Evaluate - INFO - ASR... Epoch: 0, Walltime: 1.790560 CPU time: 10.296317
2026-07-26 13:32:26,817 - Evaluate - INFO - ASR Module... Epoch: 0, RSS: 5.64 GB
2026-07-26 13:32:26,818 - Evaluate - INFO - ASR... Epoch: 0, Walltime: 1.365572 CPU time: 7.953449
2026-07-26 13:32:28,252 - Evaluate - INFO - ASR Module... Epoch: 0, RSS: 5.64 GB
2026-07-26 13:32:28,252 - Evaluate - INFO - ASR... Epoch: 0, Walltime: 1.430871 CPU time: 7.944156
2026-07-26 13:32:29,733 - Evaluate - INFO - ASR Module... Epoch: 0, RSS: 5.64 GB
2026-07-26 13:32:29,733 - Evaluate - INFO - ASR... Epoch: 0, Walltime: 1.478375 CPU time: 8.281783
2026-07-26 13:32:31,534 - Evaluate - INFO - ASR Module... Epoch: 0, RSS: 5.64 GB
2026-07-26 13:32:31,535 - Evaluate - INFO - ASR... Epoch: 0, Walltime: 1.798531 CPU time: 10.508499
2026-07-26 13:32:33,259 - Evaluate - INFO - ASR Module... Epoch: 0, RSS: 5.64 GB
2026-07-26 13:32:33,259 - Evaluate - INFO - ASR... Epoch: 0, Walltime: 1.721504 CPU time: 9.870131
2026-07-26 13:32:35,330 - Evaluate - INFO - ASR Module... Epoch: 0, RSS: 5.64 GB
2026-07-26 13:32:35,330 - Evaluate - INFO - ASR... Epoch: 0, Walltime: 2.068098 CPU time: 11.388864
2026-07-26 13:32:38,359 - Evaluate - INFO - ASR Module... Epoch: 0, RSS: 5.64 GB
2026-07-26 13:32:38,359 - Evaluate - INFO - ASR... Epoch: 0, Walltime: 3.024947 CPU time: 16.773285
2026-07-26 13:32:40,036 - Evaluate - INFO - ASR Module... Epoch: 0, RSS: 5.64 GB
2026-07-26 13:32:40,037 - Evaluate - INFO - ASR... Epoch: 0, Walltime: 1.675112 CPU time: 9.419115
2026-07-26 13:32:41,696 - Evaluate - INFO - ASR Module... Epoch: 0, RSS: 5.64 GB
2026-07-26 13:32:41,697 - Evaluate - INFO - ASR... Epoch: 0, Walltime: 1.657274 CPU time: 9.040257
2026-07-26 13:32:43,793 - Evaluate - INFO - ASR Module... Epoch: 0, RSS: 5.64 GB
2026-07-26 13:32:43,793 - Evaluate - INFO - ASR... Epoch: 0, Walltime: 2.093157 CPU time: 11.999812
2026-07-26 13:32:45,457 - Evaluate - INFO - ASR Module... Epoch: 0, RSS: 5.64 GB
2026-07-26 13:32:45,458 - Evaluate - INFO - ASR... Epoch: 0, Walltime: 1.661406 CPU time: 9.421461
2026-07-26 13:32:46,755 - Evaluate - INFO - ASR Module... Epoch: 0, RSS: 5.64 GB
2026-07-26 13:32:46,756 - Evaluate - INFO - ASR... Epoch: 0, Walltime: 1.295169 CPU time: 7.332487
2026-07-26 13:32:48,252 - Evaluate - INFO - ASR Module... Epoch: 0, RSS: 5.64 GB
2026-07-26 13:32:48,252 - Evaluate - INFO - ASR... Epoch: 0, Walltime: 1.492890 CPU time: 8.480279
2026-07-26 13:32:50,366 - Evaluate - INFO - ASR Module... Epoch: 0, RSS: 5.64 GB
2026-07-26 13:32:50,367 - Evaluate - INFO - ASR... Epoch: 0, Walltime: 2.111668 CPU time: 11.520168
2026-07-26 13:32:51,871 - Evaluate - INFO - ASR Module... Epoch: 0, RSS: 5.64 GB
2026-07-26 13:32:51,872 - Evaluate - INFO - ASR... Epoch: 0, Walltime: 1.502469 CPU time: 8.499598
2026-07-26 13:32:53,520 - Evaluate - INFO - ASR Module... Epoch: 0, RSS: 5.64 GB
2026-07-26 13:32:53,521 - Evaluate - INFO - ASR... Epoch: 0, Walltime: 1.645725 CPU time: 9.358269
2026-07-26 13:32:55,075 - Evaluate - INFO - ASR Module... Epoch: 0, RSS: 5.64 GB
2026-07-26 13:32:55,075 - Evaluate - INFO - ASR... Epoch: 0, Walltime: 1.551409 CPU time: 9.087020
2026-07-26 13:32:56,842 - Evaluate - INFO - ASR Module... Epoch: 0, RSS: 5.64 GB
2026-07-26 13:32:56,843 - Evaluate - INFO - ASR... Epoch: 0, Walltime: 1.764229 CPU time: 9.759135
2026-07-26 13:32:58,537 - Evaluate - INFO - ASR Module... Epoch: 0, RSS: 5.64 GB
2026-07-26 13:32:58,538 - Evaluate - INFO - ASR... Epoch: 0, Walltime: 1.689810 CPU time: 9.400962
2026-07-26 13:33:00,876 - Evaluate - INFO - ASR Module... Epoch: 0, RSS: 5.64 GB
2026-07-26 13:33:00,877 - Evaluate - INFO - ASR... Epoch: 0, Walltime: 2.335671 CPU time: 13.111580
2026-07-26 13:33:02,296 - Evaluate - INFO - ASR Module... Epoch: 0, RSS: 5.64 GB
2026-07-26 13:33:02,296 - Evaluate - INFO - ASR... Epoch: 0, Walltime: 1.416041 CPU time: 8.022712
2026-07-26 13:33:03,495 - Evaluate - INFO - ASR Module... Epoch: 0, RSS: 5.64 GB
2026-07-26 13:33:03,496 - Evaluate - INFO - ASR... Epoch: 0, Walltime: 1.197560 CPU time: 6.750677
2026-07-26 13:33:05,388 - Evaluate - INFO - ASR Module... Epoch: 0, RSS: 5.64 GB
2026-07-26 13:33:05,389 - Evaluate - INFO - ASR... Epoch: 0, Walltime: 1.889317 CPU time: 10.557097
2026-07-26 13:33:07,205 - Evaluate - INFO - ASR Module... Epoch: 0, RSS: 5.64 GB
2026-07-26 13:33:07,206 - Evaluate - INFO - ASR... Epoch: 0, Walltime: 1.813663 CPU time: 9.815584
2026-07-26 13:33:08,688 - Evaluate - INFO - ASR Module... Epoch: 0, RSS: 5.64 GB
2026-07-26 13:33:08,688 - Evaluate - INFO - ASR... Epoch: 0, Walltime: 1.479904 CPU time: 8.108108
2026-07-26 13:33:10,010 - Evaluate - INFO - ASR Module... Epoch: 0, RSS: 5.64 GB
2026-07-26 13:33:10,011 - Evaluate - INFO - ASR... Epoch: 0, Walltime: 1.320160 CPU time: 7.380073
2026-07-26 13:33:11,436 - Evaluate - INFO - ASR Module... Epoch: 0, RSS: 5.64 GB
2026-07-26 13:33:11,437 - Evaluate - INFO - ASR... Epoch: 0, Walltime: 1.423231 CPU time: 8.158844
2026-07-26 13:33:12,929 - Evaluate - INFO - ASR Module... Epoch: 0, RSS: 5.64 GB
2026-07-26 13:33:12,930 - Evaluate - INFO - ASR... Epoch: 0, Walltime: 1.489942 CPU time: 8.241266
2026-07-26 13:33:14,894 - Evaluate - INFO - ASR Module... Epoch: 0, RSS: 5.64 GB
2026-07-26 13:33:14,894 - Evaluate - INFO - ASR... Epoch: 0, Walltime: 1.960709 CPU time: 10.817925
2026-07-26 13:33:16,870 - Evaluate - INFO - ASR Module... Epoch: 0, RSS: 5.64 GB
2026-07-26 13:33:16,871 - Evaluate - INFO - ASR... Epoch: 0, Walltime: 1.973533 CPU time: 10.694433
2026-07-26 13:33:18,526 - Evaluate - INFO - ASR Module... Epoch: 0, RSS: 5.64 GB
2026-07-26 13:33:18,526 - Evaluate - INFO - ASR... Epoch: 0, Walltime: 1.652429 CPU time: 9.445454
2026-07-26 13:33:20,444 - Evaluate - INFO - ASR Module... Epoch: 0, RSS: 5.64 GB
2026-07-26 13:33:20,445 - Evaluate - INFO - ASR... Epoch: 0, Walltime: 1.915270 CPU time: 10.656219
2026-07-26 13:33:22,272 - Evaluate - INFO - ASR Module... Epoch: 0, RSS: 5.64 GB
2026-07-26 13:33:22,273 - Evaluate - INFO - ASR... Epoch: 0, Walltime: 1.824641 CPU time: 9.965987
2026-07-26 13:33:24,782 - Evaluate - INFO - ASR Module... Epoch: 0, RSS: 5.64 GB
2026-07-26 13:33:24,783 - Evaluate - INFO - ASR... Epoch: 0, Walltime: 2.506872 CPU time: 14.130854
2026-07-26 13:33:26,336 - Evaluate - INFO - ASR Module... Epoch: 0, RSS: 5.64 GB
2026-07-26 13:33:26,337 - Evaluate - INFO - ASR... Epoch: 0, Walltime: 1.551485 CPU time: 8.615350
2026-07-26 13:33:28,389 - Evaluate - INFO - ASR Module... Epoch: 0, RSS: 5.64 GB
2026-07-26 13:33:28,390 - Evaluate - INFO - ASR... Epoch: 0, Walltime: 2.049800 CPU time: 11.145385
2026-07-26 13:33:29,672 - Evaluate - INFO - ASR Module... Epoch: 0, RSS: 5.64 GB
2026-07-26 13:33:29,672 - Evaluate - INFO - ASR... Epoch: 0, Walltime: 1.279193 CPU time: 6.969335
2026-07-26 13:33:31,112 - Evaluate - INFO - ASR Module... Epoch: 0, RSS: 5.64 GB
2026-07-26 13:33:31,113 - Evaluate - INFO - ASR... Epoch: 0, Walltime: 1.438836 CPU time: 7.901373
2026-07-26 13:33:32,228 - Evaluate - INFO - ASR Module... Epoch: 0, RSS: 5.64 GB
2026-07-26 13:33:32,229 - Evaluate - INFO - ASR... Epoch: 0, Walltime: 1.113195 CPU time: 6.129539
2026-07-26 13:33:33,893 - Evaluate - INFO - ASR Module... Epoch: 0, RSS: 5.64 GB
2026-07-26 13:33:33,894 - Evaluate - INFO - ASR... Epoch: 0, Walltime: 1.662114 CPU time: 9.128486
2026-07-26 13:33:35,507 - Evaluate - INFO - ASR Module... Epoch: 0, RSS: 5.64 GB
2026-07-26 13:33:35,508 - Evaluate - INFO - ASR... Epoch: 0, Walltime: 1.610386 CPU time: 8.884606
2026-07-26 13:33:36,953 - Evaluate - INFO - ASR Module... Epoch: 0, RSS: 5.64 GB
2026-07-26 13:33:36,954 - Evaluate - INFO - ASR... Epoch: 0, Walltime: 1.443538 CPU time: 8.005604
2026-07-26 13:33:38,268 - Evaluate - INFO - ASR Module... Epoch: 0, RSS: 5.64 GB
2026-07-26 13:33:38,269 - Evaluate - INFO - ASR... Epoch: 0, Walltime: 1.312424 CPU time: 7.307507
2026-07-26 13:33:40,025 - Evaluate - INFO - ASR Module... Epoch: 0, RSS: 5.64 GB
2026-07-26 13:33:40,025 - Evaluate - INFO - ASR... Epoch: 0, Walltime: 1.752999 CPU time: 9.602330
2026-07-26 13:33:42,246 - Evaluate - INFO - ASR Module... Epoch: 0, RSS: 5.64 GB
2026-07-26 13:33:42,247 - Evaluate - INFO - ASR... Epoch: 0, Walltime: 2.218418 CPU time: 11.899733
2026-07-26 13:33:43,130 - Evaluate - INFO - ASR Module... Epoch: 0, RSS: 5.64 GB
2026-07-26 13:33:43,130 - Evaluate - INFO - ASR... Epoch: 0, Walltime: 0.881314 CPU time: 4.935160
2026-07-26 13:33:43,977 - Evaluate - INFO - ASR Module... Epoch: 0, RSS: 5.64 GB
2026-07-26 13:33:43,978 - Evaluate - INFO - ASR... Epoch: 0, Walltime: 0.845916 CPU time: 4.941955
2026-07-26 13:33:44,923 - Evaluate - INFO - ASR Module... Epoch: 0, RSS: 5.64 GB
2026-07-26 13:33:44,923 - Evaluate - INFO - ASR... Epoch: 0, Walltime: 0.943160 CPU time: 5.350170
2026-07-26 13:33:46,140 - Evaluate - INFO - ASR Module... Epoch: 0, RSS: 5.64 GB
2026-07-26 13:33:46,141 - Evaluate - INFO - ASR... Epoch: 0, Walltime: 1.214783 CPU time: 6.480632
2026-07-26 13:33:47,104 - Evaluate - INFO - ASR Module... Epoch: 0, RSS: 5.64 GB
2026-07-26 13:33:47,104 - Evaluate - INFO - ASR... Epoch: 0, Walltime: 0.960780 CPU time: 5.523817
2026-07-26 13:33:48,564 - Evaluate - INFO - ASR Module... Epoch: 0, RSS: 5.64 GB
2026-07-26 13:33:48,565 - Evaluate - INFO - ASR... Epoch: 0, Walltime: 1.457448 CPU time: 7.906554
2026-07-26 13:33:49,960 - Evaluate - INFO - ASR Module... Epoch: 0, RSS: 5.64 GB
2026-07-26 13:33:49,960 - Evaluate - INFO - ASR... Epoch: 0, Walltime: 1.392302 CPU time: 7.860071
2026-07-26 13:33:51,203 - Evaluate - INFO - ASR Module... Epoch: 0, RSS: 5.64 GB
2026-07-26 13:33:51,203 - Evaluate - INFO - ASR... Epoch: 0, Walltime: 1.240245 CPU time: 6.847720
2026-07-26 13:33:52,356 - Evaluate - INFO - ASR Module... Epoch: 0, RSS: 5.64 GB
2026-07-26 13:33:52,357 - Evaluate - INFO - ASR... Epoch: 0, Walltime: 1.151261 CPU time: 6.254687
2026-07-26 13:33:53,674 - Evaluate - INFO - ASR Module... Epoch: 0, RSS: 5.64 GB
2026-07-26 13:33:53,675 - Evaluate - INFO - ASR... Epoch: 0, Walltime: 1.315580 CPU time: 7.487794
2026-07-26 13:33:55,032 - Evaluate - INFO - ASR Module... Epoch: 0, RSS: 5.64 GB
2026-07-26 13:33:55,032 - Evaluate - INFO - ASR... Epoch: 0, Walltime: 1.354488 CPU time: 7.496241
2026-07-26 13:33:56,320 - Evaluate - INFO - ASR Module... Epoch: 0, RSS: 5.64 GB
2026-07-26 13:33:56,321 - Evaluate - INFO - ASR... Epoch: 0, Walltime: 1.286668 CPU time: 6.957895
2026-07-26 13:33:57,468 - Evaluate - INFO - ASR Module... Epoch: 0, RSS: 5.64 GB
2026-07-26 13:33:57,469 - Evaluate - INFO - ASR... Epoch: 0, Walltime: 1.145298 CPU time: 6.185990
2026-07-26 13:33:58,609 - Evaluate - INFO - ASR Module... Epoch: 0, RSS: 5.64 GB
2026-07-26 13:33:58,610 - Evaluate - INFO - ASR... Epoch: 0, Walltime: 1.138432 CPU time: 6.348397
2026-07-26 13:33:59,793 - Evaluate - INFO - ASR Module... Epoch: 0, RSS: 5.64 GB
2026-07-26 13:33:59,793 - Evaluate - INFO - ASR... Epoch: 0, Walltime: 1.180459 CPU time: 6.479476
2026-07-26 13:34:00,801 - Evaluate - INFO - ASR Module... Epoch: 0, RSS: 5.64 GB
2026-07-26 13:34:00,802 - Evaluate - INFO - ASR... Epoch: 0, Walltime: 1.005686 CPU time: 5.773333
2026-07-26 13:34:01,934 - Evaluate - INFO - ASR Module... Epoch: 0, RSS: 5.64 GB
2026-07-26 13:34:01,934 - Evaluate - INFO - ASR... Epoch: 0, Walltime: 1.129683 CPU time: 6.047382
2026-07-26 13:34:03,551 - Evaluate - INFO - ASR Module... Epoch: 0, RSS: 5.64 GB
2026-07-26 13:34:03,552 - Evaluate - INFO - ASR... Epoch: 0, Walltime: 1.613658 CPU time: 8.893936
2026-07-26 13:34:05,008 - Evaluate - INFO - ASR Module... Epoch: 0, RSS: 5.64 GB
2026-07-26 13:34:05,008 - Evaluate - INFO - ASR... Epoch: 0, Walltime: 1.452540 CPU time: 7.945957
2026-07-26 13:34:06,212 - Evaluate - INFO - ASR Module... Epoch: 0, RSS: 5.64 GB
2026-07-26 13:34:06,212 - Evaluate - INFO - ASR... Epoch: 0, Walltime: 1.202213 CPU time: 6.805229
2026-07-26 13:34:07,395 - Evaluate - INFO - ASR Module... Epoch: 0, RSS: 5.64 GB
2026-07-26 13:34:07,395 - Evaluate - INFO - ASR... Epoch: 0, Walltime: 1.179924 CPU time: 6.675443
2026-07-26 13:34:08,534 - Evaluate - INFO - ASR Module... Epoch: 0, RSS: 5.64 GB
2026-07-26 13:34:08,535 - Evaluate - INFO - ASR... Epoch: 0, Walltime: 1.136268 CPU time: 6.568795
2026-07-26 13:34:09,858 - Evaluate - INFO - ASR Module... Epoch: 0, RSS: 5.64 GB
2026-07-26 13:34:09,859 - Evaluate - INFO - ASR... Epoch: 0, Walltime: 1.319358 CPU time: 7.015689
2026-07-26 13:34:10,886 - Evaluate - INFO - ASR Module... Epoch: 0, RSS: 5.64 GB
2026-07-26 13:34:10,887 - Evaluate - INFO - ASR... Epoch: 0, Walltime: 1.025249 CPU time: 5.683350
2026-07-26 13:34:11,899 - Evaluate - INFO - ASR Module... Epoch: 0, RSS: 5.64 GB
2026-07-26 13:34:11,899 - Evaluate - INFO - ASR... Epoch: 0, Walltime: 1.010101 CPU time: 5.650576
2026-07-26 13:34:13,173 - Evaluate - INFO - ASR Module... Epoch: 0, RSS: 5.64 GB
2026-07-26 13:34:13,173 - Evaluate - INFO - ASR... Epoch: 0, Walltime: 1.270589 CPU time: 6.901604
2026-07-26 13:34:14,235 - Evaluate - INFO - ASR Module... Epoch: 0, RSS: 5.64 GB
2026-07-26 13:34:14,236 - Evaluate - INFO - ASR... Epoch: 0, Walltime: 1.059292 CPU time: 5.923062
2026-07-26 13:34:15,447 - Evaluate - INFO - ASR Module... Epoch: 0, RSS: 5.64 GB
2026-07-26 13:34:15,447 - Evaluate - INFO - ASR... Epoch: 0, Walltime: 1.209155 CPU time: 6.640881
2026-07-26 13:34:16,899 - Evaluate - INFO - ASR Module... Epoch: 0, RSS: 5.64 GB
2026-07-26 13:34:16,900 - Evaluate - INFO - ASR... Epoch: 0, Walltime: 1.449991 CPU time: 8.041983
2026-07-26 13:34:19,201 - Evaluate - INFO - ASR Module... Epoch: 0, RSS: 5.64 GB
2026-07-26 13:34:19,202 - Evaluate - INFO - ASR... Epoch: 0, Walltime: 2.298441 CPU time: 12.143546
2026-07-26 13:34:21,253 - Evaluate - INFO - ASR Module... Epoch: 0, RSS: 5.64 GB
2026-07-26 13:34:21,254 - Evaluate - INFO - ASR... Epoch: 0, Walltime: 2.048543 CPU time: 10.756723
2026-07-26 13:34:23,321 - Evaluate - INFO - ASR Module... Epoch: 0, RSS: 5.64 GB
2026-07-26 13:34:23,322 - Evaluate - INFO - ASR... Epoch: 0, Walltime: 2.065683 CPU time: 10.980557
2026-07-26 13:34:24,812 - Evaluate - INFO - ASR Module... Epoch: 0, RSS: 5.64 GB
2026-07-26 13:34:24,812 - Evaluate - INFO - ASR... Epoch: 0, Walltime: 1.486437 CPU time: 8.020237
2026-07-26 13:34:26,124 - Evaluate - INFO - ASR Module... Epoch: 0, RSS: 5.64 GB
2026-07-26 13:34:26,125 - Evaluate - INFO - ASR... Epoch: 0, Walltime: 1.309468 CPU time: 7.431367
2026-07-26 13:34:27,463 - Evaluate - INFO - ASR Module... Epoch: 0, RSS: 5.64 GB
2026-07-26 13:34:27,464 - Evaluate - INFO - ASR... Epoch: 0, Walltime: 1.336151 CPU time: 7.472615
2026-07-26 13:34:28,756 - Evaluate - INFO - ASR Module... Epoch: 0, RSS: 5.64 GB
2026-07-26 13:34:28,757 - Evaluate - INFO - ASR... Epoch: 0, Walltime: 1.290056 CPU time: 7.285244
2026-07-26 13:34:30,138 - Evaluate - INFO - ASR Module... Epoch: 0, RSS: 5.64 GB
2026-07-26 13:34:30,139 - Evaluate - INFO - ASR... Epoch: 0, Walltime: 1.379310 CPU time: 7.571993
2026-07-26 13:34:31,671 - Evaluate - INFO - ASR Module... Epoch: 0, RSS: 5.64 GB
2026-07-26 13:34:31,672 - Evaluate - INFO - ASR... Epoch: 0, Walltime: 1.529449 CPU time: 8.550075
2026-07-26 13:34:32,827 - Evaluate - INFO - ASR Module... Epoch: 0, RSS: 5.64 GB
2026-07-26 13:34:32,828 - Evaluate - INFO - ASR... Epoch: 0, Walltime: 1.152022 CPU time: 6.471460
2026-07-26 13:34:33,959 - Evaluate - INFO - ASR Module... Epoch: 0, RSS: 5.64 GB
2026-07-26 13:34:33,960 - Evaluate - INFO - ASR... Epoch: 0, Walltime: 1.129170 CPU time: 6.445830
2026-07-26 13:34:35,575 - Evaluate - INFO - ASR Module... Epoch: 0, RSS: 5.64 GB
2026-07-26 13:34:35,575 - Evaluate - INFO - ASR... Epoch: 0, Walltime: 1.613104 CPU time: 9.013466
2026-07-26 13:34:36,806 - Evaluate - INFO - ASR Module... Epoch: 0, RSS: 5.64 GB
2026-07-26 13:34:36,807 - Evaluate - INFO - ASR... Epoch: 0, Walltime: 1.229202 CPU time: 7.271465
2026-07-26 13:34:38,635 - Evaluate - INFO - ASR Module... Epoch: 0, RSS: 5.64 GB
2026-07-26 13:34:38,636 - Evaluate - INFO - ASR... Epoch: 0, Walltime: 1.824840 CPU time: 10.104044
2026-07-26 13:34:40,329 - Evaluate - INFO - ASR Module... Epoch: 0, RSS: 5.64 GB
2026-07-26 13:34:40,329 - Evaluate - INFO - ASR... Epoch: 0, Walltime: 1.690117 CPU time: 9.505048
2026-07-26 13:34:42,472 - Evaluate - INFO - ASR Module... Epoch: 0, RSS: 5.64 GB
2026-07-26 13:34:42,473 - Evaluate - INFO - ASR... Epoch: 0, Walltime: 2.140129 CPU time: 11.781627
2026-07-26 13:34:44,131 - Evaluate - INFO - ASR Module... Epoch: 0, RSS: 5.64 GB
2026-07-26 13:34:44,132 - Evaluate - INFO - ASR... Epoch: 0, Walltime: 1.656298 CPU time: 9.567731
2026-07-26 13:34:45,723 - Evaluate - INFO - ASR Module... Epoch: 0, RSS: 5.64 GB
2026-07-26 13:34:45,724 - Evaluate - INFO - ASR... Epoch: 0, Walltime: 1.588338 CPU time: 8.777159
2026-07-26 13:34:47,730 - Evaluate - INFO - ASR Module... Epoch: 0, RSS: 5.64 GB
2026-07-26 13:34:47,731 - Evaluate - INFO - ASR... Epoch: 0, Walltime: 2.003217 CPU time: 11.093823
2026-07-26 13:34:49,810 - Evaluate - INFO - ASR Module... Epoch: 0, RSS: 5.64 GB
2026-07-26 13:34:49,811 - Evaluate - INFO - ASR... Epoch: 0, Walltime: 2.076074 CPU time: 11.112860
2026-07-26 13:34:51,782 - Evaluate - INFO - ASR Module... Epoch: 0, RSS: 5.64 GB
2026-07-26 13:34:51,782 - Evaluate - INFO - ASR... Epoch: 0, Walltime: 1.968615 CPU time: 10.825033
2026-07-26 13:34:53,710 - Evaluate - INFO - ASR Module... Epoch: 0, RSS: 5.64 GB
2026-07-26 13:34:53,711 - Evaluate - INFO - ASR... Epoch: 0, Walltime: 1.925098 CPU time: 10.649924
2026-07-26 13:34:55,776 - Evaluate - INFO - ASR Module... Epoch: 0, RSS: 5.64 GB
2026-07-26 13:34:55,777 - Evaluate - INFO - ASR... Epoch: 0, Walltime: 2.062776 CPU time: 11.007007
2026-07-26 13:34:57,059 - Evaluate - INFO - ASR Module... Epoch: 0, RSS: 5.64 GB
2026-07-26 13:34:57,060 - Evaluate - INFO - ASR... Epoch: 0, Walltime: 1.280097 CPU time: 6.943134
2026-07-26 13:34:59,190 - Evaluate - INFO - ASR Module... Epoch: 0, RSS: 5.64 GB
2026-07-26 13:34:59,191 - Evaluate - INFO - ASR... Epoch: 0, Walltime: 2.126736 CPU time: 11.551894
2026-07-26 13:35:00,951 - Evaluate - INFO - ASR Module... Epoch: 0, RSS: 5.64 GB
2026-07-26 13:35:00,952 - Evaluate - INFO - ASR... Epoch: 0, Walltime: 1.757202 CPU time: 9.413569
2026-07-26 13:35:02,620 - Evaluate - INFO - ASR Module... Epoch: 0, RSS: 5.64 GB
2026-07-26 13:35:02,621 - Evaluate - INFO - ASR... Epoch: 0, Walltime: 1.666394 CPU time: 9.400307
2026-07-26 13:35:04,698 - Evaluate - INFO - ASR Module... Epoch: 0, RSS: 5.64 GB
2026-07-26 13:35:04,699 - Evaluate - INFO - ASR... Epoch: 0, Walltime: 2.073540 CPU time: 11.558454
2026-07-26 13:35:06,646 - Evaluate - INFO - ASR Module... Epoch: 0, RSS: 5.64 GB
2026-07-26 13:35:06,647 - Evaluate - INFO - ASR... Epoch: 0, Walltime: 1.944903 CPU time: 10.504234
2026-07-26 13:35:08,505 - Evaluate - INFO - ASR Module... Epoch: 0, RSS: 5.64 GB
2026-07-26 13:35:08,505 - Evaluate - INFO - ASR... Epoch: 0, Walltime: 1.855742 CPU time: 9.933108
2026-07-26 13:35:10,963 - Evaluate - INFO - ASR Module... Epoch: 0, RSS: 5.64 GB
2026-07-26 13:35:10,964 - Evaluate - INFO - ASR... Epoch: 0, Walltime: 2.455008 CPU time: 13.506904
2026-07-26 13:35:14,168 - Evaluate - INFO - ASR Module... Epoch: 0, RSS: 5.64 GB
2026-07-26 13:35:14,169 - Evaluate - INFO - ASR... Epoch: 0, Walltime: 3.199920 CPU time: 17.024936
2026-07-26 13:35:17,116 - Evaluate - INFO - ASR Module... Epoch: 0, RSS: 5.64 GB
2026-07-26 13:35:17,117 - Evaluate - INFO - ASR... Epoch: 0, Walltime: 2.944349 CPU time: 15.384016
2026-07-26 13:35:19,138 - Evaluate - INFO - ASR Module... Epoch: 0, RSS: 5.64 GB
2026-07-26 13:35:19,138 - Evaluate - INFO - ASR... Epoch: 0, Walltime: 2.018409 CPU time: 10.829565
2026-07-26 13:35:22,269 - Evaluate - INFO - ASR Module... Epoch: 0, RSS: 5.64 GB
2026-07-26 13:35:22,269 - Evaluate - INFO - ASR... Epoch: 0, Walltime: 3.126690 CPU time: 16.716196
2026-07-26 13:35:25,088 - Evaluate - INFO - ASR Module... Epoch: 0, RSS: 5.64 GB
2026-07-26 13:35:25,089 - Evaluate - INFO - ASR... Epoch: 0, Walltime: 2.814850 CPU time: 15.165940
2026-07-26 13:35:26,893 - Evaluate - INFO - ASR Module... Epoch: 0, RSS: 5.64 GB
2026-07-26 13:35:26,893 - Evaluate - INFO - ASR... Epoch: 0, Walltime: 1.801802 CPU time: 9.933940
2026-07-26 13:35:29,392 - Evaluate - INFO - ASR Module... Epoch: 0, RSS: 5.64 GB
2026-07-26 13:35:29,393 - Evaluate - INFO - ASR... Epoch: 0, Walltime: 2.496255 CPU time: 13.084649
2026-07-26 13:35:31,830 - Evaluate - INFO - ASR Module... Epoch: 0, RSS: 5.64 GB
2026-07-26 13:35:31,831 - Evaluate - INFO - ASR... Epoch: 0, Walltime: 2.432981 CPU time: 13.246708
2026-07-26 13:35:33,741 - Evaluate - INFO - ASR Module... Epoch: 0, RSS: 5.64 GB
2026-07-26 13:35:33,742 - Evaluate - INFO - ASR... Epoch: 0, Walltime: 1.907402 CPU time: 10.411855
2026-07-26 13:35:35,897 - Evaluate - INFO - ASR Module... Epoch: 0, RSS: 5.64 GB
2026-07-26 13:35:35,898 - Evaluate - INFO - ASR... Epoch: 0, Walltime: 2.152859 CPU time: 11.490572
2026-07-26 13:35:38,826 - Evaluate - INFO - ASR Module... Epoch: 0, RSS: 5.64 GB
2026-07-26 13:35:38,827 - Evaluate - INFO - ASR... Epoch: 0, Walltime: 2.924743 CPU time: 16.088955
2026-07-26 13:35:40,807 - Evaluate - INFO - ASR Module... Epoch: 0, RSS: 5.64 GB
2026-07-26 13:35:40,807 - Evaluate - INFO - ASR... Epoch: 0, Walltime: 1.976308 CPU time: 10.422699
2026-07-26 13:35:43,034 - Evaluate - INFO - ASR Module... Epoch: 0, RSS: 5.64 GB
2026-07-26 13:35:43,034 - Evaluate - INFO - ASR... Epoch: 0, Walltime: 2.223923 CPU time: 12.159851
2026-07-26 13:35:45,012 - Evaluate - INFO - ASR Module... Epoch: 0, RSS: 5.64 GB
2026-07-26 13:35:45,013 - Evaluate - INFO - ASR... Epoch: 0, Walltime: 1.975032 CPU time: 11.196184
2026-07-26 13:35:47,728 - Evaluate - INFO - ASR Module... Epoch: 0, RSS: 5.64 GB
2026-07-26 13:35:47,728 - Evaluate - INFO - ASR... Epoch: 0, Walltime: 2.711488 CPU time: 14.159972
2026-07-26 13:35:50,238 - Evaluate - INFO - ASR Module... Epoch: 0, RSS: 5.64 GB
2026-07-26 13:35:50,239 - Evaluate - INFO - ASR... Epoch: 0, Walltime: 2.506420 CPU time: 13.135299
2026-07-26 13:35:51,937 - Evaluate - INFO - ASR Module... Epoch: 0, RSS: 5.64 GB
2026-07-26 13:35:51,938 - Evaluate - INFO - ASR... Epoch: 0, Walltime: 1.695454 CPU time: 9.068637
2026-07-26 13:35:53,309 - Evaluate - INFO - ASR Module... Epoch: 0, RSS: 5.64 GB
2026-07-26 13:35:53,309 - Evaluate - INFO - ASR... Epoch: 0, Walltime: 1.369146 CPU time: 7.690542
2026-07-26 13:35:55,628 - Evaluate - INFO - ASR Module... Epoch: 0, RSS: 5.64 GB
2026-07-26 13:35:55,629 - Evaluate - INFO - ASR... Epoch: 0, Walltime: 2.316497 CPU time: 12.483404
2026-07-26 13:35:57,665 - Evaluate - INFO - ASR Module... Epoch: 0, RSS: 5.64 GB
2026-07-26 13:35:57,665 - Evaluate - INFO - ASR... Epoch: 0, Walltime: 2.033058 CPU time: 10.877485
2026-07-26 13:35:59,483 - Evaluate - INFO - ASR Module... Epoch: 0, RSS: 5.64 GB
2026-07-26 13:35:59,483 - Evaluate - INFO - ASR... Epoch: 0, Walltime: 1.814399 CPU time: 9.568898
2026-07-26 13:36:01,221 - Evaluate - INFO - ASR Module... Epoch: 0, RSS: 5.64 GB
2026-07-26 13:36:01,221 - Evaluate - INFO - ASR... Epoch: 0, Walltime: 1.734458 CPU time: 9.949771
2026-07-26 13:36:03,316 - Evaluate - INFO - ASR Module... Epoch: 0, RSS: 5.64 GB
2026-07-26 13:36:03,317 - Evaluate - INFO - ASR... Epoch: 0, Walltime: 2.092459 CPU time: 11.652556
2026-07-26 13:36:04,719 - Evaluate - INFO - ASR Module... Epoch: 0, RSS: 5.64 GB
2026-07-26 13:36:04,719 - Evaluate - INFO - ASR... Epoch: 0, Walltime: 1.399914 CPU time: 7.819741
2026-07-26 13:36:06,853 - Evaluate - INFO - ASR Module... Epoch: 0, RSS: 5.64 GB
2026-07-26 13:36:06,854 - Evaluate - INFO - ASR... Epoch: 0, Walltime: 2.131182 CPU time: 11.030152
2026-07-26 13:36:08,706 - Evaluate - INFO - ASR Module... Epoch: 0, RSS: 5.64 GB
2026-07-26 13:36:08,707 - Evaluate - INFO - ASR... Epoch: 0, Walltime: 1.850019 CPU time: 10.017187
2026-07-26 13:36:10,221 - Evaluate - INFO - ASR Module... Epoch: 0, RSS: 5.64 GB
2026-07-26 13:36:10,222 - Evaluate - INFO - ASR... Epoch: 0, Walltime: 1.511830 CPU time: 7.935934
2026-07-26 13:36:11,700 - Evaluate - INFO - ASR Module... Epoch: 0, RSS: 5.64 GB
2026-07-26 13:36:11,700 - Evaluate - INFO - ASR... Epoch: 0, Walltime: 1.475456 CPU time: 8.481783
2026-07-26 13:36:13,618 - Evaluate - INFO - ASR Module... Epoch: 0, RSS: 5.64 GB
2026-07-26 13:36:13,619 - Evaluate - INFO - ASR... Epoch: 0, Walltime: 1.915467 CPU time: 10.674243
2026-07-26 13:36:14,973 - Evaluate - INFO - ASR Module... Epoch: 0, RSS: 5.64 GB
2026-07-26 13:36:14,974 - Evaluate - INFO - ASR... Epoch: 0, Walltime: 1.352050 CPU time: 6.952496
2026-07-26 13:36:16,969 - Evaluate - INFO - ASR Module... Epoch: 0, RSS: 5.64 GB
2026-07-26 13:36:16,970 - Evaluate - INFO - ASR... Epoch: 0, Walltime: 1.992785 CPU time: 11.346415
2026-07-26 13:36:18,998 - Evaluate - INFO - ASR Module... Epoch: 0, RSS: 5.64 GB
2026-07-26 13:36:18,999 - Evaluate - INFO - ASR... Epoch: 0, Walltime: 2.025751 CPU time: 10.877663
2026-07-26 13:36:21,396 - Evaluate - INFO - ASR Module... Epoch: 0, RSS: 5.64 GB
2026-07-26 13:36:21,397 - Evaluate - INFO - ASR... Epoch: 0, Walltime: 2.394649 CPU time: 13.365012
2026-07-26 13:36:23,164 - Evaluate - INFO - ASR Module... Epoch: 0, RSS: 5.64 GB
2026-07-26 13:36:23,164 - Evaluate - INFO - ASR... Epoch: 0, Walltime: 1.764505 CPU time: 9.621335
2026-07-26 13:36:25,090 - Evaluate - INFO - ASR Module... Epoch: 0, RSS: 5.64 GB
2026-07-26 13:36:25,091 - Evaluate - INFO - ASR... Epoch: 0, Walltime: 1.923307 CPU time: 10.469566
2026-07-26 13:36:26,881 - Evaluate - INFO - ASR Module... Epoch: 0, RSS: 5.64 GB
2026-07-26 13:36:26,882 - Evaluate - INFO - ASR... Epoch: 0, Walltime: 1.787758 CPU time: 9.390269
2026-07-26 13:36:28,515 - Evaluate - INFO - ASR Module... Epoch: 0, RSS: 5.64 GB
2026-07-26 13:36:28,516 - Evaluate - INFO - ASR... Epoch: 0, Walltime: 1.631491 CPU time: 8.880405
2026-07-26 13:36:30,473 - Evaluate - INFO - ASR Module... Epoch: 0, RSS: 5.64 GB
2026-07-26 13:36:30,474 - Evaluate - INFO - ASR... Epoch: 0, Walltime: 1.955089 CPU time: 10.506597
2026-07-26 13:36:32,477 - Evaluate - INFO - ASR Module... Epoch: 0, RSS: 5.64 GB
2026-07-26 13:36:32,478 - Evaluate - INFO - ASR... Epoch: 0, Walltime: 2.001020 CPU time: 10.592879
2026-07-26 13:36:34,458 - Evaluate - INFO - ASR Module... Epoch: 0, RSS: 5.64 GB
2026-07-26 13:36:34,459 - Evaluate - INFO - ASR... Epoch: 0, Walltime: 1.977339 CPU time: 10.555304
2026-07-26 13:36:36,133 - Evaluate - INFO - ASR Module... Epoch: 0, RSS: 5.64 GB
2026-07-26 13:36:36,134 - Evaluate - INFO - ASR... Epoch: 0, Walltime: 1.671770 CPU time: 9.234626
2026-07-26 13:36:38,467 - Evaluate - INFO - ASR Module... Epoch: 0, RSS: 5.64 GB
2026-07-26 13:36:38,467 - Evaluate - INFO - ASR... Epoch: 0, Walltime: 2.329946 CPU time: 12.177754
2026-07-26 13:36:40,443 - Evaluate - INFO - ASR Module... Epoch: 0, RSS: 5.64 GB
2026-07-26 13:36:40,444 - Evaluate - INFO - ASR... Epoch: 0, Walltime: 1.973276 CPU time: 10.769174
2026-07-26 13:36:42,273 - Evaluate - INFO - ASR Module... Epoch: 0, RSS: 5.64 GB
2026-07-26 13:36:42,274 - Evaluate - INFO - ASR... Epoch: 0, Walltime: 1.826453 CPU time: 9.576525
2026-07-26 13:36:43,721 - Evaluate - INFO - ASR Module... Epoch: 0, RSS: 5.64 GB
2026-07-26 13:36:43,721 - Evaluate - INFO - ASR... Epoch: 0, Walltime: 1.444818 CPU time: 7.971481
2026-07-26 13:36:44,909 - Evaluate - INFO - ASR Module... Epoch: 0, RSS: 5.64 GB
2026-07-26 13:36:44,910 - Evaluate - INFO - ASR... Epoch: 0, Walltime: 1.186295 CPU time: 6.739511
2026-07-26 13:36:46,641 - Evaluate - INFO - ASR Module... Epoch: 0, RSS: 5.64 GB
2026-07-26 13:36:46,642 - Evaluate - INFO - ASR... Epoch: 0, Walltime: 1.728928 CPU time: 9.469468
2026-07-26 13:36:48,116 - Evaluate - INFO - ASR Module... Epoch: 0, RSS: 5.64 GB
2026-07-26 13:36:48,116 - Evaluate - INFO - ASR... Epoch: 0, Walltime: 1.471211 CPU time: 8.499791
2026-07-26 13:36:49,748 - Evaluate - INFO - ASR Module... Epoch: 0, RSS: 5.64 GB
2026-07-26 13:36:49,749 - Evaluate - INFO - ASR... Epoch: 0, Walltime: 1.629499 CPU time: 8.744025
2026-07-26 13:36:51,445 - Evaluate - INFO - ASR Module... Epoch: 0, RSS: 5.64 GB
2026-07-26 13:36:51,446 - Evaluate - INFO - ASR... Epoch: 0, Walltime: 1.694092 CPU time: 9.632634
2026-07-26 13:36:53,216 - Evaluate - INFO - ASR Module... Epoch: 0, RSS: 5.64 GB
2026-07-26 13:36:53,217 - Evaluate - INFO - ASR... Epoch: 0, Walltime: 1.767188 CPU time: 9.860343
2026-07-26 13:36:55,088 - Evaluate - INFO - ASR Module... Epoch: 0, RSS: 5.64 GB
2026-07-26 13:36:55,089 - Evaluate - INFO - ASR... Epoch: 0, Walltime: 1.868688 CPU time: 10.198459
2026-07-26 13:36:56,640 - Evaluate - INFO - ASR Module... Epoch: 0, RSS: 5.64 GB
2026-07-26 13:36:56,640 - Evaluate - INFO - ASR... Epoch: 0, Walltime: 1.548360 CPU time: 8.486729
2026-07-26 13:36:58,504 - Evaluate - INFO - ASR Module... Epoch: 0, RSS: 5.64 GB
2026-07-26 13:36:58,505 - Evaluate - INFO - ASR... Epoch: 0, Walltime: 1.861178 CPU time: 9.976963
2026-07-26 13:37:00,181 - Evaluate - INFO - ASR Module... Epoch: 0, RSS: 5.64 GB
2026-07-26 13:37:00,182 - Evaluate - INFO - ASR... Epoch: 0, Walltime: 1.673829 CPU time: 8.713291
2026-07-26 13:37:02,481 - Evaluate - INFO - ASR Module... Epoch: 0, RSS: 5.64 GB
2026-07-26 13:37:02,482 - Evaluate - INFO - ASR... Epoch: 0, Walltime: 2.296371 CPU time: 13.020493
2026-07-26 13:37:06,027 - Evaluate - INFO - ASR Module... Epoch: 0, RSS: 5.64 GB
2026-07-26 13:37:06,027 - Evaluate - INFO - ASR... Epoch: 0, Walltime: 3.540292 CPU time: 19.771065
2026-07-26 13:37:09,610 - Evaluate - INFO - ASR Module... Epoch: 0, RSS: 5.64 GB
2026-07-26 13:37:09,611 - Evaluate - INFO - ASR... Epoch: 0, Walltime: 3.578783 CPU time: 19.216634
2026-07-26 13:37:12,971 - Evaluate - INFO - ASR Module... Epoch: 0, RSS: 5.64 GB
2026-07-26 13:37:12,972 - Evaluate - INFO - ASR... Epoch: 0, Walltime: 3.355478 CPU time: 18.307282
2026-07-26 13:37:16,371 - Evaluate - INFO - ASR Module... Epoch: 0, RSS: 5.64 GB
2026-07-26 13:37:16,372 - Evaluate - INFO - ASR... Epoch: 0, Walltime: 3.395701 CPU time: 18.099106
2026-07-26 13:37:19,749 - Evaluate - INFO - ASR Module... Epoch: 0, RSS: 5.64 GB
2026-07-26 13:37:19,749 - Evaluate - INFO - ASR... Epoch: 0, Walltime: 3.372568 CPU time: 18.585080
2026-07-26 13:37:25,175 - Evaluate - INFO - ASR Module... Epoch: 0, RSS: 5.64 GB
2026-07-26 13:37:25,175 - Evaluate - INFO - ASR... Epoch: 0, Walltime: 5.420241 CPU time: 30.270832
2026-07-26 13:37:29,097 - Evaluate - INFO - ASR Module... Epoch: 0, RSS: 5.64 GB
2026-07-26 13:37:29,098 - Evaluate - INFO - ASR... Epoch: 0, Walltime: 3.916947 CPU time: 20.962843
2026-07-26 13:37:32,748 - Evaluate - INFO - ASR Module... Epoch: 0, RSS: 5.64 GB
2026-07-26 13:37:32,748 - Evaluate - INFO - ASR... Epoch: 0, Walltime: 3.645525 CPU time: 19.637348
2026-07-26 13:37:37,729 - Evaluate - INFO - ASR Module... Epoch: 0, RSS: 5.64 GB
2026-07-26 13:37:37,730 - Evaluate - INFO - ASR... Epoch: 0, Walltime: 4.975395 CPU time: 27.372790
2026-07-26 13:37:39,548 - Evaluate - INFO - ASR Module... Epoch: 0, RSS: 5.64 GB
2026-07-26 13:37:39,549 - Evaluate - INFO - ASR... Epoch: 0, Walltime: 1.814453 CPU time: 9.192119
2026-07-26 13:37:46,068 - Evaluate - INFO - ASR Module... Epoch: 0, RSS: 5.64 GB
2026-07-26 13:37:46,069 - Evaluate - INFO - ASR... Epoch: 0, Walltime: 6.513626 CPU time: 35.720656
2026-07-26 13:37:51,949 - Evaluate - INFO - ASR Module... Epoch: 0, RSS: 5.64 GB
2026-07-26 13:37:51,951 - Evaluate - INFO - ASR... Epoch: 0, Walltime: 5.873942 CPU time: 32.494488
2026-07-26 13:37:56,329 - Evaluate - INFO - ASR Module... Epoch: 0, RSS: 5.64 GB
2026-07-26 13:37:56,330 - Evaluate - INFO - ASR... Epoch: 0, Walltime: 4.372124 CPU time: 23.905533
2026-07-26 13:38:00,627 - Evaluate - INFO - ASR Module... Epoch: 0, RSS: 5.64 GB
2026-07-26 13:38:00,627 - Evaluate - INFO - ASR... Epoch: 0, Walltime: 4.291673 CPU time: 23.415761
2026-07-26 13:38:05,557 - Evaluate - INFO - ASR Module... Epoch: 0, RSS: 5.64 GB
2026-07-26 13:38:05,557 - Evaluate - INFO - ASR... Epoch: 0, Walltime: 4.924648 CPU time: 27.123032
2026-07-26 13:38:07,202 - Evaluate - INFO - ASR Module... Epoch: 0, RSS: 5.64 GB
2026-07-26 13:38:07,203 - Evaluate - INFO - ASR... Epoch: 0, Walltime: 1.641646 CPU time: 9.364944
2026-07-26 13:38:09,546 - Evaluate - INFO - ASR Module... Epoch: 0, RSS: 5.64 GB
2026-07-26 13:38:09,547 - Evaluate - INFO - ASR... Epoch: 0, Walltime: 2.340151 CPU time: 13.162726
2026-07-26 13:38:10,815 - Evaluate - INFO - ASR Module... Epoch: 0, RSS: 5.64 GB
2026-07-26 13:38:10,815 - Evaluate - INFO - ASR... Epoch: 0, Walltime: 1.265803 CPU time: 7.041646
2026-07-26 13:38:13,832 - Evaluate - INFO - ASR Module... Epoch: 0, RSS: 5.64 GB
2026-07-26 13:38:13,832 - Evaluate - INFO - ASR... Epoch: 0, Walltime: 3.013719 CPU time: 16.498969
2026-07-26 13:38:16,381 - Evaluate - INFO - ASR Module... Epoch: 0, RSS: 5.64 GB
2026-07-26 13:38:16,381 - Evaluate - INFO - ASR... Epoch: 0, Walltime: 2.544701 CPU time: 14.234966
2026-07-26 13:38:17,674 - Evaluate - INFO - ASR Module... Epoch: 0, RSS: 5.64 GB
2026-07-26 13:38:17,675 - Evaluate - INFO - ASR... Epoch: 0, Walltime: 1.290546 CPU time: 7.370009
2026-07-26 13:38:20,073 - Evaluate - INFO - ASR Module... Epoch: 0, RSS: 5.64 GB
2026-07-26 13:38:20,073 - Evaluate - INFO - ASR... Epoch: 0, Walltime: 2.395638 CPU time: 13.533440
2026-07-26 13:38:22,978 - Evaluate - INFO - ASR Module... Epoch: 0, RSS: 5.64 GB
2026-07-26 13:38:22,979 - Evaluate - INFO - ASR... Epoch: 0, Walltime: 2.900331 CPU time: 16.419951
2026-07-26 13:38:26,364 - Evaluate - INFO - ASR Module... Epoch: 0, RSS: 5.64 GB
2026-07-26 13:38:26,364 - Evaluate - INFO - ASR... Epoch: 0, Walltime: 3.379779 CPU time: 19.017317
2026-07-26 13:38:29,842 - Evaluate - INFO - ASR Module... Epoch: 0, RSS: 5.64 GB
2026-07-26 13:38:29,843 - Evaluate - INFO - ASR... Epoch: 0, Walltime: 3.473071 CPU time: 19.292672
2026-07-26 13:38:32,470 - Evaluate - INFO - ASR Module... Epoch: 0, RSS: 5.64 GB
2026-07-26 13:38:32,471 - Evaluate - INFO - ASR... Epoch: 0, Walltime: 2.622459 CPU time: 15.204116
2026-07-26 13:38:34,029 - Evaluate - INFO - ASR Module... Epoch: 0, RSS: 5.64 GB
2026-07-26 13:38:34,030 - Evaluate - INFO - ASR... Epoch: 0, Walltime: 1.554988 CPU time: 8.849423
2026-07-26 13:38:36,391 - Evaluate - INFO - ASR Module... Epoch: 0, RSS: 5.64 GB
2026-07-26 13:38:36,391 - Evaluate - INFO - ASR... Epoch: 0, Walltime: 2.357986 CPU time: 12.952338
2026-07-26 13:38:39,314 - Evaluate - INFO - ASR Module... Epoch: 0, RSS: 5.64 GB
2026-07-26 13:38:39,315 - Evaluate - INFO - ASR... Epoch: 0, Walltime: 2.919587 CPU time: 16.184824
2026-07-26 13:38:40,464 - Evaluate - INFO - ASR Module... Epoch: 0, RSS: 5.64 GB
2026-07-26 13:38:40,464 - Evaluate - INFO - ASR... Epoch: 0, Walltime: 1.146469 CPU time: 6.631186
2026-07-26 13:38:42,645 - Evaluate - INFO - ASR Module... Epoch: 0, RSS: 5.64 GB
2026-07-26 13:38:42,646 - Evaluate - INFO - ASR... Epoch: 0, Walltime: 2.177978 CPU time: 12.480064
2026-07-26 13:38:44,360 - Evaluate - INFO - ASR Module... Epoch: 0, RSS: 5.64 GB
2026-07-26 13:38:44,361 - Evaluate - INFO - ASR... Epoch: 0, Walltime: 1.711746 CPU time: 9.716528
2026-07-26 13:38:47,794 - Evaluate - INFO - ASR Module... Epoch: 0, RSS: 5.64 GB
2026-07-26 13:38:47,794 - Evaluate - INFO - ASR... Epoch: 0, Walltime: 3.427280 CPU time: 19.235773
2026-07-26 13:38:51,008 - Evaluate - INFO - ASR Module... Epoch: 0, RSS: 5.64 GB
2026-07-26 13:38:51,009 - Evaluate - INFO - ASR... Epoch: 0, Walltime: 3.209304 CPU time: 17.815710
2026-07-26 13:38:53,716 - Evaluate - INFO - ASR Module... Epoch: 0, RSS: 5.64 GB
2026-07-26 13:38:53,717 - Evaluate - INFO - ASR... Epoch: 0, Walltime: 2.704048 CPU time: 15.215524
2026-07-26 13:38:56,007 - Evaluate - INFO - ASR Module... Epoch: 0, RSS: 5.64 GB
2026-07-26 13:38:56,008 - Evaluate - INFO - ASR... Epoch: 0, Walltime: 2.287069 CPU time: 12.596578
2026-07-26 13:38:58,641 - Evaluate - INFO - ASR Module... Epoch: 0, RSS: 5.64 GB
2026-07-26 13:38:58,642 - Evaluate - INFO - ASR... Epoch: 0, Walltime: 2.629759 CPU time: 15.065536
2026-07-26 13:39:00,681 - Evaluate - INFO - ASR Module... Epoch: 0, RSS: 5.64 GB
2026-07-26 13:39:00,681 - Evaluate - INFO - ASR... Epoch: 0, Walltime: 2.036024 CPU time: 11.634104
2026-07-26 13:39:02,710 - Evaluate - INFO - ASR Module... Epoch: 0, RSS: 5.64 GB
2026-07-26 13:39:02,710 - Evaluate - INFO - ASR... Epoch: 0, Walltime: 2.024861 CPU time: 11.409523
2026-07-26 13:39:04,685 - Evaluate - INFO - ASR Module... Epoch: 0, RSS: 5.64 GB
2026-07-26 13:39:04,686 - Evaluate - INFO - ASR... Epoch: 0, Walltime: 1.972816 CPU time: 11.190886
2026-07-26 13:39:07,735 - Evaluate - INFO - ASR Module... Epoch: 0, RSS: 5.64 GB
2026-07-26 13:39:07,735 - Evaluate - INFO - ASR... Epoch: 0, Walltime: 3.045524 CPU time: 17.204485
2026-07-26 13:39:10,813 - Evaluate - INFO - ASR Module... Epoch: 0, RSS: 5.64 GB
2026-07-26 13:39:10,814 - Evaluate - INFO - ASR... Epoch: 0, Walltime: 3.074699 CPU time: 17.414558
2026-07-26 13:39:13,366 - Evaluate - INFO - ASR Module... Epoch: 0, RSS: 5.64 GB
2026-07-26 13:39:13,367 - Evaluate - INFO - ASR... Epoch: 0, Walltime: 2.549105 CPU time: 14.481803
2026-07-26 13:39:15,384 - Evaluate - INFO - ASR Module... Epoch: 0, RSS: 5.64 GB
2026-07-26 13:39:15,385 - Evaluate - INFO - ASR... Epoch: 0, Walltime: 2.014581 CPU time: 11.241528
2026-07-26 13:39:18,777 - Evaluate - INFO - ASR Module... Epoch: 0, RSS: 5.64 GB
2026-07-26 13:39:18,778 - Evaluate - INFO - ASR... Epoch: 0, Walltime: 3.387706 CPU time: 19.012494
2026-07-26 13:39:22,459 - Evaluate - INFO - ASR Module... Epoch: 0, RSS: 5.64 GB
2026-07-26 13:39:22,459 - Evaluate - INFO - ASR... Epoch: 0, Walltime: 3.676927 CPU time: 20.769994
2026-07-26 13:39:24,743 - Evaluate - INFO - ASR Module... Epoch: 0, RSS: 5.64 GB
2026-07-26 13:39:24,744 - Evaluate - INFO - ASR... Epoch: 0, Walltime: 2.280658 CPU time: 12.693482
2026-07-26 13:39:27,740 - Evaluate - INFO - ASR Module... Epoch: 0, RSS: 5.64 GB
2026-07-26 13:39:27,740 - Evaluate - INFO - ASR... Epoch: 0, Walltime: 2.992564 CPU time: 16.516754
2026-07-26 13:39:31,567 - Evaluate - INFO - ASR Module... Epoch: 0, RSS: 5.64 GB
2026-07-26 13:39:31,567 - Evaluate - INFO - ASR... Epoch: 0, Walltime: 3.822089 CPU time: 21.166694
2026-07-26 13:39:34,184 - Evaluate - INFO - ASR Module... Epoch: 0, RSS: 5.64 GB
2026-07-26 13:39:34,185 - Evaluate - INFO - ASR... Epoch: 0, Walltime: 2.612647 CPU time: 14.919315
2026-07-26 13:39:37,176 - Evaluate - INFO - ASR Module... Epoch: 0, RSS: 5.64 GB
2026-07-26 13:39:37,177 - Evaluate - INFO - ASR... Epoch: 0, Walltime: 2.987472 CPU time: 16.646929
2026-07-26 13:39:40,180 - Evaluate - INFO - ASR Module... Epoch: 0, RSS: 5.64 GB
2026-07-26 13:39:40,181 - Evaluate - INFO - ASR... Epoch: 0, Walltime: 2.999487 CPU time: 17.170025
2026-07-26 13:39:45,858 - Evaluate - INFO - ASR Module... Epoch: 0, RSS: 5.64 GB
2026-07-26 13:39:45,859 - Evaluate - INFO - ASR... Epoch: 0, Walltime: 5.671130 CPU time: 31.520403
2026-07-26 13:39:49,932 - Evaluate - INFO - ASR Module... Epoch: 0, RSS: 5.64 GB
2026-07-26 13:39:49,932 - Evaluate - INFO - ASR... Epoch: 0, Walltime: 4.067513 CPU time: 22.690447
2026-07-26 13:39:53,384 - Evaluate - INFO - ASR Module... Epoch: 0, RSS: 5.64 GB
2026-07-26 13:39:53,384 - Evaluate - INFO - ASR... Epoch: 0, Walltime: 3.447037 CPU time: 18.794109
2026-07-26 13:39:57,020 - Evaluate - INFO - ASR Module... Epoch: 0, RSS: 5.64 GB
2026-07-26 13:39:57,021 - Evaluate - INFO - ASR... Epoch: 0, Walltime: 3.632400 CPU time: 20.602214
2026-07-26 13:39:58,844 - Evaluate - INFO - ASR Module... Epoch: 0, RSS: 5.64 GB
2026-07-26 13:39:58,844 - Evaluate - INFO - ASR... Epoch: 0, Walltime: 1.820154 CPU time: 10.149722
2026-07-26 13:40:00,667 - Evaluate - INFO - ASR Module... Epoch: 0, RSS: 5.64 GB
2026-07-26 13:40:00,668 - Evaluate - INFO - ASR... Epoch: 0, Walltime: 1.820693 CPU time: 10.458317
2026-07-26 13:40:02,718 - Evaluate - INFO - ASR Module... Epoch: 0, RSS: 5.64 GB
2026-07-26 13:40:02,719 - Evaluate - INFO - ASR... Epoch: 0, Walltime: 2.047823 CPU time: 11.584860
2026-07-26 13:40:04,379 - Evaluate - INFO - ASR Module... Epoch: 0, RSS: 5.64 GB
2026-07-26 13:40:04,379 - Evaluate - INFO - ASR... Epoch: 0, Walltime: 1.656583 CPU time: 9.403138
2026-07-26 13:40:05,402 - Evaluate - INFO - ASR Module... Epoch: 0, RSS: 5.64 GB
2026-07-26 13:40:05,403 - Evaluate - INFO - ASR... Epoch: 0, Walltime: 1.020571 CPU time: 5.603098
2026-07-26 13:40:07,431 - Evaluate - INFO - ASR Module... Epoch: 0, RSS: 5.64 GB
2026-07-26 13:40:07,431 - Evaluate - INFO - ASR... Epoch: 0, Walltime: 2.025609 CPU time: 11.611001
2026-07-26 13:40:08,961 - Evaluate - INFO - ASR Module... Epoch: 0, RSS: 5.64 GB
2026-07-26 13:40:08,961 - Evaluate - INFO - ASR... Epoch: 0, Walltime: 1.527000 CPU time: 8.750657
2026-07-26 13:40:10,944 - Evaluate - INFO - ASR Module... Epoch: 0, RSS: 5.64 GB
2026-07-26 13:40:10,945 - Evaluate - INFO - ASR... Epoch: 0, Walltime: 1.980306 CPU time: 11.468576
2026-07-26 13:40:13,583 - Evaluate - INFO - ASR Module... Epoch: 0, RSS: 5.64 GB
2026-07-26 13:40:13,583 - Evaluate - INFO - ASR... Epoch: 0, Walltime: 2.634444 CPU time: 15.221692
2026-07-26 13:40:16,388 - Evaluate - INFO - ASR Module... Epoch: 0, RSS: 5.64 GB
2026-07-26 13:40:16,389 - Evaluate - INFO - ASR... Epoch: 0, Walltime: 2.800349 CPU time: 15.952814
2026-07-26 13:40:18,826 - Evaluate - INFO - ASR Module... Epoch: 0, RSS: 5.64 GB
2026-07-26 13:40:18,826 - Evaluate - INFO - ASR... Epoch: 0, Walltime: 2.433509 CPU time: 13.157538
2026-07-26 13:40:20,344 - Evaluate - INFO - ASR Module... Epoch: 0, RSS: 5.64 GB
2026-07-26 13:40:20,344 - Evaluate - INFO - ASR... Epoch: 0, Walltime: 1.515232 CPU time: 8.894034
2026-07-26 13:40:22,402 - Evaluate - INFO - ASR Module... Epoch: 0, RSS: 5.64 GB
2026-07-26 13:40:22,402 - Evaluate - INFO - ASR... Epoch: 0, Walltime: 2.054668 CPU time: 11.753190
2026-07-26 13:40:23,989 - Evaluate - INFO - ASR Module... Epoch: 0, RSS: 5.64 GB
2026-07-26 13:40:23,989 - Evaluate - INFO - ASR... Epoch: 0, Walltime: 1.583268 CPU time: 8.649888
2026-07-26 13:40:26,230 - Evaluate - INFO - ASR Module... Epoch: 0, RSS: 5.64 GB
2026-07-26 13:40:26,231 - Evaluate - INFO - ASR... Epoch: 0, Walltime: 2.238435 CPU time: 12.412166
2026-07-26 13:40:28,251 - Evaluate - INFO - ASR Module... Epoch: 0, RSS: 5.64 GB
2026-07-26 13:40:28,252 - Evaluate - INFO - ASR... Epoch: 0, Walltime: 2.016922 CPU time: 11.806542
2026-07-26 13:40:30,970 - Evaluate - INFO - ASR Module... Epoch: 0, RSS: 5.64 GB
2026-07-26 13:40:30,970 - Evaluate - INFO - ASR... Epoch: 0, Walltime: 2.714582 CPU time: 15.462657
2026-07-26 13:40:34,683 - Evaluate - INFO - ASR Module... Epoch: 0, RSS: 5.64 GB
2026-07-26 13:40:34,683 - Evaluate - INFO - ASR... Epoch: 0, Walltime: 3.708017 CPU time: 20.611697
2026-07-26 13:40:36,985 - Evaluate - INFO - ASR Module... Epoch: 0, RSS: 5.64 GB
2026-07-26 13:40:36,986 - Evaluate - INFO - ASR... Epoch: 0, Walltime: 2.298839 CPU time: 13.019567
2026-07-26 13:40:40,911 - Evaluate - INFO - ASR Module... Epoch: 0, RSS: 5.64 GB
2026-07-26 13:40:40,912 - Evaluate - INFO - ASR... Epoch: 0, Walltime: 3.920810 CPU time: 21.632457
2026-07-26 13:40:43,168 - Evaluate - INFO - ASR Module... Epoch: 0, RSS: 5.64 GB
2026-07-26 13:40:43,169 - Evaluate - INFO - ASR... Epoch: 0, Walltime: 2.252192 CPU time: 12.791006
2026-07-26 13:40:44,996 - Evaluate - INFO - ASR Module... Epoch: 0, RSS: 5.64 GB
2026-07-26 13:40:44,996 - Evaluate - INFO - ASR... Epoch: 0, Walltime: 1.824045 CPU time: 10.412622
2026-07-26 13:40:46,318 - Evaluate - INFO - ASR Module... Epoch: 0, RSS: 5.64 GB
2026-07-26 13:40:46,319 - Evaluate - INFO - ASR... Epoch: 0, Walltime: 1.320025 CPU time: 7.583815
2026-07-26 13:40:47,851 - Evaluate - INFO - ASR Module... Epoch: 0, RSS: 5.64 GB
2026-07-26 13:40:47,852 - Evaluate - INFO - ASR... Epoch: 0, Walltime: 1.530450 CPU time: 8.760911
2026-07-26 13:40:49,883 - Evaluate - INFO - ASR Module... Epoch: 0, RSS: 5.64 GB
2026-07-26 13:40:49,883 - Evaluate - INFO - ASR... Epoch: 0, Walltime: 2.028314 CPU time: 10.906939
2026-07-26 13:40:51,237 - Evaluate - INFO - ASR Module... Epoch: 0, RSS: 5.64 GB
2026-07-26 13:40:51,238 - Evaluate - INFO - ASR... Epoch: 0, Walltime: 1.351956 CPU time: 7.619780
2026-07-26 13:40:52,619 - Evaluate - INFO - ASR Module... Epoch: 0, RSS: 5.64 GB
2026-07-26 13:40:52,620 - Evaluate - INFO - ASR... Epoch: 0, Walltime: 1.378589 CPU time: 7.188591
2026-07-26 13:40:54,089 - Evaluate - INFO - ASR Module... Epoch: 0, RSS: 5.64 GB
2026-07-26 13:40:54,090 - Evaluate - INFO - ASR... Epoch: 0, Walltime: 1.466961 CPU time: 8.095197
2026-07-26 13:40:55,813 - Evaluate - INFO - ASR Module... Epoch: 0, RSS: 5.64 GB
2026-07-26 13:40:55,813 - Evaluate - INFO - ASR... Epoch: 0, Walltime: 1.720577 CPU time: 9.544639
2026-07-26 13:40:57,273 - Evaluate - INFO - ASR Module... Epoch: 0, RSS: 5.64 GB
2026-07-26 13:40:57,273 - Evaluate - INFO - ASR... Epoch: 0, Walltime: 1.456696 CPU time: 8.303303
2026-07-26 13:40:58,921 - Evaluate - INFO - ASR Module... Epoch: 0, RSS: 5.64 GB
2026-07-26 13:40:58,922 - Evaluate - INFO - ASR... Epoch: 0, Walltime: 1.645191 CPU time: 9.219885
2026-07-26 13:41:00,292 - Evaluate - INFO - ASR Module... Epoch: 0, RSS: 5.64 GB
2026-07-26 13:41:00,292 - Evaluate - INFO - ASR... Epoch: 0, Walltime: 1.367735 CPU time: 7.725768
2026-07-26 13:41:02,128 - Evaluate - INFO - ASR Module... Epoch: 0, RSS: 5.64 GB
2026-07-26 13:41:02,129 - Evaluate - INFO - ASR... Epoch: 0, Walltime: 1.834230 CPU time: 10.108228
2026-07-26 13:41:03,794 - Evaluate - INFO - ASR Module... Epoch: 0, RSS: 5.64 GB
2026-07-26 13:41:03,795 - Evaluate - INFO - ASR... Epoch: 0, Walltime: 1.662463 CPU time: 9.484322
2026-07-26 13:41:05,610 - Evaluate - INFO - ASR Module... Epoch: 0, RSS: 5.64 GB
2026-07-26 13:41:05,610 - Evaluate - INFO - ASR... Epoch: 0, Walltime: 1.812574 CPU time: 10.348841
2026-07-26 13:41:07,380 - Evaluate - INFO - ASR Module... Epoch: 0, RSS: 5.64 GB
2026-07-26 13:41:07,380 - Evaluate - INFO - ASR... Epoch: 0, Walltime: 1.766217 CPU time: 10.014544
2026-07-26 13:41:08,819 - Evaluate - INFO - ASR Module... Epoch: 0, RSS: 5.64 GB
2026-07-26 13:41:08,819 - Evaluate - INFO - ASR... Epoch: 0, Walltime: 1.435870 CPU time: 7.886192
2026-07-26 13:41:10,188 - Evaluate - INFO - ASR Module... Epoch: 0, RSS: 5.64 GB
2026-07-26 13:41:10,188 - Evaluate - INFO - ASR... Epoch: 0, Walltime: 1.366009 CPU time: 7.866887
2026-07-26 13:41:12,098 - Evaluate - INFO - ASR Module... Epoch: 0, RSS: 5.64 GB
2026-07-26 13:41:12,099 - Evaluate - INFO - ASR... Epoch: 0, Walltime: 1.908753 CPU time: 10.386939
2026-07-26 13:41:13,581 - Evaluate - INFO - ASR Module... Epoch: 0, RSS: 5.64 GB
2026-07-26 13:41:13,582 - Evaluate - INFO - ASR... Epoch: 0, Walltime: 1.479788 CPU time: 8.333703
2026-07-26 13:41:15,138 - Evaluate - INFO - ASR Module... Epoch: 0, RSS: 5.64 GB
2026-07-26 13:41:15,139 - Evaluate - INFO - ASR... Epoch: 0, Walltime: 1.554263 CPU time: 8.726743
2026-07-26 13:41:16,579 - Evaluate - INFO - ASR Module... Epoch: 0, RSS: 5.64 GB
2026-07-26 13:41:16,580 - Evaluate - INFO - ASR... Epoch: 0, Walltime: 1.438867 CPU time: 7.989087
2026-07-26 13:41:17,898 - Evaluate - INFO - ASR Module... Epoch: 0, RSS: 5.64 GB
2026-07-26 13:41:17,899 - Evaluate - INFO - ASR... Epoch: 0, Walltime: 1.315846 CPU time: 7.491699
2026-07-26 13:41:19,142 - Evaluate - INFO - ASR Module... Epoch: 0, RSS: 5.64 GB
2026-07-26 13:41:19,142 - Evaluate - INFO - ASR... Epoch: 0, Walltime: 1.240147 CPU time: 6.942333
2026-07-26 13:41:20,655 - Evaluate - INFO - ASR Module... Epoch: 0, RSS: 5.64 GB
2026-07-26 13:41:20,655 - Evaluate - INFO - ASR... Epoch: 0, Walltime: 1.510161 CPU time: 8.631222
2026-07-26 13:41:22,666 - Evaluate - INFO - ASR Module... Epoch: 0, RSS: 5.64 GB
2026-07-26 13:41:22,667 - Evaluate - INFO - ASR... Epoch: 0, Walltime: 2.009420 CPU time: 11.171468
2026-07-26 13:41:24,695 - Evaluate - INFO - ASR Module... Epoch: 0, RSS: 5.64 GB
2026-07-26 13:41:24,695 - Evaluate - INFO - ASR... Epoch: 0, Walltime: 2.024811 CPU time: 10.860363
2026-07-26 13:41:26,273 - Evaluate - INFO - ASR Module... Epoch: 0, RSS: 5.64 GB
2026-07-26 13:41:26,274 - Evaluate - INFO - ASR... Epoch: 0, Walltime: 1.575141 CPU time: 9.134129
2026-07-26 13:41:27,523 - Evaluate - INFO - ASR Module... Epoch: 0, RSS: 5.64 GB
2026-07-26 13:41:27,524 - Evaluate - INFO - ASR... Epoch: 0, Walltime: 1.247291 CPU time: 6.855572
2026-07-26 13:41:29,323 - Evaluate - INFO - ASR Module... Epoch: 0, RSS: 5.64 GB
2026-07-26 13:41:29,324 - Evaluate - INFO - ASR... Epoch: 0, Walltime: 1.797069 CPU time: 10.109685
2026-07-26 13:41:30,758 - Evaluate - INFO - ASR Module... Epoch: 0, RSS: 5.64 GB
2026-07-26 13:41:30,758 - Evaluate - INFO - ASR... Epoch: 0, Walltime: 1.431291 CPU time: 7.819262
2026-07-26 13:41:32,337 - Evaluate - INFO - ASR Module... Epoch: 0, RSS: 5.64 GB
2026-07-26 13:41:32,338 - Evaluate - INFO - ASR... Epoch: 0, Walltime: 1.577530 CPU time: 9.019010
2026-07-26 13:41:34,061 - Evaluate - INFO - ASR Module... Epoch: 0, RSS: 5.64 GB
2026-07-26 13:41:34,062 - Evaluate - INFO - ASR... Epoch: 0, Walltime: 1.720800 CPU time: 9.778619
2026-07-26 13:41:35,369 - Evaluate - INFO - ASR Module... Epoch: 0, RSS: 5.64 GB
2026-07-26 13:41:35,371 - Evaluate - INFO - ASR... Epoch: 0, Walltime: 1.305165 CPU time: 7.230506
2026-07-26 13:41:36,713 - Evaluate - INFO - ASR Module... Epoch: 0, RSS: 5.64 GB
2026-07-26 13:41:36,714 - Evaluate - INFO - ASR... Epoch: 0, Walltime: 1.340906 CPU time: 7.362388
2026-07-26 13:41:38,022 - Evaluate - INFO - ASR Module... Epoch: 0, RSS: 5.64 GB
2026-07-26 13:41:38,022 - Evaluate - INFO - ASR... Epoch: 0, Walltime: 1.305352 CPU time: 7.188693
2026-07-26 13:41:39,529 - Evaluate - INFO - ASR Module... Epoch: 0, RSS: 5.64 GB
2026-07-26 13:41:39,530 - Evaluate - INFO - ASR... Epoch: 0, Walltime: 1.504816 CPU time: 8.752425
2026-07-26 13:41:41,044 - Evaluate - INFO - ASR Module... Epoch: 0, RSS: 5.64 GB
2026-07-26 13:41:41,044 - Evaluate - INFO - ASR... Epoch: 0, Walltime: 1.511870 CPU time: 8.508836
2026-07-26 13:41:42,689 - Evaluate - INFO - ASR Module... Epoch: 0, RSS: 5.64 GB
2026-07-26 13:41:42,689 - Evaluate - INFO - ASR... Epoch: 0, Walltime: 1.642780 CPU time: 9.130275
2026-07-26 13:41:43,908 - Evaluate - INFO - ASR Module... Epoch: 0, RSS: 5.64 GB
2026-07-26 13:41:43,908 - Evaluate - INFO - ASR... Epoch: 0, Walltime: 1.216550 CPU time: 7.027374
2026-07-26 13:41:45,966 - Evaluate - INFO - ASR Module... Epoch: 0, RSS: 5.64 GB
2026-07-26 13:41:45,966 - Evaluate - INFO - ASR... Epoch: 0, Walltime: 2.054546 CPU time: 11.437608
2026-07-26 13:41:47,984 - Evaluate - INFO - ASR Module... Epoch: 0, RSS: 5.64 GB
2026-07-26 13:41:47,985 - Evaluate - INFO - ASR... Epoch: 0, Walltime: 2.015912 CPU time: 11.135739
2026-07-26 13:41:49,446 - Evaluate - INFO - ASR Module... Epoch: 0, RSS: 5.64 GB
2026-07-26 13:41:49,447 - Evaluate - INFO - ASR... Epoch: 0, Walltime: 1.459120 CPU time: 8.109662
2026-07-26 13:41:51,101 - Evaluate - INFO - ASR Module... Epoch: 0, RSS: 5.64 GB
2026-07-26 13:41:51,101 - Evaluate - INFO - ASR... Epoch: 0, Walltime: 1.651828 CPU time: 9.214207
2026-07-26 13:41:52,589 - Evaluate - INFO - ASR Module... Epoch: 0, RSS: 5.64 GB
2026-07-26 13:41:52,589 - Evaluate - INFO - ASR... Epoch: 0, Walltime: 1.484691 CPU time: 8.152958
2026-07-26 13:41:54,290 - Evaluate - INFO - ASR Module... Epoch: 0, RSS: 5.64 GB
2026-07-26 13:41:54,291 - Evaluate - INFO - ASR... Epoch: 0, Walltime: 1.698720 CPU time: 9.656744
2026-07-26 13:41:56,024 - Evaluate - INFO - ASR Module... Epoch: 0, RSS: 5.64 GB
2026-07-26 13:41:56,025 - Evaluate - INFO - ASR... Epoch: 0, Walltime: 1.730795 CPU time: 9.870256
2026-07-26 13:41:57,434 - Evaluate - INFO - ASR Module... Epoch: 0, RSS: 5.64 GB
2026-07-26 13:41:57,435 - Evaluate - INFO - ASR... Epoch: 0, Walltime: 1.407135 CPU time: 7.848278
2026-07-26 13:41:59,024 - Evaluate - INFO - ASR Module... Epoch: 0, RSS: 5.64 GB
2026-07-26 13:41:59,025 - Evaluate - INFO - ASR... Epoch: 0, Walltime: 1.587483 CPU time: 8.896990
2026-07-26 13:42:00,734 - Evaluate - INFO - ASR Module... Epoch: 0, RSS: 5.64 GB
2026-07-26 13:42:00,735 - Evaluate - INFO - ASR... Epoch: 0, Walltime: 1.705602 CPU time: 9.708034
2026-07-26 13:42:02,449 - Evaluate - INFO - ASR Module... Epoch: 0, RSS: 5.64 GB
2026-07-26 13:42:02,450 - Evaluate - INFO - ASR... Epoch: 0, Walltime: 1.711927 CPU time: 9.690768
2026-07-26 13:42:04,331 - Evaluate - INFO - ASR Module... Epoch: 0, RSS: 5.64 GB
2026-07-26 13:42:04,332 - Evaluate - INFO - ASR... Epoch: 0, Walltime: 1.878467 CPU time: 10.021717
2026-07-26 13:42:05,749 - Evaluate - INFO - ASR Module... Epoch: 0, RSS: 5.64 GB
2026-07-26 13:42:05,750 - Evaluate - INFO - ASR... Epoch: 0, Walltime: 1.415071 CPU time: 8.251849
2026-07-26 13:42:06,961 - Evaluate - INFO - ASR Module... Epoch: 0, RSS: 5.64 GB
2026-07-26 13:42:06,961 - Evaluate - INFO - ASR... Epoch: 0, Walltime: 1.209446 CPU time: 7.082867
2026-07-26 13:42:08,748 - Evaluate - INFO - ASR Module... Epoch: 0, RSS: 5.64 GB
2026-07-26 13:42:08,749 - Evaluate - INFO - ASR... Epoch: 0, Walltime: 1.784706 CPU time: 9.723074
2026-07-26 13:42:10,498 - Evaluate - INFO - ASR Module... Epoch: 0, RSS: 5.64 GB
2026-07-26 13:42:10,499 - Evaluate - INFO - ASR... Epoch: 0, Walltime: 1.746575 CPU time: 9.797354
2026-07-26 13:42:12,134 - Evaluate - INFO - ASR Module... Epoch: 0, RSS: 5.64 GB
2026-07-26 13:42:12,134 - Evaluate - INFO - ASR... Epoch: 0, Walltime: 1.632490 CPU time: 9.420998
2026-07-26 13:42:13,629 - Evaluate - INFO - ASR Module... Epoch: 0, RSS: 5.64 GB
2026-07-26 13:42:13,630 - Evaluate - INFO - ASR... Epoch: 0, Walltime: 1.491888 CPU time: 8.182172
2026-07-26 13:42:17,165 - Evaluate - INFO - ASR Module... Epoch: 0, RSS: 5.64 GB
2026-07-26 13:42:17,165 - Evaluate - INFO - ASR... Epoch: 0, Walltime: 3.532118 CPU time: 20.095226
2026-07-26 13:42:21,541 - Evaluate - INFO - ASR Module... Epoch: 0, RSS: 5.64 GB
2026-07-26 13:42:21,541 - Evaluate - INFO - ASR... Epoch: 0, Walltime: 4.370358 CPU time: 24.874676
2026-07-26 13:42:25,099 - Evaluate - INFO - ASR Module... Epoch: 0, RSS: 5.64 GB
2026-07-26 13:42:25,100 - Evaluate - INFO - ASR... Epoch: 0, Walltime: 3.553910 CPU time: 20.426047
2026-07-26 13:42:28,957 - Evaluate - INFO - ASR Module... Epoch: 0, RSS: 5.64 GB
2026-07-26 13:42:28,958 - Evaluate - INFO - ASR... Epoch: 0, Walltime: 3.851655 CPU time: 21.675445
2026-07-26 13:42:30,088 - Evaluate - INFO - ASR Module... Epoch: 0, RSS: 5.64 GB
2026-07-26 13:42:30,089 - Evaluate - INFO - ASR... Epoch: 0, Walltime: 1.127695 CPU time: 6.733424
2026-07-26 13:42:34,323 - Evaluate - INFO - ASR Module... Epoch: 0, RSS: 5.64 GB
2026-07-26 13:42:34,324 - Evaluate - INFO - ASR... Epoch: 0, Walltime: 4.230009 CPU time: 23.903623
2026-07-26 13:42:38,242 - Evaluate - INFO - ASR Module... Epoch: 0, RSS: 5.64 GB
2026-07-26 13:42:38,243 - Evaluate - INFO - ASR... Epoch: 0, Walltime: 3.913415 CPU time: 22.513003
2026-07-26 13:42:42,864 - Evaluate - INFO - ASR Module... Epoch: 0, RSS: 5.64 GB
2026-07-26 13:42:42,864 - Evaluate - INFO - ASR... Epoch: 0, Walltime: 4.616111 CPU time: 25.892880
2026-07-26 13:42:47,815 - Evaluate - INFO - ASR Module... Epoch: 0, RSS: 5.64 GB
2026-07-26 13:42:47,815 - Evaluate - INFO - ASR... Epoch: 0, Walltime: 4.944994 CPU time: 26.885215
2026-07-26 13:42:51,619 - Evaluate - INFO - ASR Module... Epoch: 0, RSS: 5.64 GB
2026-07-26 13:42:51,620 - Evaluate - INFO - ASR... Epoch: 0, Walltime: 3.799000 CPU time: 21.144025
2026-07-26 13:42:54,070 - Evaluate - INFO - ASR Module... Epoch: 0, RSS: 5.64 GB
2026-07-26 13:42:54,071 - Evaluate - INFO - ASR... Epoch: 0, Walltime: 2.446631 CPU time: 13.895213
2026-07-26 13:42:55,868 - Evaluate - INFO - ASR Module... Epoch: 0, RSS: 5.64 GB
2026-07-26 13:42:55,869 - Evaluate - INFO - ASR... Epoch: 0, Walltime: 1.794869 CPU time: 10.107973
2026-07-26 13:42:59,110 - Evaluate - INFO - ASR Module... Epoch: 0, RSS: 5.64 GB
2026-07-26 13:42:59,111 - Evaluate - INFO - ASR... Epoch: 0, Walltime: 3.235929 CPU time: 18.513935
2026-07-26 13:43:02,499 - Evaluate - INFO - ASR Module... Epoch: 0, RSS: 5.64 GB
2026-07-26 13:43:02,500 - Evaluate - INFO - ASR... Epoch: 0, Walltime: 3.383661 CPU time: 19.669690
2026-07-26 13:43:05,939 - Evaluate - INFO - ASR Module... Epoch: 0, RSS: 5.64 GB
2026-07-26 13:43:05,940 - Evaluate - INFO - ASR... Epoch: 0, Walltime: 3.434468 CPU time: 19.661415
2026-07-26 13:43:09,047 - Evaluate - INFO - ASR Module... Epoch: 0, RSS: 5.64 GB
2026-07-26 13:43:09,047 - Evaluate - INFO - ASR... Epoch: 0, Walltime: 3.102967 CPU time: 17.379519
2026-07-26 13:43:10,823 - Evaluate - INFO - ASR Module... Epoch: 0, RSS: 5.64 GB
2026-07-26 13:43:10,824 - Evaluate - INFO - ASR... Epoch: 0, Walltime: 1.773012 CPU time: 10.227943
2026-07-26 13:43:14,187 - Evaluate - INFO - ASR Module... Epoch: 0, RSS: 5.64 GB
2026-07-26 13:43:14,187 - Evaluate - INFO - ASR... Epoch: 0, Walltime: 3.357354 CPU time: 19.281869
2026-07-26 13:43:17,779 - Evaluate - INFO - ASR Module... Epoch: 0, RSS: 5.64 GB
2026-07-26 13:43:17,779 - Evaluate - INFO - ASR... Epoch: 0, Walltime: 3.586839 CPU time: 20.551659
2026-07-26 13:43:19,986 - Evaluate - INFO - ASR Module... Epoch: 0, RSS: 5.64 GB
2026-07-26 13:43:19,987 - Evaluate - INFO - ASR... Epoch: 0, Walltime: 2.202907 CPU time: 12.576511
2026-07-26 13:43:21,750 - Evaluate - INFO - ASR Module... Epoch: 0, RSS: 5.64 GB
2026-07-26 13:43:21,750 - Evaluate - INFO - ASR... Epoch: 0, Walltime: 1.760359 CPU time: 10.248508
2026-07-26 13:43:23,913 - Evaluate - INFO - ASR Module... Epoch: 0, RSS: 5.64 GB
2026-07-26 13:43:23,914 - Evaluate - INFO - ASR... Epoch: 0, Walltime: 2.159829 CPU time: 12.442502
2026-07-26 13:43:25,449 - Evaluate - INFO - ASR Module... Epoch: 0, RSS: 5.64 GB
2026-07-26 13:43:25,450 - Evaluate - INFO - ASR... Epoch: 0, Walltime: 1.532608 CPU time: 8.660714
2026-07-26 13:43:28,072 - Evaluate - INFO - ASR Module... Epoch: 0, RSS: 5.64 GB
2026-07-26 13:43:28,072 - Evaluate - INFO - ASR... Epoch: 0, Walltime: 2.619315 CPU time: 14.857343
2026-07-26 13:43:29,401 - Evaluate - INFO - ASR Module... Epoch: 0, RSS: 5.64 GB
2026-07-26 13:43:29,402 - Evaluate - INFO - ASR... Epoch: 0, Walltime: 1.326548 CPU time: 7.692118
2026-07-26 13:43:32,020 - Evaluate - INFO - ASR Module... Epoch: 0, RSS: 5.64 GB
2026-07-26 13:43:32,021 - Evaluate - INFO - ASR... Epoch: 0, Walltime: 2.615275 CPU time: 15.296959
2026-07-26 13:43:34,539 - Evaluate - INFO - ASR Module... Epoch: 0, RSS: 5.64 GB
2026-07-26 13:43:34,540 - Evaluate - INFO - ASR... Epoch: 0, Walltime: 2.515042 CPU time: 14.658725
2026-07-26 13:43:37,662 - Evaluate - INFO - ASR Module... Epoch: 0, RSS: 5.64 GB
2026-07-26 13:43:37,663 - Evaluate - INFO - ASR... Epoch: 0, Walltime: 3.118945 CPU time: 17.603949
2026-07-26 13:43:39,626 - Evaluate - INFO - ASR Module... Epoch: 0, RSS: 5.64 GB
2026-07-26 13:43:39,627 - Evaluate - INFO - ASR... Epoch: 0, Walltime: 1.960459 CPU time: 10.591800
2026-07-26 13:43:41,181 - Evaluate - INFO - ASR Module... Epoch: 0, RSS: 5.64 GB
2026-07-26 13:43:41,182 - Evaluate - INFO - ASR... Epoch: 0, Walltime: 1.551894 CPU time: 9.023061
2026-07-26 13:43:43,253 - Evaluate - INFO - ASR Module... Epoch: 0, RSS: 5.64 GB
2026-07-26 13:43:43,254 - Evaluate - INFO - ASR... Epoch: 0, Walltime: 2.067836 CPU time: 12.233453
2026-07-26 13:43:46,091 - Evaluate - INFO - ASR Module... Epoch: 0, RSS: 5.64 GB
2026-07-26 13:43:46,092 - Evaluate - INFO - ASR... Epoch: 0, Walltime: 2.833843 CPU time: 16.572950
2026-07-26 13:43:48,707 - Evaluate - INFO - ASR Module... Epoch: 0, RSS: 5.64 GB
2026-07-26 13:43:48,707 - Evaluate - INFO - ASR... Epoch: 0, Walltime: 2.612305 CPU time: 14.838900
2026-07-26 13:43:52,509 - Evaluate - INFO - ASR Module... Epoch: 0, RSS: 5.64 GB
2026-07-26 13:43:52,510 - Evaluate - INFO - ASR... Epoch: 0, Walltime: 3.797463 CPU time: 20.808822
2026-07-26 13:43:56,253 - Evaluate - INFO - ASR Module... Epoch: 0, RSS: 5.64 GB
2026-07-26 13:43:56,254 - Evaluate - INFO - ASR... Epoch: 0, Walltime: 3.738558 CPU time: 21.357154
2026-07-26 13:43:59,074 - Evaluate - INFO - ASR Module... Epoch: 0, RSS: 5.64 GB
2026-07-26 13:43:59,074 - Evaluate - INFO - ASR... Epoch: 0, Walltime: 2.815509 CPU time: 16.354442
2026-07-26 13:44:01,718 - Evaluate - INFO - ASR Module... Epoch: 0, RSS: 5.64 GB
2026-07-26 13:44:01,719 - Evaluate - INFO - ASR... Epoch: 0, Walltime: 2.640057 CPU time: 15.361420
2026-07-26 13:44:04,312 - Evaluate - INFO - ASR Module... Epoch: 0, RSS: 5.64 GB
2026-07-26 13:44:04,312 - Evaluate - INFO - ASR... Epoch: 0, Walltime: 2.588207 CPU time: 15.257064
2026-07-26 13:44:06,574 - Evaluate - INFO - ASR Module... Epoch: 0, RSS: 5.64 GB
2026-07-26 13:44:06,575 - Evaluate - INFO - ASR... Epoch: 0, Walltime: 2.258736 CPU time: 12.955785
2026-07-26 13:44:08,706 - Evaluate - INFO - ASR Module... Epoch: 0, RSS: 5.64 GB
2026-07-26 13:44:08,707 - Evaluate - INFO - ASR... Epoch: 0, Walltime: 2.127816 CPU time: 12.273038
2026-07-26 13:44:10,332 - Evaluate - INFO - ASR Module... Epoch: 0, RSS: 5.64 GB
2026-07-26 13:44:10,333 - Evaluate - INFO - ASR... Epoch: 0, Walltime: 1.622900 CPU time: 9.220516
2026-07-26 13:44:12,506 - Evaluate - INFO - ASR Module... Epoch: 0, RSS: 5.64 GB
2026-07-26 13:44:12,507 - Evaluate - INFO - ASR... Epoch: 0, Walltime: 2.169677 CPU time: 12.669449
2026-07-26 13:44:13,364 - Evaluate - INFO - ASR Module... Epoch: 0, RSS: 5.64 GB
2026-07-26 13:44:13,364 - Evaluate - INFO - ASR... Epoch: 0, Walltime: 0.854277 CPU time: 4.845302
2026-07-26 13:44:14,688 - Evaluate - INFO - ASR Module... Epoch: 0, RSS: 5.64 GB
2026-07-26 13:44:14,688 - Evaluate - INFO - ASR... Epoch: 0, Walltime: 1.321460 CPU time: 7.498310
2026-07-26 13:44:17,032 - Evaluate - INFO - ASR Module... Epoch: 0, RSS: 5.64 GB
2026-07-26 13:44:17,033 - Evaluate - INFO - ASR... Epoch: 0, Walltime: 2.340990 CPU time: 13.837267
2026-07-26 13:44:19,051 - Evaluate - INFO - ASR Module... Epoch: 0, RSS: 5.64 GB
2026-07-26 13:44:19,052 - Evaluate - INFO - ASR... Epoch: 0, Walltime: 2.014621 CPU time: 11.677304
2026-07-26 13:44:21,010 - Evaluate - INFO - ASR Module... Epoch: 0, RSS: 5.64 GB
2026-07-26 13:44:21,011 - Evaluate - INFO - ASR... Epoch: 0, Walltime: 1.954938 CPU time: 11.239915
2026-07-26 13:44:22,244 - Evaluate - INFO - ASR Module... Epoch: 0, RSS: 5.64 GB
2026-07-26 13:44:22,245 - Evaluate - INFO - ASR... Epoch: 0, Walltime: 1.229997 CPU time: 7.272084
2026-07-26 13:44:23,826 - Evaluate - INFO - ASR Module... Epoch: 0, RSS: 5.64 GB
2026-07-26 13:44:23,827 - Evaluate - INFO - ASR... Epoch: 0, Walltime: 1.578934 CPU time: 8.955276
2026-07-26 13:44:26,539 - Evaluate - INFO - ASR Module... Epoch: 0, RSS: 5.64 GB
2026-07-26 13:44:26,540 - Evaluate - INFO - ASR... Epoch: 0, Walltime: 2.709340 CPU time: 15.751989
2026-07-26 13:44:28,095 - Evaluate - INFO - ASR Module... Epoch: 0, RSS: 5.64 GB
2026-07-26 13:44:28,096 - Evaluate - INFO - ASR... Epoch: 0, Walltime: 1.552695 CPU time: 9.112648
2026-07-26 13:44:31,235 - Evaluate - INFO - ASR Module... Epoch: 0, RSS: 5.64 GB
2026-07-26 13:44:31,236 - Evaluate - INFO - ASR... Epoch: 0, Walltime: 3.135221 CPU time: 18.074432
2026-07-26 13:44:33,009 - Evaluate - INFO - ASR Module... Epoch: 0, RSS: 5.64 GB
2026-07-26 13:44:33,009 - Evaluate - INFO - ASR... Epoch: 0, Walltime: 1.769680 CPU time: 10.452391
2026-07-26 13:44:35,846 - Evaluate - INFO - ASR Module... Epoch: 0, RSS: 5.64 GB
2026-07-26 13:44:35,847 - Evaluate - INFO - ASR... Epoch: 0, Walltime: 2.832635 CPU time: 16.704268
2026-07-26 13:44:38,997 - Evaluate - INFO - ASR Module... Epoch: 0, RSS: 5.64 GB
2026-07-26 13:44:38,998 - Evaluate - INFO - ASR... Epoch: 0, Walltime: 3.144419 CPU time: 18.392886
2026-07-26 13:44:42,539 - Evaluate - INFO - ASR Module... Epoch: 0, RSS: 5.64 GB
2026-07-26 13:44:42,540 - Evaluate - INFO - ASR... Epoch: 0, Walltime: 3.535672 CPU time: 20.318009
2026-07-26 13:44:44,620 - Evaluate - INFO - ASR Module... Epoch: 0, RSS: 5.64 GB
2026-07-26 13:44:44,621 - Evaluate - INFO - ASR... Epoch: 0, Walltime: 2.076927 CPU time: 12.122676
2026-07-26 13:44:47,728 - Evaluate - INFO - ASR Module... Epoch: 0, RSS: 5.64 GB
2026-07-26 13:44:47,728 - Evaluate - INFO - ASR... Epoch: 0, Walltime: 3.102388 CPU time: 17.933111
2026-07-26 13:44:50,334 - Evaluate - INFO - ASR Module... Epoch: 0, RSS: 5.64 GB
2026-07-26 13:44:50,334 - Evaluate - INFO - ASR... Epoch: 0, Walltime: 2.602334 CPU time: 15.122093
2026-07-26 13:44:53,316 - Evaluate - INFO - ASR Module... Epoch: 0, RSS: 5.64 GB
2026-07-26 13:44:53,317 - Evaluate - INFO - ASR... Epoch: 0, Walltime: 2.977074 CPU time: 17.177825
2026-07-26 13:44:56,621 - Evaluate - INFO - ASR Module... Epoch: 0, RSS: 5.64 GB
2026-07-26 13:44:56,621 - Evaluate - INFO - ASR... Epoch: 0, Walltime: 3.299030 CPU time: 19.280158
2026-07-26 13:45:01,928 - Evaluate - INFO - ASR Module... Epoch: 0, RSS: 5.64 GB
2026-07-26 13:45:01,929 - Evaluate - INFO - ASR... Epoch: 0, Walltime: 5.301550 CPU time: 28.554419
2026-07-26 13:45:06,221 - Evaluate - INFO - ASR Module... Epoch: 0, RSS: 5.64 GB
2026-07-26 13:45:06,222 - Evaluate - INFO - ASR... Epoch: 0, Walltime: 4.287625 CPU time: 24.087060
2026-07-26 13:45:08,720 - Evaluate - INFO - ASR Module... Epoch: 0, RSS: 5.64 GB
2026-07-26 13:45:08,721 - Evaluate - INFO - ASR... Epoch: 0, Walltime: 2.495426 CPU time: 14.253314
2026-07-26 13:45:11,962 - Evaluate - INFO - ASR Module... Epoch: 0, RSS: 5.64 GB
2026-07-26 13:45:11,963 - Evaluate - INFO - ASR... Epoch: 0, Walltime: 3.237614 CPU time: 18.435631
2026-07-26 13:45:15,107 - Evaluate - INFO - ASR Module... Epoch: 0, RSS: 5.64 GB
2026-07-26 13:45:15,108 - Evaluate - INFO - ASR... Epoch: 0, Walltime: 3.140324 CPU time: 18.406440
2026-07-26 13:45:18,177 - Evaluate - INFO - ASR Module... Epoch: 0, RSS: 5.64 GB
2026-07-26 13:45:18,177 - Evaluate - INFO - ASR... Epoch: 0, Walltime: 3.064796 CPU time: 17.613621
2026-07-26 13:45:21,833 - Evaluate - INFO - ASR Module... Epoch: 0, RSS: 5.64 GB
2026-07-26 13:45:21,834 - Evaluate - INFO - ASR... Epoch: 0, Walltime: 3.652122 CPU time: 21.047244
2026-07-26 13:45:25,443 - Evaluate - INFO - ASR Module... Epoch: 0, RSS: 5.64 GB
2026-07-26 13:45:25,444 - Evaluate - INFO - ASR... Epoch: 0, Walltime: 3.604917 CPU time: 20.273033
2026-07-26 13:45:28,428 - Evaluate - INFO - ASR Module... Epoch: 0, RSS: 5.64 GB
2026-07-26 13:45:28,428 - Evaluate - INFO - ASR... Epoch: 0, Walltime: 2.979449 CPU time: 17.020962
2026-07-26 13:45:31,493 - Evaluate - INFO - ASR Module... Epoch: 0, RSS: 5.64 GB
2026-07-26 13:45:31,493 - Evaluate - INFO - ASR... Epoch: 0, Walltime: 3.060160 CPU time: 17.544185
2026-07-26 13:45:34,468 - Evaluate - INFO - ASR Module... Epoch: 0, RSS: 5.64 GB
2026-07-26 13:45:34,469 - Evaluate - INFO - ASR... Epoch: 0, Walltime: 2.971724 CPU time: 17.067635
2026-07-26 13:45:37,249 - Evaluate - INFO - ASR Module... Epoch: 0, RSS: 5.64 GB
2026-07-26 13:45:37,250 - Evaluate - INFO - ASR... Epoch: 0, Walltime: 2.775501 CPU time: 15.753450
2026-07-26 13:45:39,976 - Evaluate - INFO - ASR Module... Epoch: 0, RSS: 5.64 GB
2026-07-26 13:45:39,977 - Evaluate - INFO - ASR... Epoch: 0, Walltime: 2.722360 CPU time: 15.447573
2026-07-26 13:45:43,303 - Evaluate - INFO - ASR Module... Epoch: 0, RSS: 5.64 GB
2026-07-26 13:45:43,304 - Evaluate - INFO - ASR... Epoch: 0, Walltime: 3.322066 CPU time: 19.257634
2026-07-26 13:45:46,812 - Evaluate - INFO - ASR Module... Epoch: 0, RSS: 5.64 GB
2026-07-26 13:45:46,812 - Evaluate - INFO - ASR... Epoch: 0, Walltime: 3.503407 CPU time: 20.375084
2026-07-26 13:45:49,922 - Evaluate - INFO - ASR Module... Epoch: 0, RSS: 5.64 GB
2026-07-26 13:45:49,923 - Evaluate - INFO - ASR... Epoch: 0, Walltime: 3.106230 CPU time: 17.894675
2026-07-26 13:45:52,749 - Evaluate - INFO - ASR Module... Epoch: 0, RSS: 5.64 GB
2026-07-26 13:45:52,750 - Evaluate - INFO - ASR... Epoch: 0, Walltime: 2.822624 CPU time: 15.734095
2026-07-26 13:45:54,197 - Evaluate - INFO - ASR Module... Epoch: 0, RSS: 5.64 GB
2026-07-26 13:45:54,197 - Evaluate - INFO - ASR... Epoch: 0, Walltime: 1.444146 CPU time: 7.833866
2026-07-26 13:45:55,932 - Evaluate - INFO - ASR Module... Epoch: 0, RSS: 5.64 GB
2026-07-26 13:45:55,932 - Evaluate - INFO - ASR... Epoch: 0, Walltime: 1.731978 CPU time: 9.650368
2026-07-26 13:45:57,604 - Evaluate - INFO - ASR Module... Epoch: 0, RSS: 5.64 GB
2026-07-26 13:45:57,605 - Evaluate - INFO - ASR... Epoch: 0, Walltime: 1.669283 CPU time: 9.462640
2026-07-26 13:45:59,162 - Evaluate - INFO - ASR Module... Epoch: 0, RSS: 5.64 GB
2026-07-26 13:45:59,163 - Evaluate - INFO - ASR... Epoch: 0, Walltime: 1.555143 CPU time: 8.674763
2026-07-26 13:46:01,086 - Evaluate - INFO - ASR Module... Epoch: 0, RSS: 5.64 GB
2026-07-26 13:46:01,087 - Evaluate - INFO - ASR... Epoch: 0, Walltime: 1.920939 CPU time: 10.381298
2026-07-26 13:46:02,581 - Evaluate - INFO - ASR Module... Epoch: 0, RSS: 5.64 GB
2026-07-26 13:46:02,581 - Evaluate - INFO - ASR... Epoch: 0, Walltime: 1.491080 CPU time: 8.399636
2026-07-26 13:46:04,460 - Evaluate - INFO - ASR Module... Epoch: 0, RSS: 5.64 GB
2026-07-26 13:46:04,461 - Evaluate - INFO - ASR... Epoch: 0, Walltime: 1.876242 CPU time: 10.005936
2026-07-26 13:46:06,331 - Evaluate - INFO - ASR Module... Epoch: 0, RSS: 5.64 GB
2026-07-26 13:46:06,331 - Evaluate - INFO - ASR... Epoch: 0, Walltime: 1.867448 CPU time: 9.883373
2026-07-26 13:46:08,283 - Evaluate - INFO - ASR Module... Epoch: 0, RSS: 5.64 GB
2026-07-26 13:46:08,284 - Evaluate - INFO - ASR... Epoch: 0, Walltime: 1.949355 CPU time: 10.921698
2026-07-26 13:46:09,895 - Evaluate - INFO - ASR Module... Epoch: 0, RSS: 5.64 GB
2026-07-26 13:46:09,896 - Evaluate - INFO - ASR... Epoch: 0, Walltime: 1.609210 CPU time: 8.600938
2026-07-26 13:46:11,520 - Evaluate - INFO - ASR Module... Epoch: 0, RSS: 5.64 GB
2026-07-26 13:46:11,521 - Evaluate - INFO - ASR... Epoch: 0, Walltime: 1.621747 CPU time: 8.993544
2026-07-26 13:46:13,352 - Evaluate - INFO - ASR Module... Epoch: 0, RSS: 5.64 GB
2026-07-26 13:46:13,353 - Evaluate - INFO - ASR... Epoch: 0, Walltime: 1.829082 CPU time: 9.838392
2026-07-26 13:46:14,891 - Evaluate - INFO - ASR Module... Epoch: 0, RSS: 5.64 GB
2026-07-26 13:46:14,892 - Evaluate - INFO - ASR... Epoch: 0, Walltime: 1.535387 CPU time: 8.387252
2026-07-26 13:46:17,218 - Evaluate - INFO - ASR Module... Epoch: 0, RSS: 5.64 GB
2026-07-26 13:46:17,218 - Evaluate - INFO - ASR... Epoch: 0, Walltime: 2.323862 CPU time: 12.343540
2026-07-26 13:46:18,818 - Evaluate - INFO - ASR Module... Epoch: 0, RSS: 5.64 GB
2026-07-26 13:46:18,818 - Evaluate - INFO - ASR... Epoch: 0, Walltime: 1.597187 CPU time: 8.517748
2026-07-26 13:46:20,439 - Evaluate - INFO - ASR Module... Epoch: 0, RSS: 5.64 GB
2026-07-26 13:46:20,439 - Evaluate - INFO - ASR... Epoch: 0, Walltime: 1.618188 CPU time: 8.690257
2026-07-26 13:46:22,122 - Evaluate - INFO - ASR Module... Epoch: 0, RSS: 5.64 GB
2026-07-26 13:46:22,122 - Evaluate - INFO - ASR... Epoch: 0, Walltime: 1.678968 CPU time: 9.366130
2026-07-26 13:46:23,959 - Evaluate - INFO - ASR Module... Epoch: 0, RSS: 5.64 GB
2026-07-26 13:46:23,960 - Evaluate - INFO - ASR... Epoch: 0, Walltime: 1.835092 CPU time: 10.016438
2026-07-26 13:46:25,962 - Evaluate - INFO - ASR Module... Epoch: 0, RSS: 5.64 GB
2026-07-26 13:46:25,963 - Evaluate - INFO - ASR... Epoch: 0, Walltime: 1.999084 CPU time: 10.401303
2026-07-26 13:46:27,585 - Evaluate - INFO - ASR Module... Epoch: 0, RSS: 5.64 GB
2026-07-26 13:46:27,586 - Evaluate - INFO - ASR... Epoch: 0, Walltime: 1.620002 CPU time: 8.748810
2026-07-26 13:46:29,247 - Evaluate - INFO - ASR Module... Epoch: 0, RSS: 5.64 GB
2026-07-26 13:46:29,248 - Evaluate - INFO - ASR... Epoch: 0, Walltime: 1.659211 CPU time: 9.055578
2026-07-26 13:46:30,956 - Evaluate - INFO - ASR Module... Epoch: 0, RSS: 5.64 GB
2026-07-26 13:46:30,957 - Evaluate - INFO - ASR... Epoch: 0, Walltime: 1.705686 CPU time: 9.536507
2026-07-26 13:46:32,683 - Evaluate - INFO - ASR Module... Epoch: 0, RSS: 5.64 GB
2026-07-26 13:46:32,683 - Evaluate - INFO - ASR... Epoch: 0, Walltime: 1.723423 CPU time: 9.518926
2026-07-26 13:46:34,497 - Evaluate - INFO - ASR Module... Epoch: 0, RSS: 5.64 GB
2026-07-26 13:46:34,497 - Evaluate - INFO - ASR... Epoch: 0, Walltime: 1.811399 CPU time: 9.758918
2026-07-26 13:46:36,192 - Evaluate - INFO - ASR Module... Epoch: 0, RSS: 5.64 GB
2026-07-26 13:46:36,193 - Evaluate - INFO - ASR... Epoch: 0, Walltime: 1.692386 CPU time: 9.123004
2026-07-26 13:46:37,851 - Evaluate - INFO - ASR Module... Epoch: 0, RSS: 5.64 GB
2026-07-26 13:46:37,851 - Evaluate - INFO - ASR... Epoch: 0, Walltime: 1.655765 CPU time: 8.749989
2026-07-26 13:46:39,489 - Evaluate - INFO - ASR Module... Epoch: 0, RSS: 5.64 GB
2026-07-26 13:46:39,490 - Evaluate - INFO - ASR... Epoch: 0, Walltime: 1.635488 CPU time: 9.138191
2026-07-26 13:46:41,448 - Evaluate - INFO - ASR Module... Epoch: 0, RSS: 5.64 GB
2026-07-26 13:46:41,449 - Evaluate - INFO - ASR... Epoch: 0, Walltime: 1.955987 CPU time: 10.730559
2026-07-26 13:46:43,271 - Evaluate - INFO - ASR Module... Epoch: 0, RSS: 5.64 GB
2026-07-26 13:46:43,271 - Evaluate - INFO - ASR... Epoch: 0, Walltime: 1.819280 CPU time: 9.630877
2026-07-26 13:46:45,263 - Evaluate - INFO - ASR Module... Epoch: 0, RSS: 5.64 GB
2026-07-26 13:46:45,264 - Evaluate - INFO - ASR... Epoch: 0, Walltime: 1.989527 CPU time: 10.639406
2026-07-26 13:46:47,007 - Evaluate - INFO - ASR Module... Epoch: 0, RSS: 5.64 GB
2026-07-26 13:46:47,008 - Evaluate - INFO - ASR... Epoch: 0, Walltime: 1.739980 CPU time: 9.701362
2026-07-26 13:46:49,440 - Evaluate - INFO - ASR Module... Epoch: 0, RSS: 5.64 GB
2026-07-26 13:46:49,440 - Evaluate - INFO - ASR... Epoch: 0, Walltime: 2.428920 CPU time: 12.901842
2026-07-26 13:46:51,117 - Evaluate - INFO - ASR Module... Epoch: 0, RSS: 5.64 GB
2026-07-26 13:46:51,118 - Evaluate - INFO - ASR... Epoch: 0, Walltime: 1.673913 CPU time: 9.360719
2026-07-26 13:46:52,702 - Evaluate - INFO - ASR Module... Epoch: 0, RSS: 5.64 GB
2026-07-26 13:46:52,703 - Evaluate - INFO - ASR... Epoch: 0, Walltime: 1.582549 CPU time: 8.775207
2026-07-26 13:46:54,424 - Evaluate - INFO - ASR Module... Epoch: 0, RSS: 5.64 GB
2026-07-26 13:46:54,425 - Evaluate - INFO - ASR... Epoch: 0, Walltime: 1.718510 CPU time: 9.116025
2026-07-26 13:46:55,774 - Evaluate - INFO - ASR Module... Epoch: 0, RSS: 5.64 GB
2026-07-26 13:46:55,775 - Evaluate - INFO - ASR... Epoch: 0, Walltime: 1.346801 CPU time: 7.506568
2026-07-26 13:46:57,491 - Evaluate - INFO - ASR Module... Epoch: 0, RSS: 5.64 GB
2026-07-26 13:46:57,492 - Evaluate - INFO - ASR... Epoch: 0, Walltime: 1.713962 CPU time: 9.071651
2026-07-26 13:46:58,982 - Evaluate - INFO - ASR Module... Epoch: 0, RSS: 5.64 GB
2026-07-26 13:46:58,983 - Evaluate - INFO - ASR... Epoch: 0, Walltime: 1.487480 CPU time: 8.138971
2026-07-26 13:47:00,943 - Evaluate - INFO - ASR Module... Epoch: 0, RSS: 5.64 GB
2026-07-26 13:47:00,944 - Evaluate - INFO - ASR... Epoch: 0, Walltime: 1.957865 CPU time: 10.609074
2026-07-26 13:47:02,367 - Evaluate - INFO - ASR Module... Epoch: 0, RSS: 5.64 GB
2026-07-26 13:47:02,367 - Evaluate - INFO - ASR... Epoch: 0, Walltime: 1.420707 CPU time: 7.698596
2026-07-26 13:47:04,176 - Evaluate - INFO - ASR Module... Epoch: 0, RSS: 5.64 GB
2026-07-26 13:47:04,177 - Evaluate - INFO - ASR... Epoch: 0, Walltime: 1.806307 CPU time: 9.544903
2026-07-26 13:47:06,339 - Evaluate - INFO - ASR Module... Epoch: 0, RSS: 5.64 GB
2026-07-26 13:47:06,340 - Evaluate - INFO - ASR... Epoch: 0, Walltime: 2.159471 CPU time: 11.301959
2026-07-26 13:47:07,942 - Evaluate - INFO - ASR Module... Epoch: 0, RSS: 5.64 GB
2026-07-26 13:47:07,942 - Evaluate - INFO - ASR... Epoch: 0, Walltime: 1.599556 CPU time: 9.037970
2026-07-26 13:47:09,535 - Evaluate - INFO - ASR Module... Epoch: 0, RSS: 5.64 GB
2026-07-26 13:47:09,536 - Evaluate - INFO - ASR... Epoch: 0, Walltime: 1.590876 CPU time: 8.880096
2026-07-26 13:47:11,038 - Evaluate - INFO - ASR Module... Epoch: 0, RSS: 5.64 GB
2026-07-26 13:47:11,039 - Evaluate - INFO - ASR... Epoch: 0, Walltime: 1.499467 CPU time: 7.910111
2026-07-26 13:47:12,494 - Evaluate - INFO - ASR Module... Epoch: 0, RSS: 5.64 GB
2026-07-26 13:47:12,495 - Evaluate - INFO - ASR... Epoch: 0, Walltime: 1.453032 CPU time: 8.055845
2026-07-26 13:47:14,308 - Evaluate - INFO - ASR Module... Epoch: 0, RSS: 5.64 GB
2026-07-26 13:47:14,309 - Evaluate - INFO - ASR... Epoch: 0, Walltime: 1.809954 CPU time: 10.045932
2026-07-26 13:47:15,937 - Evaluate - INFO - ASR Module... Epoch: 0, RSS: 5.64 GB
2026-07-26 13:47:15,938 - Evaluate - INFO - ASR... Epoch: 0, Walltime: 1.625462 CPU time: 9.102264
2026-07-26 13:47:17,979 - Evaluate - INFO - ASR Module... Epoch: 0, RSS: 5.64 GB
2026-07-26 13:47:17,980 - Evaluate - INFO - ASR... Epoch: 0, Walltime: 2.038346 CPU time: 11.067441
2026-07-26 13:47:19,611 - Evaluate - INFO - ASR Module... Epoch: 0, RSS: 5.64 GB
2026-07-26 13:47:19,612 - Evaluate - INFO - ASR... Epoch: 0, Walltime: 1.628711 CPU time: 9.056296
2026-07-26 13:47:21,338 - Evaluate - INFO - ASR Module... Epoch: 0, RSS: 5.64 GB
2026-07-26 13:47:21,339 - Evaluate - INFO - ASR... Epoch: 0, Walltime: 1.723775 CPU time: 9.136346
2026-07-26 13:47:23,143 - Evaluate - INFO - ASR Module... Epoch: 0, RSS: 5.64 GB
2026-07-26 13:47:23,144 - Evaluate - INFO - ASR... Epoch: 0, Walltime: 1.801659 CPU time: 9.674241
2026-07-26 13:47:25,231 - Evaluate - INFO - ASR Module... Epoch: 0, RSS: 5.64 GB
2026-07-26 13:47:25,232 - Evaluate - INFO - ASR... Epoch: 0, Walltime: 2.084797 CPU time: 11.154498
2026-07-26 13:47:27,488 - Evaluate - INFO - ASR Module... Epoch: 0, RSS: 5.64 GB
2026-07-26 13:47:27,489 - Evaluate - INFO - ASR... Epoch: 0, Walltime: 2.252819 CPU time: 11.855451
2026-07-26 13:47:29,133 - Evaluate - INFO - ASR Module... Epoch: 0, RSS: 5.64 GB
2026-07-26 13:47:29,133 - Evaluate - INFO - ASR... Epoch: 0, Walltime: 1.642077 CPU time: 8.725071
2026-07-26 13:47:30,694 - Evaluate - INFO - ASR Module... Epoch: 0, RSS: 5.64 GB
2026-07-26 13:47:30,695 - Evaluate - INFO - ASR... Epoch: 0, Walltime: 1.558670 CPU time: 8.619409
2026-07-26 13:47:32,070 - Evaluate - INFO - ASR Module... Epoch: 0, RSS: 5.64 GB
2026-07-26 13:47:32,071 - Evaluate - INFO - ASR... Epoch: 0, Walltime: 1.373549 CPU time: 7.582458
2026-07-26 13:47:33,783 - Evaluate - INFO - ASR Module... Epoch: 0, RSS: 5.64 GB
2026-07-26 13:47:33,783 - Evaluate - INFO - ASR... Epoch: 0, Walltime: 1.709895 CPU time: 9.193314
2026-07-26 13:47:35,718 - Evaluate - INFO - ASR Module... Epoch: 0, RSS: 5.64 GB
2026-07-26 13:47:35,719 - Evaluate - INFO - ASR... Epoch: 0, Walltime: 1.931916 CPU time: 10.339715
2026-07-26 13:47:36,790 - Evaluate - INFO - ASR Module... Epoch: 0, RSS: 5.64 GB
2026-07-26 13:47:36,791 - Evaluate - INFO - ASR... Epoch: 0, Walltime: 1.069328 CPU time: 6.028638
2026-07-26 13:47:37,896 - Evaluate - INFO - ASR Module... Epoch: 0, RSS: 5.64 GB
2026-07-26 13:47:37,897 - Evaluate - INFO - ASR... Epoch: 0, Walltime: 1.102939 CPU time: 6.064882
2026-07-26 13:47:39,399 - Evaluate - INFO - ASR Module... Epoch: 0, RSS: 5.64 GB
2026-07-26 13:47:39,399 - Evaluate - INFO - ASR... Epoch: 0, Walltime: 1.500019 CPU time: 8.359302
2026-07-26 13:47:41,027 - Evaluate - INFO - ASR Module... Epoch: 0, RSS: 5.64 GB
2026-07-26 13:47:41,028 - Evaluate - INFO - ASR... Epoch: 0, Walltime: 1.625677 CPU time: 8.831116
2026-07-26 13:47:42,782 - Evaluate - INFO - ASR Module... Epoch: 0, RSS: 5.64 GB
2026-07-26 13:47:42,783 - Evaluate - INFO - ASR... Epoch: 0, Walltime: 1.752020 CPU time: 9.096424
2026-07-26 13:47:44,392 - Evaluate - INFO - ASR Module... Epoch: 0, RSS: 5.64 GB
2026-07-26 13:47:44,393 - Evaluate - INFO - ASR... Epoch: 0, Walltime: 1.607290 CPU time: 8.382346
2026-07-26 13:47:46,287 - Evaluate - INFO - ASR Module... Epoch: 0, RSS: 5.64 GB
2026-07-26 13:47:46,288 - Evaluate - INFO - ASR... Epoch: 0, Walltime: 1.891098 CPU time: 10.829945
2026-07-26 13:47:47,940 - Evaluate - INFO - ASR Module... Epoch: 0, RSS: 5.64 GB
2026-07-26 13:47:47,940 - Evaluate - INFO - ASR... Epoch: 0, Walltime: 1.649220 CPU time: 8.932767
2026-07-26 13:47:49,524 - Evaluate - INFO - ASR Module... Epoch: 0, RSS: 5.64 GB
2026-07-26 13:47:49,524 - Evaluate - INFO - ASR... Epoch: 0, Walltime: 1.581062 CPU time: 8.292013
2026-07-26 13:47:52,219 - Evaluate - INFO - ASR Module... Epoch: 0, RSS: 5.64 GB
2026-07-26 13:47:52,220 - Evaluate - INFO - ASR... Epoch: 0, Walltime: 2.691791 CPU time: 14.074291
2026-07-26 13:47:53,883 - Evaluate - INFO - ASR Module... Epoch: 0, RSS: 5.64 GB
2026-07-26 13:47:53,884 - Evaluate - INFO - ASR... Epoch: 0, Walltime: 1.659996 CPU time: 9.186772
2026-07-26 13:47:55,766 - Evaluate - INFO - ASR Module... Epoch: 0, RSS: 5.64 GB
2026-07-26 13:47:55,767 - Evaluate - INFO - ASR... Epoch: 0, Walltime: 1.880111 CPU time: 9.979898
2026-07-26 13:47:57,963 - Evaluate - INFO - ASR Module... Epoch: 0, RSS: 5.64 GB
2026-07-26 13:47:57,964 - Evaluate - INFO - ASR... Epoch: 0, Walltime: 2.193193 CPU time: 11.605483
2026-07-26 13:47:59,417 - Evaluate - INFO - ASR Module... Epoch: 0, RSS: 5.64 GB
2026-07-26 13:47:59,417 - Evaluate - INFO - ASR... Epoch: 0, Walltime: 1.450637 CPU time: 7.627934
2026-07-26 13:48:00,717 - Evaluate - INFO - ASR Module... Epoch: 0, RSS: 5.64 GB
2026-07-26 13:48:00,718 - Evaluate - INFO - ASR... Epoch: 0, Walltime: 1.298310 CPU time: 7.128840
2026-07-26 13:48:02,396 - Evaluate - INFO - ASR Module... Epoch: 0, RSS: 5.64 GB
2026-07-26 13:48:02,397 - Evaluate - INFO - ASR... Epoch: 0, Walltime: 1.676234 CPU time: 9.054248
2026-07-26 13:48:04,423 - Evaluate - INFO - ASR Module... Epoch: 0, RSS: 5.64 GB
2026-07-26 13:48:04,424 - Evaluate - INFO - ASR... Epoch: 0, Walltime: 2.024023 CPU time: 10.545896
2026-07-26 13:48:06,445 - Evaluate - INFO - ASR Module... Epoch: 0, RSS: 5.64 GB
2026-07-26 13:48:06,446 - Evaluate - INFO - ASR... Epoch: 0, Walltime: 2.017906 CPU time: 10.492834
2026-07-26 13:48:08,039 - Evaluate - INFO - ASR Module... Epoch: 0, RSS: 5.64 GB
2026-07-26 13:48:08,040 - Evaluate - INFO - ASR... Epoch: 0, Walltime: 1.590521 CPU time: 8.461063
2026-07-26 13:48:09,499 - Evaluate - INFO - ASR Module... Epoch: 0, RSS: 5.64 GB
2026-07-26 13:48:09,500 - Evaluate - INFO - ASR... Epoch: 0, Walltime: 1.456871 CPU time: 7.812055
2026-07-26 13:48:11,431 - Evaluate - INFO - ASR Module... Epoch: 0, RSS: 5.64 GB
2026-07-26 13:48:11,432 - Evaluate - INFO - ASR... Epoch: 0, Walltime: 1.928256 CPU time: 10.052128
2026-07-26 13:48:13,072 - Evaluate - INFO - ASR Module... Epoch: 0, RSS: 5.64 GB
2026-07-26 13:48:13,073 - Evaluate - INFO - ASR... Epoch: 0, Walltime: 1.637875 CPU time: 9.056542
2026-07-26 13:48:14,930 - Evaluate - INFO - ASR Module... Epoch: 0, RSS: 5.64 GB
2026-07-26 13:48:14,930 - Evaluate - INFO - ASR... Epoch: 0, Walltime: 1.854594 CPU time: 9.738636
2026-07-26 13:48:16,639 - Evaluate - INFO - ASR Module... Epoch: 0, RSS: 5.64 GB
2026-07-26 13:48:16,639 - Evaluate - INFO - ASR... Epoch: 0, Walltime: 1.706703 CPU time: 9.074755
2026-07-26 13:48:17,969 - Evaluate - INFO - ASR Module... Epoch: 0, RSS: 5.64 GB
2026-07-26 13:48:17,969 - Evaluate - INFO - ASR... Epoch: 0, Walltime: 1.327261 CPU time: 7.234187
2026-07-26 13:48:19,431 - Evaluate - INFO - ASR Module... Epoch: 0, RSS: 5.64 GB
2026-07-26 13:48:19,431 - Evaluate - INFO - ASR... Epoch: 0, Walltime: 1.458594 CPU time: 7.836626
2026-07-26 13:48:21,130 - Evaluate - INFO - ASR Module... Epoch: 0, RSS: 5.64 GB
2026-07-26 13:48:21,131 - Evaluate - INFO - ASR... Epoch: 0, Walltime: 1.696296 CPU time: 9.190720
2026-07-26 13:48:22,562 - Evaluate - INFO - ASR Module... Epoch: 0, RSS: 5.64 GB
2026-07-26 13:48:22,562 - Evaluate - INFO - ASR... Epoch: 0, Walltime: 1.428741 CPU time: 7.684552
2026-07-26 13:48:23,968 - Evaluate - INFO - ASR Module... Epoch: 0, RSS: 5.64 GB
2026-07-26 13:48:23,969 - Evaluate - INFO - ASR... Epoch: 0, Walltime: 1.403479 CPU time: 7.728598
2026-07-26 13:48:25,853 - Evaluate - INFO - ASR Module... Epoch: 0, RSS: 5.64 GB
2026-07-26 13:48:25,853 - Evaluate - INFO - ASR... Epoch: 0, Walltime: 1.882230 CPU time: 10.064477
2026-07-26 13:48:29,066 - Evaluate - INFO - ASR Module... Epoch: 0, RSS: 5.64 GB
2026-07-26 13:48:29,067 - Evaluate - INFO - ASR... Epoch: 0, Walltime: 3.209763 CPU time: 17.607467
2026-07-26 13:48:31,469 - Evaluate - INFO - ASR Module... Epoch: 0, RSS: 5.64 GB
2026-07-26 13:48:31,470 - Evaluate - INFO - ASR... Epoch: 0, Walltime: 2.398282 CPU time: 12.571231
2026-07-26 13:48:33,495 - Evaluate - INFO - ASR Module... Epoch: 0, RSS: 5.64 GB
2026-07-26 13:48:33,496 - Evaluate - INFO - ASR... Epoch: 0, Walltime: 2.022648 CPU time: 10.615491
2026-07-26 13:48:35,213 - Evaluate - INFO - ASR Module... Epoch: 0, RSS: 5.64 GB
2026-07-26 13:48:35,215 - Evaluate - INFO - ASR... Epoch: 0, Walltime: 1.714469 CPU time: 9.118867
2026-07-26 13:48:36,758 - Evaluate - INFO - ASR Module... Epoch: 0, RSS: 5.64 GB
2026-07-26 13:48:36,759 - Evaluate - INFO - ASR... Epoch: 0, Walltime: 1.541285 CPU time: 8.354621
2026-07-26 13:48:38,816 - Evaluate - INFO - ASR Module... Epoch: 0, RSS: 5.64 GB
2026-07-26 13:48:38,817 - Evaluate - INFO - ASR... Epoch: 0, Walltime: 2.055005 CPU time: 11.052120
2026-07-26 13:48:41,008 - Evaluate - INFO - ASR Module... Epoch: 0, RSS: 5.64 GB
2026-07-26 13:48:41,009 - Evaluate - INFO - ASR... Epoch: 0, Walltime: 2.188369 CPU time: 12.193962
2026-07-26 13:48:42,430 - Evaluate - INFO - ASR Module... Epoch: 0, RSS: 5.64 GB
2026-07-26 13:48:42,431 - Evaluate - INFO - ASR... Epoch: 0, Walltime: 1.419081 CPU time: 7.826564
2026-07-26 13:48:45,088 - Evaluate - INFO - ASR Module... Epoch: 0, RSS: 5.64 GB
2026-07-26 13:48:45,089 - Evaluate - INFO - ASR... Epoch: 0, Walltime: 2.654076 CPU time: 14.368037
2026-07-26 13:48:46,938 - Evaluate - INFO - ASR Module... Epoch: 0, RSS: 5.64 GB
2026-07-26 13:48:46,939 - Evaluate - INFO - ASR... Epoch: 0, Walltime: 1.846526 CPU time: 10.302968
2026-07-26 13:48:48,681 - Evaluate - INFO - ASR Module... Epoch: 0, RSS: 5.64 GB
2026-07-26 13:48:48,682 - Evaluate - INFO - ASR... Epoch: 0, Walltime: 1.739116 CPU time: 9.210714
2026-07-26 13:48:51,152 - Evaluate - INFO - ASR Module... Epoch: 0, RSS: 5.64 GB
2026-07-26 13:48:51,152 - Evaluate - INFO - ASR... Epoch: 0, Walltime: 2.467273 CPU time: 13.033750
2026-07-26 13:48:52,841 - Evaluate - INFO - ASR Module... Epoch: 0, RSS: 5.64 GB
2026-07-26 13:48:52,842 - Evaluate - INFO - ASR... Epoch: 0, Walltime: 1.686774 CPU time: 9.113485
2026-07-26 13:48:55,282 - Evaluate - INFO - ASR Module... Epoch: 0, RSS: 5.64 GB
2026-07-26 13:48:55,282 - Evaluate - INFO - ASR... Epoch: 0, Walltime: 2.435930 CPU time: 12.979383
2026-07-26 13:48:56,308 - Evaluate - INFO - ASR Module... Epoch: 0, RSS: 5.64 GB
2026-07-26 13:48:56,308 - Evaluate - INFO - ASR... Epoch: 0, Walltime: 1.022898 CPU time: 5.943760
2026-07-26 13:48:57,746 - Evaluate - INFO - ASR Module... Epoch: 0, RSS: 5.64 GB
2026-07-26 13:48:57,747 - Evaluate - INFO - ASR... Epoch: 0, Walltime: 1.435426 CPU time: 7.671571
2026-07-26 13:48:59,934 - Evaluate - INFO - ASR Module... Epoch: 0, RSS: 5.64 GB
2026-07-26 13:48:59,934 - Evaluate - INFO - ASR... Epoch: 0, Walltime: 2.184090 CPU time: 11.022489
2026-07-26 13:49:02,837 - Evaluate - INFO - ASR Module... Epoch: 0, RSS: 5.64 GB
2026-07-26 13:49:02,838 - Evaluate - INFO - ASR... Epoch: 0, Walltime: 2.899481 CPU time: 14.874233
2026-07-26 13:49:04,337 - Evaluate - INFO - ASR Module... Epoch: 0, RSS: 5.64 GB
2026-07-26 13:49:04,338 - Evaluate - INFO - ASR... Epoch: 0, Walltime: 1.496414 CPU time: 7.794755
2026-07-26 13:49:06,186 - Evaluate - INFO - ASR Module... Epoch: 0, RSS: 5.64 GB
2026-07-26 13:49:06,186 - Evaluate - INFO - ASR... Epoch: 0, Walltime: 1.845361 CPU time: 10.138674
2026-07-26 13:49:10,011 - Evaluate - INFO - ASR Module... Epoch: 0, RSS: 5.64 GB
2026-07-26 13:49:10,013 - Evaluate - INFO - ASR... Epoch: 0, Walltime: 3.821402 CPU time: 20.104363
2026-07-26 13:49:11,197 - Evaluate - INFO - ASR Module... Epoch: 0, RSS: 5.64 GB
2026-07-26 13:49:11,197 - Evaluate - INFO - ASR... Epoch: 0, Walltime: 1.181120 CPU time: 6.620756
2026-07-26 13:49:12,394 - Evaluate - INFO - ASR Module... Epoch: 0, RSS: 5.64 GB
2026-07-26 13:49:12,395 - Evaluate - INFO - ASR... Epoch: 0, Walltime: 1.194429 CPU time: 7.010478
2026-07-26 13:49:14,139 - Evaluate - INFO - ASR Module... Epoch: 0, RSS: 5.64 GB
2026-07-26 13:49:14,140 - Evaluate - INFO - ASR... Epoch: 0, Walltime: 1.741783 CPU time: 9.907829
2026-07-26 13:49:15,680 - Evaluate - INFO - ASR Module... Epoch: 0, RSS: 5.64 GB
2026-07-26 13:49:15,681 - Evaluate - INFO - ASR... Epoch: 0, Walltime: 1.537240 CPU time: 8.841186
2026-07-26 13:49:17,033 - Evaluate - INFO - ASR Module... Epoch: 0, RSS: 5.64 GB
2026-07-26 13:49:17,033 - Evaluate - INFO - ASR... Epoch: 0, Walltime: 1.349681 CPU time: 7.926224
2026-07-26 13:49:18,519 - Evaluate - INFO - ASR Module... Epoch: 0, RSS: 5.64 GB
2026-07-26 13:49:18,520 - Evaluate - INFO - ASR... Epoch: 0, Walltime: 1.484361 CPU time: 8.722947
2026-07-26 13:49:20,049 - Evaluate - INFO - ASR Module... Epoch: 0, RSS: 5.64 GB
2026-07-26 13:49:20,049 - Evaluate - INFO - ASR... Epoch: 0, Walltime: 1.526290 CPU time: 8.819159
2026-07-26 13:49:21,511 - Evaluate - INFO - ASR Module... Epoch: 0, RSS: 5.64 GB
2026-07-26 13:49:21,511 - Evaluate - INFO - ASR... Epoch: 0, Walltime: 1.456891 CPU time: 8.335034
2026-07-26 13:49:22,802 - Evaluate - INFO - ASR Module... Epoch: 0, RSS: 5.64 GB
2026-07-26 13:49:22,803 - Evaluate - INFO - ASR... Epoch: 0, Walltime: 1.289869 CPU time: 7.596817
2026-07-26 13:49:24,522 - Evaluate - INFO - ASR Module... Epoch: 0, RSS: 5.64 GB
2026-07-26 13:49:24,523 - Evaluate - INFO - ASR... Epoch: 0, Walltime: 1.716692 CPU time: 9.724359
2026-07-26 13:49:25,725 - Evaluate - INFO - ASR Module... Epoch: 0, RSS: 5.64 GB
2026-07-26 13:49:25,726 - Evaluate - INFO - ASR... Epoch: 0, Walltime: 1.200491 CPU time: 6.775825
2026-07-26 13:49:27,361 - Evaluate - INFO - ASR Module... Epoch: 0, RSS: 5.64 GB
2026-07-26 13:49:27,361 - Evaluate - INFO - ASR... Epoch: 0, Walltime: 1.632470 CPU time: 9.527964
2026-07-26 13:49:28,982 - Evaluate - INFO - ASR Module... Epoch: 0, RSS: 5.64 GB
2026-07-26 13:49:28,983 - Evaluate - INFO - ASR... Epoch: 0, Walltime: 1.619110 CPU time: 9.482142
2026-07-26 13:49:30,562 - Evaluate - INFO - ASR Module... Epoch: 0, RSS: 5.64 GB
2026-07-26 13:49:30,563 - Evaluate - INFO - ASR... Epoch: 0, Walltime: 1.576911 CPU time: 9.349418
2026-07-26 13:49:32,099 - Evaluate - INFO - ASR Module... Epoch: 0, RSS: 5.64 GB
2026-07-26 13:49:32,099 - Evaluate - INFO - ASR... Epoch: 0, Walltime: 1.533525 CPU time: 9.000967
2026-07-26 13:49:33,526 - Evaluate - INFO - ASR Module... Epoch: 0, RSS: 5.64 GB
2026-07-26 13:49:33,526 - Evaluate - INFO - ASR... Epoch: 0, Walltime: 1.424013 CPU time: 8.322580
2026-07-26 13:49:34,776 - Evaluate - INFO - ASR Module... Epoch: 0, RSS: 5.64 GB
2026-07-26 13:49:34,777 - Evaluate - INFO - ASR... Epoch: 0, Walltime: 1.247457 CPU time: 7.357464
2026-07-26 13:49:36,302 - Evaluate - INFO - ASR Module... Epoch: 0, RSS: 5.64 GB
2026-07-26 13:49:36,303 - Evaluate - INFO - ASR... Epoch: 0, Walltime: 1.522150 CPU time: 8.842454
2026-07-26 13:49:37,975 - Evaluate - INFO - ASR Module... Epoch: 0, RSS: 5.64 GB
2026-07-26 13:49:37,976 - Evaluate - INFO - ASR... Epoch: 0, Walltime: 1.670410 CPU time: 9.545383
2026-07-26 13:49:39,518 - Evaluate - INFO - ASR Module... Epoch: 0, RSS: 5.64 GB
2026-07-26 13:49:39,519 - Evaluate - INFO - ASR... Epoch: 0, Walltime: 1.539695 CPU time: 8.786077
2026-07-26 13:49:40,987 - Evaluate - INFO - ASR Module... Epoch: 0, RSS: 5.64 GB
2026-07-26 13:49:40,988 - Evaluate - INFO - ASR... Epoch: 0, Walltime: 1.466412 CPU time: 8.136230
2026-07-26 13:49:42,281 - Evaluate - INFO - ASR Module... Epoch: 0, RSS: 5.64 GB
2026-07-26 13:49:42,281 - Evaluate - INFO - ASR... Epoch: 0, Walltime: 1.290717 CPU time: 7.727040
2026-07-26 13:49:43,899 - Evaluate - INFO - ASR Module... Epoch: 0, RSS: 5.64 GB
2026-07-26 13:49:43,899 - Evaluate - INFO - ASR... Epoch: 0, Walltime: 1.615046 CPU time: 9.144827
2026-07-26 13:49:45,449 - Evaluate - INFO - ASR Module... Epoch: 0, RSS: 5.64 GB
2026-07-26 13:49:45,450 - Evaluate - INFO - ASR... Epoch: 0, Walltime: 1.547536 CPU time: 9.087551
2026-07-26 13:49:46,868 - Evaluate - INFO - ASR Module... Epoch: 0, RSS: 5.64 GB
2026-07-26 13:49:46,869 - Evaluate - INFO - ASR... Epoch: 0, Walltime: 1.416048 CPU time: 8.291031
2026-07-26 13:49:48,480 - Evaluate - INFO - ASR Module... Epoch: 0, RSS: 5.64 GB
2026-07-26 13:49:48,481 - Evaluate - INFO - ASR... Epoch: 0, Walltime: 1.609157 CPU time: 9.428489
2026-07-26 13:49:49,965 - Evaluate - INFO - ASR Module... Epoch: 0, RSS: 5.64 GB
2026-07-26 13:49:49,966 - Evaluate - INFO - ASR... Epoch: 0, Walltime: 1.481754 CPU time: 8.479109
2026-07-26 13:49:51,612 - Evaluate - INFO - ASR Module... Epoch: 0, RSS: 5.64 GB
2026-07-26 13:49:51,613 - Evaluate - INFO - ASR... Epoch: 0, Walltime: 1.644270 CPU time: 9.572122
2026-07-26 13:49:53,144 - Evaluate - INFO - ASR Module... Epoch: 0, RSS: 5.64 GB
2026-07-26 13:49:53,145 - Evaluate - INFO - ASR... Epoch: 0, Walltime: 1.529347 CPU time: 8.885227
2026-07-26 13:49:54,698 - Evaluate - INFO - ASR Module... Epoch: 0, RSS: 5.64 GB
2026-07-26 13:49:54,698 - Evaluate - INFO - ASR... Epoch: 0, Walltime: 1.550040 CPU time: 8.834350
2026-07-26 13:49:56,386 - Evaluate - INFO - ASR Module... Epoch: 0, RSS: 5.64 GB
2026-07-26 13:49:56,387 - Evaluate - INFO - ASR... Epoch: 0, Walltime: 1.685140 CPU time: 9.922818
2026-07-26 13:49:57,623 - Evaluate - INFO - ASR Module... Epoch: 0, RSS: 5.64 GB
2026-07-26 13:49:57,623 - Evaluate - INFO - ASR... Epoch: 0, Walltime: 1.234030 CPU time: 7.376284
2026-07-26 13:49:59,197 - Evaluate - INFO - ASR Module... Epoch: 0, RSS: 5.64 GB
2026-07-26 13:49:59,198 - Evaluate - INFO - ASR... Epoch: 0, Walltime: 1.572066 CPU time: 9.321073
2026-07-26 13:50:00,870 - Evaluate - INFO - ASR Module... Epoch: 0, RSS: 5.64 GB
2026-07-26 13:50:00,871 - Evaluate - INFO - ASR... Epoch: 0, Walltime: 1.670042 CPU time: 9.777452
2026-07-26 13:50:02,369 - Evaluate - INFO - ASR Module... Epoch: 0, RSS: 5.64 GB
2026-07-26 13:50:02,369 - Evaluate - INFO - ASR... Epoch: 0, Walltime: 1.496214 CPU time: 8.461372
2026-07-26 13:50:04,350 - Evaluate - INFO - ASR Module... Epoch: 0, RSS: 5.64 GB
2026-07-26 13:50:04,350 - Evaluate - INFO - ASR... Epoch: 0, Walltime: 1.978209 CPU time: 11.149057
2026-07-26 13:50:05,878 - Evaluate - INFO - ASR Module... Epoch: 0, RSS: 5.64 GB
2026-07-26 13:50:05,879 - Evaluate - INFO - ASR... Epoch: 0, Walltime: 1.525030 CPU time: 8.976066
2026-07-26 13:50:07,493 - Evaluate - INFO - ASR Module... Epoch: 0, RSS: 5.64 GB
2026-07-26 13:50:07,493 - Evaluate - INFO - ASR... Epoch: 0, Walltime: 1.611755 CPU time: 9.499141
2026-07-26 13:50:09,048 - Evaluate - INFO - ASR Module... Epoch: 0, RSS: 5.64 GB
2026-07-26 13:50:09,049 - Evaluate - INFO - ASR... Epoch: 0, Walltime: 1.552374 CPU time: 9.027203
2026-07-26 13:50:10,305 - Evaluate - INFO - ASR Module... Epoch: 0, RSS: 5.64 GB
2026-07-26 13:50:10,306 - Evaluate - INFO - ASR... Epoch: 0, Walltime: 1.254070 CPU time: 7.309927
2026-07-26 13:50:11,714 - Evaluate - INFO - ASR Module... Epoch: 0, RSS: 5.64 GB
2026-07-26 13:50:11,714 - Evaluate - INFO - ASR... Epoch: 0, Walltime: 1.405589 CPU time: 8.182769
2026-07-26 13:50:13,307 - Evaluate - INFO - ASR Module... Epoch: 0, RSS: 5.64 GB
2026-07-26 13:50:13,307 - Evaluate - INFO - ASR... Epoch: 0, Walltime: 1.589781 CPU time: 9.398780
2026-07-26 13:50:15,153 - Evaluate - INFO - ASR Module... Epoch: 0, RSS: 5.64 GB
2026-07-26 13:50:15,153 - Evaluate - INFO - ASR... Epoch: 0, Walltime: 1.842902 CPU time: 10.717717
2026-07-26 13:50:16,957 - Evaluate - INFO - ASR Module... Epoch: 0, RSS: 5.64 GB
2026-07-26 13:50:16,958 - Evaluate - INFO - ASR... Epoch: 0, Walltime: 1.800455 CPU time: 10.496931
2026-07-26 13:50:18,528 - Evaluate - INFO - ASR Module... Epoch: 0, RSS: 5.64 GB
2026-07-26 13:50:18,528 - Evaluate - INFO - ASR... Epoch: 0, Walltime: 1.567427 CPU time: 9.103705
2026-07-26 13:50:20,102 - Evaluate - INFO - ASR Module... Epoch: 0, RSS: 5.64 GB
2026-07-26 13:50:20,103 - Evaluate - INFO - ASR... Epoch: 0, Walltime: 1.571635 CPU time: 8.894880
2026-07-26 13:50:21,635 - Evaluate - INFO - ASR Module... Epoch: 0, RSS: 5.64 GB
2026-07-26 13:50:21,636 - Evaluate - INFO - ASR... Epoch: 0, Walltime: 1.529677 CPU time: 8.743931
2026-07-26 13:50:23,225 - Evaluate - INFO - ASR Module... Epoch: 0, RSS: 5.64 GB
2026-07-26 13:50:23,225 - Evaluate - INFO - ASR... Epoch: 0, Walltime: 1.586420 CPU time: 9.142831
2026-07-26 13:50:24,778 - Evaluate - INFO - ASR Module... Epoch: 0, RSS: 5.64 GB
2026-07-26 13:50:24,779 - Evaluate - INFO - ASR... Epoch: 0, Walltime: 1.550031 CPU time: 8.835393
2026-07-26 13:50:26,031 - Evaluate - INFO - ASR Module... Epoch: 0, RSS: 5.64 GB
2026-07-26 13:50:26,032 - Evaluate - INFO - ASR... Epoch: 0, Walltime: 1.249753 CPU time: 7.360578
2026-07-26 13:50:29,386 - Evaluate - INFO - ASR Module... Epoch: 0, RSS: 5.64 GB
2026-07-26 13:50:29,387 - Evaluate - INFO - ASR... Epoch: 0, Walltime: 3.349216 CPU time: 18.527399
2026-07-26 13:50:32,216 - Evaluate - INFO - ASR Module... Epoch: 0, RSS: 5.64 GB
2026-07-26 13:50:32,217 - Evaluate - INFO - ASR... Epoch: 0, Walltime: 2.825431 CPU time: 15.696958
2026-07-26 13:50:34,159 - Evaluate - INFO - ASR Module... Epoch: 0, RSS: 5.64 GB
2026-07-26 13:50:34,160 - Evaluate - INFO - ASR... Epoch: 0, Walltime: 1.938502 CPU time: 10.860711
2026-07-26 13:50:35,817 - Evaluate - INFO - ASR Module... Epoch: 0, RSS: 5.64 GB
2026-07-26 13:50:35,817 - Evaluate - INFO - ASR... Epoch: 0, Walltime: 1.654781 CPU time: 9.457062
2026-07-26 13:50:38,830 - Evaluate - INFO - ASR Module... Epoch: 0, RSS: 5.64 GB
2026-07-26 13:50:38,831 - Evaluate - INFO - ASR... Epoch: 0, Walltime: 3.009703 CPU time: 16.594981
2026-07-26 13:50:41,402 - Evaluate - INFO - ASR Module... Epoch: 0, RSS: 5.64 GB
2026-07-26 13:50:41,402 - Evaluate - INFO - ASR... Epoch: 0, Walltime: 2.567456 CPU time: 14.589782
2026-07-26 13:50:44,004 - Evaluate - INFO - ASR Module... Epoch: 0, RSS: 5.64 GB
2026-07-26 13:50:44,005 - Evaluate - INFO - ASR... Epoch: 0, Walltime: 2.598904 CPU time: 14.369299
2026-07-26 13:50:46,306 - Evaluate - INFO - ASR Module... Epoch: 0, RSS: 5.64 GB
2026-07-26 13:50:46,307 - Evaluate - INFO - ASR... Epoch: 0, Walltime: 2.298647 CPU time: 12.712636
2026-07-26 13:50:48,012 - Evaluate - INFO - ASR Module... Epoch: 0, RSS: 5.64 GB
2026-07-26 13:50:48,013 - Evaluate - INFO - ASR... Epoch: 0, Walltime: 1.702406 CPU time: 9.448978
2026-07-26 13:50:50,954 - Evaluate - INFO - ASR Module... Epoch: 0, RSS: 5.64 GB
2026-07-26 13:50:50,955 - Evaluate - INFO - ASR... Epoch: 0, Walltime: 2.938439 CPU time: 16.168085
2026-07-26 13:50:53,344 - Evaluate - INFO - ASR Module... Epoch: 0, RSS: 5.64 GB
2026-07-26 13:50:53,345 - Evaluate - INFO - ASR... Epoch: 0, Walltime: 2.385521 CPU time: 13.408549
2026-07-26 13:50:56,026 - Evaluate - INFO - ASR Module... Epoch: 0, RSS: 5.64 GB
2026-07-26 13:50:56,027 - Evaluate - INFO - ASR... Epoch: 0, Walltime: 2.677507 CPU time: 15.139109
2026-07-26 13:50:58,516 - Evaluate - INFO - ASR Module... Epoch: 0, RSS: 5.64 GB
2026-07-26 13:50:58,517 - Evaluate - INFO - ASR... Epoch: 0, Walltime: 2.485001 CPU time: 13.943249
2026-07-26 13:51:01,186 - Evaluate - INFO - ASR Module... Epoch: 0, RSS: 5.64 GB
2026-07-26 13:51:01,187 - Evaluate - INFO - ASR... Epoch: 0, Walltime: 2.665760 CPU time: 15.122070
2026-07-26 13:51:03,900 - Evaluate - INFO - ASR Module... Epoch: 0, RSS: 5.64 GB
2026-07-26 13:51:03,900 - Evaluate - INFO - ASR... Epoch: 0, Walltime: 2.710513 CPU time: 15.149962
2026-07-26 13:51:04,907 - Evaluate - INFO - ASR Module... Epoch: 0, RSS: 5.64 GB
2026-07-26 13:51:04,908 - Evaluate - INFO - ASR... Epoch: 0, Walltime: 1.004463 CPU time: 5.864683
2026-07-26 13:51:06,111 - Evaluate - INFO - ASR Module... Epoch: 0, RSS: 5.64 GB
2026-07-26 13:51:06,112 - Evaluate - INFO - ASR... Epoch: 0, Walltime: 1.201603 CPU time: 6.768837
2026-07-26 13:51:08,169 - Evaluate - INFO - ASR Module... Epoch: 0, RSS: 5.64 GB
2026-07-26 13:51:08,170 - Evaluate - INFO - ASR... Epoch: 0, Walltime: 2.054786 CPU time: 11.319389
2026-07-26 13:51:09,759 - Evaluate - INFO - ASR Module... Epoch: 0, RSS: 5.64 GB
2026-07-26 13:51:09,759 - Evaluate - INFO - ASR... Epoch: 0, Walltime: 1.586878 CPU time: 8.620275
2026-07-26 13:51:11,128 - Evaluate - INFO - ASR Module... Epoch: 0, RSS: 5.64 GB
2026-07-26 13:51:11,129 - Evaluate - INFO - ASR... Epoch: 0, Walltime: 1.367362 CPU time: 7.907657
2026-07-26 13:51:12,498 - Evaluate - INFO - ASR Module... Epoch: 0, RSS: 5.64 GB
2026-07-26 13:51:12,498 - Evaluate - INFO - ASR... Epoch: 0, Walltime: 1.366816 CPU time: 7.854228
2026-07-26 13:51:14,115 - Evaluate - INFO - ASR Module... Epoch: 0, RSS: 5.64 GB
2026-07-26 13:51:14,115 - Evaluate - INFO - ASR... Epoch: 0, Walltime: 1.614606 CPU time: 8.784856
2026-07-26 13:51:15,928 - Evaluate - INFO - ASR Module... Epoch: 0, RSS: 5.64 GB
2026-07-26 13:51:15,928 - Evaluate - INFO - ASR... Epoch: 0, Walltime: 1.810324 CPU time: 10.004780
2026-07-26 13:51:17,123 - Evaluate - INFO - ASR Module... Epoch: 0, RSS: 5.64 GB
2026-07-26 13:51:17,123 - Evaluate - INFO - ASR... Epoch: 0, Walltime: 1.192458 CPU time: 6.783509
2026-07-26 13:51:18,647 - Evaluate - INFO - ASR Module... Epoch: 0, RSS: 5.64 GB
2026-07-26 13:51:18,648 - Evaluate - INFO - ASR... Epoch: 0, Walltime: 1.521985 CPU time: 8.196738
2026-07-26 13:51:20,094 - Evaluate - INFO - ASR Module... Epoch: 0, RSS: 5.64 GB
2026-07-26 13:51:20,095 - Evaluate - INFO - ASR... Epoch: 0, Walltime: 1.443640 CPU time: 8.013552
2026-07-26 13:51:22,662 - Evaluate - INFO - ASR Module... Epoch: 0, RSS: 5.64 GB
2026-07-26 13:51:22,663 - Evaluate - INFO - ASR... Epoch: 0, Walltime: 2.564033 CPU time: 13.988100
2026-07-26 13:51:24,701 - Evaluate - INFO - ASR Module... Epoch: 0, RSS: 5.64 GB
2026-07-26 13:51:24,701 - Evaluate - INFO - ASR... Epoch: 0, Walltime: 2.034776 CPU time: 11.205236
2026-07-26 13:51:26,709 - Evaluate - INFO - ASR Module... Epoch: 0, RSS: 5.64 GB
2026-07-26 13:51:26,709 - Evaluate - INFO - ASR... Epoch: 0, Walltime: 2.004918 CPU time: 11.131187
2026-07-26 13:51:28,211 - Evaluate - INFO - ASR Module... Epoch: 0, RSS: 5.64 GB
2026-07-26 13:51:28,212 - Evaluate - INFO - ASR... Epoch: 0, Walltime: 1.499240 CPU time: 8.534927
2026-07-26 13:51:30,369 - Evaluate - INFO - ASR Module... Epoch: 0, RSS: 5.64 GB
2026-07-26 13:51:30,370 - Evaluate - INFO - ASR... Epoch: 0, Walltime: 2.154936 CPU time: 12.333566
2026-07-26 13:51:32,469 - Evaluate - INFO - ASR Module... Epoch: 0, RSS: 5.64 GB
2026-07-26 13:51:32,470 - Evaluate - INFO - ASR... Epoch: 0, Walltime: 2.096307 CPU time: 11.805576
2026-07-26 13:51:33,708 - Evaluate - INFO - ASR Module... Epoch: 0, RSS: 5.64 GB
2026-07-26 13:51:33,709 - Evaluate - INFO - ASR... Epoch: 0, Walltime: 1.236421 CPU time: 7.142204
2026-07-26 13:51:35,832 - Evaluate - INFO - ASR Module... Epoch: 0, RSS: 5.64 GB
2026-07-26 13:51:35,833 - Evaluate - INFO - ASR... Epoch: 0, Walltime: 2.120337 CPU time: 11.529391
2026-07-26 13:51:37,525 - Evaluate - INFO - ASR Module... Epoch: 0, RSS: 5.64 GB
2026-07-26 13:51:37,526 - Evaluate - INFO - ASR... Epoch: 0, Walltime: 1.690108 CPU time: 9.377460
2026-07-26 13:51:39,685 - Evaluate - INFO - ASR Module... Epoch: 0, RSS: 5.64 GB
2026-07-26 13:51:39,685 - Evaluate - INFO - ASR... Epoch: 0, Walltime: 2.155974 CPU time: 11.892006
2026-07-26 13:51:42,760 - Evaluate - INFO - ASR Module... Epoch: 0, RSS: 5.64 GB
2026-07-26 13:51:42,761 - Evaluate - INFO - ASR... Epoch: 0, Walltime: 3.071575 CPU time: 15.934344
2026-07-26 13:51:44,412 - Evaluate - INFO - ASR Module... Epoch: 0, RSS: 5.64 GB
2026-07-26 13:51:44,413 - Evaluate - INFO - ASR... Epoch: 0, Walltime: 1.648184 CPU time: 9.452753
2026-07-26 13:51:45,712 - Evaluate - INFO - ASR Module... Epoch: 0, RSS: 5.64 GB
2026-07-26 13:51:45,713 - Evaluate - INFO - ASR... Epoch: 0, Walltime: 1.296913 CPU time: 7.663146
2026-07-26 13:51:47,932 - Evaluate - INFO - ASR Module... Epoch: 0, RSS: 5.64 GB
2026-07-26 13:51:47,933 - Evaluate - INFO - ASR... Epoch: 0, Walltime: 2.215956 CPU time: 12.798664
2026-07-26 13:51:49,824 - Evaluate - INFO - ASR Module... Epoch: 0, RSS: 5.64 GB
2026-07-26 13:51:49,824 - Evaluate - INFO - ASR... Epoch: 0, Walltime: 1.887653 CPU time: 10.757250
2026-07-26 13:51:52,209 - Evaluate - INFO - ASR Module... Epoch: 0, RSS: 5.64 GB
2026-07-26 13:51:52,210 - Evaluate - INFO - ASR... Epoch: 0, Walltime: 2.382490 CPU time: 13.525750
2026-07-26 13:51:54,548 - Evaluate - INFO - ASR Module... Epoch: 0, RSS: 5.64 GB
2026-07-26 13:51:54,549 - Evaluate - INFO - ASR... Epoch: 0, Walltime: 2.334703 CPU time: 13.254854
2026-07-26 13:51:56,699 - Evaluate - INFO - ASR Module... Epoch: 0, RSS: 5.64 GB
2026-07-26 13:51:56,699 - Evaluate - INFO - ASR... Epoch: 0, Walltime: 2.146532 CPU time: 12.344880
2026-07-26 13:51:58,952 - Evaluate - INFO - ASR Module... Epoch: 0, RSS: 5.64 GB
2026-07-26 13:51:58,953 - Evaluate - INFO - ASR... Epoch: 0, Walltime: 2.249648 CPU time: 12.927146
2026-07-26 13:52:00,471 - Evaluate - INFO - ASR Module... Epoch: 0, RSS: 5.64 GB
2026-07-26 13:52:00,471 - Evaluate - INFO - ASR... Epoch: 0, Walltime: 1.516207 CPU time: 8.665395
2026-07-26 13:52:02,218 - Evaluate - INFO - ASR Module... Epoch: 0, RSS: 5.64 GB
2026-07-26 13:52:02,219 - Evaluate - INFO - ASR... Epoch: 0, Walltime: 1.744969 CPU time: 9.964607
2026-07-26 13:52:04,258 - Evaluate - INFO - ASR Module... Epoch: 0, RSS: 5.64 GB
2026-07-26 13:52:04,259 - Evaluate - INFO - ASR... Epoch: 0, Walltime: 2.036288 CPU time: 11.772892
2026-07-26 13:52:05,413 - Evaluate - INFO - ASR Module... Epoch: 0, RSS: 5.64 GB
2026-07-26 13:52:05,413 - Evaluate - INFO - ASR... Epoch: 0, Walltime: 1.152513 CPU time: 6.726401
2026-07-26 13:52:07,762 - Evaluate - INFO - ASR Module... Epoch: 0, RSS: 5.64 GB
2026-07-26 13:52:07,763 - Evaluate - INFO - ASR... Epoch: 0, Walltime: 2.346249 CPU time: 13.470028
2026-07-26 13:52:09,431 - Evaluate - INFO - ASR Module... Epoch: 0, RSS: 5.64 GB
2026-07-26 13:52:09,431 - Evaluate - INFO - ASR... Epoch: 0, Walltime: 1.665479 CPU time: 9.491515
2026-07-26 13:52:11,073 - Evaluate - INFO - ASR Module... Epoch: 0, RSS: 5.64 GB
2026-07-26 13:52:11,073 - Evaluate - INFO - ASR... Epoch: 0, Walltime: 1.639229 CPU time: 9.140199
2026-07-26 13:52:13,702 - Evaluate - INFO - ASR Module... Epoch: 0, RSS: 5.64 GB
2026-07-26 13:52:13,702 - Evaluate - INFO - ASR... Epoch: 0, Walltime: 2.626120 CPU time: 14.778014
2026-07-26 13:52:15,028 - Evaluate - INFO - ASR Module... Epoch: 0, RSS: 5.64 GB
2026-07-26 13:52:15,029 - Evaluate - INFO - ASR... Epoch: 0, Walltime: 1.323187 CPU time: 7.453831
2026-07-26 13:52:16,175 - Evaluate - INFO - ASR Module... Epoch: 0, RSS: 5.64 GB
2026-07-26 13:52:16,175 - Evaluate - INFO - ASR... Epoch: 0, Walltime: 1.144376 CPU time: 6.745942
2026-07-26 13:52:18,170 - Evaluate - INFO - ASR Module... Epoch: 0, RSS: 5.64 GB
2026-07-26 13:52:18,171 - Evaluate - INFO - ASR... Epoch: 0, Walltime: 1.992460 CPU time: 11.344509
2026-07-26 13:52:20,013 - Evaluate - INFO - ASR Module... Epoch: 0, RSS: 5.64 GB
2026-07-26 13:52:20,014 - Evaluate - INFO - ASR... Epoch: 0, Walltime: 1.838812 CPU time: 10.259709
2026-07-26 13:52:22,288 - Evaluate - INFO - ASR Module... Epoch: 0, RSS: 5.64 GB
2026-07-26 13:52:22,289 - Evaluate - INFO - ASR... Epoch: 0, Walltime: 2.272053 CPU time: 12.665738
2026-07-26 13:52:25,547 - Evaluate - INFO - ASR Module... Epoch: 0, RSS: 5.64 GB
2026-07-26 13:52:25,548 - Evaluate - INFO - ASR... Epoch: 0, Walltime: 3.255022 CPU time: 17.210007
2026-07-26 13:52:27,335 - Evaluate - INFO - ASR Module... Epoch: 0, RSS: 5.64 GB
2026-07-26 13:52:27,336 - Evaluate - INFO - ASR... Epoch: 0, Walltime: 1.784327 CPU time: 10.458243
2026-07-26 13:52:29,861 - Evaluate - INFO - ASR Module... Epoch: 0, RSS: 5.64 GB
2026-07-26 13:52:29,862 - Evaluate - INFO - ASR... Epoch: 0, Walltime: 2.521140 CPU time: 14.192247
2026-07-26 13:52:31,519 - Evaluate - INFO - ASR Module... Epoch: 0, RSS: 5.64 GB
2026-07-26 13:52:31,519 - Evaluate - INFO - ASR... Epoch: 0, Walltime: 1.654268 CPU time: 9.269274
2026-07-26 13:52:33,911 - Evaluate - INFO - ASR Module... Epoch: 0, RSS: 5.64 GB
2026-07-26 13:52:33,912 - Evaluate - INFO - ASR... Epoch: 0, Walltime: 2.388810 CPU time: 13.490547
2026-07-26 13:52:35,756 - Evaluate - INFO - ASR Module... Epoch: 0, RSS: 5.64 GB
2026-07-26 13:52:35,757 - Evaluate - INFO - ASR... Epoch: 0, Walltime: 1.840936 CPU time: 10.690693
2026-07-26 13:52:37,832 - Evaluate - INFO - ASR Module... Epoch: 0, RSS: 5.64 GB
2026-07-26 13:52:37,833 - Evaluate - INFO - ASR... Epoch: 0, Walltime: 2.072665 CPU time: 11.427770
2026-07-26 13:52:39,564 - Evaluate - INFO - ASR Module... Epoch: 0, RSS: 5.64 GB
2026-07-26 13:52:39,565 - Evaluate - INFO - ASR... Epoch: 0, Walltime: 1.728594 CPU time: 10.136642
2026-07-26 13:52:41,876 - Evaluate - INFO - ASR Module... Epoch: 0, RSS: 5.64 GB
2026-07-26 13:52:41,876 - Evaluate - INFO - ASR... Epoch: 0, Walltime: 2.308660 CPU time: 13.214427
2026-07-26 13:52:45,522 - Evaluate - INFO - ASR Module... Epoch: 0, RSS: 5.64 GB
2026-07-26 13:52:45,523 - Evaluate - INFO - ASR... Epoch: 0, Walltime: 3.641675 CPU time: 20.555150
2026-07-26 13:52:47,880 - Evaluate - INFO - ASR Module... Epoch: 0, RSS: 5.64 GB
2026-07-26 13:52:47,880 - Evaluate - INFO - ASR... Epoch: 0, Walltime: 2.353489 CPU time: 13.239830
2026-07-26 13:52:51,200 - Evaluate - INFO - ASR Module... Epoch: 0, RSS: 5.64 GB
2026-07-26 13:52:51,201 - Evaluate - INFO - ASR... Epoch: 0, Walltime: 3.314603 CPU time: 18.697798
2026-07-26 13:52:54,396 - Evaluate - INFO - ASR Module... Epoch: 0, RSS: 5.64 GB
2026-07-26 13:52:54,397 - Evaluate - INFO - ASR... Epoch: 0, Walltime: 3.191033 CPU time: 17.429814
2026-07-26 13:52:56,900 - Evaluate - INFO - ASR Module... Epoch: 0, RSS: 5.64 GB
2026-07-26 13:52:56,900 - Evaluate - INFO - ASR... Epoch: 0, Walltime: 2.499891 CPU time: 14.112269
2026-07-26 13:52:58,999 - Evaluate - INFO - ASR Module... Epoch: 0, RSS: 5.64 GB
2026-07-26 13:52:59,000 - Evaluate - INFO - ASR... Epoch: 0, Walltime: 2.096264 CPU time: 12.005693
2026-07-26 13:53:02,110 - Evaluate - INFO - ASR Module... Epoch: 0, RSS: 5.64 GB
2026-07-26 13:53:02,110 - Evaluate - INFO - ASR... Epoch: 0, Walltime: 3.105762 CPU time: 17.417307
2026-07-26 13:53:04,908 - Evaluate - INFO - ASR Module... Epoch: 0, RSS: 5.64 GB
2026-07-26 13:53:04,908 - Evaluate - INFO - ASR... Epoch: 0, Walltime: 2.793897 CPU time: 15.705035
2026-07-26 13:53:07,457 - Evaluate - INFO - ASR Module... Epoch: 0, RSS: 5.64 GB
2026-07-26 13:53:07,458 - Evaluate - INFO - ASR... Epoch: 0, Walltime: 2.545746 CPU time: 14.236584
2026-07-26 13:53:10,140 - Evaluate - INFO - ASR Module... Epoch: 0, RSS: 5.64 GB
2026-07-26 13:53:10,141 - Evaluate - INFO - ASR... Epoch: 0, Walltime: 2.679015 CPU time: 15.027526
2026-07-26 13:53:13,881 - Evaluate - INFO - ASR Module... Epoch: 0, RSS: 5.64 GB
2026-07-26 13:53:13,882 - Evaluate - INFO - ASR... Epoch: 0, Walltime: 3.736463 CPU time: 21.265280
2026-07-26 13:53:16,926 - Evaluate - INFO - ASR Module... Epoch: 0, RSS: 5.64 GB
2026-07-26 13:53:16,926 - Evaluate - INFO - ASR... Epoch: 0, Walltime: 3.039541 CPU time: 17.341108
2026-07-26 13:53:19,725 - Evaluate - INFO - ASR Module... Epoch: 0, RSS: 5.64 GB
2026-07-26 13:53:19,725 - Evaluate - INFO - ASR... Epoch: 0, Walltime: 2.794900 CPU time: 15.668610
2026-07-26 13:53:23,027 - Evaluate - INFO - ASR Module... Epoch: 0, RSS: 5.64 GB
2026-07-26 13:53:23,028 - Evaluate - INFO - ASR... Epoch: 0, Walltime: 3.297127 CPU time: 18.692230
2026-07-26 13:53:26,358 - Evaluate - INFO - ASR Module... Epoch: 0, RSS: 5.64 GB
2026-07-26 13:53:26,359 - Evaluate - INFO - ASR... Epoch: 0, Walltime: 3.326167 CPU time: 18.782568
2026-07-26 13:53:29,577 - Evaluate - INFO - ASR Module... Epoch: 0, RSS: 5.64 GB
2026-07-26 13:53:29,578 - Evaluate - INFO - ASR... Epoch: 0, Walltime: 3.214177 CPU time: 18.348575
2026-07-26 13:53:31,911 - Evaluate - INFO - ASR Module... Epoch: 0, RSS: 5.64 GB
2026-07-26 13:53:31,912 - Evaluate - INFO - ASR... Epoch: 0, Walltime: 2.330117 CPU time: 13.308715
2026-07-26 13:53:34,685 - Evaluate - INFO - ASR Module... Epoch: 0, RSS: 5.64 GB
2026-07-26 13:53:34,686 - Evaluate - INFO - ASR... Epoch: 0, Walltime: 2.770320 CPU time: 15.832818
2026-07-26 13:53:37,073 - Evaluate - INFO - ASR Module... Epoch: 0, RSS: 5.64 GB
2026-07-26 13:53:37,074 - Evaluate - INFO - ASR... Epoch: 0, Walltime: 2.383480 CPU time: 13.364634
2026-07-26 13:53:39,531 - Evaluate - INFO - ASR Module... Epoch: 0, RSS: 5.64 GB
2026-07-26 13:53:39,532 - Evaluate - INFO - ASR... Epoch: 0, Walltime: 2.453837 CPU time: 14.009863
2026-07-26 13:53:43,535 - Evaluate - INFO - ASR Module... Epoch: 0, RSS: 5.64 GB
2026-07-26 13:53:43,536 - Evaluate - INFO - ASR... Epoch: 0, Walltime: 3.999357 CPU time: 22.630913
2026-07-26 13:53:46,856 - Evaluate - INFO - ASR Module... Epoch: 0, RSS: 5.64 GB
2026-07-26 13:53:46,856 - Evaluate - INFO - ASR... Epoch: 0, Walltime: 3.315414 CPU time: 18.719495
2026-07-26 13:53:49,158 - Evaluate - INFO - ASR Module... Epoch: 0, RSS: 5.64 GB
2026-07-26 13:53:49,158 - Evaluate - INFO - ASR... Epoch: 0, Walltime: 2.298076 CPU time: 13.302224
2026-07-26 13:53:52,767 - Evaluate - INFO - ASR Module... Epoch: 0, RSS: 5.64 GB
2026-07-26 13:53:52,767 - Evaluate - INFO - ASR... Epoch: 0, Walltime: 3.604409 CPU time: 20.113492
2026-07-26 13:53:55,501 - Evaluate - INFO - ASR Module... Epoch: 0, RSS: 5.64 GB
2026-07-26 13:53:55,502 - Evaluate - INFO - ASR... Epoch: 0, Walltime: 2.730371 CPU time: 15.420197
2026-07-26 13:53:59,459 - Evaluate - INFO - ASR Module... Epoch: 0, RSS: 5.63 GB
2026-07-26 13:53:59,460 - Evaluate - INFO - ASR... Epoch: 0, Walltime: 3.953070 CPU time: 21.708862
2026-07-26 13:54:03,391 - Evaluate - INFO - ASR Module... Epoch: 0, RSS: 5.63 GB
2026-07-26 13:54:03,391 - Evaluate - INFO - ASR... Epoch: 0, Walltime: 3.926767 CPU time: 21.918609
2026-07-26 13:54:06,324 - Evaluate - INFO - ASR Module... Epoch: 0, RSS: 5.63 GB
2026-07-26 13:54:06,325 - Evaluate - INFO - ASR... Epoch: 0, Walltime: 2.928814 CPU time: 16.701998
2026-07-26 13:54:08,608 - Evaluate - INFO - ASR Module... Epoch: 0, RSS: 5.63 GB
2026-07-26 13:54:08,608 - Evaluate - INFO - ASR... Epoch: 0, Walltime: 2.279172 CPU time: 12.997791
2026-07-26 13:54:10,667 - Evaluate - INFO - ASR Module... Epoch: 0, RSS: 5.63 GB
2026-07-26 13:54:10,667 - Evaluate - INFO - ASR... Epoch: 0, Walltime: 2.056163 CPU time: 11.820110
2026-07-26 13:54:14,141 - Evaluate - INFO - ASR Module... Epoch: 0, RSS: 5.63 GB
2026-07-26 13:54:14,142 - Evaluate - INFO - ASR... Epoch: 0, Walltime: 3.470228 CPU time: 19.311772
2026-07-26 13:54:16,358 - Evaluate - INFO - ASR Module... Epoch: 0, RSS: 5.63 GB
2026-07-26 13:54:16,359 - Evaluate - INFO - ASR... Epoch: 0, Walltime: 2.212622 CPU time: 12.379298
2026-07-26 13:54:19,009 - Evaluate - INFO - ASR Module... Epoch: 0, RSS: 5.63 GB
2026-07-26 13:54:19,010 - Evaluate - INFO - ASR... Epoch: 0, Walltime: 2.647055 CPU time: 14.514391
2026-07-26 13:54:20,622 - Evaluate - INFO - ASR Module... Epoch: 0, RSS: 5.63 GB
2026-07-26 13:54:20,622 - Evaluate - INFO - ASR... Epoch: 0, Walltime: 1.609324 CPU time: 9.144840
2026-07-26 13:54:21,885 - Evaluate - INFO - ASR Module... Epoch: 0, RSS: 5.63 GB
2026-07-26 13:54:21,886 - Evaluate - INFO - ASR... Epoch: 0, Walltime: 1.260882 CPU time: 7.060071
2026-07-26 13:54:23,669 - Evaluate - INFO - ASR Module... Epoch: 0, RSS: 5.63 GB
2026-07-26 13:54:23,670 - Evaluate - INFO - ASR... Epoch: 0, Walltime: 1.780322 CPU time: 9.932697
2026-07-26 13:54:24,786 - Evaluate - INFO - ASR Module... Epoch: 0, RSS: 5.63 GB
2026-07-26 13:54:24,787 - Evaluate - INFO - ASR... Epoch: 0, Walltime: 1.114621 CPU time: 5.883662
2026-07-26 13:54:27,739 - Evaluate - INFO - ASR Module... Epoch: 0, RSS: 5.63 GB
2026-07-26 13:54:27,741 - Evaluate - INFO - ASR... Epoch: 0, Walltime: 2.949963 CPU time: 15.644657
2026-07-26 13:54:30,436 - Evaluate - INFO - ASR Module... Epoch: 0, RSS: 5.63 GB
2026-07-26 13:54:30,437 - Evaluate - INFO - ASR... Epoch: 0, Walltime: 2.692026 CPU time: 13.897394
2026-07-26 13:54:32,773 - Evaluate - INFO - ASR Module... Epoch: 0, RSS: 5.63 GB
2026-07-26 13:54:32,774 - Evaluate - INFO - ASR... Epoch: 0, Walltime: 2.333513 CPU time: 12.097078
2026-07-26 13:54:35,035 - Evaluate - INFO - ASR Module... Epoch: 0, RSS: 5.63 GB
2026-07-26 13:54:35,036 - Evaluate - INFO - ASR... Epoch: 0, Walltime: 2.256625 CPU time: 12.605370
2026-07-26 13:54:37,069 - Evaluate - INFO - ASR Module... Epoch: 0, RSS: 5.63 GB
2026-07-26 13:54:37,070 - Evaluate - INFO - ASR... Epoch: 0, Walltime: 2.029771 CPU time: 11.386251
2026-07-26 13:54:38,742 - Evaluate - INFO - ASR Module... Epoch: 0, RSS: 5.63 GB
2026-07-26 13:54:38,742 - Evaluate - INFO - ASR... Epoch: 0, Walltime: 1.669612 CPU time: 8.993549
2026-07-26 13:54:40,388 - Evaluate - INFO - ASR Module... Epoch: 0, RSS: 5.63 GB
2026-07-26 13:54:40,388 - Evaluate - INFO - ASR... Epoch: 0, Walltime: 1.642787 CPU time: 9.134998
2026-07-26 13:54:41,901 - Evaluate - INFO - ASR Module... Epoch: 0, RSS: 5.63 GB
2026-07-26 13:54:41,902 - Evaluate - INFO - ASR... Epoch: 0, Walltime: 1.510015 CPU time: 8.261118
2026-07-26 13:54:43,294 - Evaluate - INFO - ASR Module... Epoch: 0, RSS: 5.63 GB
2026-07-26 13:54:43,295 - Evaluate - INFO - ASR... Epoch: 0, Walltime: 1.389637 CPU time: 7.667927
2026-07-26 13:54:44,683 - Evaluate - INFO - ASR Module... Epoch: 0, RSS: 5.63 GB
2026-07-26 13:54:44,683 - Evaluate - INFO - ASR... Epoch: 0, Walltime: 1.384875 CPU time: 7.938738
2026-07-26 13:54:46,739 - Evaluate - INFO - ASR Module... Epoch: 0, RSS: 5.63 GB
2026-07-26 13:54:46,740 - Evaluate - INFO - ASR... Epoch: 0, Walltime: 2.053064 CPU time: 11.318941
2026-07-26 13:54:48,240 - Evaluate - INFO - ASR Module... Epoch: 0, RSS: 5.63 GB
2026-07-26 13:54:48,240 - Evaluate - INFO - ASR... Epoch: 0, Walltime: 1.497061 CPU time: 8.681204
2026-07-26 13:54:49,944 - Evaluate - INFO - ASR Module... Epoch: 0, RSS: 5.63 GB
2026-07-26 13:54:49,944 - Evaluate - INFO - ASR... Epoch: 0, Walltime: 1.700924 CPU time: 9.433183
2026-07-26 13:54:51,537 - Evaluate - INFO - ASR Module... Epoch: 0, RSS: 5.63 GB
2026-07-26 13:54:51,537 - Evaluate - INFO - ASR... Epoch: 0, Walltime: 1.590809 CPU time: 8.934024
2026-07-26 13:54:53,253 - Evaluate - INFO - ASR Module... Epoch: 0, RSS: 5.63 GB
2026-07-26 13:54:53,254 - Evaluate - INFO - ASR... Epoch: 0, Walltime: 1.712688 CPU time: 9.565947
2026-07-26 13:54:54,516 - Evaluate - INFO - ASR Module... Epoch: 0, RSS: 5.63 GB
2026-07-26 13:54:54,516 - Evaluate - INFO - ASR... Epoch: 0, Walltime: 1.259588 CPU time: 6.670557
2026-07-26 13:54:56,231 - Evaluate - INFO - ASR Module... Epoch: 0, RSS: 5.63 GB
2026-07-26 13:54:56,232 - Evaluate - INFO - ASR... Epoch: 0, Walltime: 1.713311 CPU time: 9.272698
2026-07-26 13:54:57,618 - Evaluate - INFO - ASR Module... Epoch: 0, RSS: 5.63 GB
2026-07-26 13:54:57,619 - Evaluate - INFO - ASR... Epoch: 0, Walltime: 1.384256 CPU time: 7.837782
2026-07-26 13:54:59,070 - Evaluate - INFO - ASR Module... Epoch: 0, RSS: 5.63 GB
2026-07-26 13:54:59,071 - Evaluate - INFO - ASR... Epoch: 0, Walltime: 1.448938 CPU time: 7.856879
2026-07-26 13:55:00,767 - Evaluate - INFO - ASR Module... Epoch: 0, RSS: 5.63 GB
2026-07-26 13:55:00,768 - Evaluate - INFO - ASR... Epoch: 0, Walltime: 1.694300 CPU time: 9.240418
2026-07-26 13:55:02,699 - Evaluate - INFO - ASR Module... Epoch: 0, RSS: 5.63 GB
2026-07-26 13:55:02,700 - Evaluate - INFO - ASR... Epoch: 0, Walltime: 1.928711 CPU time: 10.664585
2026-07-26 13:55:04,712 - Evaluate - INFO - ASR Module... Epoch: 0, RSS: 5.63 GB
2026-07-26 13:55:04,712 - Evaluate - INFO - ASR... Epoch: 0, Walltime: 2.008906 CPU time: 11.245254
2026-07-26 13:55:05,933 - Evaluate - INFO - ASR Module... Epoch: 0, RSS: 5.63 GB
2026-07-26 13:55:05,934 - Evaluate - INFO - ASR... Epoch: 0, Walltime: 1.218693 CPU time: 6.920164
2026-07-26 13:55:07,203 - Evaluate - INFO - ASR Module... Epoch: 0, RSS: 5.63 GB
2026-07-26 13:55:07,204 - Evaluate - INFO - ASR... Epoch: 0, Walltime: 1.266995 CPU time: 7.006915
2026-07-26 13:55:08,874 - Evaluate - INFO - ASR Module... Epoch: 0, RSS: 5.63 GB
2026-07-26 13:55:08,875 - Evaluate - INFO - ASR... Epoch: 0, Walltime: 1.667001 CPU time: 9.129470
2026-07-26 13:55:10,528 - Evaluate - INFO - ASR Module... Epoch: 0, RSS: 5.63 GB
2026-07-26 13:55:10,529 - Evaluate - INFO - ASR... Epoch: 0, Walltime: 1.650571 CPU time: 8.979997
2026-07-26 13:55:11,871 - Evaluate - INFO - ASR Module... Epoch: 0, RSS: 5.63 GB
2026-07-26 13:55:11,872 - Evaluate - INFO - ASR... Epoch: 0, Walltime: 1.340132 CPU time: 7.406223
2026-07-26 13:55:13,105 - Evaluate - INFO - ASR Module... Epoch: 0, RSS: 5.63 GB
2026-07-26 13:55:13,106 - Evaluate - INFO - ASR... Epoch: 0, Walltime: 1.231644 CPU time: 6.850545
2026-07-26 13:55:14,532 - Evaluate - INFO - ASR Module... Epoch: 0, RSS: 5.63 GB
2026-07-26 13:55:14,533 - Evaluate - INFO - ASR... Epoch: 0, Walltime: 1.423930 CPU time: 7.910009
2026-07-26 13:55:16,183 - Evaluate - INFO - ASR Module... Epoch: 0, RSS: 5.63 GB
2026-07-26 13:55:16,194 - Evaluate - INFO - ASR... Epoch: 0, Walltime: 1.648028 CPU time: 9.022653
2026-07-26 13:55:17,803 - Evaluate - INFO - ASR Module... Epoch: 0, RSS: 5.63 GB
2026-07-26 13:55:17,803 - Evaluate - INFO - ASR... Epoch: 0, Walltime: 1.606426 CPU time: 8.871093
2026-07-26 13:55:19,390 - Evaluate - INFO - ASR Module... Epoch: 0, RSS: 5.63 GB
2026-07-26 13:55:19,390 - Evaluate - INFO - ASR... Epoch: 0, Walltime: 1.583689 CPU time: 8.834991
2026-07-26 13:55:21,010 - Evaluate - INFO - ASR Module... Epoch: 0, RSS: 5.63 GB
2026-07-26 13:55:21,011 - Evaluate - INFO - ASR... Epoch: 0, Walltime: 1.617225 CPU time: 9.273778
2026-07-26 13:55:22,673 - Evaluate - INFO - ASR Module... Epoch: 0, RSS: 5.63 GB
2026-07-26 13:55:22,674 - Evaluate - INFO - ASR... Epoch: 0, Walltime: 1.659888 CPU time: 8.922172
2026-07-26 13:55:24,483 - Evaluate - INFO - ASR Module... Epoch: 0, RSS: 5.63 GB
2026-07-26 13:55:24,483 - Evaluate - INFO - ASR... Epoch: 0, Walltime: 1.806259 CPU time: 10.323376
2026-07-26 13:55:26,222 - Evaluate - INFO - ASR Module... Epoch: 0, RSS: 5.63 GB
2026-07-26 13:55:26,223 - Evaluate - INFO - ASR... Epoch: 0, Walltime: 1.735943 CPU time: 9.991003
2026-07-26 13:55:27,749 - Evaluate - INFO - ASR Module... Epoch: 0, RSS: 5.63 GB
2026-07-26 13:55:27,750 - Evaluate - INFO - ASR... Epoch: 0, Walltime: 1.523808 CPU time: 8.343712
2026-07-26 13:55:29,001 - Evaluate - INFO - ASR Module... Epoch: 0, RSS: 5.63 GB
2026-07-26 13:55:29,002 - Evaluate - INFO - ASR... Epoch: 0, Walltime: 1.249723 CPU time: 6.614218
2026-07-26 13:55:30,744 - Evaluate - INFO - ASR Module... Epoch: 0, RSS: 5.63 GB
2026-07-26 13:55:30,744 - Evaluate - INFO - ASR... Epoch: 0, Walltime: 1.739170 CPU time: 9.312066
2026-07-26 13:55:32,616 - Evaluate - INFO - ASR Module... Epoch: 0, RSS: 5.63 GB
2026-07-26 13:55:32,617 - Evaluate - INFO - ASR... Epoch: 0, Walltime: 1.869207 CPU time: 10.513508
2026-07-26 13:55:34,529 - Evaluate - INFO - ASR Module... Epoch: 0, RSS: 5.63 GB
2026-07-26 13:55:34,529 - Evaluate - INFO - ASR... Epoch: 0, Walltime: 1.909416 CPU time: 10.197513
2026-07-26 13:55:35,793 - Evaluate - INFO - ASR Module... Epoch: 0, RSS: 5.63 GB
2026-07-26 13:55:35,793 - Evaluate - INFO - ASR... Epoch: 0, Walltime: 1.261662 CPU time: 6.876592
2026-07-26 13:55:37,661 - Evaluate - INFO - ASR Module... Epoch: 0, RSS: 5.63 GB
2026-07-26 13:55:37,662 - Evaluate - INFO - ASR... Epoch: 0, Walltime: 1.865567 CPU time: 9.793017
2026-07-26 13:55:39,323 - Evaluate - INFO - ASR Module... Epoch: 0, RSS: 5.63 GB
2026-07-26 13:55:39,323 - Evaluate - INFO - ASR... Epoch: 0, Walltime: 1.658714 CPU time: 9.193382
2026-07-26 13:55:40,764 - Evaluate - INFO - ASR Module... Epoch: 0, RSS: 5.63 GB
2026-07-26 13:55:40,765 - Evaluate - INFO - ASR... Epoch: 0, Walltime: 1.438500 CPU time: 7.903076
2026-07-26 13:55:42,135 - Evaluate - INFO - ASR Module... Epoch: 0, RSS: 5.63 GB
2026-07-26 13:55:42,136 - Evaluate - INFO - ASR... Epoch: 0, Walltime: 1.368703 CPU time: 7.657624
2026-07-26 13:55:44,499 - Evaluate - INFO - ASR Module... Epoch: 0, RSS: 5.63 GB
2026-07-26 13:55:44,500 - Evaluate - INFO - ASR... Epoch: 0, Walltime: 2.360374 CPU time: 13.243853
2026-07-26 13:55:46,374 - Evaluate - INFO - ASR Module... Epoch: 0, RSS: 5.63 GB
2026-07-26 13:55:46,375 - Evaluate - INFO - ASR... Epoch: 0, Walltime: 1.871464 CPU time: 10.026637
2026-07-26 13:55:48,534 - Evaluate - INFO - ASR Module... Epoch: 0, RSS: 5.63 GB
2026-07-26 13:55:48,535 - Evaluate - INFO - ASR... Epoch: 0, Walltime: 2.155890 CPU time: 11.481229
2026-07-26 13:55:50,047 - Evaluate - INFO - ASR Module... Epoch: 0, RSS: 5.63 GB
2026-07-26 13:55:50,048 - Evaluate - INFO - ASR... Epoch: 0, Walltime: 1.508770 CPU time: 8.566625
2026-07-26 13:55:52,051 - Evaluate - INFO - ASR Module... Epoch: 0, RSS: 5.63 GB
2026-07-26 13:55:52,052 - Evaluate - INFO - ASR... Epoch: 0, Walltime: 1.999937 CPU time: 11.014569
2026-07-26 13:55:54,947 - Evaluate - INFO - ASR Module... Epoch: 0, RSS: 5.63 GB
2026-07-26 13:55:54,948 - Evaluate - INFO - ASR... Epoch: 0, Walltime: 2.891007 CPU time: 15.745227
2026-07-26 13:55:56,537 - Evaluate - INFO - ASR Module... Epoch: 0, RSS: 5.63 GB
2026-07-26 13:55:56,538 - Evaluate - INFO - ASR... Epoch: 0, Walltime: 1.586385 CPU time: 8.372566
2026-07-26 13:55:58,561 - Evaluate - INFO - ASR Module... Epoch: 0, RSS: 5.63 GB
2026-07-26 13:55:58,562 - Evaluate - INFO - ASR... Epoch: 0, Walltime: 2.020489 CPU time: 10.303950
2026-07-26 13:56:00,178 - Evaluate - INFO - ASR Module... Epoch: 0, RSS: 5.63 GB
2026-07-26 13:56:00,178 - Evaluate - INFO - ASR... Epoch: 0, Walltime: 1.612971 CPU time: 9.245105
2026-07-26 13:56:03,081 - Evaluate - INFO - ASR Module... Epoch: 0, RSS: 5.63 GB
2026-07-26 13:56:03,082 - Evaluate - INFO - ASR... Epoch: 0, Walltime: 2.898532 CPU time: 15.575510
2026-07-26 13:56:05,493 - Evaluate - INFO - ASR Module... Epoch: 0, RSS: 5.63 GB
2026-07-26 13:56:05,494 - Evaluate - INFO - ASR... Epoch: 0, Walltime: 2.407088 CPU time: 12.882459
2026-07-26 13:56:07,580 - Evaluate - INFO - ASR Module... Epoch: 0, RSS: 5.63 GB
2026-07-26 13:56:07,581 - Evaluate - INFO - ASR... Epoch: 0, Walltime: 2.083156 CPU time: 11.033173
2026-07-26 13:56:09,526 - Evaluate - INFO - ASR Module... Epoch: 0, RSS: 5.63 GB
2026-07-26 13:56:09,527 - Evaluate - INFO - ASR... Epoch: 0, Walltime: 1.942102 CPU time: 10.298646
2026-07-26 13:56:10,841 - Evaluate - INFO - ASR Module... Epoch: 0, RSS: 5.63 GB
2026-07-26 13:56:10,841 - Evaluate - INFO - ASR... Epoch: 0, Walltime: 1.311304 CPU time: 7.326156
2026-07-26 13:56:11,735 - Evaluate - INFO - ASR Module... Epoch: 0, RSS: 5.63 GB
2026-07-26 13:56:11,735 - Evaluate - INFO - ASR... Epoch: 0, Walltime: 0.892106 CPU time: 4.987346
2026-07-26 13:56:14,429 - Evaluate - INFO - ASR Module... Epoch: 0, RSS: 5.63 GB
2026-07-26 13:56:14,430 - Evaluate - INFO - ASR... Epoch: 0, Walltime: 2.691178 CPU time: 14.024482
2026-07-26 13:56:16,715 - Evaluate - INFO - ASR Module... Epoch: 0, RSS: 5.63 GB
2026-07-26 13:56:16,715 - Evaluate - INFO - ASR... Epoch: 0, Walltime: 2.281357 CPU time: 12.284473
2026-07-26 13:56:19,386 - Evaluate - INFO - ASR Module... Epoch: 0, RSS: 5.63 GB
2026-07-26 13:56:19,387 - Evaluate - INFO - ASR... Epoch: 0, Walltime: 2.668124 CPU time: 13.836052
2026-07-26 13:56:20,950 - Evaluate - INFO - ASR Module... Epoch: 0, RSS: 5.63 GB
2026-07-26 13:56:20,951 - Evaluate - INFO - ASR... Epoch: 0, Walltime: 1.559989 CPU time: 8.808643
2026-07-26 13:56:23,867 - Evaluate - INFO - ASR Module... Epoch: 0, RSS: 5.63 GB
2026-07-26 13:56:23,868 - Evaluate - INFO - ASR... Epoch: 0, Walltime: 2.913386 CPU time: 15.840554
2026-07-26 13:56:26,407 - Evaluate - INFO - ASR Module... Epoch: 0, RSS: 5.63 GB
2026-07-26 13:56:26,407 - Evaluate - INFO - ASR... Epoch: 0, Walltime: 2.536063 CPU time: 14.393276
2026-07-26 13:56:29,349 - Evaluate - INFO - ASR Module... Epoch: 0, RSS: 5.63 GB
2026-07-26 13:56:29,350 - Evaluate - INFO - ASR... Epoch: 0, Walltime: 2.938005 CPU time: 16.869443
2026-07-26 13:56:31,389 - Evaluate - INFO - ASR Module... Epoch: 0, RSS: 5.63 GB
2026-07-26 13:56:31,389 - Evaluate - INFO - ASR... Epoch: 0, Walltime: 2.036689 CPU time: 11.254770
2026-07-26 13:56:33,407 - Evaluate - INFO - ASR Module... Epoch: 0, RSS: 5.63 GB
2026-07-26 13:56:33,407 - Evaluate - INFO - ASR... Epoch: 0, Walltime: 2.014225 CPU time: 11.544374
2026-07-26 13:56:36,081 - Evaluate - INFO - ASR Module... Epoch: 0, RSS: 5.63 GB
2026-07-26 13:56:36,082 - Evaluate - INFO - ASR... Epoch: 0, Walltime: 2.670413 CPU time: 14.797004
2026-07-26 13:56:38,323 - Evaluate - INFO - ASR Module... Epoch: 0, RSS: 5.63 GB
2026-07-26 13:56:38,324 - Evaluate - INFO - ASR... Epoch: 0, Walltime: 2.238842 CPU time: 12.581868
2026-07-26 13:56:42,424 - Evaluate - INFO - ASR Module... Epoch: 0, RSS: 5.63 GB
2026-07-26 13:56:42,424 - Evaluate - INFO - ASR... Epoch: 0, Walltime: 4.095909 CPU time: 22.321049
2026-07-26 13:56:45,282 - Evaluate - INFO - ASR Module... Epoch: 0, RSS: 5.63 GB
2026-07-26 13:56:45,283 - Evaluate - INFO - ASR... Epoch: 0, Walltime: 2.854279 CPU time: 16.471243
2026-07-26 13:56:48,879 - Evaluate - INFO - ASR Module... Epoch: 0, RSS: 5.63 GB
2026-07-26 13:56:48,880 - Evaluate - INFO - ASR... Epoch: 0, Walltime: 3.590781 CPU time: 20.367987
2026-07-26 13:56:51,748 - Evaluate - INFO - ASR Module... Epoch: 0, RSS: 5.63 GB
2026-07-26 13:56:51,749 - Evaluate - INFO - ASR... Epoch: 0, Walltime: 2.864353 CPU time: 16.282507
2026-07-26 13:56:54,036 - Evaluate - INFO - ASR Module... Epoch: 0, RSS: 5.63 GB
2026-07-26 13:56:54,037 - Evaluate - INFO - ASR... Epoch: 0, Walltime: 2.282809 CPU time: 12.982155
2026-07-26 13:56:57,919 - Evaluate - INFO - ASR Module... Epoch: 0, RSS: 5.63 GB
2026-07-26 13:56:57,919 - Evaluate - INFO - ASR... Epoch: 0, Walltime: 3.877428 CPU time: 22.464424
2026-07-26 13:56:59,842 - Evaluate - INFO - ASR Module... Epoch: 0, RSS: 5.63 GB
2026-07-26 13:56:59,842 - Evaluate - INFO - ASR... Epoch: 0, Walltime: 1.919424 CPU time: 11.122770
2026-07-26 13:57:03,116 - Evaluate - INFO - ASR Module... Epoch: 0, RSS: 5.63 GB
2026-07-26 13:57:03,117 - Evaluate - INFO - ASR... Epoch: 0, Walltime: 3.270451 CPU time: 18.495269
2026-07-26 13:57:05,254 - Evaluate - INFO - ASR Module... Epoch: 0, RSS: 5.63 GB
2026-07-26 13:57:05,255 - Evaluate - INFO - ASR... Epoch: 0, Walltime: 2.133968 CPU time: 12.428697
2026-07-26 13:57:07,741 - Evaluate - INFO - ASR Module... Epoch: 0, RSS: 5.63 GB
2026-07-26 13:57:07,741 - Evaluate - INFO - ASR... Epoch: 0, Walltime: 2.483245 CPU time: 14.101983
2026-07-26 13:57:09,152 - Evaluate - INFO - ASR Module... Epoch: 0, RSS: 5.63 GB
2026-07-26 13:57:09,153 - Evaluate - INFO - ASR... Epoch: 0, Walltime: 1.408918 CPU time: 8.074488
2026-07-26 13:57:10,776 - Evaluate - INFO - ASR Module... Epoch: 0, RSS: 5.63 GB
2026-07-26 13:57:10,777 - Evaluate - INFO - ASR... Epoch: 0, Walltime: 1.620312 CPU time: 9.092782
2026-07-26 13:57:12,391 - Evaluate - INFO - ASR Module... Epoch: 0, RSS: 5.63 GB
2026-07-26 13:57:12,391 - Evaluate - INFO - ASR... Epoch: 0, Walltime: 1.611285 CPU time: 9.034342
2026-07-26 13:57:14,471 - Evaluate - INFO - ASR Module... Epoch: 0, RSS: 5.63 GB
2026-07-26 13:57:14,472 - Evaluate - INFO - ASR... Epoch: 0, Walltime: 2.077126 CPU time: 11.571205
2026-07-26 13:57:17,206 - Evaluate - INFO - ASR Module... Epoch: 0, RSS: 5.63 GB
2026-07-26 13:57:17,207 - Evaluate - INFO - ASR... Epoch: 0, Walltime: 2.730099 CPU time: 15.630770
2026-07-26 13:57:19,961 - Evaluate - INFO - ASR Module... Epoch: 0, RSS: 5.63 GB
2026-07-26 13:57:19,962 - Evaluate - INFO - ASR... Epoch: 0, Walltime: 2.750304 CPU time: 15.354290
2026-07-26 13:57:23,614 - Evaluate - INFO - ASR Module... Epoch: 0, RSS: 5.63 GB
2026-07-26 13:57:23,615 - Evaluate - INFO - ASR... Epoch: 0, Walltime: 3.647705 CPU time: 20.959342
2026-07-26 13:57:26,431 - Evaluate - INFO - ASR Module... Epoch: 0, RSS: 5.63 GB
2026-07-26 13:57:26,432 - Evaluate - INFO - ASR... Epoch: 0, Walltime: 2.812973 CPU time: 16.563498
2026-07-26 13:57:29,241 - Evaluate - INFO - ASR Module... Epoch: 0, RSS: 5.63 GB
2026-07-26 13:57:29,241 - Evaluate - INFO - ASR... Epoch: 0, Walltime: 2.804922 CPU time: 16.203010
2026-07-26 13:57:31,567 - Evaluate - INFO - ASR Module... Epoch: 0, RSS: 5.63 GB
2026-07-26 13:57:31,567 - Evaluate - INFO - ASR... Epoch: 0, Walltime: 2.321971 CPU time: 13.421732
2026-07-26 13:57:33,409 - Evaluate - INFO - ASR Module... Epoch: 0, RSS: 5.63 GB
2026-07-26 13:57:33,409 - Evaluate - INFO - ASR... Epoch: 0, Walltime: 1.839166 CPU time: 10.375813
2026-07-26 13:57:35,030 - Evaluate - INFO - ASR Module... Epoch: 0, RSS: 5.63 GB
2026-07-26 13:57:35,030 - Evaluate - INFO - ASR... Epoch: 0, Walltime: 1.618320 CPU time: 9.113123
2026-07-26 13:57:36,925 - Evaluate - INFO - ASR Module... Epoch: 0, RSS: 5.63 GB
2026-07-26 13:57:36,926 - Evaluate - INFO - ASR... Epoch: 0, Walltime: 1.891726 CPU time: 10.214332
2026-07-26 13:57:38,419 - Evaluate - INFO - ASR Module... Epoch: 0, RSS: 5.63 GB
2026-07-26 13:57:38,419 - Evaluate - INFO - ASR... Epoch: 0, Walltime: 1.490334 CPU time: 8.438898
2026-07-26 13:57:39,642 - Evaluate - INFO - ASR Module... Epoch: 0, RSS: 5.63 GB
2026-07-26 13:57:39,643 - Evaluate - INFO - ASR... Epoch: 0, Walltime: 1.220527 CPU time: 6.958869
2026-07-26 13:57:41,357 - Evaluate - INFO - ASR Module... Epoch: 0, RSS: 5.63 GB
2026-07-26 13:57:41,357 - Evaluate - INFO - ASR... Epoch: 0, Walltime: 1.711709 CPU time: 9.540103
2026-07-26 13:57:43,044 - Evaluate - INFO - ASR Module... Epoch: 0, RSS: 5.63 GB
2026-07-26 13:57:43,045 - Evaluate - INFO - ASR... Epoch: 0, Walltime: 1.684286 CPU time: 9.661573
2026-07-26 13:57:44,296 - Evaluate - INFO - ASR Module... Epoch: 0, RSS: 5.63 GB
2026-07-26 13:57:44,297 - Evaluate - INFO - ASR... Epoch: 0, Walltime: 1.247900 CPU time: 6.902069
2026-07-26 13:57:45,444 - Evaluate - INFO - ASR Module... Epoch: 0, RSS: 5.63 GB
2026-07-26 13:57:45,445 - Evaluate - INFO - ASR... Epoch: 0, Walltime: 1.145129 CPU time: 6.660174
2026-07-26 13:57:47,685 - Evaluate - INFO - ASR Module... Epoch: 0, RSS: 5.63 GB
2026-07-26 13:57:47,686 - Evaluate - INFO - ASR... Epoch: 0, Walltime: 2.236430 CPU time: 12.853034
2026-07-26 13:57:50,862 - Evaluate - INFO - ASR Module... Epoch: 0, RSS: 5.63 GB
2026-07-26 13:57:50,863 - Evaluate - INFO - ASR... Epoch: 0, Walltime: 3.173096 CPU time: 16.982945
2026-07-26 13:57:51,826 - Evaluate - INFO - ASR Module... Epoch: 0, RSS: 5.63 GB
2026-07-26 13:57:51,826 - Evaluate - INFO - ASR... Epoch: 0, Walltime: 0.960311 CPU time: 5.558137
2026-07-26 13:57:54,787 - Evaluate - INFO - ASR Module... Epoch: 0, RSS: 5.63 GB
2026-07-26 13:57:54,787 - Evaluate - INFO - ASR... Epoch: 0, Walltime: 2.957706 CPU time: 17.089458
2026-07-26 13:57:56,314 - Evaluate - INFO - ASR Module... Epoch: 0, RSS: 5.63 GB
2026-07-26 13:57:56,315 - Evaluate - INFO - ASR... Epoch: 0, Walltime: 1.524077 CPU time: 8.571031
2026-07-26 13:57:57,310 - Evaluate - INFO - ASR Module... Epoch: 0, RSS: 5.63 GB
2026-07-26 13:57:57,311 - Evaluate - INFO - ASR... Epoch: 0, Walltime: 0.993361 CPU time: 5.735984
2026-07-26 13:57:58,413 - Evaluate - INFO - ASR Module... Epoch: 0, RSS: 5.63 GB
2026-07-26 13:57:58,414 - Evaluate - INFO - ASR... Epoch: 0, Walltime: 1.100714 CPU time: 6.219738
2026-07-26 13:57:59,802 - Evaluate - INFO - ASR Module... Epoch: 0, RSS: 5.63 GB
2026-07-26 13:57:59,803 - Evaluate - INFO - ASR... Epoch: 0, Walltime: 1.386492 CPU time: 8.116018
2026-07-26 13:58:02,341 - Evaluate - INFO - ASR Module... Epoch: 0, RSS: 5.63 GB
2026-07-26 13:58:02,342 - Evaluate - INFO - ASR... Epoch: 0, Walltime: 2.533891 CPU time: 14.386981
2026-07-26 13:58:04,407 - Evaluate - INFO - ASR Module... Epoch: 0, RSS: 5.63 GB
2026-07-26 13:58:04,408 - Evaluate - INFO - ASR... Epoch: 0, Walltime: 2.062386 CPU time: 11.777581
2026-07-26 13:58:06,184 - Evaluate - INFO - ASR Module... Epoch: 0, RSS: 5.63 GB
2026-07-26 13:58:06,185 - Evaluate - INFO - ASR... Epoch: 0, Walltime: 1.774117 CPU time: 9.820049
2026-07-26 13:58:08,363 - Evaluate - INFO - ASR Module... Epoch: 0, RSS: 5.63 GB
2026-07-26 13:58:08,364 - Evaluate - INFO - ASR... Epoch: 0, Walltime: 2.174215 CPU time: 11.950647
2026-07-26 13:58:10,777 - Evaluate - INFO - ASR Module... Epoch: 0, RSS: 5.63 GB
2026-07-26 13:58:10,778 - Evaluate - INFO - ASR... Epoch: 0, Walltime: 2.410152 CPU time: 13.446653
2026-07-26 13:58:13,056 - Evaluate - INFO - ASR Module... Epoch: 0, RSS: 5.63 GB
2026-07-26 13:58:13,057 - Evaluate - INFO - ASR... Epoch: 0, Walltime: 2.275461 CPU time: 12.957391
2026-07-26 13:58:15,037 - Evaluate - INFO - ASR Module... Epoch: 0, RSS: 5.63 GB
2026-07-26 13:58:15,037 - Evaluate - INFO - ASR... Epoch: 0, Walltime: 1.976314 CPU time: 11.359413
2026-07-26 13:58:17,386 - Evaluate - INFO - ASR Module... Epoch: 0, RSS: 5.63 GB
2026-07-26 13:58:17,387 - Evaluate - INFO - ASR... Epoch: 0, Walltime: 2.345447 CPU time: 13.444946
2026-07-26 13:58:18,825 - Evaluate - INFO - ASR Module... Epoch: 0, RSS: 5.63 GB
2026-07-26 13:58:18,826 - Evaluate - INFO - ASR... Epoch: 0, Walltime: 1.435047 CPU time: 7.804775
2026-07-26 13:58:19,900 - Evaluate - INFO - ASR Module... Epoch: 0, RSS: 5.63 GB
2026-07-26 13:58:19,900 - Evaluate - INFO - ASR... Epoch: 0, Walltime: 1.071790 CPU time: 6.222423
2026-07-26 13:58:22,003 - Evaluate - INFO - ASR Module... Epoch: 0, RSS: 5.63 GB
2026-07-26 13:58:22,003 - Evaluate - INFO - ASR... Epoch: 0, Walltime: 2.098876 CPU time: 11.424434
2026-07-26 13:58:23,495 - Evaluate - INFO - ASR Module... Epoch: 0, RSS: 5.63 GB
2026-07-26 13:58:23,495 - Evaluate - INFO - ASR... Epoch: 0, Walltime: 1.488805 CPU time: 8.098245
2026-07-26 13:58:25,094 - Evaluate - INFO - ASR Module... Epoch: 0, RSS: 5.63 GB
2026-07-26 13:58:25,095 - Evaluate - INFO - ASR... Epoch: 0, Walltime: 1.596485 CPU time: 8.712016
2026-07-26 13:58:26,456 - Evaluate - INFO - ASR Module... Epoch: 0, RSS: 5.63 GB
2026-07-26 13:58:26,456 - Evaluate - INFO - ASR... Epoch: 0, Walltime: 1.358720 CPU time: 7.298557
2026-07-26 13:58:28,041 - Evaluate - INFO - ASR Module... Epoch: 0, RSS: 5.63 GB
2026-07-26 13:58:28,042 - Evaluate - INFO - ASR... Epoch: 0, Walltime: 1.582152 CPU time: 8.702491
2026-07-26 13:58:29,606 - Evaluate - INFO - ASR Module... Epoch: 0, RSS: 5.63 GB
2026-07-26 13:58:29,606 - Evaluate - INFO - ASR... Epoch: 0, Walltime: 1.562241 CPU time: 8.619390
2026-07-26 13:58:32,524 - Evaluate - INFO - ASR Module... Epoch: 0, RSS: 5.63 GB
2026-07-26 13:58:32,525 - Evaluate - INFO - ASR... Epoch: 0, Walltime: 2.915243 CPU time: 15.749841
2026-07-26 13:58:34,357 - Evaluate - INFO - ASR Module... Epoch: 0, RSS: 5.63 GB
2026-07-26 13:58:34,357 - Evaluate - INFO - ASR... Epoch: 0, Walltime: 1.829177 CPU time: 10.221651
2026-07-26 13:58:36,391 - Evaluate - INFO - ASR Module... Epoch: 0, RSS: 5.63 GB
2026-07-26 13:58:36,392 - Evaluate - INFO - ASR... Epoch: 0, Walltime: 2.031647 CPU time: 10.841330
2026-07-26 13:58:37,760 - Evaluate - INFO - ASR Module... Epoch: 0, RSS: 5.63 GB
2026-07-26 13:58:37,761 - Evaluate - INFO - ASR... Epoch: 0, Walltime: 1.365763 CPU time: 7.506963
2026-07-26 13:58:39,511 - Evaluate - INFO - ASR Module... Epoch: 0, RSS: 5.63 GB
2026-07-26 13:58:39,511 - Evaluate - INFO - ASR... Epoch: 0, Walltime: 1.747241 CPU time: 9.481291
2026-07-26 13:58:41,751 - Evaluate - INFO - ASR Module... Epoch: 0, RSS: 5.63 GB
2026-07-26 13:58:41,752 - Evaluate - INFO - ASR... Epoch: 0, Walltime: 2.237155 CPU time: 11.932268
2026-07-26 13:58:43,156 - Evaluate - INFO - ASR Module... Epoch: 0, RSS: 5.63 GB
2026-07-26 13:58:43,157 - Evaluate - INFO - ASR... Epoch: 0, Walltime: 1.401501 CPU time: 7.816512
2026-07-26 13:58:44,644 - Evaluate - INFO - ASR Module... Epoch: 0, RSS: 5.63 GB
2026-07-26 13:58:44,644 - Evaluate - INFO - ASR... Epoch: 0, Walltime: 1.484994 CPU time: 8.271379
2026-07-26 13:58:45,984 - Evaluate - INFO - ASR Module... Epoch: 0, RSS: 5.63 GB
2026-07-26 13:58:45,985 - Evaluate - INFO - ASR... Epoch: 0, Walltime: 1.338191 CPU time: 7.642443
2026-07-26 13:58:47,518 - Evaluate - INFO - ASR Module... Epoch: 0, RSS: 5.63 GB
2026-07-26 13:58:47,519 - Evaluate - INFO - ASR... Epoch: 0, Walltime: 1.531064 CPU time: 8.259947
2026-07-26 13:58:49,672 - Evaluate - INFO - ASR Module... Epoch: 0, RSS: 5.63 GB
2026-07-26 13:58:49,673 - Evaluate - INFO - ASR... Epoch: 0, Walltime: 2.150478 CPU time: 11.996496
2026-07-26 13:58:51,016 - Evaluate - INFO - ASR Module... Epoch: 0, RSS: 5.63 GB
2026-07-26 13:58:51,017 - Evaluate - INFO - ASR... Epoch: 0, Walltime: 1.341123 CPU time: 7.338791
2026-07-26 13:58:52,966 - Evaluate - INFO - ASR Module... Epoch: 0, RSS: 5.63 GB
2026-07-26 13:58:52,967 - Evaluate - INFO - ASR... Epoch: 0, Walltime: 1.946878 CPU time: 10.884678
2026-07-26 13:58:54,032 - Evaluate - INFO - ASR Module... Epoch: 0, RSS: 5.63 GB
2026-07-26 13:58:54,033 - Evaluate - INFO - ASR... Epoch: 0, Walltime: 1.062717 CPU time: 5.957590
2026-07-26 13:58:56,319 - Evaluate - INFO - ASR Module... Epoch: 0, RSS: 5.63 GB
2026-07-26 13:58:56,320 - Evaluate - INFO - ASR... Epoch: 0, Walltime: 2.283428 CPU time: 12.675657
2026-07-26 13:58:58,146 - Evaluate - INFO - ASR Module... Epoch: 0, RSS: 5.63 GB
2026-07-26 13:58:58,147 - Evaluate - INFO - ASR... Epoch: 0, Walltime: 1.822245 CPU time: 9.946218
2026-07-26 13:58:59,909 - Evaluate - INFO - ASR Module... Epoch: 0, RSS: 5.63 GB
2026-07-26 13:58:59,909 - Evaluate - INFO - ASR... Epoch: 0, Walltime: 1.759227 CPU time: 9.688446
2026-07-26 13:59:01,625 - Evaluate - INFO - ASR Module... Epoch: 0, RSS: 5.63 GB
2026-07-26 13:59:01,626 - Evaluate - INFO - ASR... Epoch: 0, Walltime: 1.713628 CPU time: 9.065286
2026-07-26 13:59:03,390 - Evaluate - INFO - ASR Module... Epoch: 0, RSS: 5.63 GB
2026-07-26 13:59:03,391 - Evaluate - INFO - ASR... Epoch: 0, Walltime: 1.761971 CPU time: 9.391154
2026-07-26 13:59:05,275 - Evaluate - INFO - ASR Module... Epoch: 0, RSS: 5.63 GB
2026-07-26 13:59:05,275 - Evaluate - INFO - ASR... Epoch: 0, Walltime: 1.880606 CPU time: 10.377751
2026-07-26 13:59:08,627 - Evaluate - INFO - ASR Module... Epoch: 0, RSS: 5.63 GB
2026-07-26 13:59:08,627 - Evaluate - INFO - ASR... Epoch: 0, Walltime: 3.347547 CPU time: 18.301731
2026-07-26 13:59:09,859 - Evaluate - INFO - ASR Module... Epoch: 0, RSS: 5.63 GB
2026-07-26 13:59:09,860 - Evaluate - INFO - ASR... Epoch: 0, Walltime: 1.229192 CPU time: 6.847675
2026-07-26 13:59:11,478 - Evaluate - INFO - ASR Module... Epoch: 0, RSS: 5.63 GB
2026-07-26 13:59:11,479 - Evaluate - INFO - ASR... Epoch: 0, Walltime: 1.616009 CPU time: 9.131775
2026-07-26 13:59:14,175 - Evaluate - INFO - ASR Module... Epoch: 0, RSS: 5.63 GB
2026-07-26 13:59:14,176 - Evaluate - INFO - ASR... Epoch: 0, Walltime: 2.693134 CPU time: 14.699749
2026-07-26 13:59:15,379 - Evaluate - INFO - ASR Module... Epoch: 0, RSS: 5.63 GB
2026-07-26 13:59:15,379 - Evaluate - INFO - ASR... Epoch: 0, Walltime: 1.200007 CPU time: 6.874830
2026-07-26 13:59:16,763 - Evaluate - INFO - ASR Module... Epoch: 0, RSS: 5.63 GB
2026-07-26 13:59:16,764 - Evaluate - INFO - ASR... Epoch: 0, Walltime: 1.382600 CPU time: 7.779773
2026-07-26 13:59:18,763 - Evaluate - INFO - ASR Module... Epoch: 0, RSS: 5.63 GB
2026-07-26 13:59:18,764 - Evaluate - INFO - ASR... Epoch: 0, Walltime: 1.995847 CPU time: 11.073699
2026-07-26 13:59:19,631 - Evaluate - INFO - ASR Module... Epoch: 0, RSS: 5.63 GB
2026-07-26 13:59:19,631 - Evaluate - INFO - ASR... Epoch: 0, Walltime: 0.865232 CPU time: 5.029517
2026-07-26 13:59:21,631 - Evaluate - INFO - ASR Module... Epoch: 0, RSS: 5.63 GB
2026-07-26 13:59:21,632 - Evaluate - INFO - ASR... Epoch: 0, Walltime: 1.998284 CPU time: 10.181390
2026-07-26 13:59:25,214 - Evaluate - INFO - ASR Module... Epoch: 0, RSS: 5.63 GB
2026-07-26 13:59:25,215 - Evaluate - INFO - ASR... Epoch: 0, Walltime: 3.578563 CPU time: 19.918697
2026-07-26 13:59:27,344 - Evaluate - INFO - ASR Module... Epoch: 0, RSS: 5.63 GB
2026-07-26 13:59:27,345 - Evaluate - INFO - ASR... Epoch: 0, Walltime: 2.125759 CPU time: 11.472870
2026-07-26 13:59:30,211 - Evaluate - INFO - ASR Module... Epoch: 0, RSS: 5.63 GB
2026-07-26 13:59:30,211 - Evaluate - INFO - ASR... Epoch: 0, Walltime: 2.862092 CPU time: 15.288567
2026-07-26 13:59:32,013 - Evaluate - INFO - ASR Module... Epoch: 0, RSS: 5.63 GB
2026-07-26 13:59:32,014 - Evaluate - INFO - ASR... Epoch: 0, Walltime: 1.798437 CPU time: 9.853260
2026-07-26 13:59:34,461 - Evaluate - INFO - ASR Module... Epoch: 0, RSS: 5.63 GB
2026-07-26 13:59:34,462 - Evaluate - INFO - ASR... Epoch: 0, Walltime: 2.443696 CPU time: 13.398123
2026-07-26 13:59:35,357 - Evaluate - INFO - ASR Module... Epoch: 0, RSS: 5.63 GB
2026-07-26 13:59:35,357 - Evaluate - INFO - ASR... Epoch: 0, Walltime: 0.893378 CPU time: 4.883502
2026-07-26 13:59:37,038 - Evaluate - INFO - ASR Module... Epoch: 0, RSS: 5.63 GB
2026-07-26 13:59:37,038 - Evaluate - INFO - ASR... Epoch: 0, Walltime: 1.677219 CPU time: 9.325794
2026-07-26 13:59:40,266 - Evaluate - INFO - ASR Module... Epoch: 0, RSS: 5.63 GB
2026-07-26 13:59:40,267 - Evaluate - INFO - ASR... Epoch: 0, Walltime: 3.223744 CPU time: 17.539244
2026-07-26 13:59:43,035 - Evaluate - INFO - ASR Module... Epoch: 0, RSS: 5.63 GB
2026-07-26 13:59:43,036 - Evaluate - INFO - ASR... Epoch: 0, Walltime: 2.764396 CPU time: 15.117807
2026-07-26 13:59:44,686 - Evaluate - INFO - ASR Module... Epoch: 0, RSS: 5.63 GB
2026-07-26 13:59:44,687 - Evaluate - INFO - ASR... Epoch: 0, Walltime: 1.647307 CPU time: 9.138764
2026-07-26 13:59:47,115 - Evaluate - INFO - ASR Module... Epoch: 0, RSS: 5.63 GB
2026-07-26 13:59:47,116 - Evaluate - INFO - ASR... Epoch: 0, Walltime: 2.425671 CPU time: 13.262700
2026-07-26 13:59:49,210 - Evaluate - INFO - ASR Module... Epoch: 0, RSS: 5.63 GB
2026-07-26 13:59:49,211 - Evaluate - INFO - ASR... Epoch: 0, Walltime: 2.090957 CPU time: 11.702474
2026-07-26 13:59:51,377 - Evaluate - INFO - ASR Module... Epoch: 0, RSS: 5.63 GB
2026-07-26 13:59:51,377 - Evaluate - INFO - ASR... Epoch: 0, Walltime: 2.163218 CPU time: 11.626345
2026-07-26 13:59:54,635 - Evaluate - INFO - ASR Module... Epoch: 0, RSS: 5.63 GB
2026-07-26 13:59:54,636 - Evaluate - INFO - ASR... Epoch: 0, Walltime: 3.255128 CPU time: 17.767951
2026-07-26 13:59:57,268 - Evaluate - INFO - ASR Module... Epoch: 0, RSS: 5.63 GB
2026-07-26 13:59:57,269 - Evaluate - INFO - ASR... Epoch: 0, Walltime: 2.628349 CPU time: 14.536009
2026-07-26 13:59:58,793 - Evaluate - INFO - ASR Module... Epoch: 0, RSS: 5.63 GB
2026-07-26 13:59:58,794 - Evaluate - INFO - ASR... Epoch: 0, Walltime: 1.521670 CPU time: 8.338648
2026-07-26 14:00:01,272 - Evaluate - INFO - ASR Module... Epoch: 0, RSS: 5.63 GB
2026-07-26 14:00:01,272 - Evaluate - INFO - ASR... Epoch: 0, Walltime: 2.474347 CPU time: 13.431713
2026-07-26 14:00:02,883 - Evaluate - INFO - ASR Module... Epoch: 0, RSS: 5.63 GB
2026-07-26 14:00:02,883 - Evaluate - INFO - ASR... Epoch: 0, Walltime: 1.607572 CPU time: 8.584979
2026-07-26 14:00:04,208 - Evaluate - INFO - ASR Module... Epoch: 0, RSS: 5.63 GB
2026-07-26 14:00:04,209 - Evaluate - INFO - ASR... Epoch: 0, Walltime: 1.322586 CPU time: 7.424281
2026-07-26 14:00:06,658 - Evaluate - INFO - ASR Module... Epoch: 0, RSS: 5.63 GB
2026-07-26 14:00:06,658 - Evaluate - INFO - ASR... Epoch: 0, Walltime: 2.446337 CPU time: 13.772456
2026-07-26 14:00:09,136 - Evaluate - INFO - ASR Module... Epoch: 0, RSS: 5.63 GB
2026-07-26 14:00:09,137 - Evaluate - INFO - ASR... Epoch: 0, Walltime: 2.475547 CPU time: 13.301940
2026-07-26 14:00:10,932 - Evaluate - INFO - ASR Module... Epoch: 0, RSS: 5.63 GB
2026-07-26 14:00:10,933 - Evaluate - INFO - ASR... Epoch: 0, Walltime: 1.792477 CPU time: 9.895317
2026-07-26 14:00:13,637 - Evaluate - INFO - ASR Module... Epoch: 0, RSS: 5.63 GB
2026-07-26 14:00:13,637 - Evaluate - INFO - ASR... Epoch: 0, Walltime: 2.700828 CPU time: 15.009371
2026-07-26 14:00:14,802 - Evaluate - INFO - ASR Module... Epoch: 0, RSS: 5.63 GB
2026-07-26 14:00:14,803 - Evaluate - INFO - ASR... Epoch: 0, Walltime: 1.162850 CPU time: 6.578688
2026-07-26 14:00:16,490 - Evaluate - INFO - ASR Module... Epoch: 0, RSS: 5.63 GB
2026-07-26 14:00:16,491 - Evaluate - INFO - ASR... Epoch: 0, Walltime: 1.685410 CPU time: 9.164287
2026-07-26 14:00:17,827 - Evaluate - INFO - ASR Module... Epoch: 0, RSS: 5.63 GB
2026-07-26 14:00:17,828 - Evaluate - INFO - ASR... Epoch: 0, Walltime: 1.334448 CPU time: 7.177487
2026-07-26 14:00:19,413 - Evaluate - INFO - ASR Module... Epoch: 0, RSS: 5.63 GB
2026-07-26 14:00:19,413 - Evaluate - INFO - ASR... Epoch: 0, Walltime: 1.582630 CPU time: 8.168558
2026-07-26 14:00:20,927 - Evaluate - INFO - ASR Module... Epoch: 0, RSS: 5.63 GB
2026-07-26 14:00:20,928 - Evaluate - INFO - ASR... Epoch: 0, Walltime: 1.511913 CPU time: 8.739932
2026-07-26 14:00:22,608 - Evaluate - INFO - ASR Module... Epoch: 0, RSS: 5.63 GB
2026-07-26 14:00:22,608 - Evaluate - INFO - ASR... Epoch: 0, Walltime: 1.677402 CPU time: 9.412338
2026-07-26 14:00:24,731 - Evaluate - INFO - ASR Module... Epoch: 0, RSS: 5.63 GB
2026-07-26 14:00:24,732 - Evaluate - INFO - ASR... Epoch: 0, Walltime: 2.120975 CPU time: 11.628301
2026-07-26 14:00:25,801 - Evaluate - INFO - ASR Module... Epoch: 0, RSS: 5.63 GB
2026-07-26 14:00:25,802 - Evaluate - INFO - ASR... Epoch: 0, Walltime: 1.066295 CPU time: 6.093917
2026-07-26 14:00:27,053 - Evaluate - INFO - ASR Module... Epoch: 0, RSS: 5.63 GB
2026-07-26 14:00:27,053 - Evaluate - INFO - ASR... Epoch: 0, Walltime: 1.248842 CPU time: 7.366624
2026-07-26 14:00:29,285 - Evaluate - INFO - ASR Module... Epoch: 0, RSS: 5.63 GB
2026-07-26 14:00:29,286 - Evaluate - INFO - ASR... Epoch: 0, Walltime: 2.228870 CPU time: 12.335675
2026-07-26 14:00:31,490 - Evaluate - INFO - ASR Module... Epoch: 0, RSS: 5.63 GB
2026-07-26 14:00:31,491 - Evaluate - INFO - ASR... Epoch: 0, Walltime: 2.200644 CPU time: 12.056362
2026-07-26 14:00:33,336 - Evaluate - INFO - ASR Module... Epoch: 0, RSS: 5.63 GB
2026-07-26 14:00:33,337 - Evaluate - INFO - ASR... Epoch: 0, Walltime: 1.842031 CPU time: 10.257950
2026-07-26 14:00:35,401 - Evaluate - INFO - ASR Module... Epoch: 0, RSS: 5.63 GB
2026-07-26 14:00:35,402 - Evaluate - INFO - ASR... Epoch: 0, Walltime: 2.062097 CPU time: 11.536081
2026-07-26 14:00:37,198 - Evaluate - INFO - ASR Module... Epoch: 0, RSS: 5.63 GB
2026-07-26 14:00:37,198 - Evaluate - INFO - ASR... Epoch: 0, Walltime: 1.793245 CPU time: 9.982309
2026-07-26 14:00:38,903 - Evaluate - INFO - ASR Module... Epoch: 0, RSS: 5.63 GB
2026-07-26 14:00:38,904 - Evaluate - INFO - ASR... Epoch: 0, Walltime: 1.702724 CPU time: 9.418404
2026-07-26 14:00:40,004 - Evaluate - INFO - ASR Module... Epoch: 0, RSS: 5.63 GB
2026-07-26 14:00:40,005 - Evaluate - INFO - ASR... Epoch: 0, Walltime: 1.098844 CPU time: 6.123586
2026-07-26 14:00:41,491 - Evaluate - INFO - ASR Module... Epoch: 0, RSS: 5.63 GB
2026-07-26 14:00:41,492 - Evaluate - INFO - ASR... Epoch: 0, Walltime: 1.484206 CPU time: 8.537721
2026-07-26 14:00:43,250 - Evaluate - INFO - ASR Module... Epoch: 0, RSS: 5.63 GB
2026-07-26 14:00:43,250 - Evaluate - INFO - ASR... Epoch: 0, Walltime: 1.755552 CPU time: 9.554985
2026-07-26 14:00:45,041 - Evaluate - INFO - ASR Module... Epoch: 0, RSS: 5.63 GB
2026-07-26 14:00:45,042 - Evaluate - INFO - ASR... Epoch: 0, Walltime: 1.789297 CPU time: 9.544844
2026-07-26 14:00:48,048 - Evaluate - INFO - ASR Module... Epoch: 0, RSS: 5.63 GB
2026-07-26 14:00:48,048 - Evaluate - INFO - ASR... Epoch: 0, Walltime: 3.001997 CPU time: 16.337422
2026-07-26 14:00:50,085 - Evaluate - INFO - ASR Module... Epoch: 0, RSS: 5.63 GB
2026-07-26 14:00:50,086 - Evaluate - INFO - ASR... Epoch: 0, Walltime: 2.034565 CPU time: 11.383445
2026-07-26 14:00:51,453 - Evaluate - INFO - ASR Module... Epoch: 0, RSS: 5.63 GB
2026-07-26 14:00:51,454 - Evaluate - INFO - ASR... Epoch: 0, Walltime: 1.364965 CPU time: 7.914474
2026-07-26 14:00:52,941 - Evaluate - INFO - ASR Module... Epoch: 0, RSS: 5.63 GB
2026-07-26 14:00:52,941 - Evaluate - INFO - ASR... Epoch: 0, Walltime: 1.485087 CPU time: 8.436253
2026-07-26 14:00:54,524 - Evaluate - INFO - ASR Module... Epoch: 0, RSS: 5.63 GB
2026-07-26 14:00:54,524 - Evaluate - INFO - ASR... Epoch: 0, Walltime: 1.580398 CPU time: 8.867281
2026-07-26 14:00:56,204 - Evaluate - INFO - ASR Module... Epoch: 0, RSS: 5.63 GB
2026-07-26 14:00:56,205 - Evaluate - INFO - ASR... Epoch: 0, Walltime: 1.678029 CPU time: 9.148059
2026-07-26 14:00:57,869 - Evaluate - INFO - ASR Module... Epoch: 0, RSS: 5.63 GB
2026-07-26 14:00:57,869 - Evaluate - INFO - ASR... Epoch: 0, Walltime: 1.661904 CPU time: 9.151735
2026-07-26 14:00:59,502 - Evaluate - INFO - ASR Module... Epoch: 0, RSS: 5.63 GB
2026-07-26 14:00:59,503 - Evaluate - INFO - ASR... Epoch: 0, Walltime: 1.630682 CPU time: 9.333769
2026-07-26 14:01:01,260 - Evaluate - INFO - ASR Module... Epoch: 0, RSS: 5.63 GB
2026-07-26 14:01:01,261 - Evaluate - INFO - ASR... Epoch: 0, Walltime: 1.754522 CPU time: 9.656380
2026-07-26 14:01:02,848 - Evaluate - INFO - ASR Module... Epoch: 0, RSS: 5.63 GB
2026-07-26 14:01:02,848 - Evaluate - INFO - ASR... Epoch: 0, Walltime: 1.584549 CPU time: 9.015185
2026-07-26 14:01:04,793 - Evaluate - INFO - ASR Module... Epoch: 0, RSS: 5.63 GB
2026-07-26 14:01:04,794 - Evaluate - INFO - ASR... Epoch: 0, Walltime: 1.942965 CPU time: 10.796789
2026-07-26 14:01:06,334 - Evaluate - INFO - ASR Module... Epoch: 0, RSS: 5.63 GB
2026-07-26 14:01:06,334 - Evaluate - INFO - ASR... Epoch: 0, Walltime: 1.537905 CPU time: 8.755222
2026-07-26 14:01:08,462 - Evaluate - INFO - ASR Module... Epoch: 0, RSS: 5.63 GB
2026-07-26 14:01:08,462 - Evaluate - INFO - ASR... Epoch: 0, Walltime: 2.125240 CPU time: 11.498416
2026-07-26 14:01:09,544 - Evaluate - INFO - ASR Module... Epoch: 0, RSS: 5.63 GB
2026-07-26 14:01:09,545 - Evaluate - INFO - ASR... Epoch: 0, Walltime: 1.079772 CPU time: 6.011874
2026-07-26 14:01:11,194 - Evaluate - INFO - ASR Module... Epoch: 0, RSS: 5.63 GB
2026-07-26 14:01:11,195 - Evaluate - INFO - ASR... Epoch: 0, Walltime: 1.647510 CPU time: 9.132907
2026-07-26 14:01:13,070 - Evaluate - INFO - ASR Module... Epoch: 0, RSS: 5.63 GB
2026-07-26 14:01:13,070 - Evaluate - INFO - ASR... Epoch: 0, Walltime: 1.872168 CPU time: 9.961923
2026-07-26 14:01:14,750 - Evaluate - INFO - ASR Module... Epoch: 0, RSS: 5.63 GB
2026-07-26 14:01:14,751 - Evaluate - INFO - ASR... Epoch: 0, Walltime: 1.677879 CPU time: 9.267522
2026-07-26 14:01:16,732 - Evaluate - INFO - ASR Module... Epoch: 0, RSS: 5.63 GB
2026-07-26 14:01:16,733 - Evaluate - INFO - ASR... Epoch: 0, Walltime: 1.978945 CPU time: 11.013234
2026-07-26 14:01:17,766 - Evaluate - INFO - ASR Module... Epoch: 0, RSS: 5.63 GB
2026-07-26 14:01:17,767 - Evaluate - INFO - ASR... Epoch: 0, Walltime: 1.031132 CPU time: 5.871305
2026-07-26 14:01:19,283 - Evaluate - INFO - ASR Module... Epoch: 0, RSS: 5.63 GB
2026-07-26 14:01:19,283 - Evaluate - INFO - ASR... Epoch: 0, Walltime: 1.512778 CPU time: 8.501820
2026-07-26 14:01:21,300 - Evaluate - INFO - ASR Module... Epoch: 0, RSS: 5.63 GB
2026-07-26 14:01:21,300 - Evaluate - INFO - ASR... Epoch: 0, Walltime: 2.013692 CPU time: 11.167786
2026-07-26 14:01:22,897 - Evaluate - INFO - ASR Module... Epoch: 0, RSS: 5.63 GB
2026-07-26 14:01:22,898 - Evaluate - INFO - ASR... Epoch: 0, Walltime: 1.594555 CPU time: 8.949465
2026-07-26 14:01:25,779 - Evaluate - INFO - ASR Module... Epoch: 0, RSS: 5.63 GB
2026-07-26 14:01:25,779 - Evaluate - INFO - ASR... Epoch: 0, Walltime: 2.876873 CPU time: 15.642088
2026-07-26 14:01:27,532 - Evaluate - INFO - ASR Module... Epoch: 0, RSS: 5.63 GB
2026-07-26 14:01:27,533 - Evaluate - INFO - ASR... Epoch: 0, Walltime: 1.750348 CPU time: 9.321545
2026-07-26 14:01:29,916 - Evaluate - INFO - ASR Module... Epoch: 0, RSS: 5.63 GB
2026-07-26 14:01:29,916 - Evaluate - INFO - ASR... Epoch: 0, Walltime: 2.378584 CPU time: 13.119171
2026-07-26 14:01:31,577 - Evaluate - INFO - ASR Module... Epoch: 0, RSS: 5.63 GB
2026-07-26 14:01:31,577 - Evaluate - INFO - ASR... Epoch: 0, Walltime: 1.657566 CPU time: 9.406572
2026-07-26 14:01:33,607 - Evaluate - INFO - ASR Module... Epoch: 0, RSS: 5.63 GB
2026-07-26 14:01:33,607 - Evaluate - INFO - ASR... Epoch: 0, Walltime: 2.027231 CPU time: 11.399345
2026-07-26 14:01:35,216 - Evaluate - INFO - ASR Module... Epoch: 0, RSS: 5.63 GB
2026-07-26 14:01:35,217 - Evaluate - INFO - ASR... Epoch: 0, Walltime: 1.606894 CPU time: 8.784215
2026-07-26 14:01:36,571 - Evaluate - INFO - ASR Module... Epoch: 0, RSS: 5.63 GB
2026-07-26 14:01:36,572 - Evaluate - INFO - ASR... Epoch: 0, Walltime: 1.351942 CPU time: 7.580001
2026-07-26 14:01:39,028 - Evaluate - INFO - ASR Module... Epoch: 0, RSS: 5.63 GB
2026-07-26 14:01:39,028 - Evaluate - INFO - ASR... Epoch: 0, Walltime: 2.453456 CPU time: 13.396608
2026-07-26 14:01:41,012 - Evaluate - INFO - ASR Module... Epoch: 0, RSS: 5.63 GB
2026-07-26 14:01:41,012 - Evaluate - INFO - ASR... Epoch: 0, Walltime: 1.980749 CPU time: 11.147983
2026-07-26 14:01:42,633 - Evaluate - INFO - ASR Module... Epoch: 0, RSS: 5.63 GB
2026-07-26 14:01:42,633 - Evaluate - INFO - ASR... Epoch: 0, Walltime: 1.618017 CPU time: 9.212858
2026-07-26 14:01:44,951 - Evaluate - INFO - ASR Module... Epoch: 0, RSS: 5.63 GB
2026-07-26 14:01:44,952 - Evaluate - INFO - ASR... Epoch: 0, Walltime: 2.314894 CPU time: 12.680739
2026-07-26 14:01:46,258 - Evaluate - INFO - ASR Module... Epoch: 0, RSS: 5.63 GB
2026-07-26 14:01:46,259 - Evaluate - INFO - ASR... Epoch: 0, Walltime: 1.304243 CPU time: 7.158247
2026-07-26 14:01:48,385 - Evaluate - INFO - ASR Module... Epoch: 0, RSS: 5.63 GB
2026-07-26 14:01:48,385 - Evaluate - INFO - ASR... Epoch: 0, Walltime: 2.123084 CPU time: 11.791847
2026-07-26 14:01:49,916 - Evaluate - INFO - ASR Module... Epoch: 0, RSS: 5.63 GB
2026-07-26 14:01:49,917 - Evaluate - INFO - ASR... Epoch: 0, Walltime: 1.528348 CPU time: 8.232144
2026-07-26 14:01:51,360 - Evaluate - INFO - ASR Module... Epoch: 0, RSS: 5.63 GB
2026-07-26 14:01:51,361 - Evaluate - INFO - ASR... Epoch: 0, Walltime: 1.441193 CPU time: 8.383839
2026-07-26 14:01:52,672 - Evaluate - INFO - ASR Module... Epoch: 0, RSS: 5.63 GB
2026-07-26 14:01:52,673 - Evaluate - INFO - ASR... Epoch: 0, Walltime: 1.309354 CPU time: 7.628425
2026-07-26 14:01:54,846 - Evaluate - INFO - ASR Module... Epoch: 0, RSS: 5.63 GB
2026-07-26 14:01:54,846 - Evaluate - INFO - ASR... Epoch: 0, Walltime: 2.170190 CPU time: 11.926874
2026-07-26 14:01:56,451 - Evaluate - INFO - ASR Module... Epoch: 0, RSS: 5.63 GB
2026-07-26 14:01:56,452 - Evaluate - INFO - ASR... Epoch: 0, Walltime: 1.603161 CPU time: 8.712967
2026-07-26 14:01:57,794 - Evaluate - INFO - ASR Module... Epoch: 0, RSS: 5.63 GB
2026-07-26 14:01:57,795 - Evaluate - INFO - ASR... Epoch: 0, Walltime: 1.340216 CPU time: 7.728885
2026-07-26 14:01:59,156 - Evaluate - INFO - ASR Module... Epoch: 0, RSS: 5.63 GB
2026-07-26 14:01:59,156 - Evaluate - INFO - ASR... Epoch: 0, Walltime: 1.359266 CPU time: 7.492298
2026-07-26 14:02:00,783 - Evaluate - INFO - ASR Module... Epoch: 0, RSS: 5.63 GB
2026-07-26 14:02:00,784 - Evaluate - INFO - ASR... Epoch: 0, Walltime: 1.625220 CPU time: 8.806720
2026-07-26 14:02:01,995 - Evaluate - INFO - ASR Module... Epoch: 0, RSS: 5.63 GB
2026-07-26 14:02:01,996 - Evaluate - INFO - ASR... Epoch: 0, Walltime: 1.209015 CPU time: 6.726583
2026-07-26 14:02:03,938 - Evaluate - INFO - ASR Module... Epoch: 0, RSS: 5.63 GB
2026-07-26 14:02:03,939 - Evaluate - INFO - ASR... Epoch: 0, Walltime: 1.940038 CPU time: 11.138585
2026-07-26 14:02:05,748 - Evaluate - INFO - ASR Module... Epoch: 0, RSS: 5.63 GB
2026-07-26 14:02:05,749 - Evaluate - INFO - ASR... Epoch: 0, Walltime: 1.806987 CPU time: 9.859984
2026-07-26 14:02:07,537 - Evaluate - INFO - ASR Module... Epoch: 0, RSS: 5.63 GB
2026-07-26 14:02:07,538 - Evaluate - INFO - ASR... Epoch: 0, Walltime: 1.785621 CPU time: 9.841357
2026-07-26 14:02:09,537 - Evaluate - INFO - ASR Module... Epoch: 0, RSS: 5.63 GB
2026-07-26 14:02:09,537 - Evaluate - INFO - ASR... Epoch: 0, Walltime: 1.996576 CPU time: 10.855671
2026-07-26 14:02:11,291 - Evaluate - INFO - ASR Module... Epoch: 0, RSS: 5.63 GB
2026-07-26 14:02:11,292 - Evaluate - INFO - ASR... Epoch: 0, Walltime: 1.751431 CPU time: 9.746309
2026-07-26 14:02:12,783 - Evaluate - INFO - ASR Module... Epoch: 0, RSS: 5.63 GB
2026-07-26 14:02:12,784 - Evaluate - INFO - ASR... Epoch: 0, Walltime: 1.489167 CPU time: 8.291666
2026-07-26 14:02:14,127 - Evaluate - INFO - ASR Module... Epoch: 0, RSS: 5.63 GB
2026-07-26 14:02:14,128 - Evaluate - INFO - ASR... Epoch: 0, Walltime: 1.340957 CPU time: 7.718440
2026-07-26 14:02:16,060 - Evaluate - INFO - ASR Module... Epoch: 0, RSS: 5.63 GB
2026-07-26 14:02:16,060 - Evaluate - INFO - ASR... Epoch: 0, Walltime: 1.929783 CPU time: 10.791707
2026-07-26 14:02:17,144 - Evaluate - INFO - ASR Module... Epoch: 0, RSS: 5.63 GB
2026-07-26 14:02:17,145 - Evaluate - INFO - ASR... Epoch: 0, Walltime: 1.081894 CPU time: 6.387984
2026-07-26 14:02:18,131 - Evaluate - INFO - ASR Module... Epoch: 0, RSS: 5.63 GB
2026-07-26 14:02:18,131 - Evaluate - INFO - ASR... Epoch: 0, Walltime: 0.984105 CPU time: 5.682239
2026-07-26 14:02:19,064 - Evaluate - INFO - ASR Module... Epoch: 0, RSS: 5.63 GB
2026-07-26 14:02:19,065 - Evaluate - INFO - ASR... Epoch: 0, Walltime: 0.931015 CPU time: 5.440209
2026-07-26 14:02:20,244 - Evaluate - INFO - ASR Module... Epoch: 0, RSS: 5.63 GB
2026-07-26 14:02:20,244 - Evaluate - INFO - ASR... Epoch: 0, Walltime: 1.176920 CPU time: 6.605146
2026-07-26 14:02:21,671 - Evaluate - INFO - ASR Module... Epoch: 0, RSS: 5.63 GB
2026-07-26 14:02:21,671 - Evaluate - INFO - ASR... Epoch: 0, Walltime: 1.424566 CPU time: 8.182946
2026-07-26 14:02:22,819 - Evaluate - INFO - ASR Module... Epoch: 0, RSS: 5.63 GB
2026-07-26 14:02:22,820 - Evaluate - INFO - ASR... Epoch: 0, Walltime: 1.145547 CPU time: 6.608002
2026-07-26 14:02:24,574 - Evaluate - INFO - ASR Module... Epoch: 0, RSS: 5.63 GB
2026-07-26 14:02:24,574 - Evaluate - INFO - ASR... Epoch: 0, Walltime: 1.751553 CPU time: 9.660140
2026-07-26 14:02:25,888 - Evaluate - INFO - ASR Module... Epoch: 0, RSS: 5.63 GB
2026-07-26 14:02:25,889 - Evaluate - INFO - ASR... Epoch: 0, Walltime: 1.311886 CPU time: 7.280383
2026-07-26 14:02:27,259 - Evaluate - INFO - ASR Module... Epoch: 0, RSS: 5.63 GB
2026-07-26 14:02:27,260 - Evaluate - INFO - ASR... Epoch: 0, Walltime: 1.367905 CPU time: 7.918588
2026-07-26 14:02:28,354 - Evaluate - INFO - ASR Module... Epoch: 0, RSS: 5.63 GB
2026-07-26 14:02:28,355 - Evaluate - INFO - ASR... Epoch: 0, Walltime: 1.091689 CPU time: 6.127657
2026-07-26 14:02:29,446 - Evaluate - INFO - ASR Module... Epoch: 0, RSS: 5.63 GB
2026-07-26 14:02:29,447 - Evaluate - INFO - ASR... Epoch: 0, Walltime: 1.089118 CPU time: 6.176426
2026-07-26 14:02:30,841 - Evaluate - INFO - ASR Module... Epoch: 0, RSS: 5.63 GB
2026-07-26 14:02:30,842 - Evaluate - INFO - ASR... Epoch: 0, Walltime: 1.392115 CPU time: 7.768551
2026-07-26 14:02:32,040 - Evaluate - INFO - ASR Module... Epoch: 0, RSS: 5.63 GB
2026-07-26 14:02:32,041 - Evaluate - INFO - ASR... Epoch: 0, Walltime: 1.196498 CPU time: 6.621764
2026-07-26 14:02:33,525 - Evaluate - INFO - ASR Module... Epoch: 0, RSS: 5.63 GB
2026-07-26 14:02:33,526 - Evaluate - INFO - ASR... Epoch: 0, Walltime: 1.481769 CPU time: 7.826974
2026-07-26 14:02:35,110 - Evaluate - INFO - ASR Module... Epoch: 0, RSS: 5.63 GB
2026-07-26 14:02:35,110 - Evaluate - INFO - ASR... Epoch: 0, Walltime: 1.582191 CPU time: 8.546689
2026-07-26 14:02:35,960 - Evaluate - INFO - ASR Module... Epoch: 0, RSS: 5.63 GB
2026-07-26 14:02:35,960 - Evaluate - INFO - ASR... Epoch: 0, Walltime: 0.847547 CPU time: 4.897722
2026-07-26 14:02:36,899 - Evaluate - INFO - ASR Module... Epoch: 0, RSS: 5.63 GB
2026-07-26 14:02:36,899 - Evaluate - INFO - ASR... Epoch: 0, Walltime: 0.937017 CPU time: 5.338683
2026-07-26 14:02:37,930 - Evaluate - INFO - ASR Module... Epoch: 0, RSS: 5.63 GB
2026-07-26 14:02:37,931 - Evaluate - INFO - ASR... Epoch: 0, Walltime: 1.028875 CPU time: 5.583870
2026-07-26 14:02:38,976 - Evaluate - INFO - ASR Module... Epoch: 0, RSS: 5.63 GB
2026-07-26 14:02:38,977 - Evaluate - INFO - ASR... Epoch: 0, Walltime: 1.043359 CPU time: 5.793036
2026-07-26 14:02:39,661 - Evaluate - INFO - ASR Module... Epoch: 0, RSS: 5.63 GB
2026-07-26 14:02:39,661 - Evaluate - INFO - ASR... Epoch: 0, Walltime: 0.682267 CPU time: 3.958473
2026-07-26 14:02:40,401 - Evaluate - INFO - ASR Module... Epoch: 0, RSS: 5.63 GB
2026-07-26 14:02:40,402 - Evaluate - INFO - ASR... Epoch: 0, Walltime: 0.738606 CPU time: 4.316532
2026-07-26 14:02:41,501 - Evaluate - INFO - ASR Module... Epoch: 0, RSS: 5.63 GB
2026-07-26 14:02:41,502 - Evaluate - INFO - ASR... Epoch: 0, Walltime: 1.097866 CPU time: 6.379481
2026-07-26 14:02:42,948 - Evaluate - INFO - ASR Module... Epoch: 0, RSS: 5.63 GB
2026-07-26 14:02:42,949 - Evaluate - INFO - ASR... Epoch: 0, Walltime: 1.443337 CPU time: 7.966528
2026-07-26 14:02:44,313 - Evaluate - INFO - ASR Module... Epoch: 0, RSS: 5.63 GB
2026-07-26 14:02:44,314 - Evaluate - INFO - ASR... Epoch: 0, Walltime: 1.362236 CPU time: 7.462310
2026-07-26 14:02:45,711 - Evaluate - INFO - ASR Module... Epoch: 0, RSS: 5.63 GB
2026-07-26 14:02:45,712 - Evaluate - INFO - ASR... Epoch: 0, Walltime: 1.395175 CPU time: 7.925090
2026-07-26 14:02:47,296 - Evaluate - INFO - ASR Module... Epoch: 0, RSS: 5.63 GB
2026-07-26 14:02:47,296 - Evaluate - INFO - ASR... Epoch: 0, Walltime: 1.582181 CPU time: 8.496643
2026-07-26 14:02:48,464 - Evaluate - INFO - ASR Module... Epoch: 0, RSS: 5.63 GB
2026-07-26 14:02:48,465 - Evaluate - INFO - ASR... Epoch: 0, Walltime: 1.165806 CPU time: 6.781360
2026-07-26 14:02:49,164 - Evaluate - INFO - ASR Module... Epoch: 0, RSS: 5.63 GB
2026-07-26 14:02:49,165 - Evaluate - INFO - ASR... Epoch: 0, Walltime: 0.697758 CPU time: 4.137594
2026-07-26 14:02:50,335 - Evaluate - INFO - ASR Module... Epoch: 0, RSS: 5.63 GB
2026-07-26 14:02:50,335 - Evaluate - INFO - ASR... Epoch: 0, Walltime: 1.168655 CPU time: 6.609878
2026-07-26 14:02:51,740 - Evaluate - INFO - ASR Module... Epoch: 0, RSS: 5.63 GB
2026-07-26 14:02:51,741 - Evaluate - INFO - ASR... Epoch: 0, Walltime: 1.402842 CPU time: 7.480086
2026-07-26 14:02:53,205 - Evaluate - INFO - ASR Module... Epoch: 0, RSS: 5.63 GB
2026-07-26 14:02:53,206 - Evaluate - INFO - ASR... Epoch: 0, Walltime: 1.461568 CPU time: 8.067015
2026-07-26 14:02:54,277 - Evaluate - INFO - ASR Module... Epoch: 0, RSS: 5.63 GB
2026-07-26 14:02:54,278 - Evaluate - INFO - ASR... Epoch: 0, Walltime: 1.068841 CPU time: 6.233239
2026-07-26 14:02:55,483 - Evaluate - INFO - ASR Module... Epoch: 0, RSS: 5.63 GB
2026-07-26 14:02:55,483 - Evaluate - INFO - ASR... Epoch: 0, Walltime: 1.202306 CPU time: 6.750236
2026-07-26 14:02:56,749 - Evaluate - INFO - ASR Module... Epoch: 0, RSS: 5.63 GB
2026-07-26 14:02:56,749 - Evaluate - INFO - ASR... Epoch: 0, Walltime: 1.263847 CPU time: 6.849002
2026-07-26 14:02:58,488 - Evaluate - INFO - ASR Module... Epoch: 0, RSS: 5.63 GB
2026-07-26 14:02:58,489 - Evaluate - INFO - ASR... Epoch: 0, Walltime: 1.736749 CPU time: 9.343365
2026-07-26 14:03:00,148 - Evaluate - INFO - ASR Module... Epoch: 0, RSS: 5.63 GB
2026-07-26 14:03:00,149 - Evaluate - INFO - ASR... Epoch: 0, Walltime: 1.655844 CPU time: 8.761593
2026-07-26 14:03:01,948 - Evaluate - INFO - ASR Module... Epoch: 0, RSS: 5.63 GB
2026-07-26 14:03:01,949 - Evaluate - INFO - ASR... Epoch: 0, Walltime: 1.796293 CPU time: 9.419123
2026-07-26 14:03:04,336 - Evaluate - INFO - ASR Module... Epoch: 0, RSS: 5.63 GB
2026-07-26 14:03:04,337 - Evaluate - INFO - ASR... Epoch: 0, Walltime: 2.384476 CPU time: 12.299777
2026-07-26 14:03:06,389 - Evaluate - INFO - ASR Module... Epoch: 0, RSS: 5.63 GB
2026-07-26 14:03:06,389 - Evaluate - INFO - ASR... Epoch: 0, Walltime: 2.050387 CPU time: 10.914966
2026-07-26 14:03:07,551 - Evaluate - INFO - ASR Module... Epoch: 0, RSS: 5.63 GB
2026-07-26 14:03:07,552 - Evaluate - INFO - ASR... Epoch: 0, Walltime: 1.159590 CPU time: 6.813067
2026-07-26 14:03:09,352 - Evaluate - INFO - ASR Module... Epoch: 0, RSS: 5.63 GB
2026-07-26 14:03:09,352 - Evaluate - INFO - ASR... Epoch: 0, Walltime: 1.797767 CPU time: 9.905422
2026-07-26 14:03:11,358 - Evaluate - INFO - ASR Module... Epoch: 0, RSS: 5.63 GB
2026-07-26 14:03:11,359 - Evaluate - INFO - ASR... Epoch: 0, Walltime: 2.003315 CPU time: 10.641125
2026-07-26 14:03:12,399 - Evaluate - INFO - ASR Module... Epoch: 0, RSS: 5.63 GB
2026-07-26 14:03:12,400 - Evaluate - INFO - ASR... Epoch: 0, Walltime: 1.038171 CPU time: 5.979181
2026-07-26 14:03:14,237 - Evaluate - INFO - ASR Module... Epoch: 0, RSS: 5.63 GB
2026-07-26 14:03:14,237 - Evaluate - INFO - ASR... Epoch: 0, Walltime: 1.834998 CPU time: 9.828590
2026-07-26 14:03:15,445 - Evaluate - INFO - ASR Module... Epoch: 0, RSS: 5.63 GB
2026-07-26 14:03:15,446 - Evaluate - INFO - ASR... Epoch: 0, Walltime: 1.205386 CPU time: 6.562471
2026-07-26 14:03:17,078 - Evaluate - INFO - ASR Module... Epoch: 0, RSS: 5.63 GB
2026-07-26 14:03:17,080 - Evaluate - INFO - ASR... Epoch: 0, Walltime: 1.630909 CPU time: 8.823398
2026-07-26 14:03:18,344 - Evaluate - INFO - ASR Module... Epoch: 0, RSS: 5.63 GB
2026-07-26 14:03:18,345 - Evaluate - INFO - ASR... Epoch: 0, Walltime: 1.262820 CPU time: 7.241088
2026-07-26 14:03:19,602 - Evaluate - INFO - ASR Module... Epoch: 0, RSS: 5.63 GB
2026-07-26 14:03:19,603 - Evaluate - INFO - ASR... Epoch: 0, Walltime: 1.254960 CPU time: 7.319721
2026-07-26 14:03:21,253 - Evaluate - INFO - ASR Module... Epoch: 0, RSS: 5.63 GB
2026-07-26 14:03:21,253 - Evaluate - INFO - ASR... Epoch: 0, Walltime: 1.648193 CPU time: 9.437893
2026-07-26 14:03:22,896 - Evaluate - INFO - ASR Module... Epoch: 0, RSS: 5.63 GB
2026-07-26 14:03:22,896 - Evaluate - INFO - ASR... Epoch: 0, Walltime: 1.640120 CPU time: 9.140651
2026-07-26 14:03:24,366 - Evaluate - INFO - ASR Module... Epoch: 0, RSS: 5.63 GB
2026-07-26 14:03:24,366 - Evaluate - INFO - ASR... Epoch: 0, Walltime: 1.466863 CPU time: 8.401170
2026-07-26 14:03:26,233 - Evaluate - INFO - ASR Module... Epoch: 0, RSS: 5.63 GB
2026-07-26 14:03:26,233 - Evaluate - INFO - ASR... Epoch: 0, Walltime: 1.863825 CPU time: 10.095454
2026-07-26 14:03:27,611 - Evaluate - INFO - ASR Module... Epoch: 0, RSS: 5.63 GB
2026-07-26 14:03:27,612 - Evaluate - INFO - ASR... Epoch: 0, Walltime: 1.376488 CPU time: 7.461932
2026-07-26 14:03:28,533 - Evaluate - INFO - ASR Module... Epoch: 0, RSS: 5.63 GB
2026-07-26 14:03:28,533 - Evaluate - INFO - ASR... Epoch: 0, Walltime: 0.918768 CPU time: 5.295891
2026-07-26 14:03:29,828 - Evaluate - INFO - ASR Module... Epoch: 0, RSS: 5.63 GB
2026-07-26 14:03:29,828 - Evaluate - INFO - ASR... Epoch: 0, Walltime: 1.292564 CPU time: 7.286383
2026-07-26 14:03:31,245 - Evaluate - INFO - ASR Module... Epoch: 0, RSS: 5.63 GB
2026-07-26 14:03:31,245 - Evaluate - INFO - ASR... Epoch: 0, Walltime: 1.414782 CPU time: 7.926536
2026-07-26 14:03:32,446 - Evaluate - INFO - ASR Module... Epoch: 0, RSS: 5.63 GB
2026-07-26 14:03:32,447 - Evaluate - INFO - ASR... Epoch: 0, Walltime: 1.199474 CPU time: 6.701866
2026-07-26 14:03:33,563 - Evaluate - INFO - ASR Module... Epoch: 0, RSS: 5.63 GB
2026-07-26 14:03:33,564 - Evaluate - INFO - ASR... Epoch: 0, Walltime: 1.114011 CPU time: 6.507776
2026-07-26 14:03:34,517 - Evaluate - INFO - ASR Module... Epoch: 0, RSS: 5.63 GB
2026-07-26 14:03:34,517 - Evaluate - INFO - ASR... Epoch: 0, Walltime: 0.950787 CPU time: 5.477012
2026-07-26 14:03:35,788 - Evaluate - INFO - ASR Module... Epoch: 0, RSS: 5.63 GB
2026-07-26 14:03:35,789 - Evaluate - INFO - ASR... Epoch: 0, Walltime: 1.268401 CPU time: 7.373282
2026-07-26 14:03:37,274 - Evaluate - INFO - ASR Module... Epoch: 0, RSS: 5.63 GB
2026-07-26 14:03:37,275 - Evaluate - INFO - ASR... Epoch: 0, Walltime: 1.483310 CPU time: 8.426131
2026-07-26 14:03:38,561 - Evaluate - INFO - ASR Module... Epoch: 0, RSS: 5.63 GB
2026-07-26 14:03:38,562 - Evaluate - INFO - ASR... Epoch: 0, Walltime: 1.284684 CPU time: 7.424124
2026-07-26 14:03:40,434 - Evaluate - INFO - ASR Module... Epoch: 0, RSS: 5.63 GB
2026-07-26 14:03:40,435 - Evaluate - INFO - ASR... Epoch: 0, Walltime: 1.870120 CPU time: 10.311373
2026-07-26 14:03:41,918 - Evaluate - INFO - ASR Module... Epoch: 0, RSS: 5.63 GB
2026-07-26 14:03:41,919 - Evaluate - INFO - ASR... Epoch: 0, Walltime: 1.480940 CPU time: 8.259599
2026-07-26 14:03:42,905 - Evaluate - INFO - ASR Module... Epoch: 0, RSS: 5.63 GB
2026-07-26 14:03:42,906 - Evaluate - INFO - ASR... Epoch: 0, Walltime: 0.985232 CPU time: 5.658301
2026-07-26 14:03:44,683 - Evaluate - INFO - ASR Module... Epoch: 0, RSS: 5.63 GB
2026-07-26 14:03:44,684 - Evaluate - INFO - ASR... Epoch: 0, Walltime: 1.774004 CPU time: 9.726529
2026-07-26 14:03:46,228 - Evaluate - INFO - ASR Module... Epoch: 0, RSS: 5.63 GB
2026-07-26 14:03:46,229 - Evaluate - INFO - ASR... Epoch: 0, Walltime: 1.542151 CPU time: 8.701450
2026-07-26 14:03:48,149 - Evaluate - INFO - ASR Module... Epoch: 0, RSS: 5.63 GB
2026-07-26 14:03:48,150 - Evaluate - INFO - ASR... Epoch: 0, Walltime: 1.917496 CPU time: 10.114750
2026-07-26 14:03:50,231 - Evaluate - INFO - ASR Module... Epoch: 0, RSS: 5.63 GB
2026-07-26 14:03:50,232 - Evaluate - INFO - ASR... Epoch: 0, Walltime: 2.079117 CPU time: 11.197767
2026-07-26 14:03:51,397 - Evaluate - INFO - ASR Module... Epoch: 0, RSS: 5.63 GB
2026-07-26 14:03:51,398 - Evaluate - INFO - ASR... Epoch: 0, Walltime: 1.162713 CPU time: 6.672025
2026-07-26 14:03:52,418 - Evaluate - INFO - ASR Module... Epoch: 0, RSS: 5.63 GB
2026-07-26 14:03:52,418 - Evaluate - INFO - ASR... Epoch: 0, Walltime: 1.018245 CPU time: 5.989951
2026-07-26 14:03:54,869 - Evaluate - INFO - ASR Module... Epoch: 0, RSS: 5.63 GB
2026-07-26 14:03:54,870 - Evaluate - INFO - ASR... Epoch: 0, Walltime: 2.446766 CPU time: 13.903834
2026-07-26 14:03:57,621 - Evaluate - INFO - ASR Module... Epoch: 0, RSS: 5.63 GB
2026-07-26 14:03:57,622 - Evaluate - INFO - ASR... Epoch: 0, Walltime: 2.747966 CPU time: 15.761542
2026-07-26 14:04:00,816 - Evaluate - INFO - ASR Module... Epoch: 0, RSS: 5.63 GB
2026-07-26 14:04:00,817 - Evaluate - INFO - ASR... Epoch: 0, Walltime: 3.191037 CPU time: 18.242983
2026-07-26 14:04:04,264 - Evaluate - INFO - ASR Module... Epoch: 0, RSS: 5.63 GB
2026-07-26 14:04:04,265 - Evaluate - INFO - ASR... Epoch: 0, Walltime: 3.443169 CPU time: 19.182472
2026-07-26 14:04:07,288 - Evaluate - INFO - ASR Module... Epoch: 0, RSS: 5.63 GB
2026-07-26 14:04:07,288 - Evaluate - INFO - ASR... Epoch: 0, Walltime: 3.019117 CPU time: 17.188646
2026-07-26 14:04:10,328 - Evaluate - INFO - ASR Module... Epoch: 0, RSS: 5.63 GB
2026-07-26 14:04:10,329 - Evaluate - INFO - ASR... Epoch: 0, Walltime: 3.036520 CPU time: 17.380326
2026-07-26 14:04:12,806 - Evaluate - INFO - ASR Module... Epoch: 0, RSS: 5.63 GB
2026-07-26 14:04:12,806 - Evaluate - INFO - ASR... Epoch: 0, Walltime: 2.473595 CPU time: 14.182486
2026-07-26 14:04:15,274 - Evaluate - INFO - ASR Module... Epoch: 0, RSS: 5.63 GB
2026-07-26 14:04:15,275 - Evaluate - INFO - ASR... Epoch: 0, Walltime: 2.465427 CPU time: 13.931353
2026-07-26 14:04:18,583 - Evaluate - INFO - ASR Module... Epoch: 0, RSS: 5.63 GB
2026-07-26 14:04:18,584 - Evaluate - INFO - ASR... Epoch: 0, Walltime: 3.303873 CPU time: 18.927234
2026-07-26 14:04:22,011 - Evaluate - INFO - ASR Module... Epoch: 0, RSS: 5.63 GB
2026-07-26 14:04:22,012 - Evaluate - INFO - ASR... Epoch: 0, Walltime: 3.423324 CPU time: 19.284663
2026-07-26 14:04:24,148 - Evaluate - INFO - ASR Module... Epoch: 0, RSS: 5.63 GB
2026-07-26 14:04:24,148 - Evaluate - INFO - ASR... Epoch: 0, Walltime: 2.132365 CPU time: 11.565687
2026-07-26 14:04:26,397 - Evaluate - INFO - ASR Module... Epoch: 0, RSS: 5.63 GB
2026-07-26 14:04:26,398 - Evaluate - INFO - ASR... Epoch: 0, Walltime: 2.245978 CPU time: 12.814664
2026-07-26 14:04:28,677 - Evaluate - INFO - ASR Module... Epoch: 0, RSS: 5.63 GB
2026-07-26 14:04:28,678 - Evaluate - INFO - ASR... Epoch: 0, Walltime: 2.275284 CPU time: 13.034169
2026-07-26 14:04:30,947 - Evaluate - INFO - ASR Module... Epoch: 0, RSS: 5.63 GB
2026-07-26 14:04:30,947 - Evaluate - INFO - ASR... Epoch: 0, Walltime: 2.265950 CPU time: 12.518815
2026-07-26 14:04:33,911 - Evaluate - INFO - ASR Module... Epoch: 0, RSS: 5.63 GB
2026-07-26 14:04:33,911 - Evaluate - INFO - ASR... Epoch: 0, Walltime: 2.959867 CPU time: 17.104265
2026-07-26 14:04:37,246 - Evaluate - INFO - ASR Module... Epoch: 0, RSS: 5.63 GB
2026-07-26 14:04:37,246 - Evaluate - INFO - ASR... Epoch: 0, Walltime: 3.330516 CPU time: 18.711225
2026-07-26 14:04:39,995 - Evaluate - INFO - ASR Module... Epoch: 0, RSS: 5.63 GB
2026-07-26 14:04:39,995 - Evaluate - INFO - ASR... Epoch: 0, Walltime: 2.744896 CPU time: 15.566552
2026-07-26 14:04:42,730 - Evaluate - INFO - ASR Module... Epoch: 0, RSS: 5.63 GB
2026-07-26 14:04:42,730 - Evaluate - INFO - ASR... Epoch: 0, Walltime: 2.731152 CPU time: 14.885225
2026-07-26 14:04:44,902 - Evaluate - INFO - ASR Module... Epoch: 0, RSS: 5.63 GB
2026-07-26 14:04:44,902 - Evaluate - INFO - ASR... Epoch: 0, Walltime: 2.168262 CPU time: 11.891154
2026-07-26 14:04:47,385 - Evaluate - INFO - ASR Module... Epoch: 0, RSS: 5.63 GB
2026-07-26 14:04:47,386 - Evaluate - INFO - ASR... Epoch: 0, Walltime: 2.479736 CPU time: 13.442861
2026-07-26 14:04:50,346 - Evaluate - INFO - ASR Module... Epoch: 0, RSS: 5.63 GB
2026-07-26 14:04:50,347 - Evaluate - INFO - ASR... Epoch: 0, Walltime: 2.956807 CPU time: 16.685010
2026-07-26 14:04:52,343 - Evaluate - INFO - ASR Module... Epoch: 0, RSS: 5.63 GB
2026-07-26 14:04:52,344 - Evaluate - INFO - ASR... Epoch: 0, Walltime: 1.992924 CPU time: 10.909581
2026-07-26 14:04:54,313 - Evaluate - INFO - ASR Module... Epoch: 0, RSS: 5.63 GB
2026-07-26 14:04:54,314 - Evaluate - INFO - ASR... Epoch: 0, Walltime: 1.966661 CPU time: 11.112532
2026-07-26 14:04:56,093 - Evaluate - INFO - ASR Module... Epoch: 0, RSS: 5.63 GB
2026-07-26 14:04:56,093 - Evaluate - INFO - ASR... Epoch: 0, Walltime: 1.776656 CPU time: 9.681631
2026-07-26 14:04:59,052 - Evaluate - INFO - ASR Module... Epoch: 0, RSS: 5.63 GB
2026-07-26 14:04:59,052 - Evaluate - INFO - ASR... Epoch: 0, Walltime: 2.955725 CPU time: 16.150602
2026-07-26 14:05:00,332 - Evaluate - INFO - ASR Module... Epoch: 0, RSS: 5.63 GB
2026-07-26 14:05:00,333 - Evaluate - INFO - ASR... Epoch: 0, Walltime: 1.277802 CPU time: 7.392371
2026-07-26 14:05:02,063 - Evaluate - INFO - ASR Module... Epoch: 0, RSS: 5.63 GB
2026-07-26 14:05:02,063 - Evaluate - INFO - ASR... Epoch: 0, Walltime: 1.726853 CPU time: 9.705632
2026-07-26 14:05:03,699 - Evaluate - INFO - ASR Module... Epoch: 0, RSS: 5.63 GB
2026-07-26 14:05:03,699 - Evaluate - INFO - ASR... Epoch: 0, Walltime: 1.633522 CPU time: 8.879492
2026-07-26 14:05:05,651 - Evaluate - INFO - ASR Module... Epoch: 0, RSS: 5.63 GB
2026-07-26 14:05:05,652 - Evaluate - INFO - ASR... Epoch: 0, Walltime: 1.949492 CPU time: 11.079070
2026-07-26 14:05:08,339 - Evaluate - INFO - ASR Module... Epoch: 0, RSS: 5.63 GB
2026-07-26 14:05:08,340 - Evaluate - INFO - ASR... Epoch: 0, Walltime: 2.683968 CPU time: 14.900967
2026-07-26 14:05:10,944 - Evaluate - INFO - ASR Module... Epoch: 0, RSS: 5.63 GB
2026-07-26 14:05:10,945 - Evaluate - INFO - ASR... Epoch: 0, Walltime: 2.600319 CPU time: 15.013796
2026-07-26 14:05:12,380 - Evaluate - INFO - ASR Module... Epoch: 0, RSS: 5.63 GB
2026-07-26 14:05:12,380 - Evaluate - INFO - ASR... Epoch: 0, Walltime: 1.432240 CPU time: 8.525783
2026-07-26 14:05:15,095 - Evaluate - INFO - ASR Module... Epoch: 0, RSS: 5.63 GB
2026-07-26 14:05:15,096 - Evaluate - INFO - ASR... Epoch: 0, Walltime: 2.711131 CPU time: 15.434379
2026-07-26 14:05:17,100 - Evaluate - INFO - ASR Module... Epoch: 0, RSS: 5.63 GB
2026-07-26 14:05:17,100 - Evaluate - INFO - ASR... Epoch: 0, Walltime: 2.000572 CPU time: 11.471075
2026-07-26 14:05:19,539 - Evaluate - INFO - ASR Module... Epoch: 0, RSS: 5.63 GB
2026-07-26 14:05:19,539 - Evaluate - INFO - ASR... Epoch: 0, Walltime: 2.435780 CPU time: 13.820588
2026-07-26 14:05:21,610 - Evaluate - INFO - ASR Module... Epoch: 0, RSS: 5.63 GB
2026-07-26 14:05:21,611 - Evaluate - INFO - ASR... Epoch: 0, Walltime: 2.067041 CPU time: 11.799893
2026-07-26 14:05:23,251 - Evaluate - INFO - ASR Module... Epoch: 0, RSS: 5.64 GB
2026-07-26 14:05:23,252 - Evaluate - INFO - ASR... Epoch: 0, Walltime: 1.637744 CPU time: 9.289517
2026-07-26 14:05:25,184 - Evaluate - INFO - ASR Module... Epoch: 0, RSS: 5.64 GB
2026-07-26 14:05:25,184 - Evaluate - INFO - ASR... Epoch: 0, Walltime: 1.928809 CPU time: 10.641829
2026-07-26 14:05:26,695 - Evaluate - INFO - ASR Module... Epoch: 0, RSS: 5.64 GB
2026-07-26 14:05:26,696 - Evaluate - INFO - ASR... Epoch: 0, Walltime: 1.508544 CPU time: 8.613906
2026-07-26 14:05:27,952 - Evaluate - INFO - ASR Module... Epoch: 0, RSS: 5.64 GB
2026-07-26 14:05:27,952 - Evaluate - INFO - ASR... Epoch: 0, Walltime: 1.253855 CPU time: 7.161667
2026-07-26 14:05:31,083 - Evaluate - INFO - ASR Module... Epoch: 0, RSS: 5.57 GB
2026-07-26 14:05:31,084 - Evaluate - INFO - ASR... Epoch: 0, Walltime: 3.127591 CPU time: 17.779636
2026-07-26 14:05:33,403 - Evaluate - INFO - ASR Module... Epoch: 0, RSS: 5.57 GB
2026-07-26 14:05:33,404 - Evaluate - INFO - ASR... Epoch: 0, Walltime: 2.316136 CPU time: 13.373326
2026-07-26 14:05:35,272 - Evaluate - INFO - ASR Module... Epoch: 0, RSS: 5.63 GB
2026-07-26 14:05:35,273 - Evaluate - INFO - ASR... Epoch: 0, Walltime: 1.865357 CPU time: 10.614162
2026-07-26 14:05:36,641 - Evaluate - INFO - ASR Module... Epoch: 0, RSS: 5.63 GB
2026-07-26 14:05:36,642 - Evaluate - INFO - ASR... Epoch: 0, Walltime: 1.366601 CPU time: 7.294429
2026-07-26 14:05:37,689 - Evaluate - INFO - ASR Module... Epoch: 0, RSS: 5.63 GB
2026-07-26 14:05:37,690 - Evaluate - INFO - ASR... Epoch: 0, Walltime: 1.045528 CPU time: 5.539236
2026-07-26 14:05:40,040 - Evaluate - INFO - ASR Module... Epoch: 0, RSS: 5.63 GB
2026-07-26 14:05:40,040 - Evaluate - INFO - ASR... Epoch: 0, Walltime: 2.346695 CPU time: 13.280619
2026-07-26 14:05:41,999 - Evaluate - INFO - ASR Module... Epoch: 0, RSS: 5.63 GB
2026-07-26 14:05:42,000 - Evaluate - INFO - ASR... Epoch: 0, Walltime: 1.955652 CPU time: 11.288335
2026-07-26 14:05:44,892 - Evaluate - INFO - ASR Module... Epoch: 0, RSS: 5.63 GB
2026-07-26 14:05:44,893 - Evaluate - INFO - ASR... Epoch: 0, Walltime: 2.889661 CPU time: 16.628475
2026-07-26 14:05:46,922 - Evaluate - INFO - ASR Module... Epoch: 0, RSS: 5.64 GB
2026-07-26 14:05:46,923 - Evaluate - INFO - ASR... Epoch: 0, Walltime: 2.026343 CPU time: 11.637815
2026-07-26 14:05:49,121 - Evaluate - INFO - ASR Module... Epoch: 0, RSS: 5.64 GB
2026-07-26 14:05:49,121 - Evaluate - INFO - ASR... Epoch: 0, Walltime: 2.194845 CPU time: 12.674615
2026-07-26 14:05:51,043 - Evaluate - INFO - ASR Module... Epoch: 0, RSS: 5.64 GB
2026-07-26 14:05:51,043 - Evaluate - INFO - ASR... Epoch: 0, Walltime: 1.918459 CPU time: 11.000831
2026-07-26 14:05:53,860 - Evaluate - INFO - ASR Module... Epoch: 0, RSS: 5.64 GB
2026-07-26 14:05:53,860 - Evaluate - INFO - ASR... Epoch: 0, Walltime: 2.812986 CPU time: 15.324453
2026-07-26 14:05:55,059 - Evaluate - INFO - ASR Module... Epoch: 0, RSS: 5.64 GB
2026-07-26 14:05:55,059 - Evaluate - INFO - ASR... Epoch: 0, Walltime: 1.195843 CPU time: 6.903862
2026-07-26 14:05:56,462 - Evaluate - INFO - ASR Module... Epoch: 0, RSS: 5.64 GB
2026-07-26 14:05:56,462 - Evaluate - INFO - ASR... Epoch: 0, Walltime: 1.400631 CPU time: 8.163169
2026-07-26 14:05:58,188 - Evaluate - INFO - ASR Module... Epoch: 0, RSS: 5.64 GB
2026-07-26 14:05:58,188 - Evaluate - INFO - ASR... Epoch: 0, Walltime: 1.722610 CPU time: 9.430298
2026-07-26 14:05:59,693 - Evaluate - INFO - ASR Module... Epoch: 0, RSS: 5.64 GB
2026-07-26 14:05:59,694 - Evaluate - INFO - ASR... Epoch: 0, Walltime: 1.502428 CPU time: 8.456465
2026-07-26 14:06:01,565 - Evaluate - INFO - ASR Module... Epoch: 0, RSS: 5.64 GB
2026-07-26 14:06:01,565 - Evaluate - INFO - ASR... Epoch: 0, Walltime: 1.868795 CPU time: 10.588531
2026-07-26 14:06:03,336 - Evaluate - INFO - ASR Module... Epoch: 0, RSS: 5.64 GB
2026-07-26 14:06:03,336 - Evaluate - INFO - ASR... Epoch: 0, Walltime: 1.767741 CPU time: 9.706468
2026-07-26 14:06:05,182 - Evaluate - INFO - ASR Module... Epoch: 0, RSS: 5.64 GB
2026-07-26 14:06:05,182 - Evaluate - INFO - ASR... Epoch: 0, Walltime: 1.842684 CPU time: 10.710911
2026-07-26 14:06:06,913 - Evaluate - INFO - ASR Module... Epoch: 0, RSS: 5.64 GB
2026-07-26 14:06:06,913 - Evaluate - INFO - ASR... Epoch: 0, Walltime: 1.728512 CPU time: 9.478827
2026-07-26 14:06:08,485 - Evaluate - INFO - ASR Module... Epoch: 0, RSS: 5.64 GB
2026-07-26 14:06:08,486 - Evaluate - INFO - ASR... Epoch: 0, Walltime: 1.569760 CPU time: 9.028264
2026-07-26 14:06:10,175 - Evaluate - INFO - ASR Module... Epoch: 0, RSS: 5.64 GB
2026-07-26 14:06:10,175 - Evaluate - INFO - ASR... Epoch: 0, Walltime: 1.686466 CPU time: 9.340434
2026-07-26 14:06:11,977 - Evaluate - INFO - ASR Module... Epoch: 0, RSS: 5.64 GB
2026-07-26 14:06:11,978 - Evaluate - INFO - ASR... Epoch: 0, Walltime: 1.799545 CPU time: 10.427492
2026-07-26 14:06:13,305 - Evaluate - INFO - ASR Module... Epoch: 0, RSS: 5.64 GB
2026-07-26 14:06:13,306 - Evaluate - INFO - ASR... Epoch: 0, Walltime: 1.324962 CPU time: 7.568378
2026-07-26 14:06:15,433 - Evaluate - INFO - ASR Module... Epoch: 0, RSS: 5.64 GB
2026-07-26 14:06:15,433 - Evaluate - INFO - ASR... Epoch: 0, Walltime: 2.123655 CPU time: 12.198874
2026-07-26 14:06:17,425 - Evaluate - INFO - ASR Module... Epoch: 0, RSS: 5.64 GB
2026-07-26 14:06:17,426 - Evaluate - INFO - ASR... Epoch: 0, Walltime: 1.989309 CPU time: 11.243679
2026-07-26 14:06:18,688 - Evaluate - INFO - ASR Module... Epoch: 0, RSS: 5.64 GB
2026-07-26 14:06:18,689 - Evaluate - INFO - ASR... Epoch: 0, Walltime: 1.259653 CPU time: 6.904952
2026-07-26 14:06:20,365 - Evaluate - INFO - ASR Module... Epoch: 0, RSS: 5.64 GB
2026-07-26 14:06:20,366 - Evaluate - INFO - ASR... Epoch: 0, Walltime: 1.673751 CPU time: 9.091387
2026-07-26 14:06:22,042 - Evaluate - INFO - ASR Module... Epoch: 0, RSS: 5.64 GB
2026-07-26 14:06:22,043 - Evaluate - INFO - ASR... Epoch: 0, Walltime: 1.674613 CPU time: 9.527736
2026-07-26 14:06:23,793 - Evaluate - INFO - ASR Module... Epoch: 0, RSS: 5.64 GB
2026-07-26 14:06:23,794 - Evaluate - INFO - ASR... Epoch: 0, Walltime: 1.747884 CPU time: 9.648079
2026-07-26 14:06:25,434 - Evaluate - INFO - ASR Module... Epoch: 0, RSS: 5.64 GB
2026-07-26 14:06:25,435 - Evaluate - INFO - ASR... Epoch: 0, Walltime: 1.637431 CPU time: 9.143757
2026-07-26 14:06:27,617 - Evaluate - INFO - ASR Module... Epoch: 0, RSS: 5.64 GB
2026-07-26 14:06:27,618 - Evaluate - INFO - ASR... Epoch: 0, Walltime: 2.179955 CPU time: 12.008924
2026-07-26 14:06:29,595 - Evaluate - INFO - ASR Module... Epoch: 0, RSS: 5.64 GB
2026-07-26 14:06:29,596 - Evaluate - INFO - ASR... Epoch: 0, Walltime: 1.975123 CPU time: 11.385596
2026-07-26 14:06:30,985 - Evaluate - INFO - ASR Module... Epoch: 0, RSS: 5.64 GB
2026-07-26 14:06:30,986 - Evaluate - INFO - ASR... Epoch: 0, Walltime: 1.386092 CPU time: 7.626803
2026-07-26 14:06:32,569 - Evaluate - INFO - ASR Module... Epoch: 0, RSS: 5.64 GB
2026-07-26 14:06:32,570 - Evaluate - INFO - ASR... Epoch: 0, Walltime: 1.581515 CPU time: 9.061219
2026-07-26 14:06:33,929 - Evaluate - INFO - ASR Module... Epoch: 0, RSS: 5.64 GB
2026-07-26 14:06:33,930 - Evaluate - INFO - ASR... Epoch: 0, Walltime: 1.356444 CPU time: 7.676377
2026-07-26 14:06:35,526 - Evaluate - INFO - ASR Module... Epoch: 0, RSS: 5.64 GB
2026-07-26 14:06:35,527 - Evaluate - INFO - ASR... Epoch: 0, Walltime: 1.594038 CPU time: 9.422830
2026-07-26 14:06:37,458 - Evaluate - INFO - ASR Module... Epoch: 0, RSS: 5.64 GB
2026-07-26 14:06:37,458 - Evaluate - INFO - ASR... Epoch: 0, Walltime: 1.928511 CPU time: 10.662234
2026-07-26 14:06:42,454 - Evaluate - INFO - ASR Module... Epoch: 0, RSS: 5.60 GB
2026-07-26 14:06:42,455 - Evaluate - INFO - ASR... Epoch: 0, Walltime: 4.990192 CPU time: 28.696062
2026-07-26 14:06:45,337 - Evaluate - INFO - ASR Module... Epoch: 0, RSS: 5.60 GB
2026-07-26 14:06:45,338 - Evaluate - INFO - ASR... Epoch: 0, Walltime: 2.877395 CPU time: 16.069582
2026-07-26 14:06:48,498 - Evaluate - INFO - ASR Module... Epoch: 0, RSS: 5.60 GB
2026-07-26 14:06:48,499 - Evaluate - INFO - ASR... Epoch: 0, Walltime: 3.156211 CPU time: 16.900712
2026-07-26 14:06:50,710 - Evaluate - INFO - ASR Module... Epoch: 0, RSS: 5.60 GB
2026-07-26 14:06:50,711 - Evaluate - INFO - ASR... Epoch: 0, Walltime: 2.207764 CPU time: 12.159603
2026-07-26 14:06:54,062 - Evaluate - INFO - ASR Module... Epoch: 0, RSS: 5.60 GB
2026-07-26 14:06:54,063 - Evaluate - INFO - ASR... Epoch: 0, Walltime: 3.346421 CPU time: 18.406451
2026-07-26 14:06:57,223 - Evaluate - INFO - ASR Module... Epoch: 0, RSS: 5.60 GB
2026-07-26 14:06:57,224 - Evaluate - INFO - ASR... Epoch: 0, Walltime: 3.156271 CPU time: 17.584435
2026-07-26 14:06:59,292 - Evaluate - INFO - ASR Module... Epoch: 0, RSS: 5.60 GB
2026-07-26 14:06:59,292 - Evaluate - INFO - ASR... Epoch: 0, Walltime: 2.064804 CPU time: 11.295595
2026-07-26 14:07:00,808 - Evaluate - INFO - ASR Module... Epoch: 0, RSS: 5.60 GB
2026-07-26 14:07:00,809 - Evaluate - INFO - ASR... Epoch: 0, Walltime: 1.513773 CPU time: 8.563435
2026-07-26 14:07:03,167 - Evaluate - INFO - ASR Module... Epoch: 0, RSS: 5.60 GB
2026-07-26 14:07:03,167 - Evaluate - INFO - ASR... Epoch: 0, Walltime: 2.355012 CPU time: 13.119634
2026-07-26 14:07:05,410 - Evaluate - INFO - ASR Module... Epoch: 0, RSS: 5.60 GB
2026-07-26 14:07:05,411 - Evaluate - INFO - ASR... Epoch: 0, Walltime: 2.238936 CPU time: 12.346776
2026-07-26 14:07:09,523 - Evaluate - INFO - ASR Module... Epoch: 0, RSS: 5.60 GB
2026-07-26 14:07:09,523 - Evaluate - INFO - ASR... Epoch: 0, Walltime: 4.107761 CPU time: 22.362813
2026-07-26 14:07:14,453 - Evaluate - INFO - ASR Module... Epoch: 0, RSS: 5.60 GB
2026-07-26 14:07:14,454 - Evaluate - INFO - ASR... Epoch: 0, Walltime: 4.924640 CPU time: 27.470622
2026-07-26 14:07:16,595 - Evaluate - INFO - ASR Module... Epoch: 0, RSS: 5.60 GB
2026-07-26 14:07:16,595 - Evaluate - INFO - ASR... Epoch: 0, Walltime: 2.137085 CPU time: 11.987087
2026-07-26 14:07:19,528 - Evaluate - INFO - ASR Module... Epoch: 0, RSS: 5.60 GB
2026-07-26 14:07:19,529 - Evaluate - INFO - ASR... Epoch: 0, Walltime: 2.929125 CPU time: 16.139883
2026-07-26 14:07:22,559 - Evaluate - INFO - ASR Module... Epoch: 0, RSS: 5.60 GB
2026-07-26 14:07:22,560 - Evaluate - INFO - ASR... Epoch: 0, Walltime: 3.026855 CPU time: 16.569400
2026-07-26 14:07:25,686 - Evaluate - INFO - ASR Module... Epoch: 0, RSS: 5.60 GB
2026-07-26 14:07:25,687 - Evaluate - INFO - ASR... Epoch: 0, Walltime: 3.122838 CPU time: 16.803499
2026-07-26 14:07:29,446 - Evaluate - INFO - ASR Module... Epoch: 0, RSS: 5.60 GB
2026-07-26 14:07:29,446 - Evaluate - INFO - ASR... Epoch: 0, Walltime: 3.754946 CPU time: 21.020071
2026-07-26 14:07:33,271 - Evaluate - INFO - ASR Module... Epoch: 0, RSS: 5.60 GB
2026-07-26 14:07:33,272 - Evaluate - INFO - ASR... Epoch: 0, Walltime: 3.820642 CPU time: 20.587307
2026-07-26 14:07:36,459 - Evaluate - INFO - ASR Module... Epoch: 0, RSS: 5.63 GB
2026-07-26 14:07:36,459 - Evaluate - INFO - ASR... Epoch: 0, Walltime: 3.182671 CPU time: 17.712559
2026-07-26 14:07:39,591 - Evaluate - INFO - ASR Module... Epoch: 0, RSS: 5.63 GB
2026-07-26 14:07:39,592 - Evaluate - INFO - ASR... Epoch: 0, Walltime: 3.127786 CPU time: 16.997977
2026-07-26 14:07:41,205 - Evaluate - INFO - ASR Module... Epoch: 0, RSS: 5.63 GB
2026-07-26 14:07:41,205 - Evaluate - INFO - ASR... Epoch: 0, Walltime: 1.609598 CPU time: 9.157837
2026-07-26 14:07:44,397 - Evaluate - INFO - ASR Module... Epoch: 0, RSS: 5.63 GB
2026-07-26 14:07:44,397 - Evaluate - INFO - ASR... Epoch: 0, Walltime: 3.188174 CPU time: 18.100467
2026-07-26 14:07:45,649 - Evaluate - INFO - ASR Module... Epoch: 0, RSS: 5.63 GB
2026-07-26 14:07:45,650 - Evaluate - INFO - ASR... Epoch: 0, Walltime: 1.248950 CPU time: 7.230610
2026-07-26 14:07:48,831 - Evaluate - INFO - ASR Module... Epoch: 0, RSS: 5.63 GB
2026-07-26 14:07:48,831 - Evaluate - INFO - ASR... Epoch: 0, Walltime: 3.177326 CPU time: 17.693101
2026-07-26 14:07:51,102 - Evaluate - INFO - ASR Module... Epoch: 0, RSS: 5.63 GB
2026-07-26 14:07:51,103 - Evaluate - INFO - ASR... Epoch: 0, Walltime: 2.267146 CPU time: 12.541492
2026-07-26 14:07:53,583 - Evaluate - INFO - ASR Module... Epoch: 0, RSS: 5.63 GB
2026-07-26 14:07:53,584 - Evaluate - INFO - ASR... Epoch: 0, Walltime: 2.477480 CPU time: 14.234974
2026-07-26 14:07:54,913 - Evaluate - INFO - ASR Module... Epoch: 0, RSS: 5.63 GB
2026-07-26 14:07:54,914 - Evaluate - INFO - ASR... Epoch: 0, Walltime: 1.327110 CPU time: 7.671994
2026-07-26 14:07:57,076 - Evaluate - INFO - ASR Module... Epoch: 0, RSS: 5.63 GB
2026-07-26 14:07:57,077 - Evaluate - INFO - ASR... Epoch: 0, Walltime: 2.160214 CPU time: 11.933666
2026-07-26 14:07:59,884 - Evaluate - INFO - ASR Module... Epoch: 0, RSS: 5.60 GB
2026-07-26 14:07:59,885 - Evaluate - INFO - ASR... Epoch: 0, Walltime: 2.803719 CPU time: 15.529439
2026-07-26 14:08:03,111 - Evaluate - INFO - ASR Module... Epoch: 0, RSS: 5.60 GB
2026-07-26 14:08:03,111 - Evaluate - INFO - ASR... Epoch: 0, Walltime: 3.222170 CPU time: 17.566238
2026-07-26 14:08:05,023 - Evaluate - INFO - ASR Module... Epoch: 0, RSS: 5.60 GB
2026-07-26 14:08:05,024 - Evaluate - INFO - ASR... Epoch: 0, Walltime: 1.909375 CPU time: 10.613910
2026-07-26 14:08:08,160 - Evaluate - INFO - ASR Module... Epoch: 0, RSS: 5.60 GB
2026-07-26 14:08:08,161 - Evaluate - INFO - ASR... Epoch: 0, Walltime: 3.133127 CPU time: 18.060029
2026-07-26 14:08:11,210 - Evaluate - INFO - ASR Module... Epoch: 0, RSS: 5.60 GB
2026-07-26 14:08:11,211 - Evaluate - INFO - ASR... Epoch: 0, Walltime: 3.046066 CPU time: 16.877106
2026-07-26 14:08:13,671 - Evaluate - INFO - ASR Module... Epoch: 0, RSS: 5.57 GB
2026-07-26 14:08:13,671 - Evaluate - INFO - ASR... Epoch: 0, Walltime: 2.457035 CPU time: 13.308322
2026-07-26 14:08:16,884 - Evaluate - INFO - ASR Module... Epoch: 0, RSS: 5.57 GB
2026-07-26 14:08:16,884 - Evaluate - INFO - ASR... Epoch: 0, Walltime: 3.209395 CPU time: 17.972403
2026-07-26 14:08:19,074 - Evaluate - INFO - ASR Module... Epoch: 0, RSS: 5.57 GB
2026-07-26 14:08:19,075 - Evaluate - INFO - ASR... Epoch: 0, Walltime: 2.186293 CPU time: 11.934935
2026-07-26 14:08:20,766 - Evaluate - INFO - ASR Module... Epoch: 0, RSS: 5.57 GB
2026-07-26 14:08:20,766 - Evaluate - INFO - ASR... Epoch: 0, Walltime: 1.688681 CPU time: 9.195230
2026-07-26 14:08:24,543 - Evaluate - INFO - ASR Module... Epoch: 0, RSS: 5.57 GB
2026-07-26 14:08:24,544 - Evaluate - INFO - ASR... Epoch: 0, Walltime: 3.772552 CPU time: 20.955965
2026-07-26 14:08:27,271 - Evaluate - INFO - ASR Module... Epoch: 0, RSS: 5.60 GB
2026-07-26 14:08:27,272 - Evaluate - INFO - ASR... Epoch: 0, Walltime: 2.723378 CPU time: 15.194438
2026-07-26 14:08:29,686 - Evaluate - INFO - ASR Module... Epoch: 0, RSS: 5.60 GB
2026-07-26 14:08:29,687 - Evaluate - INFO - ASR... Epoch: 0, Walltime: 2.410911 CPU time: 13.286020
2026-07-26 14:08:32,553 - Evaluate - INFO - ASR Module... Epoch: 0, RSS: 5.60 GB
2026-07-26 14:08:32,554 - Evaluate - INFO - ASR... Epoch: 0, Walltime: 2.863044 CPU time: 16.201935
2026-07-26 14:08:33,982 - Evaluate - INFO - ASR Module... Epoch: 0, RSS: 5.60 GB
2026-07-26 14:08:33,982 - Evaluate - INFO - ASR... Epoch: 0, Walltime: 1.425698 CPU time: 7.986178
2026-07-26 14:08:36,399 - Evaluate - INFO - ASR Module... Epoch: 0, RSS: 5.60 GB
2026-07-26 14:08:36,400 - Evaluate - INFO - ASR... Epoch: 0, Walltime: 2.413915 CPU time: 13.957745
2026-07-26 14:08:38,234 - Evaluate - INFO - ASR Module... Epoch: 0, RSS: 5.60 GB
2026-07-26 14:08:38,234 - Evaluate - INFO - ASR... Epoch: 0, Walltime: 1.831354 CPU time: 10.437295
2026-07-26 14:08:40,617 - Evaluate - INFO - ASR Module... Epoch: 0, RSS: 5.60 GB
2026-07-26 14:08:40,617 - Evaluate - INFO - ASR... Epoch: 0, Walltime: 2.378414 CPU time: 13.447742
2026-07-26 14:08:42,781 - Evaluate - INFO - ASR Module... Epoch: 0, RSS: 5.60 GB
2026-07-26 14:08:42,782 - Evaluate - INFO - ASR... Epoch: 0, Walltime: 2.161198 CPU time: 11.940834
2026-07-26 14:08:44,739 - Evaluate - INFO - ASR Module... Epoch: 0, RSS: 5.60 GB
2026-07-26 14:08:44,740 - Evaluate - INFO - ASR... Epoch: 0, Walltime: 1.954422 CPU time: 10.826877
2026-07-26 14:08:46,909 - Evaluate - INFO - ASR Module... Epoch: 0, RSS: 5.60 GB
2026-07-26 14:08:46,909 - Evaluate - INFO - ASR... Epoch: 0, Walltime: 2.165943 CPU time: 12.056932
2026-07-26 14:08:48,773 - Evaluate - INFO - ASR Module... Epoch: 0, RSS: 5.60 GB
2026-07-26 14:08:48,773 - Evaluate - INFO - ASR... Epoch: 0, Walltime: 1.860268 CPU time: 10.793124
2026-07-26 14:08:50,108 - Evaluate - INFO - ASR Module... Epoch: 0, RSS: 5.60 GB
2026-07-26 14:08:50,108 - Evaluate - INFO - ASR... Epoch: 0, Walltime: 1.332890 CPU time: 7.655333
2026-07-26 14:08:51,580 - Evaluate - INFO - ASR Module... Epoch: 0, RSS: 5.60 GB
2026-07-26 14:08:51,581 - Evaluate - INFO - ASR... Epoch: 0, Walltime: 1.469872 CPU time: 8.310088
2026-07-26 14:08:54,634 - Evaluate - INFO - ASR Module... Epoch: 0, RSS: 5.60 GB
2026-07-26 14:08:54,634 - Evaluate - INFO - ASR... Epoch: 0, Walltime: 3.050077 CPU time: 16.709549
2026-07-26 14:08:56,031 - Evaluate - INFO - ASR Module... Epoch: 0, RSS: 5.60 GB
2026-07-26 14:08:56,031 - Evaluate - INFO - ASR... Epoch: 0, Walltime: 1.394143 CPU time: 7.818080
2026-07-26 14:08:57,607 - Evaluate - INFO - ASR Module... Epoch: 0, RSS: 5.60 GB
2026-07-26 14:08:57,608 - Evaluate - INFO - ASR... Epoch: 0, Walltime: 1.573634 CPU time: 9.144339
2026-07-26 14:08:59,615 - Evaluate - INFO - ASR Module... Epoch: 0, RSS: 5.60 GB
2026-07-26 14:08:59,615 - Evaluate - INFO - ASR... Epoch: 0, Walltime: 2.004024 CPU time: 11.458269
2026-07-26 14:09:03,596 - Evaluate - INFO - ASR Module... Epoch: 0, RSS: 5.63 GB
2026-07-26 14:09:03,596 - Evaluate - INFO - ASR... Epoch: 0, Walltime: 3.976753 CPU time: 22.011844
2026-07-26 14:09:06,822 - Evaluate - INFO - ASR Module... Epoch: 0, RSS: 5.63 GB
2026-07-26 14:09:06,823 - Evaluate - INFO - ASR... Epoch: 0, Walltime: 3.221588 CPU time: 17.658582
2026-07-26 14:09:09,739 - Evaluate - INFO - ASR Module... Epoch: 0, RSS: 5.63 GB
2026-07-26 14:09:09,739 - Evaluate - INFO - ASR... Epoch: 0, Walltime: 2.912420 CPU time: 16.284325
2026-07-26 14:09:14,221 - Evaluate - INFO - ASR Module... Epoch: 0, RSS: 5.63 GB
2026-07-26 14:09:14,222 - Evaluate - INFO - ASR... Epoch: 0, Walltime: 4.477992 CPU time: 24.795126
2026-07-26 14:09:16,600 - Evaluate - INFO - ASR Module... Epoch: 0, RSS: 5.63 GB
2026-07-26 14:09:16,600 - Evaluate - INFO - ASR... Epoch: 0, Walltime: 2.373138 CPU time: 13.350357
2026-07-26 14:09:19,171 - Evaluate - INFO - ASR Module... Epoch: 0, RSS: 5.63 GB
2026-07-26 14:09:19,171 - Evaluate - INFO - ASR... Epoch: 0, Walltime: 2.567164 CPU time: 14.185980
2026-07-26 14:09:23,358 - Evaluate - INFO - ASR Module... Epoch: 0, RSS: 5.63 GB
2026-07-26 14:09:23,359 - Evaluate - INFO - ASR... Epoch: 0, Walltime: 4.182159 CPU time: 22.736522
2026-07-26 14:09:27,899 - Evaluate - INFO - ASR Module... Epoch: 0, RSS: 5.63 GB
2026-07-26 14:09:27,900 - Evaluate - INFO - ASR... Epoch: 0, Walltime: 4.535160 CPU time: 25.581615
2026-07-26 14:09:30,637 - Evaluate - INFO - ASR Module... Epoch: 0, RSS: 5.63 GB
2026-07-26 14:09:30,637 - Evaluate - INFO - ASR... Epoch: 0, Walltime: 2.732521 CPU time: 15.173980
2026-07-26 14:09:34,301 - Evaluate - INFO - ASR Module... Epoch: 0, RSS: 5.63 GB
2026-07-26 14:09:34,302 - Evaluate - INFO - ASR... Epoch: 0, Walltime: 3.660057 CPU time: 20.341920
2026-07-26 14:09:40,299 - Evaluate - INFO - ASR Module... Epoch: 0, RSS: 5.63 GB
2026-07-26 14:09:40,300 - Evaluate - INFO - ASR... Epoch: 0, Walltime: 5.991486 CPU time: 32.799384
2026-07-26 14:09:41,702 - Evaluate - INFO - ASR Module... Epoch: 0, RSS: 5.63 GB
2026-07-26 14:09:41,703 - Evaluate - INFO - ASR... Epoch: 0, Walltime: 1.399099 CPU time: 7.549284
2026-07-26 14:09:43,040 - Evaluate - INFO - ASR Module... Epoch: 0, RSS: 5.63 GB
2026-07-26 14:09:43,041 - Evaluate - INFO - ASR... Epoch: 0, Walltime: 1.334878 CPU time: 7.526077
2026-07-26 14:09:45,782 - Evaluate - INFO - ASR Module... Epoch: 0, RSS: 5.63 GB
2026-07-26 14:09:45,782 - Evaluate - INFO - ASR... Epoch: 0, Walltime: 2.737659 CPU time: 14.653093
2026-07-26 14:09:46,887 - Evaluate - INFO - ASR Module... Epoch: 0, RSS: 5.63 GB
2026-07-26 14:09:46,887 - Evaluate - INFO - ASR... Epoch: 0, Walltime: 1.102029 CPU time: 6.147978
2026-07-26 14:09:48,163 - Evaluate - INFO - ASR Module... Epoch: 0, RSS: 5.63 GB
2026-07-26 14:09:48,164 - Evaluate - INFO - ASR... Epoch: 0, Walltime: 1.273922 CPU time: 7.211904
2026-07-26 14:09:49,408 - Evaluate - INFO - ASR Module... Epoch: 0, RSS: 5.63 GB
2026-07-26 14:09:49,408 - Evaluate - INFO - ASR... Epoch: 0, Walltime: 1.241655 CPU time: 7.198865
2026-07-26 14:09:50,805 - Evaluate - INFO - ASR Module... Epoch: 0, RSS: 5.63 GB
2026-07-26 14:09:50,805 - Evaluate - INFO - ASR... Epoch: 0, Walltime: 1.394078 CPU time: 7.842751
2026-07-26 14:09:53,842 - Evaluate - INFO - ASR Module... Epoch: 0, RSS: 5.63 GB
2026-07-26 14:09:53,843 - Evaluate - INFO - ASR... Epoch: 0, Walltime: 3.034254 CPU time: 16.817929
2026-07-26 14:09:56,043 - Evaluate - INFO - ASR Module... Epoch: 0, RSS: 5.63 GB
2026-07-26 14:09:56,043 - Evaluate - INFO - ASR... Epoch: 0, Walltime: 2.196767 CPU time: 12.670339
2026-07-26 14:09:57,466 - Evaluate - INFO - ASR Module... Epoch: 0, RSS: 5.63 GB
2026-07-26 14:09:57,467 - Evaluate - INFO - ASR... Epoch: 0, Walltime: 1.420260 CPU time: 7.960024
2026-07-26 14:09:59,062 - Evaluate - INFO - ASR Module... Epoch: 0, RSS: 5.63 GB
2026-07-26 14:09:59,062 - Evaluate - INFO - ASR... Epoch: 0, Walltime: 1.592343 CPU time: 8.945870
2026-07-26 14:10:01,614 - Evaluate - INFO - ASR Module... Epoch: 0, RSS: 5.63 GB
2026-07-26 14:10:01,614 - Evaluate - INFO - ASR... Epoch: 0, Walltime: 2.548112 CPU time: 14.329043
2026-07-26 14:10:03,576 - Evaluate - INFO - ASR Module... Epoch: 0, RSS: 5.63 GB
2026-07-26 14:10:03,577 - Evaluate - INFO - ASR... Epoch: 0, Walltime: 1.958639 CPU time: 11.421121
2026-07-26 14:10:05,029 - Evaluate - INFO - ASR Module... Epoch: 0, RSS: 5.63 GB
2026-07-26 14:10:05,029 - Evaluate - INFO - ASR... Epoch: 0, Walltime: 1.449552 CPU time: 8.432583
2026-07-26 14:10:06,499 - Evaluate - INFO - ASR Module... Epoch: 0, RSS: 5.63 GB
2026-07-26 14:10:06,499 - Evaluate - INFO - ASR... Epoch: 0, Walltime: 1.466948 CPU time: 8.390849
2026-07-26 14:10:08,301 - Evaluate - INFO - ASR Module... Epoch: 0, RSS: 5.63 GB
2026-07-26 14:10:08,302 - Evaluate - INFO - ASR... Epoch: 0, Walltime: 1.799700 CPU time: 10.054164
2026-07-26 14:10:10,220 - Evaluate - INFO - ASR Module... Epoch: 0, RSS: 5.63 GB
2026-07-26 14:10:10,221 - Evaluate - INFO - ASR... Epoch: 0, Walltime: 1.914757 CPU time: 11.213935
2026-07-26 14:10:11,901 - Evaluate - INFO - ASR Module... Epoch: 0, RSS: 5.63 GB
2026-07-26 14:10:11,902 - Evaluate - INFO - ASR... Epoch: 0, Walltime: 1.678064 CPU time: 9.776587
2026-07-26 14:10:13,699 - Evaluate - INFO - ASR Module... Epoch: 0, RSS: 5.63 GB
2026-07-26 14:10:13,700 - Evaluate - INFO - ASR... Epoch: 0, Walltime: 1.794617 CPU time: 10.235533
2026-07-26 14:10:15,307 - Evaluate - INFO - ASR Module... Epoch: 0, RSS: 5.63 GB
2026-07-26 14:10:15,308 - Evaluate - INFO - ASR... Epoch: 0, Walltime: 1.605422 CPU time: 8.867756
2026-07-26 14:10:16,646 - Evaluate - INFO - ASR Module... Epoch: 0, RSS: 5.63 GB
2026-07-26 14:10:16,647 - Evaluate - INFO - ASR... Epoch: 0, Walltime: 1.336283 CPU time: 7.798294
2026-07-26 14:10:18,270 - Evaluate - INFO - ASR Module... Epoch: 0, RSS: 5.63 GB
2026-07-26 14:10:18,270 - Evaluate - INFO - ASR... Epoch: 0, Walltime: 1.621088 CPU time: 9.527456
2026-07-26 14:10:20,103 - Evaluate - INFO - ASR Module... Epoch: 0, RSS: 5.63 GB
2026-07-26 14:10:20,104 - Evaluate - INFO - ASR... Epoch: 0, Walltime: 1.829691 CPU time: 10.653568
2026-07-26 14:10:21,397 - Evaluate - INFO - ASR Module... Epoch: 0, RSS: 5.63 GB
2026-07-26 14:10:21,397 - Evaluate - INFO - ASR... Epoch: 0, Walltime: 1.291073 CPU time: 7.571478
2026-07-26 14:10:23,547 - Evaluate - INFO - ASR Module... Epoch: 0, RSS: 5.63 GB
2026-07-26 14:10:23,548 - Evaluate - INFO - ASR... Epoch: 0, Walltime: 2.147704 CPU time: 11.986510
2026-07-26 14:10:25,951 - Evaluate - INFO - ASR Module... Epoch: 0, RSS: 5.63 GB
2026-07-26 14:10:25,952 - Evaluate - INFO - ASR... Epoch: 0, Walltime: 2.400303 CPU time: 13.776850
2026-07-26 14:10:28,104 - Evaluate - INFO - ASR Module... Epoch: 0, RSS: 5.64 GB
2026-07-26 14:10:28,105 - Evaluate - INFO - ASR... Epoch: 0, Walltime: 2.149830 CPU time: 11.993155
2026-07-26 14:10:29,623 - Evaluate - INFO - ASR Module... Epoch: 0, RSS: 5.64 GB
2026-07-26 14:10:29,624 - Evaluate - INFO - ASR... Epoch: 0, Walltime: 1.516601 CPU time: 8.840619
2026-07-26 14:10:31,529 - Evaluate - INFO - ASR Module... Epoch: 0, RSS: 5.64 GB
2026-07-26 14:10:31,530 - Evaluate - INFO - ASR... Epoch: 0, Walltime: 1.902898 CPU time: 10.849603
2026-07-26 14:10:33,438 - Evaluate - INFO - ASR Module... Epoch: 0, RSS: 5.64 GB
2026-07-26 14:10:33,438 - Evaluate - INFO - ASR... Epoch: 0, Walltime: 1.905777 CPU time: 10.968059
2026-07-26 14:10:35,911 - Evaluate - INFO - ASR Module... Epoch: 0, RSS: 5.64 GB
2026-07-26 14:10:35,912 - Evaluate - INFO - ASR... Epoch: 0, Walltime: 2.470341 CPU time: 13.907897
2026-07-26 14:10:38,023 - Evaluate - INFO - ASR Module... Epoch: 0, RSS: 5.64 GB
2026-07-26 14:10:38,023 - Evaluate - INFO - ASR... Epoch: 0, Walltime: 2.107558 CPU time: 12.130670
2026-07-26 14:10:39,728 - Evaluate - INFO - ASR Module... Epoch: 0, RSS: 5.64 GB
2026-07-26 14:10:39,729 - Evaluate - INFO - ASR... Epoch: 0, Walltime: 1.701943 CPU time: 9.735812
2026-07-26 14:10:41,562 - Evaluate - INFO - ASR Module... Epoch: 0, RSS: 5.64 GB
2026-07-26 14:10:41,563 - Evaluate - INFO - ASR... Epoch: 0, Walltime: 1.831123 CPU time: 10.572266
2026-07-26 14:10:43,162 - Evaluate - INFO - ASR Module... Epoch: 0, RSS: 5.64 GB
2026-07-26 14:10:43,163 - Evaluate - INFO - ASR... Epoch: 0, Walltime: 1.597371 CPU time: 8.965804
2026-07-26 14:10:45,021 - Evaluate - INFO - ASR Module... Epoch: 0, RSS: 5.64 GB
2026-07-26 14:10:45,022 - Evaluate - INFO - ASR... Epoch: 0, Walltime: 1.856444 CPU time: 10.359703
2026-07-26 14:10:46,328 - Evaluate - INFO - ASR Module... Epoch: 0, RSS: 5.64 GB
2026-07-26 14:10:46,329 - Evaluate - INFO - ASR... Epoch: 0, Walltime: 1.303733 CPU time: 7.337128
2026-07-26 14:10:48,014 - Evaluate - INFO - ASR Module... Epoch: 0, RSS: 5.64 GB
2026-07-26 14:10:48,015 - Evaluate - INFO - ASR... Epoch: 0, Walltime: 1.683599 CPU time: 9.590686
2026-07-26 14:10:49,779 - Evaluate - INFO - ASR Module... Epoch: 0, RSS: 5.64 GB
2026-07-26 14:10:49,780 - Evaluate - INFO - ASR... Epoch: 0, Walltime: 1.761763 CPU time: 9.445575
2026-07-26 14:10:51,624 - Evaluate - INFO - ASR Module... Epoch: 0, RSS: 5.64 GB
2026-07-26 14:10:51,625 - Evaluate - INFO - ASR... Epoch: 0, Walltime: 1.842346 CPU time: 10.188550
2026-07-26 14:10:53,217 - Evaluate - INFO - ASR Module... Epoch: 0, RSS: 5.64 GB
2026-07-26 14:10:53,218 - Evaluate - INFO - ASR... Epoch: 0, Walltime: 1.590881 CPU time: 8.925696
2026-07-26 14:10:54,308 - Evaluate - INFO - ASR Module... Epoch: 0, RSS: 5.64 GB
2026-07-26 14:10:54,309 - Evaluate - INFO - ASR... Epoch: 0, Walltime: 1.088231 CPU time: 6.271449
2026-07-26 14:10:55,834 - Evaluate - INFO - ASR Module... Epoch: 0, RSS: 5.64 GB
2026-07-26 14:10:55,835 - Evaluate - INFO - ASR... Epoch: 0, Walltime: 1.523161 CPU time: 9.023651
2026-07-26 14:10:57,932 - Evaluate - INFO - ASR Module... Epoch: 0, RSS: 5.64 GB
2026-07-26 14:10:57,933 - Evaluate - INFO - ASR... Epoch: 0, Walltime: 2.093829 CPU time: 12.016558
2026-07-26 14:10:59,828 - Evaluate - INFO - ASR Module... Epoch: 0, RSS: 5.64 GB
2026-07-26 14:10:59,828 - Evaluate - INFO - ASR... Epoch: 0, Walltime: 1.892528 CPU time: 10.557497
2026-07-26 14:11:02,065 - Evaluate - INFO - ASR Module... Epoch: 0, RSS: 5.64 GB
2026-07-26 14:11:02,065 - Evaluate - INFO - ASR... Epoch: 0, Walltime: 2.233827 CPU time: 12.125308
2026-07-26 14:11:04,823 - Evaluate - INFO - ASR Module... Epoch: 0, RSS: 5.64 GB
2026-07-26 14:11:04,824 - Evaluate - INFO - ASR... Epoch: 0, Walltime: 2.755609 CPU time: 15.528341
2026-07-26 14:11:06,159 - Evaluate - INFO - ASR Module... Epoch: 0, RSS: 5.64 GB
2026-07-26 14:11:06,159 - Evaluate - INFO - ASR... Epoch: 0, Walltime: 1.331986 CPU time: 7.543084
2026-07-26 14:11:08,028 - Evaluate - INFO - ASR Module... Epoch: 0, RSS: 5.64 GB
2026-07-26 14:11:08,029 - Evaluate - INFO - ASR... Epoch: 0, Walltime: 1.866583 CPU time: 10.366863
2026-07-26 14:11:09,839 - Evaluate - INFO - ASR Module... Epoch: 0, RSS: 5.64 GB
2026-07-26 14:11:09,840 - Evaluate - INFO - ASR... Epoch: 0, Walltime: 1.807757 CPU time: 10.511775
2026-07-26 14:11:11,542 - Evaluate - INFO - ASR Module... Epoch: 0, RSS: 5.64 GB
2026-07-26 14:11:11,542 - Evaluate - INFO - ASR... Epoch: 0, Walltime: 1.699584 CPU time: 9.559628
2026-07-26 14:11:13,037 - Evaluate - INFO - ASR Module... Epoch: 0, RSS: 5.64 GB
2026-07-26 14:11:13,038 - Evaluate - INFO - ASR... Epoch: 0, Walltime: 1.492300 CPU time: 8.901555
2026-07-26 14:11:15,109 - Evaluate - INFO - ASR Module... Epoch: 0, RSS: 5.64 GB
2026-07-26 14:11:15,110 - Evaluate - INFO - ASR... Epoch: 0, Walltime: 2.068668 CPU time: 12.171410
2026-07-26 14:11:16,761 - Evaluate - INFO - ASR Module... Epoch: 0, RSS: 5.64 GB
2026-07-26 14:11:16,761 - Evaluate - INFO - ASR... Epoch: 0, Walltime: 1.648172 CPU time: 9.524093
2026-07-26 14:11:18,378 - Evaluate - INFO - ASR Module... Epoch: 0, RSS: 5.64 GB
2026-07-26 14:11:18,379 - Evaluate - INFO - ASR... Epoch: 0, Walltime: 1.613664 CPU time: 9.221507
2026-07-26 14:11:20,181 - Evaluate - INFO - ASR Module... Epoch: 0, RSS: 5.64 GB
2026-07-26 14:11:20,182 - Evaluate - INFO - ASR... Epoch: 0, Walltime: 1.800057 CPU time: 10.569841
2026-07-26 14:11:22,141 - Evaluate - INFO - ASR Module... Epoch: 0, RSS: 5.64 GB
2026-07-26 14:11:22,142 - Evaluate - INFO - ASR... Epoch: 0, Walltime: 1.957129 CPU time: 11.058417
2026-07-26 14:11:24,140 - Evaluate - INFO - ASR Module... Epoch: 0, RSS: 5.64 GB
2026-07-26 14:11:24,141 - Evaluate - INFO - ASR... Epoch: 0, Walltime: 1.995714 CPU time: 11.586637
2026-07-26 14:11:25,898 - Evaluate - INFO - ASR Module... Epoch: 0, RSS: 5.64 GB
2026-07-26 14:11:25,899 - Evaluate - INFO - ASR... Epoch: 0, Walltime: 1.754271 CPU time: 10.215118
2026-07-26 14:11:28,139 - Evaluate - INFO - ASR Module... Epoch: 0, RSS: 5.64 GB
2026-07-26 14:11:28,139 - Evaluate - INFO - ASR... Epoch: 0, Walltime: 2.237603 CPU time: 12.682381
2026-07-26 14:11:30,050 - Evaluate - INFO - ASR Module... Epoch: 0, RSS: 5.64 GB
2026-07-26 14:11:30,051 - Evaluate - INFO - ASR... Epoch: 0, Walltime: 1.908791 CPU time: 10.538336
2026-07-26 14:11:32,210 - Evaluate - INFO - ASR Module... Epoch: 0, RSS: 5.64 GB
2026-07-26 14:11:32,211 - Evaluate - INFO - ASR... Epoch: 0, Walltime: 2.156914 CPU time: 12.396662
2026-07-26 14:11:34,268 - Evaluate - INFO - ASR Module... Epoch: 0, RSS: 5.64 GB
2026-07-26 14:11:34,268 - Evaluate - INFO - ASR... Epoch: 0, Walltime: 2.053700 CPU time: 11.921350
2026-07-26 14:11:35,969 - Evaluate - INFO - ASR Module... Epoch: 0, RSS: 5.64 GB
2026-07-26 14:11:35,970 - Evaluate - INFO - ASR... Epoch: 0, Walltime: 1.698284 CPU time: 9.683038
2026-07-26 14:11:38,301 - Evaluate - INFO - ASR Module... Epoch: 0, RSS: 5.64 GB
2026-07-26 14:11:38,301 - Evaluate - INFO - ASR... Epoch: 0, Walltime: 2.328953 CPU time: 13.150864
2026-07-26 14:11:39,956 - Evaluate - INFO - ASR Module... Epoch: 0, RSS: 5.64 GB
2026-07-26 14:11:39,957 - Evaluate - INFO - ASR... Epoch: 0, Walltime: 1.652528 CPU time: 9.573448
2026-07-26 14:11:41,702 - Evaluate - INFO - ASR Module... Epoch: 0, RSS: 5.64 GB
2026-07-26 14:11:41,703 - Evaluate - INFO - ASR... Epoch: 0, Walltime: 1.743286 CPU time: 9.888985
2026-07-26 14:11:43,649 - Evaluate - INFO - ASR Module... Epoch: 0, RSS: 5.64 GB
2026-07-26 14:11:43,649 - Evaluate - INFO - ASR... Epoch: 0, Walltime: 1.943321 CPU time: 11.029094
2026-07-26 14:11:45,486 - Evaluate - INFO - ASR Module... Epoch: 0, RSS: 5.64 GB
2026-07-26 14:11:45,487 - Evaluate - INFO - ASR... Epoch: 0, Walltime: 1.833651 CPU time: 10.307184
2026-07-26 14:11:47,979 - Evaluate - INFO - ASR Module... Epoch: 0, RSS: 5.64 GB
2026-07-26 14:11:47,979 - Evaluate - INFO - ASR... Epoch: 0, Walltime: 2.488297 CPU time: 14.227577
2026-07-26 14:11:49,738 - Evaluate - INFO - ASR Module... Epoch: 0, RSS: 5.64 GB
2026-07-26 14:11:49,739 - Evaluate - INFO - ASR... Epoch: 0, Walltime: 1.756502 CPU time: 10.398559
2026-07-26 14:11:51,408 - Evaluate - INFO - ASR Module... Epoch: 0, RSS: 5.64 GB
2026-07-26 14:11:51,409 - Evaluate - INFO - ASR... Epoch: 0, Walltime: 1.666761 CPU time: 9.797009
2026-07-26 14:11:53,262 - Evaluate - INFO - ASR Module... Epoch: 0, RSS: 5.64 GB
2026-07-26 14:11:53,262 - Evaluate - INFO - ASR... Epoch: 0, Walltime: 1.850877 CPU time: 10.680048
2026-07-26 14:11:54,510 - Evaluate - INFO - ASR Module... Epoch: 0, RSS: 5.64 GB
2026-07-26 14:11:54,511 - Evaluate - INFO - ASR... Epoch: 0, Walltime: 1.246403 CPU time: 7.098853
2026-07-26 14:11:56,859 - Evaluate - INFO - ASR Module... Epoch: 0, RSS: 5.64 GB
2026-07-26 14:11:56,860 - Evaluate - INFO - ASR... Epoch: 0, Walltime: 2.345462 CPU time: 12.823225
2026-07-26 14:11:58,887 - Evaluate - INFO - ASR Module... Epoch: 0, RSS: 5.64 GB
2026-07-26 14:11:58,887 - Evaluate - INFO - ASR... Epoch: 0, Walltime: 2.023668 CPU time: 11.326073
2026-07-26 14:12:00,958 - Evaluate - INFO - ASR Module... Epoch: 0, RSS: 5.64 GB
2026-07-26 14:12:00,959 - Evaluate - INFO - ASR... Epoch: 0, Walltime: 2.069026 CPU time: 11.419528
2026-07-26 14:12:02,243 - Evaluate - INFO - ASR Module... Epoch: 0, RSS: 5.64 GB
2026-07-26 14:12:02,244 - Evaluate - INFO - ASR... Epoch: 0, Walltime: 1.281964 CPU time: 7.104312
2026-07-26 14:12:03,448 - Evaluate - INFO - ASR Module... Epoch: 0, RSS: 5.64 GB
2026-07-26 14:12:03,448 - Evaluate - INFO - ASR... Epoch: 0, Walltime: 1.201604 CPU time: 6.411979
2026-07-26 14:12:05,419 - Evaluate - INFO - ASR Module... Epoch: 0, RSS: 5.64 GB
2026-07-26 14:12:05,419 - Evaluate - INFO - ASR... Epoch: 0, Walltime: 1.968453 CPU time: 11.342119
2026-07-26 14:12:08,292 - Evaluate - INFO - ASR Module... Epoch: 0, RSS: 5.64 GB
2026-07-26 14:12:08,293 - Evaluate - INFO - ASR... Epoch: 0, Walltime: 2.869416 CPU time: 16.409395
2026-07-26 14:12:09,676 - Evaluate - INFO - ASR Module... Epoch: 0, RSS: 5.64 GB
2026-07-26 14:12:09,677 - Evaluate - INFO - ASR... Epoch: 0, Walltime: 1.379738 CPU time: 8.062923
2026-07-26 14:12:11,841 - Evaluate - INFO - ASR Module... Epoch: 0, RSS: 5.64 GB
2026-07-26 14:12:11,842 - Evaluate - INFO - ASR... Epoch: 0, Walltime: 2.161537 CPU time: 11.997476
2026-07-26 14:12:13,441 - Evaluate - INFO - ASR Module... Epoch: 0, RSS: 5.64 GB
2026-07-26 14:12:13,442 - Evaluate - INFO - ASR... Epoch: 0, Walltime: 1.596329 CPU time: 9.092665
2026-07-26 14:12:16,196 - Evaluate - INFO - ASR Module... Epoch: 0, RSS: 5.64 GB
2026-07-26 14:12:16,196 - Evaluate - INFO - ASR... Epoch: 0, Walltime: 2.750702 CPU time: 15.173226
2026-07-26 14:12:18,154 - Evaluate - INFO - ASR Module... Epoch: 0, RSS: 5.64 GB
2026-07-26 14:12:18,154 - Evaluate - INFO - ASR... Epoch: 0, Walltime: 1.954525 CPU time: 11.129781
2026-07-26 14:12:20,446 - Evaluate - INFO - ASR Module... Epoch: 0, RSS: 5.64 GB
2026-07-26 14:12:20,447 - Evaluate - INFO - ASR... Epoch: 0, Walltime: 2.288956 CPU time: 12.918575
2026-07-26 14:12:22,353 - Evaluate - INFO - ASR Module... Epoch: 0, RSS: 5.64 GB
2026-07-26 14:12:22,354 - Evaluate - INFO - ASR... Epoch: 0, Walltime: 1.903282 CPU time: 10.428028
2026-07-26 14:12:24,499 - Evaluate - INFO - ASR Module... Epoch: 0, RSS: 5.64 GB
2026-07-26 14:12:24,499 - Evaluate - INFO - ASR... Epoch: 0, Walltime: 2.142616 CPU time: 11.915288
2026-07-26 14:12:26,761 - Evaluate - INFO - ASR Module... Epoch: 0, RSS: 5.64 GB
2026-07-26 14:12:26,761 - Evaluate - INFO - ASR... Epoch: 0, Walltime: 2.258171 CPU time: 12.855052
2026-07-26 14:12:29,975 - Evaluate - INFO - ASR Module... Epoch: 0, RSS: 5.64 GB
2026-07-26 14:12:29,976 - Evaluate - INFO - ASR... Epoch: 0, Walltime: 3.209318 CPU time: 17.757620
2026-07-26 14:12:32,264 - Evaluate - INFO - ASR Module... Epoch: 0, RSS: 5.64 GB
2026-07-26 14:12:32,265 - Evaluate - INFO - ASR... Epoch: 0, Walltime: 2.284851 CPU time: 12.921751
2026-07-26 14:12:33,813 - Evaluate - INFO - ASR Module... Epoch: 0, RSS: 5.64 GB
2026-07-26 14:12:33,814 - Evaluate - INFO - ASR... Epoch: 0, Walltime: 1.545239 CPU time: 8.979603
2026-07-26 14:12:35,590 - Evaluate - INFO - ASR Module... Epoch: 0, RSS: 5.64 GB
2026-07-26 14:12:35,591 - Evaluate - INFO - ASR... Epoch: 0, Walltime: 1.774035 CPU time: 10.229879
2026-07-26 14:12:38,822 - Evaluate - INFO - ASR Module... Epoch: 0, RSS: 5.64 GB
2026-07-26 14:12:38,823 - Evaluate - INFO - ASR... Epoch: 0, Walltime: 3.227731 CPU time: 18.150152
2026-07-26 14:12:41,022 - Evaluate - INFO - ASR Module... Epoch: 0, RSS: 5.64 GB
2026-07-26 14:12:41,023 - Evaluate - INFO - ASR... Epoch: 0, Walltime: 2.196049 CPU time: 12.192556
2026-07-26 14:12:42,724 - Evaluate - INFO - ASR Module... Epoch: 0, RSS: 5.64 GB
2026-07-26 14:12:42,725 - Evaluate - INFO - ASR... Epoch: 0, Walltime: 1.697381 CPU time: 9.163066
2026-07-26 14:12:44,253 - Evaluate - INFO - ASR Module... Epoch: 0, RSS: 5.64 GB
2026-07-26 14:12:44,253 - Evaluate - INFO - ASR... Epoch: 0, Walltime: 1.526026 CPU time: 8.402001
2026-07-26 14:12:45,654 - Evaluate - INFO - ASR Module... Epoch: 0, RSS: 5.64 GB
2026-07-26 14:12:45,655 - Evaluate - INFO - ASR... Epoch: 0, Walltime: 1.398967 CPU time: 8.084931
2026-07-26 14:12:47,346 - Evaluate - INFO - ASR Module... Epoch: 0, RSS: 5.64 GB
2026-07-26 14:12:47,346 - Evaluate - INFO - ASR... Epoch: 0, Walltime: 1.687872 CPU time: 9.523180
2026-07-26 14:12:50,032 - Evaluate - INFO - ASR Module... Epoch: 0, RSS: 5.64 GB
2026-07-26 14:12:50,032 - Evaluate - INFO - ASR... Epoch: 0, Walltime: 2.682377 CPU time: 14.845462
2026-07-26 14:12:50,807 - Evaluate - INFO - ASR Module... Epoch: 0, RSS: 5.64 GB
2026-07-26 14:12:50,807 - Evaluate - INFO - ASR... Epoch: 0, Walltime: 0.772973 CPU time: 4.290467
2026-07-26 14:13:00,045 - Evaluate - INFO - ASR Module... Epoch: 1, RSS: 5.64 GB
2026-07-26 14:13:00,045 - Evaluate - INFO - ASR... Epoch: 1, Walltime: 2.662274 CPU time: 14.368286
2026-07-26 14:13:04,200 - Evaluate - INFO - ASR Module... Epoch: 1, RSS: 5.64 GB
2026-07-26 14:13:04,201 - Evaluate - INFO - ASR... Epoch: 1, Walltime: 4.141373 CPU time: 23.457650
2026-07-26 14:13:08,108 - Evaluate - INFO - ASR Module... Epoch: 1, RSS: 5.64 GB
2026-07-26 14:13:08,108 - Evaluate - INFO - ASR... Epoch: 1, Walltime: 3.898024 CPU time: 21.999436
2026-07-26 14:13:14,350 - Evaluate - INFO - ASR Module... Epoch: 1, RSS: 5.64 GB
2026-07-26 14:13:14,351 - Evaluate - INFO - ASR... Epoch: 1, Walltime: 6.229958 CPU time: 34.731810
2026-07-26 14:13:20,745 - Evaluate - INFO - ASR Module... Epoch: 1, RSS: 5.64 GB
2026-07-26 14:13:20,746 - Evaluate - INFO - ASR... Epoch: 1, Walltime: 6.381052 CPU time: 36.073114
2026-07-26 14:13:24,244 - Evaluate - INFO - ASR Module... Epoch: 1, RSS: 5.64 GB
2026-07-26 14:13:24,245 - Evaluate - INFO - ASR... Epoch: 1, Walltime: 3.489417 CPU time: 19.770002
2026-07-26 14:13:26,511 - Evaluate - INFO - ASR Module... Epoch: 1, RSS: 5.64 GB
2026-07-26 14:13:26,511 - Evaluate - INFO - ASR... Epoch: 1, Walltime: 2.259593 CPU time: 12.962000
2026-07-26 14:13:29,598 - Evaluate - INFO - ASR Module... Epoch: 1, RSS: 5.64 GB
2026-07-26 14:13:29,599 - Evaluate - INFO - ASR... Epoch: 1, Walltime: 3.081623 CPU time: 17.452363
2026-07-26 14:13:33,024 - Evaluate - INFO - ASR Module... Epoch: 1, RSS: 5.64 GB
2026-07-26 14:13:33,025 - Evaluate - INFO - ASR... Epoch: 1, Walltime: 3.419682 CPU time: 19.376114
2026-07-26 14:13:35,344 - Evaluate - INFO - ASR Module... Epoch: 1, RSS: 5.64 GB
2026-07-26 14:13:35,345 - Evaluate - INFO - ASR... Epoch: 1, Walltime: 2.314693 CPU time: 13.295683
2026-07-26 14:13:39,508 - Evaluate - INFO - ASR Module... Epoch: 1, RSS: 5.64 GB
2026-07-26 14:13:39,509 - Evaluate - INFO - ASR... Epoch: 1, Walltime: 4.157463 CPU time: 23.522931
2026-07-26 14:13:41,301 - Evaluate - INFO - ASR Module... Epoch: 1, RSS: 5.64 GB
2026-07-26 14:13:41,301 - Evaluate - INFO - ASR... Epoch: 1, Walltime: 1.788058 CPU time: 9.751600
2026-07-26 14:13:43,374 - Evaluate - INFO - ASR Module... Epoch: 1, RSS: 5.64 GB
2026-07-26 14:13:43,375 - Evaluate - INFO - ASR... Epoch: 1, Walltime: 2.070239 CPU time: 11.855250
2026-07-26 14:13:48,032 - Evaluate - INFO - ASR Module... Epoch: 1, RSS: 5.64 GB
2026-07-26 14:13:48,033 - Evaluate - INFO - ASR... Epoch: 1, Walltime: 4.651521 CPU time: 26.057051
2026-07-26 14:13:51,638 - Evaluate - INFO - ASR Module... Epoch: 1, RSS: 5.64 GB
2026-07-26 14:13:51,638 - Evaluate - INFO - ASR... Epoch: 1, Walltime: 3.600148 CPU time: 20.129266
2026-07-26 14:13:53,136 - Evaluate - INFO - ASR Module... Epoch: 1, RSS: 5.64 GB
2026-07-26 14:13:53,137 - Evaluate - INFO - ASR... Epoch: 1, Walltime: 1.494553 CPU time: 8.329182
2026-07-26 14:13:55,930 - Evaluate - INFO - ASR Module... Epoch: 1, RSS: 5.64 GB
2026-07-26 14:13:55,931 - Evaluate - INFO - ASR... Epoch: 1, Walltime: 2.788903 CPU time: 15.384350
2026-07-26 14:13:57,754 - Evaluate - INFO - ASR Module... Epoch: 1, RSS: 5.64 GB
2026-07-26 14:13:57,754 - Evaluate - INFO - ASR... Epoch: 1, Walltime: 1.820096 CPU time: 10.348603
2026-07-26 14:13:59,529 - Evaluate - INFO - ASR Module... Epoch: 1, RSS: 5.64 GB
2026-07-26 14:13:59,530 - Evaluate - INFO - ASR... Epoch: 1, Walltime: 1.771997 CPU time: 9.901125
2026-07-26 14:14:01,873 - Evaluate - INFO - ASR Module... Epoch: 1, RSS: 5.64 GB
2026-07-26 14:14:01,873 - Evaluate - INFO - ASR... Epoch: 1, Walltime: 2.339893 CPU time: 13.162081
2026-07-26 14:14:06,429 - Evaluate - INFO - ASR Module... Epoch: 1, RSS: 5.60 GB
2026-07-26 14:14:06,430 - Evaluate - INFO - ASR... Epoch: 1, Walltime: 4.550249 CPU time: 26.060419
2026-07-26 14:14:11,824 - Evaluate - INFO - ASR Module... Epoch: 1, RSS: 5.63 GB
2026-07-26 14:14:11,825 - Evaluate - INFO - ASR... Epoch: 1, Walltime: 5.384597 CPU time: 30.430488
2026-07-26 14:14:14,035 - Evaluate - INFO - ASR Module... Epoch: 1, RSS: 5.63 GB
2026-07-26 14:14:14,036 - Evaluate - INFO - ASR... Epoch: 1, Walltime: 2.204986 CPU time: 11.833041
2026-07-26 14:14:15,720 - Evaluate - INFO - ASR Module... Epoch: 1, RSS: 5.63 GB
2026-07-26 14:14:15,721 - Evaluate - INFO - ASR... Epoch: 1, Walltime: 1.681432 CPU time: 9.398400
2026-07-26 14:14:18,654 - Evaluate - INFO - ASR Module... Epoch: 1, RSS: 5.63 GB
2026-07-26 14:14:18,655 - Evaluate - INFO - ASR... Epoch: 1, Walltime: 2.928556 CPU time: 16.553393
2026-07-26 14:14:21,785 - Evaluate - INFO - ASR Module... Epoch: 1, RSS: 5.57 GB
2026-07-26 14:14:21,786 - Evaluate - INFO - ASR... Epoch: 1, Walltime: 3.126402 CPU time: 17.758007
2026-07-26 14:14:24,759 - Evaluate - INFO - ASR Module... Epoch: 1, RSS: 5.57 GB
2026-07-26 14:14:24,760 - Evaluate - INFO - ASR... Epoch: 1, Walltime: 2.967459 CPU time: 16.501971
2026-07-26 14:14:27,788 - Evaluate - INFO - ASR Module... Epoch: 1, RSS: 5.63 GB
2026-07-26 14:14:27,789 - Evaluate - INFO - ASR... Epoch: 1, Walltime: 3.023041 CPU time: 17.105635
2026-07-26 14:14:30,542 - Evaluate - INFO - ASR Module... Epoch: 1, RSS: 5.63 GB
2026-07-26 14:14:30,543 - Evaluate - INFO - ASR... Epoch: 1, Walltime: 2.749002 CPU time: 15.772030
2026-07-26 14:14:33,114 - Evaluate - INFO - ASR Module... Epoch: 1, RSS: 5.64 GB
2026-07-26 14:14:33,114 - Evaluate - INFO - ASR... Epoch: 1, Walltime: 2.567682 CPU time: 13.971534
2026-07-26 14:14:35,837 - Evaluate - INFO - ASR Module... Epoch: 1, RSS: 5.64 GB
2026-07-26 14:14:35,838 - Evaluate - INFO - ASR... Epoch: 1, Walltime: 2.718914 CPU time: 15.145335
2026-07-26 14:14:38,032 - Evaluate - INFO - ASR Module... Epoch: 1, RSS: 5.64 GB
2026-07-26 14:14:38,033 - Evaluate - INFO - ASR... Epoch: 1, Walltime: 2.190965 CPU time: 11.611465
2026-07-26 14:14:40,352 - Evaluate - INFO - ASR Module... Epoch: 1, RSS: 5.64 GB
2026-07-26 14:14:40,353 - Evaluate - INFO - ASR... Epoch: 1, Walltime: 2.316244 CPU time: 12.871791
2026-07-26 14:14:42,741 - Evaluate - INFO - ASR Module... Epoch: 1, RSS: 5.64 GB
2026-07-26 14:14:42,741 - Evaluate - INFO - ASR... Epoch: 1, Walltime: 2.384847 CPU time: 12.926461
2026-07-26 14:14:44,841 - Evaluate - INFO - ASR Module... Epoch: 1, RSS: 5.64 GB
2026-07-26 14:14:44,843 - Evaluate - INFO - ASR... Epoch: 1, Walltime: 2.096867 CPU time: 10.934460
2026-07-26 14:14:48,156 - Evaluate - INFO - ASR Module... Epoch: 1, RSS: 5.57 GB
2026-07-26 14:14:48,156 - Evaluate - INFO - ASR... Epoch: 1, Walltime: 3.308320 CPU time: 18.585281
2026-07-26 14:14:52,332 - Evaluate - INFO - ASR Module... Epoch: 1, RSS: 5.57 GB
2026-07-26 14:14:52,333 - Evaluate - INFO - ASR... Epoch: 1, Walltime: 4.169474 CPU time: 23.315854
2026-07-26 14:14:56,096 - Evaluate - INFO - ASR Module... Epoch: 1, RSS: 5.64 GB
2026-07-26 14:14:56,097 - Evaluate - INFO - ASR... Epoch: 1, Walltime: 3.758049 CPU time: 21.005561
2026-07-26 14:14:59,332 - Evaluate - INFO - ASR Module... Epoch: 1, RSS: 5.64 GB
2026-07-26 14:14:59,333 - Evaluate - INFO - ASR... Epoch: 1, Walltime: 3.229811 CPU time: 17.985123
2026-07-26 14:15:00,739 - Evaluate - INFO - ASR Module... Epoch: 1, RSS: 5.64 GB
2026-07-26 14:15:00,739 - Evaluate - INFO - ASR... Epoch: 1, Walltime: 1.402261 CPU time: 8.078199
2026-07-26 14:15:02,704 - Evaluate - INFO - ASR Module... Epoch: 1, RSS: 5.64 GB
2026-07-26 14:15:02,705 - Evaluate - INFO - ASR... Epoch: 1, Walltime: 1.960951 CPU time: 11.191657
2026-07-26 14:15:05,290 - Evaluate - INFO - ASR Module... Epoch: 1, RSS: 5.64 GB
2026-07-26 14:15:05,290 - Evaluate - INFO - ASR... Epoch: 1, Walltime: 2.580748 CPU time: 14.914856
2026-07-26 14:15:07,328 - Evaluate - INFO - ASR Module... Epoch: 1, RSS: 5.64 GB
2026-07-26 14:15:07,329 - Evaluate - INFO - ASR... Epoch: 1, Walltime: 2.034621 CPU time: 11.506792
2026-07-26 14:15:08,977 - Evaluate - INFO - ASR Module... Epoch: 1, RSS: 5.64 GB
2026-07-26 14:15:08,977 - Evaluate - INFO - ASR... Epoch: 1, Walltime: 1.644653 CPU time: 9.320054
2026-07-26 14:15:11,488 - Evaluate - INFO - ASR Module... Epoch: 1, RSS: 5.64 GB
2026-07-26 14:15:11,489 - Evaluate - INFO - ASR... Epoch: 1, Walltime: 2.507371 CPU time: 14.089065
2026-07-26 14:15:12,935 - Evaluate - INFO - ASR Module... Epoch: 1, RSS: 5.64 GB
2026-07-26 14:15:12,936 - Evaluate - INFO - ASR... Epoch: 1, Walltime: 1.443382 CPU time: 7.556879
2026-07-26 14:15:14,194 - Evaluate - INFO - ASR Module... Epoch: 1, RSS: 5.64 GB
2026-07-26 14:15:14,195 - Evaluate - INFO - ASR... Epoch: 1, Walltime: 1.255230 CPU time: 7.278662
2026-07-26 14:15:16,361 - Evaluate - INFO - ASR Module... Epoch: 1, RSS: 5.64 GB
2026-07-26 14:15:16,362 - Evaluate - INFO - ASR... Epoch: 1, Walltime: 2.163155 CPU time: 12.232678
2026-07-26 14:15:18,372 - Evaluate - INFO - ASR Module... Epoch: 1, RSS: 5.64 GB
2026-07-26 14:15:18,372 - Evaluate - INFO - ASR... Epoch: 1, Walltime: 2.006033 CPU time: 11.145720
2026-07-26 14:15:19,661 - Evaluate - INFO - ASR Module... Epoch: 1, RSS: 5.64 GB
2026-07-26 14:15:19,662 - Evaluate - INFO - ASR... Epoch: 1, Walltime: 1.286414 CPU time: 7.364013
2026-07-26 14:15:21,229 - Evaluate - INFO - ASR Module... Epoch: 1, RSS: 5.64 GB
2026-07-26 14:15:21,230 - Evaluate - INFO - ASR... Epoch: 1, Walltime: 1.565112 CPU time: 8.687011
2026-07-26 14:15:22,887 - Evaluate - INFO - ASR Module... Epoch: 1, RSS: 5.64 GB
2026-07-26 14:15:22,888 - Evaluate - INFO - ASR... Epoch: 1, Walltime: 1.654570 CPU time: 8.951734
2026-07-26 14:15:25,356 - Evaluate - INFO - ASR Module... Epoch: 1, RSS: 5.64 GB
2026-07-26 14:15:25,357 - Evaluate - INFO - ASR... Epoch: 1, Walltime: 2.464639 CPU time: 13.752031
2026-07-26 14:15:26,898 - Evaluate - INFO - ASR Module... Epoch: 1, RSS: 5.64 GB
2026-07-26 14:15:26,899 - Evaluate - INFO - ASR... Epoch: 1, Walltime: 1.538114 CPU time: 8.976673
2026-07-26 14:15:28,854 - Evaluate - INFO - ASR Module... Epoch: 1, RSS: 5.64 GB
2026-07-26 14:15:28,854 - Evaluate - INFO - ASR... Epoch: 1, Walltime: 1.952359 CPU time: 10.984340
2026-07-26 14:15:30,934 - Evaluate - INFO - ASR Module... Epoch: 1, RSS: 5.64 GB
2026-07-26 14:15:30,935 - Evaluate - INFO - ASR... Epoch: 1, Walltime: 2.077068 CPU time: 11.824430
2026-07-26 14:15:32,841 - Evaluate - INFO - ASR Module... Epoch: 1, RSS: 5.64 GB
2026-07-26 14:15:32,842 - Evaluate - INFO - ASR... Epoch: 1, Walltime: 1.902625 CPU time: 10.374878
2026-07-26 14:15:35,925 - Evaluate - INFO - ASR Module... Epoch: 1, RSS: 5.63 GB
2026-07-26 14:15:35,926 - Evaluate - INFO - ASR... Epoch: 1, Walltime: 3.079165 CPU time: 17.356697
2026-07-26 14:15:38,484 - Evaluate - INFO - ASR Module... Epoch: 1, RSS: 5.64 GB
2026-07-26 14:15:38,484 - Evaluate - INFO - ASR... Epoch: 1, Walltime: 2.554073 CPU time: 14.741429
2026-07-26 14:15:40,700 - Evaluate - INFO - ASR Module... Epoch: 1, RSS: 5.64 GB
2026-07-26 14:15:40,701 - Evaluate - INFO - ASR... Epoch: 1, Walltime: 2.212570 CPU time: 12.671002
2026-07-26 14:15:42,496 - Evaluate - INFO - ASR Module... Epoch: 1, RSS: 5.64 GB
2026-07-26 14:15:42,497 - Evaluate - INFO - ASR... Epoch: 1, Walltime: 1.792079 CPU time: 10.270796
2026-07-26 14:15:44,680 - Evaluate - INFO - ASR Module... Epoch: 1, RSS: 5.64 GB
2026-07-26 14:15:44,680 - Evaluate - INFO - ASR... Epoch: 1, Walltime: 2.180253 CPU time: 12.157394
2026-07-26 14:15:46,343 - Evaluate - INFO - ASR Module... Epoch: 1, RSS: 5.64 GB
2026-07-26 14:15:46,343 - Evaluate - INFO - ASR... Epoch: 1, Walltime: 1.660087 CPU time: 9.407526
2026-07-26 14:15:48,958 - Evaluate - INFO - ASR Module... Epoch: 1, RSS: 5.64 GB
2026-07-26 14:15:48,959 - Evaluate - INFO - ASR... Epoch: 1, Walltime: 2.611492 CPU time: 14.313650
2026-07-26 14:15:50,917 - Evaluate - INFO - ASR Module... Epoch: 1, RSS: 5.64 GB
2026-07-26 14:15:50,918 - Evaluate - INFO - ASR... Epoch: 1, Walltime: 1.954491 CPU time: 11.180146
2026-07-26 14:15:53,547 - Evaluate - INFO - ASR Module... Epoch: 1, RSS: 5.64 GB
2026-07-26 14:15:53,548 - Evaluate - INFO - ASR... Epoch: 1, Walltime: 2.624987 CPU time: 14.801102
2026-07-26 14:15:55,200 - Evaluate - INFO - ASR Module... Epoch: 1, RSS: 5.64 GB
2026-07-26 14:15:55,201 - Evaluate - INFO - ASR... Epoch: 1, Walltime: 1.648613 CPU time: 9.266539
2026-07-26 14:15:57,272 - Evaluate - INFO - ASR Module... Epoch: 1, RSS: 5.64 GB
2026-07-26 14:15:57,273 - Evaluate - INFO - ASR... Epoch: 1, Walltime: 2.066788 CPU time: 11.620229
2026-07-26 14:15:59,329 - Evaluate - INFO - ASR Module... Epoch: 1, RSS: 5.64 GB
2026-07-26 14:15:59,330 - Evaluate - INFO - ASR... Epoch: 1, Walltime: 2.052427 CPU time: 11.296614
2026-07-26 14:16:01,412 - Evaluate - INFO - ASR Module... Epoch: 1, RSS: 5.64 GB
2026-07-26 14:16:01,413 - Evaluate - INFO - ASR... Epoch: 1, Walltime: 2.078570 CPU time: 11.519946
2026-07-26 14:16:02,511 - Evaluate - INFO - ASR Module... Epoch: 1, RSS: 5.64 GB
2026-07-26 14:16:02,511 - Evaluate - INFO - ASR... Epoch: 1, Walltime: 1.095656 CPU time: 6.100834
2026-07-26 14:16:03,922 - Evaluate - INFO - ASR Module... Epoch: 1, RSS: 5.64 GB
2026-07-26 14:16:03,922 - Evaluate - INFO - ASR... Epoch: 1, Walltime: 1.407697 CPU time: 8.191783
2026-07-26 14:16:06,159 - Evaluate - INFO - ASR Module... Epoch: 1, RSS: 5.64 GB
2026-07-26 14:16:06,160 - Evaluate - INFO - ASR... Epoch: 1, Walltime: 2.233843 CPU time: 12.695908
2026-07-26 14:16:06,960 - Evaluate - INFO - ASR Module... Epoch: 1, RSS: 5.64 GB
2026-07-26 14:16:06,960 - Evaluate - INFO - ASR... Epoch: 1, Walltime: 0.797754 CPU time: 4.379623
2026-07-26 14:16:07,942 - Evaluate - INFO - ASR Module... Epoch: 1, RSS: 5.64 GB
2026-07-26 14:16:07,943 - Evaluate - INFO - ASR... Epoch: 1, Walltime: 0.980287 CPU time: 5.413932
2026-07-26 14:16:09,168 - Evaluate - INFO - ASR Module... Epoch: 1, RSS: 5.64 GB
2026-07-26 14:16:09,168 - Evaluate - INFO - ASR... Epoch: 1, Walltime: 1.221875 CPU time: 7.153882
2026-07-26 14:16:10,174 - Evaluate - INFO - ASR Module... Epoch: 1, RSS: 5.64 GB
2026-07-26 14:16:10,174 - Evaluate - INFO - ASR... Epoch: 1, Walltime: 1.003871 CPU time: 5.694037
2026-07-26 14:16:11,468 - Evaluate - INFO - ASR Module... Epoch: 1, RSS: 5.64 GB
2026-07-26 14:16:11,469 - Evaluate - INFO - ASR... Epoch: 1, Walltime: 1.291686 CPU time: 7.553887
2026-07-26 14:16:13,778 - Evaluate - INFO - ASR Module... Epoch: 1, RSS: 5.64 GB
2026-07-26 14:16:13,779 - Evaluate - INFO - ASR... Epoch: 1, Walltime: 2.306165 CPU time: 12.989887
2026-07-26 14:16:15,197 - Evaluate - INFO - ASR Module... Epoch: 1, RSS: 5.64 GB
2026-07-26 14:16:15,197 - Evaluate - INFO - ASR... Epoch: 1, Walltime: 1.415570 CPU time: 8.081213
2026-07-26 14:16:16,097 - Evaluate - INFO - ASR Module... Epoch: 1, RSS: 5.64 GB
2026-07-26 14:16:16,098 - Evaluate - INFO - ASR... Epoch: 1, Walltime: 0.898838 CPU time: 5.043331
2026-07-26 14:16:18,506 - Evaluate - INFO - ASR Module... Epoch: 1, RSS: 5.64 GB
2026-07-26 14:16:18,506 - Evaluate - INFO - ASR... Epoch: 1, Walltime: 2.404307 CPU time: 13.330777
2026-07-26 14:16:20,388 - Evaluate - INFO - ASR Module... Epoch: 1, RSS: 5.64 GB
2026-07-26 14:16:20,389 - Evaluate - INFO - ASR... Epoch: 1, Walltime: 1.879229 CPU time: 10.799230
2026-07-26 14:16:21,537 - Evaluate - INFO - ASR Module... Epoch: 1, RSS: 5.64 GB
2026-07-26 14:16:21,537 - Evaluate - INFO - ASR... Epoch: 1, Walltime: 1.146127 CPU time: 6.444596
2026-07-26 14:16:23,187 - Evaluate - INFO - ASR Module... Epoch: 1, RSS: 5.64 GB
2026-07-26 14:16:23,188 - Evaluate - INFO - ASR... Epoch: 1, Walltime: 1.646798 CPU time: 9.546603
2026-07-26 14:16:24,186 - Evaluate - INFO - ASR Module... Epoch: 1, RSS: 5.64 GB
2026-07-26 14:16:24,186 - Evaluate - INFO - ASR... Epoch: 1, Walltime: 0.996353 CPU time: 5.686449
2026-07-26 14:16:25,325 - Evaluate - INFO - ASR Module... Epoch: 1, RSS: 5.64 GB
2026-07-26 14:16:25,325 - Evaluate - INFO - ASR... Epoch: 1, Walltime: 1.136781 CPU time: 6.476856
2026-07-26 14:16:26,763 - Evaluate - INFO - ASR Module... Epoch: 1, RSS: 5.64 GB
2026-07-26 14:16:26,764 - Evaluate - INFO - ASR... Epoch: 1, Walltime: 1.435370 CPU time: 8.334426
2026-07-26 14:16:28,366 - Evaluate - INFO - ASR Module... Epoch: 1, RSS: 5.64 GB
2026-07-26 14:16:28,367 - Evaluate - INFO - ASR... Epoch: 1, Walltime: 1.599140 CPU time: 9.145052
2026-07-26 14:16:29,926 - Evaluate - INFO - ASR Module... Epoch: 1, RSS: 5.64 GB
2026-07-26 14:16:29,927 - Evaluate - INFO - ASR... Epoch: 1, Walltime: 1.556026 CPU time: 9.120571
2026-07-26 14:16:32,925 - Evaluate - INFO - ASR Module... Epoch: 1, RSS: 5.64 GB
2026-07-26 14:16:32,926 - Evaluate - INFO - ASR... Epoch: 1, Walltime: 2.993187 CPU time: 16.862226
2026-07-26 14:16:34,456 - Evaluate - INFO - ASR Module... Epoch: 1, RSS: 5.64 GB
2026-07-26 14:16:34,457 - Evaluate - INFO - ASR... Epoch: 1, Walltime: 1.527277 CPU time: 8.764180
2026-07-26 14:16:36,122 - Evaluate - INFO - ASR Module... Epoch: 1, RSS: 5.64 GB
2026-07-26 14:16:36,123 - Evaluate - INFO - ASR... Epoch: 1, Walltime: 1.662650 CPU time: 9.480457
2026-07-26 14:16:37,143 - Evaluate - INFO - ASR Module... Epoch: 1, RSS: 5.64 GB
2026-07-26 14:16:37,144 - Evaluate - INFO - ASR... Epoch: 1, Walltime: 1.018363 CPU time: 5.809769
2026-07-26 14:16:38,951 - Evaluate - INFO - ASR Module... Epoch: 1, RSS: 5.64 GB
2026-07-26 14:16:38,952 - Evaluate - INFO - ASR... Epoch: 1, Walltime: 1.803959 CPU time: 10.189712
2026-07-26 14:16:40,190 - Evaluate - INFO - ASR Module... Epoch: 1, RSS: 5.64 GB
2026-07-26 14:16:40,191 - Evaluate - INFO - ASR... Epoch: 1, Walltime: 1.236643 CPU time: 7.113732
2026-07-26 14:16:41,866 - Evaluate - INFO - ASR Module... Epoch: 1, RSS: 5.64 GB
2026-07-26 14:16:41,867 - Evaluate - INFO - ASR... Epoch: 1, Walltime: 1.672196 CPU time: 9.271167
2026-07-26 14:16:43,169 - Evaluate - INFO - ASR Module... Epoch: 1, RSS: 5.64 GB
2026-07-26 14:16:43,170 - Evaluate - INFO - ASR... Epoch: 1, Walltime: 1.299067 CPU time: 7.049393
2026-07-26 14:16:44,757 - Evaluate - INFO - ASR Module... Epoch: 1, RSS: 5.64 GB
2026-07-26 14:16:44,758 - Evaluate - INFO - ASR... Epoch: 1, Walltime: 1.585055 CPU time: 9.172508
2026-07-26 14:16:46,079 - Evaluate - INFO - ASR Module... Epoch: 1, RSS: 5.64 GB
2026-07-26 14:16:46,079 - Evaluate - INFO - ASR... Epoch: 1, Walltime: 1.318633 CPU time: 7.390640
2026-07-26 14:16:47,491 - Evaluate - INFO - ASR Module... Epoch: 1, RSS: 5.64 GB
2026-07-26 14:16:47,491 - Evaluate - INFO - ASR... Epoch: 1, Walltime: 1.409033 CPU time: 8.235474
2026-07-26 14:16:48,681 - Evaluate - INFO - ASR Module... Epoch: 1, RSS: 5.64 GB
2026-07-26 14:16:48,681 - Evaluate - INFO - ASR... Epoch: 1, Walltime: 1.186970 CPU time: 6.830970
2026-07-26 14:16:50,313 - Evaluate - INFO - ASR Module... Epoch: 1, RSS: 5.64 GB
2026-07-26 14:16:50,314 - Evaluate - INFO - ASR... Epoch: 1, Walltime: 1.629421 CPU time: 9.267515
2026-07-26 14:16:51,433 - Evaluate - INFO - ASR Module... Epoch: 1, RSS: 5.64 GB
2026-07-26 14:16:51,434 - Evaluate - INFO - ASR... Epoch: 1, Walltime: 1.117014 CPU time: 6.353979
2026-07-26 14:16:52,629 - Evaluate - INFO - ASR Module... Epoch: 1, RSS: 5.64 GB
2026-07-26 14:16:52,629 - Evaluate - INFO - ASR... Epoch: 1, Walltime: 1.193085 CPU time: 7.006445
2026-07-26 14:16:53,880 - Evaluate - INFO - ASR Module... Epoch: 1, RSS: 5.64 GB
2026-07-26 14:16:53,881 - Evaluate - INFO - ASR... Epoch: 1, Walltime: 1.247813 CPU time: 7.163411
2026-07-26 14:16:55,345 - Evaluate - INFO - ASR Module... Epoch: 1, RSS: 5.64 GB
2026-07-26 14:16:55,347 - Evaluate - INFO - ASR... Epoch: 1, Walltime: 1.461841 CPU time: 8.259610
2026-07-26 14:16:56,363 - Evaluate - INFO - ASR Module... Epoch: 1, RSS: 5.64 GB
2026-07-26 14:16:56,363 - Evaluate - INFO - ASR... Epoch: 1, Walltime: 1.013744 CPU time: 5.762755
2026-07-26 14:16:58,388 - Evaluate - INFO - ASR Module... Epoch: 1, RSS: 5.64 GB
2026-07-26 14:16:58,389 - Evaluate - INFO - ASR... Epoch: 1, Walltime: 2.021968 CPU time: 11.297621
2026-07-26 14:16:59,859 - Evaluate - INFO - ASR Module... Epoch: 1, RSS: 5.64 GB
2026-07-26 14:16:59,860 - Evaluate - INFO - ASR... Epoch: 1, Walltime: 1.467219 CPU time: 8.246728
2026-07-26 14:17:01,837 - Evaluate - INFO - ASR Module... Epoch: 1, RSS: 5.64 GB
2026-07-26 14:17:01,838 - Evaluate - INFO - ASR... Epoch: 1, Walltime: 1.974454 CPU time: 10.773147
2026-07-26 14:17:02,797 - Evaluate - INFO - ASR Module... Epoch: 1, RSS: 5.64 GB
2026-07-26 14:17:02,797 - Evaluate - INFO - ASR... Epoch: 1, Walltime: 0.957067 CPU time: 5.608169
2026-07-26 14:17:05,249 - Evaluate - INFO - ASR Module... Epoch: 1, RSS: 5.64 GB
2026-07-26 14:17:05,250 - Evaluate - INFO - ASR... Epoch: 1, Walltime: 2.448688 CPU time: 14.303772
2026-07-26 14:17:08,370 - Evaluate - INFO - ASR Module... Epoch: 1, RSS: 5.60 GB
2026-07-26 14:17:08,371 - Evaluate - INFO - ASR... Epoch: 1, Walltime: 3.116599 CPU time: 18.216114
2026-07-26 14:17:10,372 - Evaluate - INFO - ASR Module... Epoch: 1, RSS: 5.60 GB
2026-07-26 14:17:10,373 - Evaluate - INFO - ASR... Epoch: 1, Walltime: 1.997388 CPU time: 11.508935
2026-07-26 14:17:11,955 - Evaluate - INFO - ASR Module... Epoch: 1, RSS: 5.60 GB
2026-07-26 14:17:11,955 - Evaluate - INFO - ASR... Epoch: 1, Walltime: 1.579107 CPU time: 8.463343
2026-07-26 14:17:13,429 - Evaluate - INFO - ASR Module... Epoch: 1, RSS: 5.60 GB
2026-07-26 14:17:13,430 - Evaluate - INFO - ASR... Epoch: 1, Walltime: 1.471890 CPU time: 8.264189
2026-07-26 14:17:15,659 - Evaluate - INFO - ASR Module... Epoch: 1, RSS: 5.63 GB
2026-07-26 14:17:15,660 - Evaluate - INFO - ASR... Epoch: 1, Walltime: 2.226320 CPU time: 12.584061
2026-07-26 14:17:17,802 - Evaluate - INFO - ASR Module... Epoch: 1, RSS: 5.63 GB
2026-07-26 14:17:17,803 - Evaluate - INFO - ASR... Epoch: 1, Walltime: 2.139088 CPU time: 12.282174
2026-07-26 14:17:19,213 - Evaluate - INFO - ASR Module... Epoch: 1, RSS: 5.63 GB
2026-07-26 14:17:19,214 - Evaluate - INFO - ASR... Epoch: 1, Walltime: 1.407524 CPU time: 7.958213
2026-07-26 14:17:21,428 - Evaluate - INFO - ASR Module... Epoch: 1, RSS: 5.63 GB
2026-07-26 14:17:21,428 - Evaluate - INFO - ASR... Epoch: 1, Walltime: 2.211547 CPU time: 12.654087
2026-07-26 14:17:23,181 - Evaluate - INFO - ASR Module... Epoch: 1, RSS: 5.63 GB
2026-07-26 14:17:23,181 - Evaluate - INFO - ASR... Epoch: 1, Walltime: 1.750015 CPU time: 9.699838
2026-07-26 14:17:26,632 - Evaluate - INFO - ASR Module... Epoch: 1, RSS: 5.60 GB
2026-07-26 14:17:26,632 - Evaluate - INFO - ASR... Epoch: 1, Walltime: 3.446374 CPU time: 19.955665
2026-07-26 14:17:28,004 - Evaluate - INFO - ASR Module... Epoch: 1, RSS: 5.60 GB
2026-07-26 14:17:28,004 - Evaluate - INFO - ASR... Epoch: 1, Walltime: 1.368884 CPU time: 7.931427
2026-07-26 14:17:30,676 - Evaluate - INFO - ASR Module... Epoch: 1, RSS: 5.60 GB
2026-07-26 14:17:30,676 - Evaluate - INFO - ASR... Epoch: 1, Walltime: 2.667763 CPU time: 15.370571
2026-07-26 14:17:32,721 - Evaluate - INFO - ASR Module... Epoch: 1, RSS: 5.60 GB
2026-07-26 14:17:32,722 - Evaluate - INFO - ASR... Epoch: 1, Walltime: 2.041515 CPU time: 11.893192
2026-07-26 14:17:36,400 - Evaluate - INFO - ASR Module... Epoch: 1, RSS: 5.60 GB
2026-07-26 14:17:36,401 - Evaluate - INFO - ASR... Epoch: 1, Walltime: 3.673854 CPU time: 21.169338
2026-07-26 14:17:39,357 - Evaluate - INFO - ASR Module... Epoch: 1, RSS: 5.64 GB
2026-07-26 14:17:39,358 - Evaluate - INFO - ASR... Epoch: 1, Walltime: 2.951423 CPU time: 17.093998
2026-07-26 14:17:40,678 - Evaluate - INFO - ASR Module... Epoch: 1, RSS: 5.64 GB
2026-07-26 14:17:40,679 - Evaluate - INFO - ASR... Epoch: 1, Walltime: 1.317373 CPU time: 7.627008
2026-07-26 14:17:42,265 - Evaluate - INFO - ASR Module... Epoch: 1, RSS: 5.64 GB
2026-07-26 14:17:42,265 - Evaluate - INFO - ASR... Epoch: 1, Walltime: 1.582447 CPU time: 9.265696
2026-07-26 14:17:43,986 - Evaluate - INFO - ASR Module... Epoch: 1, RSS: 5.64 GB
2026-07-26 14:17:43,987 - Evaluate - INFO - ASR... Epoch: 1, Walltime: 1.718162 CPU time: 10.001026
2026-07-26 14:17:45,182 - Evaluate - INFO - ASR Module... Epoch: 1, RSS: 5.64 GB
2026-07-26 14:17:45,183 - Evaluate - INFO - ASR... Epoch: 1, Walltime: 1.193633 CPU time: 6.808131
2026-07-26 14:17:47,720 - Evaluate - INFO - ASR Module... Epoch: 1, RSS: 5.64 GB
2026-07-26 14:17:47,720 - Evaluate - INFO - ASR... Epoch: 1, Walltime: 2.533343 CPU time: 14.268972
2026-07-26 14:17:49,735 - Evaluate - INFO - ASR Module... Epoch: 1, RSS: 5.64 GB
2026-07-26 14:17:49,736 - Evaluate - INFO - ASR... Epoch: 1, Walltime: 2.012236 CPU time: 10.967420
2026-07-26 14:17:51,326 - Evaluate - INFO - ASR Module... Epoch: 1, RSS: 5.64 GB
2026-07-26 14:17:51,326 - Evaluate - INFO - ASR... Epoch: 1, Walltime: 1.586822 CPU time: 9.329429
2026-07-26 14:17:52,910 - Evaluate - INFO - ASR Module... Epoch: 1, RSS: 5.64 GB
2026-07-26 14:17:52,911 - Evaluate - INFO - ASR... Epoch: 1, Walltime: 1.580818 CPU time: 9.325317
2026-07-26 14:17:54,016 - Evaluate - INFO - ASR Module... Epoch: 1, RSS: 5.64 GB
2026-07-26 14:17:54,017 - Evaluate - INFO - ASR... Epoch: 1, Walltime: 1.103731 CPU time: 6.345129
2026-07-26 14:17:54,959 - Evaluate - INFO - ASR Module... Epoch: 1, RSS: 5.64 GB
2026-07-26 14:17:54,959 - Evaluate - INFO - ASR... Epoch: 1, Walltime: 0.939806 CPU time: 5.314661
2026-07-26 14:17:57,119 - Evaluate - INFO - ASR Module... Epoch: 1, RSS: 5.64 GB
2026-07-26 14:17:57,120 - Evaluate - INFO - ASR... Epoch: 1, Walltime: 2.156560 CPU time: 12.701047
2026-07-26 14:18:01,555 - Evaluate - INFO - ASR Module... Epoch: 1, RSS: 5.63 GB
2026-07-26 14:18:01,556 - Evaluate - INFO - ASR... Epoch: 1, Walltime: 4.427373 CPU time: 25.646374
2026-07-26 14:18:03,961 - Evaluate - INFO - ASR Module... Epoch: 1, RSS: 5.60 GB
2026-07-26 14:18:03,962 - Evaluate - INFO - ASR... Epoch: 1, Walltime: 2.401082 CPU time: 14.033609
2026-07-26 14:18:05,068 - Evaluate - INFO - ASR Module... Epoch: 1, RSS: 5.60 GB
2026-07-26 14:18:05,069 - Evaluate - INFO - ASR... Epoch: 1, Walltime: 1.103556 CPU time: 6.544523
2026-07-26 14:18:07,531 - Evaluate - INFO - ASR Module... Epoch: 1, RSS: 5.63 GB
2026-07-26 14:18:07,531 - Evaluate - INFO - ASR... Epoch: 1, Walltime: 2.458957 CPU time: 14.201656
2026-07-26 14:18:09,648 - Evaluate - INFO - ASR Module... Epoch: 1, RSS: 5.63 GB
2026-07-26 14:18:09,649 - Evaluate - INFO - ASR... Epoch: 1, Walltime: 2.114601 CPU time: 12.451137
2026-07-26 14:18:11,199 - Evaluate - INFO - ASR Module... Epoch: 1, RSS: 5.63 GB
2026-07-26 14:18:11,200 - Evaluate - INFO - ASR... Epoch: 1, Walltime: 1.547272 CPU time: 8.972587
2026-07-26 14:18:13,238 - Evaluate - INFO - ASR Module... Epoch: 1, RSS: 5.60 GB
2026-07-26 14:18:13,238 - Evaluate - INFO - ASR... Epoch: 1, Walltime: 2.034654 CPU time: 11.912335
2026-07-26 14:18:14,520 - Evaluate - INFO - ASR Module... Epoch: 1, RSS: 5.60 GB
2026-07-26 14:18:14,520 - Evaluate - INFO - ASR... Epoch: 1, Walltime: 1.278374 CPU time: 7.506510
2026-07-26 14:18:15,715 - Evaluate - INFO - ASR Module... Epoch: 1, RSS: 5.60 GB
2026-07-26 14:18:15,716 - Evaluate - INFO - ASR... Epoch: 1, Walltime: 1.191641 CPU time: 7.050960
2026-07-26 14:18:17,310 - Evaluate - INFO - ASR Module... Epoch: 1, RSS: 5.60 GB
2026-07-26 14:18:17,310 - Evaluate - INFO - ASR... Epoch: 1, Walltime: 1.590726 CPU time: 9.483025
2026-07-26 14:18:18,340 - Evaluate - INFO - ASR Module... Epoch: 1, RSS: 5.60 GB
2026-07-26 14:18:18,340 - Evaluate - INFO - ASR... Epoch: 1, Walltime: 1.026777 CPU time: 6.145274
2026-07-26 14:18:19,931 - Evaluate - INFO - ASR Module... Epoch: 1, RSS: 5.60 GB
2026-07-26 14:18:19,932 - Evaluate - INFO - ASR... Epoch: 1, Walltime: 1.587871 CPU time: 9.406457
2026-07-26 14:18:21,060 - Evaluate - INFO - ASR Module... Epoch: 1, RSS: 5.60 GB
2026-07-26 14:18:21,061 - Evaluate - INFO - ASR... Epoch: 1, Walltime: 1.125175 CPU time: 6.671238
2026-07-26 14:18:22,194 - Evaluate - INFO - ASR Module... Epoch: 1, RSS: 5.60 GB
2026-07-26 14:18:22,195 - Evaluate - INFO - ASR... Epoch: 1, Walltime: 1.130668 CPU time: 6.486682
2026-07-26 14:18:23,768 - Evaluate - INFO - ASR Module... Epoch: 1, RSS: 5.60 GB
2026-07-26 14:18:23,769 - Evaluate - INFO - ASR... Epoch: 1, Walltime: 1.570265 CPU time: 8.552369
2026-07-26 14:18:25,322 - Evaluate - INFO - ASR Module... Epoch: 1, RSS: 5.60 GB
2026-07-26 14:18:25,323 - Evaluate - INFO - ASR... Epoch: 1, Walltime: 1.549867 CPU time: 8.897530
2026-07-26 14:18:27,147 - Evaluate - INFO - ASR Module... Epoch: 1, RSS: 5.60 GB
2026-07-26 14:18:27,148 - Evaluate - INFO - ASR... Epoch: 1, Walltime: 1.821396 CPU time: 9.979646
2026-07-26 14:18:28,629 - Evaluate - INFO - ASR Module... Epoch: 1, RSS: 5.60 GB
2026-07-26 14:18:28,629 - Evaluate - INFO - ASR... Epoch: 1, Walltime: 1.479203 CPU time: 8.105899
2026-07-26 14:18:30,472 - Evaluate - INFO - ASR Module... Epoch: 1, RSS: 5.60 GB
2026-07-26 14:18:30,473 - Evaluate - INFO - ASR... Epoch: 1, Walltime: 1.839529 CPU time: 10.203632
2026-07-26 14:18:31,588 - Evaluate - INFO - ASR Module... Epoch: 1, RSS: 5.60 GB
2026-07-26 14:18:31,589 - Evaluate - INFO - ASR... Epoch: 1, Walltime: 1.112709 CPU time: 6.348384
2026-07-26 14:18:33,924 - Evaluate - INFO - ASR Module... Epoch: 1, RSS: 5.60 GB
2026-07-26 14:18:33,925 - Evaluate - INFO - ASR... Epoch: 1, Walltime: 2.325721 CPU time: 12.838133
2026-07-26 14:18:35,499 - Evaluate - INFO - ASR Module... Epoch: 1, RSS: 5.60 GB
2026-07-26 14:18:35,499 - Evaluate - INFO - ASR... Epoch: 1, Walltime: 1.570617 CPU time: 8.646247
2026-07-26 14:18:36,760 - Evaluate - INFO - ASR Module... Epoch: 1, RSS: 5.60 GB
2026-07-26 14:18:36,760 - Evaluate - INFO - ASR... Epoch: 1, Walltime: 1.257210 CPU time: 7.135805
2026-07-26 14:18:38,291 - Evaluate - INFO - ASR Module... Epoch: 1, RSS: 5.60 GB
2026-07-26 14:18:38,291 - Evaluate - INFO - ASR... Epoch: 1, Walltime: 1.527270 CPU time: 8.571673
2026-07-26 14:18:40,207 - Evaluate - INFO - ASR Module... Epoch: 1, RSS: 5.60 GB
2026-07-26 14:18:40,208 - Evaluate - INFO - ASR... Epoch: 1, Walltime: 1.913774 CPU time: 10.354240
2026-07-26 14:18:42,569 - Evaluate - INFO - ASR Module... Epoch: 1, RSS: 5.60 GB
2026-07-26 14:18:42,570 - Evaluate - INFO - ASR... Epoch: 1, Walltime: 2.357032 CPU time: 12.981208
2026-07-26 14:18:43,958 - Evaluate - INFO - ASR Module... Epoch: 1, RSS: 5.60 GB
2026-07-26 14:18:43,959 - Evaluate - INFO - ASR... Epoch: 1, Walltime: 1.385707 CPU time: 7.771633
2026-07-26 14:18:45,269 - Evaluate - INFO - ASR Module... Epoch: 1, RSS: 5.60 GB
2026-07-26 14:18:45,269 - Evaluate - INFO - ASR... Epoch: 1, Walltime: 1.307186 CPU time: 7.592094
2026-07-26 14:18:46,909 - Evaluate - INFO - ASR Module... Epoch: 1, RSS: 5.60 GB
2026-07-26 14:18:46,910 - Evaluate - INFO - ASR... Epoch: 1, Walltime: 1.636908 CPU time: 9.379584
2026-07-26 14:18:48,141 - Evaluate - INFO - ASR Module... Epoch: 1, RSS: 5.60 GB
2026-07-26 14:18:48,142 - Evaluate - INFO - ASR... Epoch: 1, Walltime: 1.228958 CPU time: 6.935307
2026-07-26 14:18:50,990 - Evaluate - INFO - ASR Module... Epoch: 1, RSS: 5.60 GB
2026-07-26 14:18:50,990 - Evaluate - INFO - ASR... Epoch: 1, Walltime: 2.842535 CPU time: 15.779154
2026-07-26 14:18:52,008 - Evaluate - INFO - ASR Module... Epoch: 1, RSS: 5.60 GB
2026-07-26 14:18:52,009 - Evaluate - INFO - ASR... Epoch: 1, Walltime: 1.015012 CPU time: 5.815330
2026-07-26 14:18:53,770 - Evaluate - INFO - ASR Module... Epoch: 1, RSS: 5.60 GB
2026-07-26 14:18:53,771 - Evaluate - INFO - ASR... Epoch: 1, Walltime: 1.759438 CPU time: 9.792641
2026-07-26 14:18:55,098 - Evaluate - INFO - ASR Module... Epoch: 1, RSS: 5.60 GB
2026-07-26 14:18:55,099 - Evaluate - INFO - ASR... Epoch: 1, Walltime: 1.325340 CPU time: 7.803131
2026-07-26 14:18:56,961 - Evaluate - INFO - ASR Module... Epoch: 1, RSS: 5.60 GB
2026-07-26 14:18:56,962 - Evaluate - INFO - ASR... Epoch: 1, Walltime: 1.858266 CPU time: 10.386924
2026-07-26 14:18:58,575 - Evaluate - INFO - ASR Module... Epoch: 1, RSS: 5.60 GB
2026-07-26 14:18:58,575 - Evaluate - INFO - ASR... Epoch: 1, Walltime: 1.610946 CPU time: 9.162302
2026-07-26 14:18:59,585 - Evaluate - INFO - ASR Module... Epoch: 1, RSS: 5.60 GB
2026-07-26 14:18:59,585 - Evaluate - INFO - ASR... Epoch: 1, Walltime: 1.007502 CPU time: 5.463502
2026-07-26 14:19:02,024 - Evaluate - INFO - ASR Module... Epoch: 1, RSS: 5.60 GB
2026-07-26 14:19:02,025 - Evaluate - INFO - ASR... Epoch: 1, Walltime: 2.436153 CPU time: 13.609416
2026-07-26 14:19:03,237 - Evaluate - INFO - ASR Module... Epoch: 1, RSS: 5.60 GB
2026-07-26 14:19:03,238 - Evaluate - INFO - ASR... Epoch: 1, Walltime: 1.209352 CPU time: 6.881581
2026-07-26 14:19:04,520 - Evaluate - INFO - ASR Module... Epoch: 1, RSS: 5.60 GB
2026-07-26 14:19:04,520 - Evaluate - INFO - ASR... Epoch: 1, Walltime: 1.279661 CPU time: 7.191562
2026-07-26 14:19:06,233 - Evaluate - INFO - ASR Module... Epoch: 1, RSS: 5.60 GB
2026-07-26 14:19:06,234 - Evaluate - INFO - ASR... Epoch: 1, Walltime: 1.710841 CPU time: 9.420643
2026-07-26 14:19:07,904 - Evaluate - INFO - ASR Module... Epoch: 1, RSS: 5.60 GB
2026-07-26 14:19:07,905 - Evaluate - INFO - ASR... Epoch: 1, Walltime: 1.667599 CPU time: 9.261070
2026-07-26 14:19:09,191 - Evaluate - INFO - ASR Module... Epoch: 1, RSS: 5.60 GB
2026-07-26 14:19:09,191 - Evaluate - INFO - ASR... Epoch: 1, Walltime: 1.283584 CPU time: 7.286116
2026-07-26 14:19:10,589 - Evaluate - INFO - ASR Module... Epoch: 1, RSS: 5.60 GB
2026-07-26 14:19:10,589 - Evaluate - INFO - ASR... Epoch: 1, Walltime: 1.395321 CPU time: 7.759527
2026-07-26 14:19:11,575 - Evaluate - INFO - ASR Module... Epoch: 1, RSS: 5.60 GB
2026-07-26 14:19:11,575 - Evaluate - INFO - ASR... Epoch: 1, Walltime: 0.983333 CPU time: 5.707260
2026-07-26 14:19:12,875 - Evaluate - INFO - ASR Module... Epoch: 1, RSS: 5.60 GB
2026-07-26 14:19:12,876 - Evaluate - INFO - ASR... Epoch: 1, Walltime: 1.298376 CPU time: 7.321606
2026-07-26 14:19:14,154 - Evaluate - INFO - ASR Module... Epoch: 1, RSS: 5.60 GB
2026-07-26 14:19:14,155 - Evaluate - INFO - ASR... Epoch: 1, Walltime: 1.276195 CPU time: 6.775648
2026-07-26 14:19:15,925 - Evaluate - INFO - ASR Module... Epoch: 1, RSS: 5.60 GB
2026-07-26 14:19:15,925 - Evaluate - INFO - ASR... Epoch: 1, Walltime: 1.767822 CPU time: 10.084122
2026-07-26 14:19:16,974 - Evaluate - INFO - ASR Module... Epoch: 1, RSS: 5.60 GB
2026-07-26 14:19:16,975 - Evaluate - INFO - ASR... Epoch: 1, Walltime: 1.046838 CPU time: 6.072349
2026-07-26 14:19:18,075 - Evaluate - INFO - ASR Module... Epoch: 1, RSS: 5.60 GB
2026-07-26 14:19:18,075 - Evaluate - INFO - ASR... Epoch: 1, Walltime: 1.097418 CPU time: 6.155126
2026-07-26 14:19:18,970 - Evaluate - INFO - ASR Module... Epoch: 1, RSS: 5.60 GB
2026-07-26 14:19:18,970 - Evaluate - INFO - ASR... Epoch: 1, Walltime: 0.892577 CPU time: 5.204719
2026-07-26 14:19:20,213 - Evaluate - INFO - ASR Module... Epoch: 1, RSS: 5.60 GB
2026-07-26 14:19:20,214 - Evaluate - INFO - ASR... Epoch: 1, Walltime: 1.241616 CPU time: 6.742717
2026-07-26 14:19:21,494 - Evaluate - INFO - ASR Module... Epoch: 1, RSS: 5.60 GB
2026-07-26 14:19:21,495 - Evaluate - INFO - ASR... Epoch: 1, Walltime: 1.277484 CPU time: 7.317364
2026-07-26 14:19:22,946 - Evaluate - INFO - ASR Module... Epoch: 1, RSS: 5.60 GB
2026-07-26 14:19:22,947 - Evaluate - INFO - ASR... Epoch: 1, Walltime: 1.449047 CPU time: 8.183930
2026-07-26 14:19:24,164 - Evaluate - INFO - ASR Module... Epoch: 1, RSS: 5.60 GB
2026-07-26 14:19:24,165 - Evaluate - INFO - ASR... Epoch: 1, Walltime: 1.215109 CPU time: 6.441912
2026-07-26 14:19:26,098 - Evaluate - INFO - ASR Module... Epoch: 1, RSS: 5.60 GB
2026-07-26 14:19:26,099 - Evaluate - INFO - ASR... Epoch: 1, Walltime: 1.930972 CPU time: 10.709510
2026-07-26 14:19:28,370 - Evaluate - INFO - ASR Module... Epoch: 1, RSS: 5.60 GB
2026-07-26 14:19:28,371 - Evaluate - INFO - ASR... Epoch: 1, Walltime: 2.267243 CPU time: 12.594181
2026-07-26 14:19:29,745 - Evaluate - INFO - ASR Module... Epoch: 1, RSS: 5.60 GB
2026-07-26 14:19:29,745 - Evaluate - INFO - ASR... Epoch: 1, Walltime: 1.371192 CPU time: 7.833111
2026-07-26 14:19:31,871 - Evaluate - INFO - ASR Module... Epoch: 1, RSS: 5.60 GB
2026-07-26 14:19:31,872 - Evaluate - INFO - ASR... Epoch: 1, Walltime: 2.123593 CPU time: 11.554597
2026-07-26 14:19:33,666 - Evaluate - INFO - ASR Module... Epoch: 1, RSS: 5.60 GB
2026-07-26 14:19:33,667 - Evaluate - INFO - ASR... Epoch: 1, Walltime: 1.790296 CPU time: 10.231923
2026-07-26 14:19:35,366 - Evaluate - INFO - ASR Module... Epoch: 1, RSS: 5.60 GB
2026-07-26 14:19:35,367 - Evaluate - INFO - ASR... Epoch: 1, Walltime: 1.694391 CPU time: 9.856319
2026-07-26 14:19:37,765 - Evaluate - INFO - ASR Module... Epoch: 1, RSS: 5.60 GB
2026-07-26 14:19:37,766 - Evaluate - INFO - ASR... Epoch: 1, Walltime: 2.395260 CPU time: 13.824971
2026-07-26 14:19:39,930 - Evaluate - INFO - ASR Module... Epoch: 1, RSS: 5.60 GB
2026-07-26 14:19:39,930 - Evaluate - INFO - ASR... Epoch: 1, Walltime: 2.159887 CPU time: 11.987191
2026-07-26 14:19:41,860 - Evaluate - INFO - ASR Module... Epoch: 1, RSS: 5.60 GB
2026-07-26 14:19:41,861 - Evaluate - INFO - ASR... Epoch: 1, Walltime: 1.926868 CPU time: 11.037503
2026-07-26 14:19:43,710 - Evaluate - INFO - ASR Module... Epoch: 1, RSS: 5.60 GB
2026-07-26 14:19:43,711 - Evaluate - INFO - ASR... Epoch: 1, Walltime: 1.846269 CPU time: 9.976192
2026-07-26 14:19:44,985 - Evaluate - INFO - ASR Module... Epoch: 1, RSS: 5.60 GB
2026-07-26 14:19:44,985 - Evaluate - INFO - ASR... Epoch: 1, Walltime: 1.271763 CPU time: 7.296054
2026-07-26 14:19:46,682 - Evaluate - INFO - ASR Module... Epoch: 1, RSS: 5.60 GB
2026-07-26 14:19:46,683 - Evaluate - INFO - ASR... Epoch: 1, Walltime: 1.694314 CPU time: 9.623201
2026-07-26 14:19:48,094 - Evaluate - INFO - ASR Module... Epoch: 1, RSS: 5.60 GB
2026-07-26 14:19:48,095 - Evaluate - INFO - ASR... Epoch: 1, Walltime: 1.408653 CPU time: 8.071612
2026-07-26 14:19:49,982 - Evaluate - INFO - ASR Module... Epoch: 1, RSS: 5.60 GB
2026-07-26 14:19:49,982 - Evaluate - INFO - ASR... Epoch: 1, Walltime: 1.884505 CPU time: 10.680772
2026-07-26 14:19:51,612 - Evaluate - INFO - ASR Module... Epoch: 1, RSS: 5.60 GB
2026-07-26 14:19:51,612 - Evaluate - INFO - ASR... Epoch: 1, Walltime: 1.626842 CPU time: 9.151049
2026-07-26 14:19:54,520 - Evaluate - INFO - ASR Module... Epoch: 1, RSS: 5.60 GB
2026-07-26 14:19:54,521 - Evaluate - INFO - ASR... Epoch: 1, Walltime: 2.904160 CPU time: 15.889418
2026-07-26 14:19:56,722 - Evaluate - INFO - ASR Module... Epoch: 1, RSS: 5.60 GB
2026-07-26 14:19:56,723 - Evaluate - INFO - ASR... Epoch: 1, Walltime: 2.198469 CPU time: 12.466881
2026-07-26 14:19:59,052 - Evaluate - INFO - ASR Module... Epoch: 1, RSS: 5.60 GB
2026-07-26 14:19:59,053 - Evaluate - INFO - ASR... Epoch: 1, Walltime: 2.326369 CPU time: 12.405649
2026-07-26 14:20:01,652 - Evaluate - INFO - ASR Module... Epoch: 1, RSS: 5.60 GB
2026-07-26 14:20:01,653 - Evaluate - INFO - ASR... Epoch: 1, Walltime: 2.595163 CPU time: 14.844393
2026-07-26 14:20:03,457 - Evaluate - INFO - ASR Module... Epoch: 1, RSS: 5.60 GB
2026-07-26 14:20:03,458 - Evaluate - INFO - ASR... Epoch: 1, Walltime: 1.801258 CPU time: 10.208677
2026-07-26 14:20:04,933 - Evaluate - INFO - ASR Module... Epoch: 1, RSS: 5.60 GB
2026-07-26 14:20:04,934 - Evaluate - INFO - ASR... Epoch: 1, Walltime: 1.472176 CPU time: 8.588214
2026-07-26 14:20:06,698 - Evaluate - INFO - ASR Module... Epoch: 1, RSS: 5.60 GB
2026-07-26 14:20:06,699 - Evaluate - INFO - ASR... Epoch: 1, Walltime: 1.761694 CPU time: 9.742111
2026-07-26 14:20:08,714 - Evaluate - INFO - ASR Module... Epoch: 1, RSS: 5.60 GB
2026-07-26 14:20:08,715 - Evaluate - INFO - ASR... Epoch: 1, Walltime: 2.012215 CPU time: 11.070635
2026-07-26 14:20:11,804 - Evaluate - INFO - ASR Module... Epoch: 1, RSS: 5.60 GB
2026-07-26 14:20:11,805 - Evaluate - INFO - ASR... Epoch: 1, Walltime: 3.085114 CPU time: 17.246019
2026-07-26 14:20:14,843 - Evaluate - INFO - ASR Module... Epoch: 1, RSS: 5.60 GB
2026-07-26 14:20:14,843 - Evaluate - INFO - ASR... Epoch: 1, Walltime: 3.033868 CPU time: 16.671152
2026-07-26 14:20:16,657 - Evaluate - INFO - ASR Module... Epoch: 1, RSS: 5.60 GB
2026-07-26 14:20:16,658 - Evaluate - INFO - ASR... Epoch: 1, Walltime: 1.810255 CPU time: 9.906639
2026-07-26 14:20:19,361 - Evaluate - INFO - ASR Module... Epoch: 1, RSS: 5.60 GB
2026-07-26 14:20:19,362 - Evaluate - INFO - ASR... Epoch: 1, Walltime: 2.699556 CPU time: 14.547343
2026-07-26 14:20:21,418 - Evaluate - INFO - ASR Module... Epoch: 1, RSS: 5.60 GB
2026-07-26 14:20:21,418 - Evaluate - INFO - ASR... Epoch: 1, Walltime: 2.051852 CPU time: 11.289022
2026-07-26 14:20:23,315 - Evaluate - INFO - ASR Module... Epoch: 1, RSS: 5.60 GB
2026-07-26 14:20:23,315 - Evaluate - INFO - ASR... Epoch: 1, Walltime: 1.893414 CPU time: 10.517563
2026-07-26 14:20:25,123 - Evaluate - INFO - ASR Module... Epoch: 1, RSS: 5.60 GB
2026-07-26 14:20:25,124 - Evaluate - INFO - ASR... Epoch: 1, Walltime: 1.804190 CPU time: 10.342435
2026-07-26 14:20:27,522 - Evaluate - INFO - ASR Module... Epoch: 1, RSS: 5.60 GB
2026-07-26 14:20:27,522 - Evaluate - INFO - ASR... Epoch: 1, Walltime: 2.394475 CPU time: 13.375639
2026-07-26 14:20:29,646 - Evaluate - INFO - ASR Module... Epoch: 1, RSS: 5.60 GB
2026-07-26 14:20:29,647 - Evaluate - INFO - ASR... Epoch: 1, Walltime: 2.120306 CPU time: 11.719649
2026-07-26 14:20:31,701 - Evaluate - INFO - ASR Module... Epoch: 1, RSS: 5.60 GB
2026-07-26 14:20:31,702 - Evaluate - INFO - ASR... Epoch: 1, Walltime: 2.050101 CPU time: 11.620449
2026-07-26 14:20:33,393 - Evaluate - INFO - ASR Module... Epoch: 1, RSS: 5.60 GB
2026-07-26 14:20:33,393 - Evaluate - INFO - ASR... Epoch: 1, Walltime: 1.687843 CPU time: 9.653178
2026-07-26 14:20:34,593 - Evaluate - INFO - ASR Module... Epoch: 1, RSS: 5.60 GB
2026-07-26 14:20:34,593 - Evaluate - INFO - ASR... Epoch: 1, Walltime: 1.196031 CPU time: 6.639009
2026-07-26 14:20:35,541 - Evaluate - INFO - ASR Module... Epoch: 1, RSS: 5.60 GB
2026-07-26 14:20:35,541 - Evaluate - INFO - ASR... Epoch: 1, Walltime: 0.945951 CPU time: 5.447612
2026-07-26 14:20:36,848 - Evaluate - INFO - ASR Module... Epoch: 1, RSS: 5.60 GB
2026-07-26 14:20:36,849 - Evaluate - INFO - ASR... Epoch: 1, Walltime: 1.304035 CPU time: 7.149400
2026-07-26 14:20:38,055 - Evaluate - INFO - ASR Module... Epoch: 1, RSS: 5.60 GB
2026-07-26 14:20:38,056 - Evaluate - INFO - ASR... Epoch: 1, Walltime: 1.204263 CPU time: 6.776994
2026-07-26 14:20:39,682 - Evaluate - INFO - ASR Module... Epoch: 1, RSS: 5.60 GB
2026-07-26 14:20:39,683 - Evaluate - INFO - ASR... Epoch: 1, Walltime: 1.623353 CPU time: 9.058377
2026-07-26 14:20:41,094 - Evaluate - INFO - ASR Module... Epoch: 1, RSS: 5.60 GB
2026-07-26 14:20:41,095 - Evaluate - INFO - ASR... Epoch: 1, Walltime: 1.409035 CPU time: 8.171696
2026-07-26 14:20:42,751 - Evaluate - INFO - ASR Module... Epoch: 1, RSS: 5.60 GB
2026-07-26 14:20:42,752 - Evaluate - INFO - ASR... Epoch: 1, Walltime: 1.653991 CPU time: 9.401689
2026-07-26 14:20:44,553 - Evaluate - INFO - ASR Module... Epoch: 1, RSS: 5.60 GB
2026-07-26 14:20:44,554 - Evaluate - INFO - ASR... Epoch: 1, Walltime: 1.798615 CPU time: 10.391306
2026-07-26 14:20:45,670 - Evaluate - INFO - ASR Module... Epoch: 1, RSS: 5.60 GB
2026-07-26 14:20:45,671 - Evaluate - INFO - ASR... Epoch: 1, Walltime: 1.114349 CPU time: 6.136472
2026-07-26 14:20:47,552 - Evaluate - INFO - ASR Module... Epoch: 1, RSS: 5.60 GB
2026-07-26 14:20:47,553 - Evaluate - INFO - ASR... Epoch: 1, Walltime: 1.878461 CPU time: 10.698831
2026-07-26 14:20:49,208 - Evaluate - INFO - ASR Module... Epoch: 1, RSS: 5.60 GB
2026-07-26 14:20:49,208 - Evaluate - INFO - ASR... Epoch: 1, Walltime: 1.652401 CPU time: 9.635326
2026-07-26 14:20:50,151 - Evaluate - INFO - ASR Module... Epoch: 1, RSS: 5.60 GB
2026-07-26 14:20:50,152 - Evaluate - INFO - ASR... Epoch: 1, Walltime: 0.941340 CPU time: 5.476697
2026-07-26 14:20:51,767 - Evaluate - INFO - ASR Module... Epoch: 1, RSS: 5.60 GB
2026-07-26 14:20:51,768 - Evaluate - INFO - ASR... Epoch: 1, Walltime: 1.612997 CPU time: 9.448713
2026-07-26 14:20:53,715 - Evaluate - INFO - ASR Module... Epoch: 1, RSS: 5.60 GB
2026-07-26 14:20:53,716 - Evaluate - INFO - ASR... Epoch: 1, Walltime: 1.944468 CPU time: 11.012499
2026-07-26 14:20:55,217 - Evaluate - INFO - ASR Module... Epoch: 1, RSS: 5.60 GB
2026-07-26 14:20:55,217 - Evaluate - INFO - ASR... Epoch: 1, Walltime: 1.498557 CPU time: 8.538596
2026-07-26 14:20:56,710 - Evaluate - INFO - ASR Module... Epoch: 1, RSS: 5.60 GB
2026-07-26 14:20:56,710 - Evaluate - INFO - ASR... Epoch: 1, Walltime: 1.490075 CPU time: 8.382195
2026-07-26 14:20:58,769 - Evaluate - INFO - ASR Module... Epoch: 1, RSS: 5.60 GB
2026-07-26 14:20:58,770 - Evaluate - INFO - ASR... Epoch: 1, Walltime: 2.056129 CPU time: 11.883512
2026-07-26 14:21:00,289 - Evaluate - INFO - ASR Module... Epoch: 1, RSS: 5.60 GB
2026-07-26 14:21:00,290 - Evaluate - INFO - ASR... Epoch: 1, Walltime: 1.516923 CPU time: 8.554616
2026-07-26 14:21:01,516 - Evaluate - INFO - ASR Module... Epoch: 1, RSS: 5.60 GB
2026-07-26 14:21:01,516 - Evaluate - INFO - ASR... Epoch: 1, Walltime: 1.224347 CPU time: 7.142869
2026-07-26 14:21:02,959 - Evaluate - INFO - ASR Module... Epoch: 1, RSS: 5.60 GB
2026-07-26 14:21:02,959 - Evaluate - INFO - ASR... Epoch: 1, Walltime: 1.440555 CPU time: 8.348949
2026-07-26 14:21:04,728 - Evaluate - INFO - ASR Module... Epoch: 1, RSS: 5.60 GB
2026-07-26 14:21:04,729 - Evaluate - INFO - ASR... Epoch: 1, Walltime: 1.766554 CPU time: 10.107578
2026-07-26 14:21:06,611 - Evaluate - INFO - ASR Module... Epoch: 1, RSS: 5.60 GB
2026-07-26 14:21:06,611 - Evaluate - INFO - ASR... Epoch: 1, Walltime: 1.877209 CPU time: 10.755846
2026-07-26 14:21:07,889 - Evaluate - INFO - ASR Module... Epoch: 1, RSS: 5.60 GB
2026-07-26 14:21:07,890 - Evaluate - INFO - ASR... Epoch: 1, Walltime: 1.276011 CPU time: 7.329921
2026-07-26 14:21:09,608 - Evaluate - INFO - ASR Module... Epoch: 1, RSS: 5.60 GB
2026-07-26 14:21:09,609 - Evaluate - INFO - ASR... Epoch: 1, Walltime: 1.715637 CPU time: 9.778944
2026-07-26 14:21:11,610 - Evaluate - INFO - ASR Module... Epoch: 1, RSS: 5.60 GB
2026-07-26 14:21:11,610 - Evaluate - INFO - ASR... Epoch: 1, Walltime: 1.997539 CPU time: 11.098890
2026-07-26 14:21:12,869 - Evaluate - INFO - ASR Module... Epoch: 1, RSS: 5.60 GB
2026-07-26 14:21:12,870 - Evaluate - INFO - ASR... Epoch: 1, Walltime: 1.256756 CPU time: 7.267019
2026-07-26 14:21:14,455 - Evaluate - INFO - ASR Module... Epoch: 1, RSS: 5.60 GB
2026-07-26 14:21:14,455 - Evaluate - INFO - ASR... Epoch: 1, Walltime: 1.582221 CPU time: 8.815272
2026-07-26 14:21:16,188 - Evaluate - INFO - ASR Module... Epoch: 1, RSS: 5.60 GB
2026-07-26 14:21:16,189 - Evaluate - INFO - ASR... Epoch: 1, Walltime: 1.729837 CPU time: 9.909054
2026-07-26 14:21:18,077 - Evaluate - INFO - ASR Module... Epoch: 1, RSS: 5.60 GB
2026-07-26 14:21:18,077 - Evaluate - INFO - ASR... Epoch: 1, Walltime: 1.883869 CPU time: 10.908034
2026-07-26 14:21:19,341 - Evaluate - INFO - ASR Module... Epoch: 1, RSS: 5.60 GB
2026-07-26 14:21:19,342 - Evaluate - INFO - ASR... Epoch: 1, Walltime: 1.261663 CPU time: 6.970748
2026-07-26 14:21:20,919 - Evaluate - INFO - ASR Module... Epoch: 1, RSS: 5.60 GB
2026-07-26 14:21:20,920 - Evaluate - INFO - ASR... Epoch: 1, Walltime: 1.574968 CPU time: 8.931268
2026-07-26 14:21:23,343 - Evaluate - INFO - ASR Module... Epoch: 1, RSS: 5.60 GB
2026-07-26 14:21:23,343 - Evaluate - INFO - ASR... Epoch: 1, Walltime: 2.417844 CPU time: 13.615992
2026-07-26 14:21:25,205 - Evaluate - INFO - ASR Module... Epoch: 1, RSS: 5.60 GB
2026-07-26 14:21:25,205 - Evaluate - INFO - ASR... Epoch: 1, Walltime: 1.858282 CPU time: 10.395895
2026-07-26 14:21:26,567 - Evaluate - INFO - ASR Module... Epoch: 1, RSS: 5.60 GB
2026-07-26 14:21:26,568 - Evaluate - INFO - ASR... Epoch: 1, Walltime: 1.359699 CPU time: 7.437636
2026-07-26 14:21:27,845 - Evaluate - INFO - ASR Module... Epoch: 1, RSS: 5.60 GB
2026-07-26 14:21:27,846 - Evaluate - INFO - ASR... Epoch: 1, Walltime: 1.275286 CPU time: 7.321890
2026-07-26 14:21:29,236 - Evaluate - INFO - ASR Module... Epoch: 1, RSS: 5.60 GB
2026-07-26 14:21:29,237 - Evaluate - INFO - ASR... Epoch: 1, Walltime: 1.387618 CPU time: 8.018271
2026-07-26 14:21:30,596 - Evaluate - INFO - ASR Module... Epoch: 1, RSS: 5.60 GB
2026-07-26 14:21:30,597 - Evaluate - INFO - ASR... Epoch: 1, Walltime: 1.356871 CPU time: 7.578737
2026-07-26 14:21:31,918 - Evaluate - INFO - ASR Module... Epoch: 1, RSS: 5.60 GB
2026-07-26 14:21:31,919 - Evaluate - INFO - ASR... Epoch: 1, Walltime: 1.318454 CPU time: 7.550993
2026-07-26 14:21:33,303 - Evaluate - INFO - ASR Module... Epoch: 1, RSS: 5.60 GB
2026-07-26 14:21:33,304 - Evaluate - INFO - ASR... Epoch: 1, Walltime: 1.382159 CPU time: 7.999050
2026-07-26 14:21:34,816 - Evaluate - INFO - ASR Module... Epoch: 1, RSS: 5.60 GB
2026-07-26 14:21:34,817 - Evaluate - INFO - ASR... Epoch: 1, Walltime: 1.508354 CPU time: 8.627022
2026-07-26 14:21:37,677 - Evaluate - INFO - ASR Module... Epoch: 1, RSS: 5.60 GB
2026-07-26 14:21:37,677 - Evaluate - INFO - ASR... Epoch: 1, Walltime: 2.855744 CPU time: 15.877012
2026-07-26 14:21:39,870 - Evaluate - INFO - ASR Module... Epoch: 1, RSS: 5.60 GB
2026-07-26 14:21:39,871 - Evaluate - INFO - ASR... Epoch: 1, Walltime: 2.189521 CPU time: 12.182967
2026-07-26 14:21:41,848 - Evaluate - INFO - ASR Module... Epoch: 1, RSS: 5.60 GB
2026-07-26 14:21:41,849 - Evaluate - INFO - ASR... Epoch: 1, Walltime: 1.973794 CPU time: 10.688971
2026-07-26 14:21:42,774 - Evaluate - INFO - ASR Module... Epoch: 1, RSS: 5.60 GB
2026-07-26 14:21:42,774 - Evaluate - INFO - ASR... Epoch: 1, Walltime: 0.923506 CPU time: 5.385207
2026-07-26 14:21:45,813 - Evaluate - INFO - ASR Module... Epoch: 1, RSS: 5.60 GB
2026-07-26 14:21:45,814 - Evaluate - INFO - ASR... Epoch: 1, Walltime: 3.035351 CPU time: 17.122334
2026-07-26 14:21:47,391 - Evaluate - INFO - ASR Module... Epoch: 1, RSS: 5.60 GB
2026-07-26 14:21:47,392 - Evaluate - INFO - ASR... Epoch: 1, Walltime: 1.574360 CPU time: 8.627908
2026-07-26 14:21:48,417 - Evaluate - INFO - ASR Module... Epoch: 1, RSS: 5.60 GB
2026-07-26 14:21:48,418 - Evaluate - INFO - ASR... Epoch: 1, Walltime: 1.021712 CPU time: 5.976270
2026-07-26 14:21:50,848 - Evaluate - INFO - ASR Module... Epoch: 1, RSS: 5.60 GB
2026-07-26 14:21:50,849 - Evaluate - INFO - ASR... Epoch: 1, Walltime: 2.426911 CPU time: 12.969418
2026-07-26 14:21:53,388 - Evaluate - INFO - ASR Module... Epoch: 1, RSS: 5.60 GB
2026-07-26 14:21:53,388 - Evaluate - INFO - ASR... Epoch: 1, Walltime: 2.535249 CPU time: 13.914465
2026-07-26 14:21:54,945 - Evaluate - INFO - ASR Module... Epoch: 1, RSS: 5.60 GB
2026-07-26 14:21:54,945 - Evaluate - INFO - ASR... Epoch: 1, Walltime: 1.553325 CPU time: 8.727384
2026-07-26 14:21:56,174 - Evaluate - INFO - ASR Module... Epoch: 1, RSS: 5.60 GB
2026-07-26 14:21:56,174 - Evaluate - INFO - ASR... Epoch: 1, Walltime: 1.225195 CPU time: 6.907742
2026-07-26 14:21:59,553 - Evaluate - INFO - ASR Module... Epoch: 1, RSS: 5.60 GB
2026-07-26 14:21:59,554 - Evaluate - INFO - ASR... Epoch: 1, Walltime: 3.375454 CPU time: 17.942626
2026-07-26 14:22:02,765 - Evaluate - INFO - ASR Module... Epoch: 1, RSS: 5.60 GB
2026-07-26 14:22:02,766 - Evaluate - INFO - ASR... Epoch: 1, Walltime: 3.207262 CPU time: 16.440194
2026-07-26 14:22:04,257 - Evaluate - INFO - ASR Module... Epoch: 1, RSS: 5.60 GB
2026-07-26 14:22:04,258 - Evaluate - INFO - ASR... Epoch: 1, Walltime: 1.489152 CPU time: 8.234470
2026-07-26 14:22:05,239 - Evaluate - INFO - ASR Module... Epoch: 1, RSS: 5.60 GB
2026-07-26 14:22:05,240 - Evaluate - INFO - ASR... Epoch: 1, Walltime: 0.979112 CPU time: 5.547660
2026-07-26 14:22:06,569 - Evaluate - INFO - ASR Module... Epoch: 1, RSS: 5.60 GB
2026-07-26 14:22:06,570 - Evaluate - INFO - ASR... Epoch: 1, Walltime: 1.327712 CPU time: 7.202488
2026-07-26 14:22:08,210 - Evaluate - INFO - ASR Module... Epoch: 1, RSS: 5.60 GB
2026-07-26 14:22:08,210 - Evaluate - INFO - ASR... Epoch: 1, Walltime: 1.637366 CPU time: 8.665586
2026-07-26 14:22:10,021 - Evaluate - INFO - ASR Module... Epoch: 1, RSS: 5.60 GB
2026-07-26 14:22:10,022 - Evaluate - INFO - ASR... Epoch: 1, Walltime: 1.808754 CPU time: 9.777129
2026-07-26 14:22:11,728 - Evaluate - INFO - ASR Module... Epoch: 1, RSS: 5.60 GB
2026-07-26 14:22:11,729 - Evaluate - INFO - ASR... Epoch: 1, Walltime: 1.702706 CPU time: 9.103645
2026-07-26 14:22:14,282 - Evaluate - INFO - ASR Module... Epoch: 1, RSS: 5.60 GB
2026-07-26 14:22:14,282 - Evaluate - INFO - ASR... Epoch: 1, Walltime: 2.548115 CPU time: 14.250369
2026-07-26 14:22:15,936 - Evaluate - INFO - ASR Module... Epoch: 1, RSS: 5.60 GB
2026-07-26 14:22:15,937 - Evaluate - INFO - ASR... Epoch: 1, Walltime: 1.650656 CPU time: 9.427341
2026-07-26 14:22:19,483 - Evaluate - INFO - ASR Module... Epoch: 1, RSS: 5.60 GB
2026-07-26 14:22:19,484 - Evaluate - INFO - ASR... Epoch: 1, Walltime: 3.541256 CPU time: 19.067811
2026-07-26 14:22:21,046 - Evaluate - INFO - ASR Module... Epoch: 1, RSS: 5.60 GB
2026-07-26 14:22:21,047 - Evaluate - INFO - ASR... Epoch: 1, Walltime: 1.559199 CPU time: 8.200135
2026-07-26 14:22:22,341 - Evaluate - INFO - ASR Module... Epoch: 1, RSS: 5.60 GB
2026-07-26 14:22:22,342 - Evaluate - INFO - ASR... Epoch: 1, Walltime: 1.292511 CPU time: 6.869269
2026-07-26 14:22:24,108 - Evaluate - INFO - ASR Module... Epoch: 1, RSS: 5.60 GB
2026-07-26 14:22:24,108 - Evaluate - INFO - ASR... Epoch: 1, Walltime: 1.763337 CPU time: 9.874268
2026-07-26 14:22:26,548 - Evaluate - INFO - ASR Module... Epoch: 1, RSS: 5.60 GB
2026-07-26 14:22:26,549 - Evaluate - INFO - ASR... Epoch: 1, Walltime: 2.436709 CPU time: 13.396730
2026-07-26 14:22:28,788 - Evaluate - INFO - ASR Module... Epoch: 1, RSS: 5.60 GB
2026-07-26 14:22:28,788 - Evaluate - INFO - ASR... Epoch: 1, Walltime: 2.235167 CPU time: 12.528511
2026-07-26 14:22:32,139 - Evaluate - INFO - ASR Module... Epoch: 1, RSS: 5.60 GB
2026-07-26 14:22:32,140 - Evaluate - INFO - ASR... Epoch: 1, Walltime: 3.347286 CPU time: 18.201219
2026-07-26 14:22:34,000 - Evaluate - INFO - ASR Module... Epoch: 1, RSS: 5.60 GB
2026-07-26 14:22:34,000 - Evaluate - INFO - ASR... Epoch: 1, Walltime: 1.855924 CPU time: 10.304586
2026-07-26 14:22:36,052 - Evaluate - INFO - ASR Module... Epoch: 1, RSS: 5.60 GB
2026-07-26 14:22:36,052 - Evaluate - INFO - ASR... Epoch: 1, Walltime: 2.048989 CPU time: 10.903414
2026-07-26 14:22:37,961 - Evaluate - INFO - ASR Module... Epoch: 1, RSS: 5.60 GB
2026-07-26 14:22:37,962 - Evaluate - INFO - ASR... Epoch: 1, Walltime: 1.905687 CPU time: 10.491074
2026-07-26 14:22:41,645 - Evaluate - INFO - ASR Module... Epoch: 1, RSS: 5.60 GB
2026-07-26 14:22:41,646 - Evaluate - INFO - ASR... Epoch: 1, Walltime: 3.679318 CPU time: 19.976283
2026-07-26 14:22:43,907 - Evaluate - INFO - ASR Module... Epoch: 1, RSS: 5.60 GB
2026-07-26 14:22:43,907 - Evaluate - INFO - ASR... Epoch: 1, Walltime: 2.256486 CPU time: 12.151150
2026-07-26 14:22:46,893 - Evaluate - INFO - ASR Module... Epoch: 1, RSS: 5.60 GB
2026-07-26 14:22:46,893 - Evaluate - INFO - ASR... Epoch: 1, Walltime: 2.981499 CPU time: 16.487235
2026-07-26 14:22:49,087 - Evaluate - INFO - ASR Module... Epoch: 1, RSS: 5.60 GB
2026-07-26 14:22:49,087 - Evaluate - INFO - ASR... Epoch: 1, Walltime: 2.189574 CPU time: 11.767405
2026-07-26 14:22:52,916 - Evaluate - INFO - ASR Module... Epoch: 1, RSS: 5.60 GB
2026-07-26 14:22:52,917 - Evaluate - INFO - ASR... Epoch: 1, Walltime: 3.825292 CPU time: 20.793294
2026-07-26 14:22:54,965 - Evaluate - INFO - ASR Module... Epoch: 1, RSS: 5.60 GB
2026-07-26 14:22:54,965 - Evaluate - INFO - ASR... Epoch: 1, Walltime: 2.043672 CPU time: 11.418074
2026-07-26 14:22:58,765 - Evaluate - INFO - ASR Module... Epoch: 1, RSS: 5.60 GB
2026-07-26 14:22:58,766 - Evaluate - INFO - ASR... Epoch: 1, Walltime: 3.795001 CPU time: 20.590154
2026-07-26 14:23:01,119 - Evaluate - INFO - ASR Module... Epoch: 1, RSS: 5.60 GB
2026-07-26 14:23:01,120 - Evaluate - INFO - ASR... Epoch: 1, Walltime: 2.347725 CPU time: 12.909642
2026-07-26 14:23:04,173 - Evaluate - INFO - ASR Module... Epoch: 1, RSS: 5.60 GB
2026-07-26 14:23:04,174 - Evaluate - INFO - ASR... Epoch: 1, Walltime: 3.047384 CPU time: 16.894895
2026-07-26 14:23:07,531 - Evaluate - INFO - ASR Module... Epoch: 1, RSS: 5.60 GB
2026-07-26 14:23:07,532 - Evaluate - INFO - ASR... Epoch: 1, Walltime: 3.349615 CPU time: 18.228278
2026-07-26 14:23:09,321 - Evaluate - INFO - ASR Module... Epoch: 1, RSS: 5.60 GB
2026-07-26 14:23:09,322 - Evaluate - INFO - ASR... Epoch: 1, Walltime: 1.784916 CPU time: 9.584958
2026-07-26 14:23:11,650 - Evaluate - INFO - ASR Module... Epoch: 1, RSS: 5.60 GB
2026-07-26 14:23:11,650 - Evaluate - INFO - ASR... Epoch: 1, Walltime: 2.321904 CPU time: 12.608025
2026-07-26 14:23:13,952 - Evaluate - INFO - ASR Module... Epoch: 1, RSS: 5.60 GB
2026-07-26 14:23:13,952 - Evaluate - INFO - ASR... Epoch: 1, Walltime: 2.297590 CPU time: 13.005982
2026-07-26 14:23:17,438 - Evaluate - INFO - ASR Module... Epoch: 1, RSS: 5.60 GB
2026-07-26 14:23:17,438 - Evaluate - INFO - ASR... Epoch: 1, Walltime: 3.479609 CPU time: 18.604307
2026-07-26 14:23:20,276 - Evaluate - INFO - ASR Module... Epoch: 1, RSS: 5.60 GB
2026-07-26 14:23:20,276 - Evaluate - INFO - ASR... Epoch: 1, Walltime: 2.833595 CPU time: 15.347719
2026-07-26 14:23:23,378 - Evaluate - INFO - ASR Module... Epoch: 1, RSS: 5.60 GB
2026-07-26 14:23:23,379 - Evaluate - INFO - ASR... Epoch: 1, Walltime: 3.096470 CPU time: 17.475260
2026-07-26 14:23:26,880 - Evaluate - INFO - ASR Module... Epoch: 1, RSS: 5.60 GB
2026-07-26 14:23:26,880 - Evaluate - INFO - ASR... Epoch: 1, Walltime: 3.496126 CPU time: 18.916662
2026-07-26 14:23:29,779 - Evaluate - INFO - ASR Module... Epoch: 1, RSS: 5.60 GB
2026-07-26 14:23:29,780 - Evaluate - INFO - ASR... Epoch: 1, Walltime: 2.894006 CPU time: 15.812315
2026-07-26 14:23:32,022 - Evaluate - INFO - ASR Module... Epoch: 1, RSS: 5.60 GB
2026-07-26 14:23:32,022 - Evaluate - INFO - ASR... Epoch: 1, Walltime: 2.238103 CPU time: 12.340482
2026-07-26 14:23:33,605 - Evaluate - INFO - ASR Module... Epoch: 1, RSS: 5.60 GB
2026-07-26 14:23:33,606 - Evaluate - INFO - ASR... Epoch: 1, Walltime: 1.580175 CPU time: 8.504737
2026-07-26 14:23:36,008 - Evaluate - INFO - ASR Module... Epoch: 1, RSS: 5.60 GB
2026-07-26 14:23:36,008 - Evaluate - INFO - ASR... Epoch: 1, Walltime: 2.398591 CPU time: 13.235315
2026-07-26 14:23:37,105 - Evaluate - INFO - ASR Module... Epoch: 1, RSS: 5.60 GB
2026-07-26 14:23:37,106 - Evaluate - INFO - ASR... Epoch: 1, Walltime: 1.094042 CPU time: 5.925503
2026-07-26 14:23:38,420 - Evaluate - INFO - ASR Module... Epoch: 1, RSS: 5.60 GB
2026-07-26 14:23:38,421 - Evaluate - INFO - ASR... Epoch: 1, Walltime: 1.312608 CPU time: 7.133924
2026-07-26 14:23:40,176 - Evaluate - INFO - ASR Module... Epoch: 1, RSS: 5.60 GB
2026-07-26 14:23:40,176 - Evaluate - INFO - ASR... Epoch: 1, Walltime: 1.752384 CPU time: 10.165262
2026-07-26 14:23:42,096 - Evaluate - INFO - ASR Module... Epoch: 1, RSS: 5.60 GB
2026-07-26 14:23:42,097 - Evaluate - INFO - ASR... Epoch: 1, Walltime: 1.917572 CPU time: 11.061411
2026-07-26 14:23:43,861 - Evaluate - INFO - ASR Module... Epoch: 1, RSS: 5.60 GB
2026-07-26 14:23:43,862 - Evaluate - INFO - ASR... Epoch: 1, Walltime: 1.760937 CPU time: 10.258575
2026-07-26 14:23:46,122 - Evaluate - INFO - ASR Module... Epoch: 1, RSS: 5.60 GB
2026-07-26 14:23:46,122 - Evaluate - INFO - ASR... Epoch: 1, Walltime: 2.256685 CPU time: 12.646171
2026-07-26 14:23:47,361 - Evaluate - INFO - ASR Module... Epoch: 1, RSS: 5.60 GB
2026-07-26 14:23:47,362 - Evaluate - INFO - ASR... Epoch: 1, Walltime: 1.236727 CPU time: 6.715076
2026-07-26 14:23:48,906 - Evaluate - INFO - ASR Module... Epoch: 1, RSS: 5.60 GB
2026-07-26 14:23:48,907 - Evaluate - INFO - ASR... Epoch: 1, Walltime: 1.541676 CPU time: 8.967868
2026-07-26 14:23:50,073 - Evaluate - INFO - ASR Module... Epoch: 1, RSS: 5.60 GB
2026-07-26 14:23:50,074 - Evaluate - INFO - ASR... Epoch: 1, Walltime: 1.163905 CPU time: 6.690239
2026-07-26 14:23:51,293 - Evaluate - INFO - ASR Module... Epoch: 1, RSS: 5.60 GB
2026-07-26 14:23:51,294 - Evaluate - INFO - ASR... Epoch: 1, Walltime: 1.216917 CPU time: 6.441498
2026-07-26 14:23:52,943 - Evaluate - INFO - ASR Module... Epoch: 1, RSS: 5.60 GB
2026-07-26 14:23:52,943 - Evaluate - INFO - ASR... Epoch: 1, Walltime: 1.646077 CPU time: 9.228221
2026-07-26 14:23:54,178 - Evaluate - INFO - ASR Module... Epoch: 1, RSS: 5.60 GB
2026-07-26 14:23:54,178 - Evaluate - INFO - ASR... Epoch: 1, Walltime: 1.231807 CPU time: 6.991503
2026-07-26 14:23:55,797 - Evaluate - INFO - ASR Module... Epoch: 1, RSS: 5.60 GB
2026-07-26 14:23:55,797 - Evaluate - INFO - ASR... Epoch: 1, Walltime: 1.615603 CPU time: 8.823024
2026-07-26 14:23:57,236 - Evaluate - INFO - ASR Module... Epoch: 1, RSS: 5.60 GB
2026-07-26 14:23:57,237 - Evaluate - INFO - ASR... Epoch: 1, Walltime: 1.436938 CPU time: 8.299345
2026-07-26 14:23:58,647 - Evaluate - INFO - ASR Module... Epoch: 1, RSS: 5.60 GB
2026-07-26 14:23:58,648 - Evaluate - INFO - ASR... Epoch: 1, Walltime: 1.407655 CPU time: 7.895907
2026-07-26 14:24:00,330 - Evaluate - INFO - ASR Module... Epoch: 1, RSS: 5.60 GB
2026-07-26 14:24:00,331 - Evaluate - INFO - ASR... Epoch: 1, Walltime: 1.678900 CPU time: 9.529440
2026-07-26 14:24:02,004 - Evaluate - INFO - ASR Module... Epoch: 1, RSS: 5.60 GB
2026-07-26 14:24:02,005 - Evaluate - INFO - ASR... Epoch: 1, Walltime: 1.670296 CPU time: 9.701980
2026-07-26 14:24:03,257 - Evaluate - INFO - ASR Module... Epoch: 1, RSS: 5.60 GB
2026-07-26 14:24:03,257 - Evaluate - INFO - ASR... Epoch: 1, Walltime: 1.248770 CPU time: 7.214051
2026-07-26 14:24:04,554 - Evaluate - INFO - ASR Module... Epoch: 1, RSS: 5.60 GB
2026-07-26 14:24:04,555 - Evaluate - INFO - ASR... Epoch: 1, Walltime: 1.294529 CPU time: 7.319150
2026-07-26 14:24:05,837 - Evaluate - INFO - ASR Module... Epoch: 1, RSS: 5.60 GB
2026-07-26 14:24:05,837 - Evaluate - INFO - ASR... Epoch: 1, Walltime: 1.279301 CPU time: 7.433870
2026-07-26 14:24:07,420 - Evaluate - INFO - ASR Module... Epoch: 1, RSS: 5.60 GB
2026-07-26 14:24:07,421 - Evaluate - INFO - ASR... Epoch: 1, Walltime: 1.580266 CPU time: 9.131113
2026-07-26 14:24:09,284 - Evaluate - INFO - ASR Module... Epoch: 1, RSS: 5.60 GB
2026-07-26 14:24:09,284 - Evaluate - INFO - ASR... Epoch: 1, Walltime: 1.859865 CPU time: 10.583632
2026-07-26 14:24:11,035 - Evaluate - INFO - ASR Module... Epoch: 1, RSS: 5.60 GB
2026-07-26 14:24:11,035 - Evaluate - INFO - ASR... Epoch: 1, Walltime: 1.748367 CPU time: 10.016083
2026-07-26 14:24:12,585 - Evaluate - INFO - ASR Module... Epoch: 1, RSS: 5.60 GB
2026-07-26 14:24:12,586 - Evaluate - INFO - ASR... Epoch: 1, Walltime: 1.546902 CPU time: 8.867964
2026-07-26 14:24:14,525 - Evaluate - INFO - ASR Module... Epoch: 1, RSS: 5.60 GB
2026-07-26 14:24:14,526 - Evaluate - INFO - ASR... Epoch: 1, Walltime: 1.934405 CPU time: 11.267543
2026-07-26 14:24:15,795 - Evaluate - INFO - ASR Module... Epoch: 1, RSS: 5.60 GB
2026-07-26 14:24:15,796 - Evaluate - INFO - ASR... Epoch: 1, Walltime: 1.265702 CPU time: 7.363790
2026-07-26 14:24:17,665 - Evaluate - INFO - ASR Module... Epoch: 1, RSS: 5.60 GB
2026-07-26 14:24:17,666 - Evaluate - INFO - ASR... Epoch: 1, Walltime: 1.866139 CPU time: 10.286239
2026-07-26 14:24:19,207 - Evaluate - INFO - ASR Module... Epoch: 1, RSS: 5.60 GB
2026-07-26 14:24:19,208 - Evaluate - INFO - ASR... Epoch: 1, Walltime: 1.538272 CPU time: 8.933198
2026-07-26 14:24:21,075 - Evaluate - INFO - ASR Module... Epoch: 1, RSS: 5.60 GB
2026-07-26 14:24:21,075 - Evaluate - INFO - ASR... Epoch: 1, Walltime: 1.864236 CPU time: 10.803060
2026-07-26 14:24:22,816 - Evaluate - INFO - ASR Module... Epoch: 1, RSS: 5.60 GB
2026-07-26 14:24:22,817 - Evaluate - INFO - ASR... Epoch: 1, Walltime: 1.739240 CPU time: 9.721901
2026-07-26 14:24:24,174 - Evaluate - INFO - ASR Module... Epoch: 1, RSS: 5.60 GB
2026-07-26 14:24:24,175 - Evaluate - INFO - ASR... Epoch: 1, Walltime: 1.354797 CPU time: 7.912633
2026-07-26 14:24:25,965 - Evaluate - INFO - ASR Module... Epoch: 1, RSS: 5.60 GB
2026-07-26 14:24:25,966 - Evaluate - INFO - ASR... Epoch: 1, Walltime: 1.786253 CPU time: 10.261529
2026-07-26 14:24:27,272 - Evaluate - INFO - ASR Module... Epoch: 1, RSS: 5.60 GB
2026-07-26 14:24:27,273 - Evaluate - INFO - ASR... Epoch: 1, Walltime: 1.303591 CPU time: 7.435361
2026-07-26 14:24:28,798 - Evaluate - INFO - ASR Module... Epoch: 1, RSS: 5.60 GB
2026-07-26 14:24:28,799 - Evaluate - INFO - ASR... Epoch: 1, Walltime: 1.521769 CPU time: 8.964262
2026-07-26 14:24:32,331 - Evaluate - INFO - ASR Module... Epoch: 1, RSS: 5.60 GB
2026-07-26 14:24:32,332 - Evaluate - INFO - ASR... Epoch: 1, Walltime: 3.527619 CPU time: 20.079792
2026-07-26 14:24:34,999 - Evaluate - INFO - ASR Module... Epoch: 1, RSS: 5.60 GB
2026-07-26 14:24:35,000 - Evaluate - INFO - ASR... Epoch: 1, Walltime: 2.662573 CPU time: 15.144943
2026-07-26 14:24:36,464 - Evaluate - INFO - ASR Module... Epoch: 1, RSS: 5.60 GB
2026-07-26 14:24:36,464 - Evaluate - INFO - ASR... Epoch: 1, Walltime: 1.460808 CPU time: 8.618539
2026-07-26 14:24:38,087 - Evaluate - INFO - ASR Module... Epoch: 1, RSS: 5.60 GB
2026-07-26 14:24:38,087 - Evaluate - INFO - ASR... Epoch: 1, Walltime: 1.620516 CPU time: 9.532524
2026-07-26 14:24:40,044 - Evaluate - INFO - ASR Module... Epoch: 1, RSS: 5.60 GB
2026-07-26 14:24:40,045 - Evaluate - INFO - ASR... Epoch: 1, Walltime: 1.953098 CPU time: 11.399250
2026-07-26 14:24:42,283 - Evaluate - INFO - ASR Module... Epoch: 1, RSS: 5.60 GB
2026-07-26 14:24:42,283 - Evaluate - INFO - ASR... Epoch: 1, Walltime: 2.234149 CPU time: 12.714106
2026-07-26 14:24:44,815 - Evaluate - INFO - ASR Module... Epoch: 1, RSS: 5.60 GB
2026-07-26 14:24:44,816 - Evaluate - INFO - ASR... Epoch: 1, Walltime: 2.528607 CPU time: 14.533444
2026-07-26 14:24:46,220 - Evaluate - INFO - ASR Module... Epoch: 1, RSS: 5.60 GB
2026-07-26 14:24:46,221 - Evaluate - INFO - ASR... Epoch: 1, Walltime: 1.402286 CPU time: 7.936860
2026-07-26 14:24:48,908 - Evaluate - INFO - ASR Module... Epoch: 1, RSS: 5.60 GB
2026-07-26 14:24:48,909 - Evaluate - INFO - ASR... Epoch: 1, Walltime: 2.682708 CPU time: 15.570270
2026-07-26 14:24:50,509 - Evaluate - INFO - ASR Module... Epoch: 1, RSS: 5.60 GB
2026-07-26 14:24:50,510 - Evaluate - INFO - ASR... Epoch: 1, Walltime: 1.596158 CPU time: 8.932901
2026-07-26 14:24:53,028 - Evaluate - INFO - ASR Module... Epoch: 1, RSS: 5.60 GB
2026-07-26 14:24:53,028 - Evaluate - INFO - ASR... Epoch: 1, Walltime: 2.514372 CPU time: 14.600161
2026-07-26 14:24:55,357 - Evaluate - INFO - ASR Module... Epoch: 1, RSS: 5.60 GB
2026-07-26 14:24:55,358 - Evaluate - INFO - ASR... Epoch: 1, Walltime: 2.325042 CPU time: 13.371987
2026-07-26 14:24:57,697 - Evaluate - INFO - ASR Module... Epoch: 1, RSS: 5.60 GB
2026-07-26 14:24:57,698 - Evaluate - INFO - ASR... Epoch: 1, Walltime: 2.334889 CPU time: 13.668015
2026-07-26 14:24:59,619 - Evaluate - INFO - ASR Module... Epoch: 1, RSS: 5.60 GB
2026-07-26 14:24:59,619 - Evaluate - INFO - ASR... Epoch: 1, Walltime: 1.917412 CPU time: 11.074963
2026-07-26 14:25:01,236 - Evaluate - INFO - ASR Module... Epoch: 1, RSS: 5.60 GB
2026-07-26 14:25:01,237 - Evaluate - INFO - ASR... Epoch: 1, Walltime: 1.613554 CPU time: 9.434083
2026-07-26 14:25:03,490 - Evaluate - INFO - ASR Module... Epoch: 1, RSS: 5.60 GB
2026-07-26 14:25:03,491 - Evaluate - INFO - ASR... Epoch: 1, Walltime: 2.248801 CPU time: 12.909263
2026-07-26 14:25:04,727 - Evaluate - INFO - ASR Module... Epoch: 1, RSS: 5.60 GB
2026-07-26 14:25:04,728 - Evaluate - INFO - ASR... Epoch: 1, Walltime: 1.233078 CPU time: 7.347399
2026-07-26 14:25:07,504 - Evaluate - INFO - ASR Module... Epoch: 1, RSS: 5.60 GB
2026-07-26 14:25:07,504 - Evaluate - INFO - ASR... Epoch: 1, Walltime: 2.771403 CPU time: 15.623555
2026-07-26 14:25:09,617 - Evaluate - INFO - ASR Module... Epoch: 1, RSS: 5.60 GB
2026-07-26 14:25:09,618 - Evaluate - INFO - ASR... Epoch: 1, Walltime: 2.109041 CPU time: 11.979907
2026-07-26 14:25:11,290 - Evaluate - INFO - ASR Module... Epoch: 1, RSS: 5.60 GB
2026-07-26 14:25:11,290 - Evaluate - INFO - ASR... Epoch: 1, Walltime: 1.669449 CPU time: 9.544032
2026-07-26 14:25:14,298 - Evaluate - INFO - ASR Module... Epoch: 1, RSS: 5.60 GB
2026-07-26 14:25:14,299 - Evaluate - INFO - ASR... Epoch: 1, Walltime: 3.003611 CPU time: 17.199506
2026-07-26 14:25:16,889 - Evaluate - INFO - ASR Module... Epoch: 1, RSS: 5.60 GB
2026-07-26 14:25:16,890 - Evaluate - INFO - ASR... Epoch: 1, Walltime: 2.586179 CPU time: 14.714141
2026-07-26 14:25:18,726 - Evaluate - INFO - ASR Module... Epoch: 1, RSS: 5.60 GB
2026-07-26 14:25:18,727 - Evaluate - INFO - ASR... Epoch: 1, Walltime: 1.832778 CPU time: 10.708893
2026-07-26 14:25:20,595 - Evaluate - INFO - ASR Module... Epoch: 1, RSS: 5.60 GB
2026-07-26 14:25:20,596 - Evaluate - INFO - ASR... Epoch: 1, Walltime: 1.865459 CPU time: 10.471207
2026-07-26 14:25:24,011 - Evaluate - INFO - ASR Module... Epoch: 1, RSS: 5.60 GB
2026-07-26 14:25:24,012 - Evaluate - INFO - ASR... Epoch: 1, Walltime: 3.411502 CPU time: 18.813760
2026-07-26 14:25:25,825 - Evaluate - INFO - ASR Module... Epoch: 1, RSS: 5.60 GB
2026-07-26 14:25:25,826 - Evaluate - INFO - ASR... Epoch: 1, Walltime: 1.809889 CPU time: 10.170522
2026-07-26 14:25:28,306 - Evaluate - INFO - ASR Module... Epoch: 1, RSS: 5.60 GB
2026-07-26 14:25:28,306 - Evaluate - INFO - ASR... Epoch: 1, Walltime: 2.476065 CPU time: 13.741152
2026-07-26 14:25:30,918 - Evaluate - INFO - ASR Module... Epoch: 1, RSS: 5.60 GB
2026-07-26 14:25:30,919 - Evaluate - INFO - ASR... Epoch: 1, Walltime: 2.608144 CPU time: 14.754274
2026-07-26 14:25:33,106 - Evaluate - INFO - ASR Module... Epoch: 1, RSS: 5.60 GB
2026-07-26 14:25:33,106 - Evaluate - INFO - ASR... Epoch: 1, Walltime: 2.183762 CPU time: 11.959285
2026-07-26 14:25:34,862 - Evaluate - INFO - ASR Module... Epoch: 1, RSS: 5.63 GB
2026-07-26 14:25:34,863 - Evaluate - INFO - ASR... Epoch: 1, Walltime: 1.753411 CPU time: 10.099143
2026-07-26 14:25:38,362 - Evaluate - INFO - ASR Module... Epoch: 1, RSS: 5.63 GB
2026-07-26 14:25:38,362 - Evaluate - INFO - ASR... Epoch: 1, Walltime: 3.493358 CPU time: 19.516740
2026-07-26 14:25:40,781 - Evaluate - INFO - ASR Module... Epoch: 1, RSS: 5.63 GB
2026-07-26 14:25:40,782 - Evaluate - INFO - ASR... Epoch: 1, Walltime: 2.415815 CPU time: 13.088274
2026-07-26 14:25:43,578 - Evaluate - INFO - ASR Module... Epoch: 1, RSS: 5.63 GB
2026-07-26 14:25:43,578 - Evaluate - INFO - ASR... Epoch: 1, Walltime: 2.792123 CPU time: 15.322699
2026-07-26 14:25:45,089 - Evaluate - INFO - ASR Module... Epoch: 1, RSS: 5.63 GB
2026-07-26 14:25:45,090 - Evaluate - INFO - ASR... Epoch: 1, Walltime: 1.507708 CPU time: 8.492475
2026-07-26 14:25:47,133 - Evaluate - INFO - ASR Module... Epoch: 1, RSS: 5.63 GB
2026-07-26 14:25:47,134 - Evaluate - INFO - ASR... Epoch: 1, Walltime: 2.039104 CPU time: 11.478755
2026-07-26 14:25:49,077 - Evaluate - INFO - ASR Module... Epoch: 1, RSS: 5.63 GB
2026-07-26 14:25:49,077 - Evaluate - INFO - ASR... Epoch: 1, Walltime: 1.938066 CPU time: 10.809309
2026-07-26 14:25:52,481 - Evaluate - INFO - ASR Module... Epoch: 1, RSS: 5.63 GB
2026-07-26 14:25:52,482 - Evaluate - INFO - ASR... Epoch: 1, Walltime: 3.399509 CPU time: 18.510750
2026-07-26 14:25:55,085 - Evaluate - INFO - ASR Module... Epoch: 1, RSS: 5.63 GB
2026-07-26 14:25:55,085 - Evaluate - INFO - ASR... Epoch: 1, Walltime: 2.598107 CPU time: 14.518730
2026-07-26 14:25:57,100 - Evaluate - INFO - ASR Module... Epoch: 1, RSS: 5.63 GB
2026-07-26 14:25:57,101 - Evaluate - INFO - ASR... Epoch: 1, Walltime: 2.011126 CPU time: 11.268928
2026-07-26 14:26:02,098 - Evaluate - INFO - ASR Module... Epoch: 1, RSS: 5.63 GB
2026-07-26 14:26:02,099 - Evaluate - INFO - ASR... Epoch: 1, Walltime: 4.991244 CPU time: 27.149516
2026-07-26 14:26:06,866 - Evaluate - INFO - ASR Module... Epoch: 1, RSS: 5.63 GB
2026-07-26 14:26:06,867 - Evaluate - INFO - ASR... Epoch: 1, Walltime: 4.759115 CPU time: 25.564721
2026-07-26 14:26:12,074 - Evaluate - INFO - ASR Module... Epoch: 1, RSS: 5.63 GB
2026-07-26 14:26:12,075 - Evaluate - INFO - ASR... Epoch: 1, Walltime: 5.201423 CPU time: 28.181092
2026-07-26 14:26:15,534 - Evaluate - INFO - ASR Module... Epoch: 1, RSS: 5.63 GB
2026-07-26 14:26:15,535 - Evaluate - INFO - ASR... Epoch: 1, Walltime: 3.453481 CPU time: 18.917020
2026-07-26 14:26:20,796 - Evaluate - INFO - ASR Module... Epoch: 1, RSS: 5.63 GB
2026-07-26 14:26:20,797 - Evaluate - INFO - ASR... Epoch: 1, Walltime: 5.254858 CPU time: 28.576450
2026-07-26 14:26:24,545 - Evaluate - INFO - ASR Module... Epoch: 1, RSS: 5.57 GB
2026-07-26 14:26:24,545 - Evaluate - INFO - ASR... Epoch: 1, Walltime: 3.742662 CPU time: 20.793943
2026-07-26 14:26:27,936 - Evaluate - INFO - ASR Module... Epoch: 1, RSS: 5.63 GB
2026-07-26 14:26:27,937 - Evaluate - INFO - ASR... Epoch: 1, Walltime: 3.386496 CPU time: 18.633939
2026-07-26 14:26:29,018 - Evaluate - INFO - ASR Module... Epoch: 1, RSS: 5.63 GB
2026-07-26 14:26:29,018 - Evaluate - INFO - ASR... Epoch: 1, Walltime: 1.077823 CPU time: 6.395277
2026-07-26 14:26:31,231 - Evaluate - INFO - ASR Module... Epoch: 1, RSS: 5.63 GB
2026-07-26 14:26:31,231 - Evaluate - INFO - ASR... Epoch: 1, Walltime: 2.208066 CPU time: 12.626106
2026-07-26 14:26:32,945 - Evaluate - INFO - ASR Module... Epoch: 1, RSS: 5.63 GB
2026-07-26 14:26:32,946 - Evaluate - INFO - ASR... Epoch: 1, Walltime: 1.710076 CPU time: 9.564453
2026-07-26 14:26:34,668 - Evaluate - INFO - ASR Module... Epoch: 1, RSS: 5.63 GB
2026-07-26 14:26:34,669 - Evaluate - INFO - ASR... Epoch: 1, Walltime: 1.717873 CPU time: 9.714893
2026-07-26 14:26:36,032 - Evaluate - INFO - ASR Module... Epoch: 1, RSS: 5.63 GB
2026-07-26 14:26:36,032 - Evaluate - INFO - ASR... Epoch: 1, Walltime: 1.360410 CPU time: 7.824522
2026-07-26 14:26:37,431 - Evaluate - INFO - ASR Module... Epoch: 1, RSS: 5.63 GB
2026-07-26 14:26:37,432 - Evaluate - INFO - ASR... Epoch: 1, Walltime: 1.395117 CPU time: 7.903948
2026-07-26 14:26:39,178 - Evaluate - INFO - ASR Module... Epoch: 1, RSS: 5.63 GB
2026-07-26 14:26:39,179 - Evaluate - INFO - ASR... Epoch: 1, Walltime: 1.742880 CPU time: 9.706066
2026-07-26 14:26:41,189 - Evaluate - INFO - ASR Module... Epoch: 1, RSS: 5.63 GB
2026-07-26 14:26:41,190 - Evaluate - INFO - ASR... Epoch: 1, Walltime: 2.004054 CPU time: 11.558583
2026-07-26 14:26:42,765 - Evaluate - INFO - ASR Module... Epoch: 1, RSS: 5.63 GB
2026-07-26 14:26:42,765 - Evaluate - INFO - ASR... Epoch: 1, Walltime: 1.570556 CPU time: 9.240140
2026-07-26 14:26:44,392 - Evaluate - INFO - ASR Module... Epoch: 1, RSS: 5.63 GB
2026-07-26 14:26:44,392 - Evaluate - INFO - ASR... Epoch: 1, Walltime: 1.622803 CPU time: 8.939960
2026-07-26 14:26:45,831 - Evaluate - INFO - ASR Module... Epoch: 1, RSS: 5.63 GB
2026-07-26 14:26:45,832 - Evaluate - INFO - ASR... Epoch: 1, Walltime: 1.435656 CPU time: 8.017624
2026-07-26 14:26:46,913 - Evaluate - INFO - ASR Module... Epoch: 1, RSS: 5.63 GB
2026-07-26 14:26:46,914 - Evaluate - INFO - ASR... Epoch: 1, Walltime: 1.073114 CPU time: 6.190174
2026-07-26 14:26:48,670 - Evaluate - INFO - ASR Module... Epoch: 1, RSS: 5.63 GB
2026-07-26 14:26:48,671 - Evaluate - INFO - ASR... Epoch: 1, Walltime: 1.753290 CPU time: 9.238619
2026-07-26 14:26:50,294 - Evaluate - INFO - ASR Module... Epoch: 1, RSS: 5.63 GB
2026-07-26 14:26:50,294 - Evaluate - INFO - ASR... Epoch: 1, Walltime: 1.619837 CPU time: 8.721300
2026-07-26 14:26:52,296 - Evaluate - INFO - ASR Module... Epoch: 1, RSS: 5.63 GB
2026-07-26 14:26:52,297 - Evaluate - INFO - ASR... Epoch: 1, Walltime: 1.999300 CPU time: 10.991140
2026-07-26 14:26:53,906 - Evaluate - INFO - ASR Module... Epoch: 1, RSS: 5.63 GB
2026-07-26 14:26:53,906 - Evaluate - INFO - ASR... Epoch: 1, Walltime: 1.605735 CPU time: 9.044313
2026-07-26 14:26:55,455 - Evaluate - INFO - ASR Module... Epoch: 1, RSS: 5.63 GB
2026-07-26 14:26:55,456 - Evaluate - INFO - ASR... Epoch: 1, Walltime: 1.546443 CPU time: 8.635903
2026-07-26 14:26:56,853 - Evaluate - INFO - ASR Module... Epoch: 1, RSS: 5.63 GB
2026-07-26 14:26:56,854 - Evaluate - INFO - ASR... Epoch: 1, Walltime: 1.395153 CPU time: 7.752917
2026-07-26 14:26:58,740 - Evaluate - INFO - ASR Module... Epoch: 1, RSS: 5.63 GB
2026-07-26 14:26:58,740 - Evaluate - INFO - ASR... Epoch: 1, Walltime: 1.882625 CPU time: 10.475817
2026-07-26 14:26:59,924 - Evaluate - INFO - ASR Module... Epoch: 1, RSS: 5.63 GB
2026-07-26 14:26:59,924 - Evaluate - INFO - ASR... Epoch: 1, Walltime: 1.180636 CPU time: 6.845032
2026-07-26 14:27:01,220 - Evaluate - INFO - ASR Module... Epoch: 1, RSS: 5.63 GB
2026-07-26 14:27:01,221 - Evaluate - INFO - ASR... Epoch: 1, Walltime: 1.294451 CPU time: 7.203787
2026-07-26 14:27:02,603 - Evaluate - INFO - ASR Module... Epoch: 1, RSS: 5.63 GB
2026-07-26 14:27:02,604 - Evaluate - INFO - ASR... Epoch: 1, Walltime: 1.378324 CPU time: 7.892839
2026-07-26 14:27:04,470 - Evaluate - INFO - ASR Module... Epoch: 1, RSS: 5.63 GB
2026-07-26 14:27:04,471 - Evaluate - INFO - ASR... Epoch: 1, Walltime: 1.863005 CPU time: 10.618780
2026-07-26 14:27:06,302 - Evaluate - INFO - ASR Module... Epoch: 1, RSS: 5.63 GB
2026-07-26 14:27:06,302 - Evaluate - INFO - ASR... Epoch: 1, Walltime: 1.827034 CPU time: 10.067125
2026-07-26 14:27:07,749 - Evaluate - INFO - ASR Module... Epoch: 1, RSS: 5.63 GB
2026-07-26 14:27:07,750 - Evaluate - INFO - ASR... Epoch: 1, Walltime: 1.443521 CPU time: 7.886905
2026-07-26 14:27:09,159 - Evaluate - INFO - ASR Module... Epoch: 1, RSS: 5.63 GB
2026-07-26 14:27:09,160 - Evaluate - INFO - ASR... Epoch: 1, Walltime: 1.406738 CPU time: 7.978191
2026-07-26 14:27:10,685 - Evaluate - INFO - ASR Module... Epoch: 1, RSS: 5.63 GB
2026-07-26 14:27:10,685 - Evaluate - INFO - ASR... Epoch: 1, Walltime: 1.522165 CPU time: 8.820343
2026-07-26 14:27:11,749 - Evaluate - INFO - ASR Module... Epoch: 1, RSS: 5.63 GB
2026-07-26 14:27:11,750 - Evaluate - INFO - ASR... Epoch: 1, Walltime: 1.061896 CPU time: 6.062423
2026-07-26 14:27:13,227 - Evaluate - INFO - ASR Module... Epoch: 1, RSS: 5.63 GB
2026-07-26 14:27:13,228 - Evaluate - INFO - ASR... Epoch: 1, Walltime: 1.474946 CPU time: 8.467964
2026-07-26 14:27:14,622 - Evaluate - INFO - ASR Module... Epoch: 1, RSS: 5.63 GB
2026-07-26 14:27:14,622 - Evaluate - INFO - ASR... Epoch: 1, Walltime: 1.390641 CPU time: 8.054013
2026-07-26 14:27:15,874 - Evaluate - INFO - ASR Module... Epoch: 1, RSS: 5.63 GB
2026-07-26 14:27:15,874 - Evaluate - INFO - ASR... Epoch: 1, Walltime: 1.249468 CPU time: 7.189427
2026-07-26 14:27:17,209 - Evaluate - INFO - ASR Module... Epoch: 1, RSS: 5.63 GB
2026-07-26 14:27:17,210 - Evaluate - INFO - ASR... Epoch: 1, Walltime: 1.332811 CPU time: 7.502735
2026-07-26 14:27:18,859 - Evaluate - INFO - ASR Module... Epoch: 1, RSS: 5.63 GB
2026-07-26 14:27:18,860 - Evaluate - INFO - ASR... Epoch: 1, Walltime: 1.646580 CPU time: 9.424867
2026-07-26 14:27:20,297 - Evaluate - INFO - ASR Module... Epoch: 1, RSS: 5.63 GB
2026-07-26 14:27:20,297 - Evaluate - INFO - ASR... Epoch: 1, Walltime: 1.434615 CPU time: 7.972814
2026-07-26 14:27:21,840 - Evaluate - INFO - ASR Module... Epoch: 1, RSS: 5.63 GB
2026-07-26 14:27:21,841 - Evaluate - INFO - ASR... Epoch: 1, Walltime: 1.540345 CPU time: 8.725386
2026-07-26 14:27:23,435 - Evaluate - INFO - ASR Module... Epoch: 1, RSS: 5.63 GB
2026-07-26 14:27:23,436 - Evaluate - INFO - ASR... Epoch: 1, Walltime: 1.591733 CPU time: 8.867811
2026-07-26 14:27:25,111 - Evaluate - INFO - ASR Module... Epoch: 1, RSS: 5.63 GB
2026-07-26 14:27:25,112 - Evaluate - INFO - ASR... Epoch: 1, Walltime: 1.672677 CPU time: 9.719159
2026-07-26 14:27:26,706 - Evaluate - INFO - ASR Module... Epoch: 1, RSS: 5.63 GB
2026-07-26 14:27:26,707 - Evaluate - INFO - ASR... Epoch: 1, Walltime: 1.591095 CPU time: 8.978134
2026-07-26 14:27:28,541 - Evaluate - INFO - ASR Module... Epoch: 1, RSS: 5.63 GB
2026-07-26 14:27:28,542 - Evaluate - INFO - ASR... Epoch: 1, Walltime: 1.830900 CPU time: 10.151154
2026-07-26 14:27:30,017 - Evaluate - INFO - ASR Module... Epoch: 1, RSS: 5.63 GB
2026-07-26 14:27:30,018 - Evaluate - INFO - ASR... Epoch: 1, Walltime: 1.471805 CPU time: 8.702896
2026-07-26 14:27:32,323 - Evaluate - INFO - ASR Module... Epoch: 1, RSS: 5.63 GB
2026-07-26 14:27:32,324 - Evaluate - INFO - ASR... Epoch: 1, Walltime: 2.300868 CPU time: 13.411817
2026-07-26 14:27:35,268 - Evaluate - INFO - ASR Module... Epoch: 1, RSS: 5.63 GB
2026-07-26 14:27:35,269 - Evaluate - INFO - ASR... Epoch: 1, Walltime: 2.939170 CPU time: 15.693998
2026-07-26 14:27:37,863 - Evaluate - INFO - ASR Module... Epoch: 1, RSS: 5.63 GB
2026-07-26 14:27:37,864 - Evaluate - INFO - ASR... Epoch: 1, Walltime: 2.590571 CPU time: 14.611945
2026-07-26 14:27:40,094 - Evaluate - INFO - ASR Module... Epoch: 1, RSS: 5.63 GB
2026-07-26 14:27:40,095 - Evaluate - INFO - ASR... Epoch: 1, Walltime: 2.226069 CPU time: 12.618333
2026-07-26 14:27:42,062 - Evaluate - INFO - ASR Module... Epoch: 1, RSS: 5.63 GB
2026-07-26 14:27:42,063 - Evaluate - INFO - ASR... Epoch: 1, Walltime: 1.962596 CPU time: 11.226328
2026-07-26 14:27:44,599 - Evaluate - INFO - ASR Module... Epoch: 1, RSS: 5.64 GB
2026-07-26 14:27:44,600 - Evaluate - INFO - ASR... Epoch: 1, Walltime: 2.531328 CPU time: 14.211579
2026-07-26 14:27:47,309 - Evaluate - INFO - ASR Module... Epoch: 1, RSS: 5.64 GB
2026-07-26 14:27:47,310 - Evaluate - INFO - ASR... Epoch: 1, Walltime: 2.705196 CPU time: 14.804348
2026-07-26 14:27:50,782 - Evaluate - INFO - ASR Module... Epoch: 1, RSS: 5.60 GB
2026-07-26 14:27:50,782 - Evaluate - INFO - ASR... Epoch: 1, Walltime: 3.465144 CPU time: 19.333837
2026-07-26 14:27:53,739 - Evaluate - INFO - ASR Module... Epoch: 1, RSS: 5.60 GB
2026-07-26 14:27:53,740 - Evaluate - INFO - ASR... Epoch: 1, Walltime: 2.952677 CPU time: 16.057659
2026-07-26 14:27:56,313 - Evaluate - INFO - ASR Module... Epoch: 1, RSS: 5.60 GB
2026-07-26 14:27:56,314 - Evaluate - INFO - ASR... Epoch: 1, Walltime: 2.568739 CPU time: 14.466974
2026-07-26 14:27:59,123 - Evaluate - INFO - ASR Module... Epoch: 1, RSS: 5.60 GB
2026-07-26 14:27:59,124 - Evaluate - INFO - ASR... Epoch: 1, Walltime: 2.805088 CPU time: 15.610064
2026-07-26 14:28:01,156 - Evaluate - INFO - ASR Module... Epoch: 1, RSS: 5.60 GB
2026-07-26 14:28:01,156 - Evaluate - INFO - ASR... Epoch: 1, Walltime: 2.028164 CPU time: 11.421106
2026-07-26 14:28:03,789 - Evaluate - INFO - ASR Module... Epoch: 1, RSS: 5.60 GB
2026-07-26 14:28:03,790 - Evaluate - INFO - ASR... Epoch: 1, Walltime: 2.629237 CPU time: 14.877768
2026-07-26 14:28:06,751 - Evaluate - INFO - ASR Module... Epoch: 1, RSS: 5.61 GB
2026-07-26 14:28:06,751 - Evaluate - INFO - ASR... Epoch: 1, Walltime: 2.955587 CPU time: 16.216817
2026-07-26 14:28:09,190 - Evaluate - INFO - ASR Module... Epoch: 1, RSS: 5.61 GB
2026-07-26 14:28:09,190 - Evaluate - INFO - ASR... Epoch: 1, Walltime: 2.434671 CPU time: 13.765697
2026-07-26 14:28:12,950 - Evaluate - INFO - ASR Module... Epoch: 1, RSS: 5.61 GB
2026-07-26 14:28:12,951 - Evaluate - INFO - ASR... Epoch: 1, Walltime: 3.754486 CPU time: 20.737955
2026-07-26 14:28:15,134 - Evaluate - INFO - ASR Module... Epoch: 1, RSS: 5.61 GB
2026-07-26 14:28:15,135 - Evaluate - INFO - ASR... Epoch: 1, Walltime: 2.179199 CPU time: 12.353379
2026-07-26 14:28:17,540 - Evaluate - INFO - ASR Module... Epoch: 1, RSS: 5.61 GB
2026-07-26 14:28:17,541 - Evaluate - INFO - ASR... Epoch: 1, Walltime: 2.401949 CPU time: 13.416546
2026-07-26 14:28:20,795 - Evaluate - INFO - ASR Module... Epoch: 1, RSS: 5.61 GB
2026-07-26 14:28:20,796 - Evaluate - INFO - ASR... Epoch: 1, Walltime: 3.249308 CPU time: 17.956413
2026-07-26 14:28:23,565 - Evaluate - INFO - ASR Module... Epoch: 1, RSS: 5.61 GB
2026-07-26 14:28:23,566 - Evaluate - INFO - ASR... Epoch: 1, Walltime: 2.764893 CPU time: 15.403326
2026-07-26 14:28:27,270 - Evaluate - INFO - ASR Module... Epoch: 1, RSS: 5.61 GB
2026-07-26 14:28:27,270 - Evaluate - INFO - ASR... Epoch: 1, Walltime: 3.698279 CPU time: 19.883629
2026-07-26 14:28:29,934 - Evaluate - INFO - ASR Module... Epoch: 1, RSS: 5.61 GB
2026-07-26 14:28:29,935 - Evaluate - INFO - ASR... Epoch: 1, Walltime: 2.657930 CPU time: 14.818849
2026-07-26 14:28:32,639 - Evaluate - INFO - ASR Module... Epoch: 1, RSS: 5.61 GB
2026-07-26 14:28:32,640 - Evaluate - INFO - ASR... Epoch: 1, Walltime: 2.699674 CPU time: 15.130363
2026-07-26 14:28:35,554 - Evaluate - INFO - ASR Module... Epoch: 1, RSS: 5.61 GB
2026-07-26 14:28:35,555 - Evaluate - INFO - ASR... Epoch: 1, Walltime: 2.908622 CPU time: 15.784478
2026-07-26 14:28:37,141 - Evaluate - INFO - ASR Module... Epoch: 1, RSS: 5.61 GB
2026-07-26 14:28:37,141 - Evaluate - INFO - ASR... Epoch: 1, Walltime: 1.582898 CPU time: 8.758722
2026-07-26 14:28:39,447 - Evaluate - INFO - ASR Module... Epoch: 1, RSS: 5.64 GB
2026-07-26 14:28:39,448 - Evaluate - INFO - ASR... Epoch: 1, Walltime: 2.302336 CPU time: 13.164191
2026-07-26 14:28:40,399 - Evaluate - INFO - ASR Module... Epoch: 1, RSS: 5.64 GB
2026-07-26 14:28:40,399 - Evaluate - INFO - ASR... Epoch: 1, Walltime: 0.948940 CPU time: 5.460996
2026-07-26 14:28:41,783 - Evaluate - INFO - ASR Module... Epoch: 1, RSS: 5.64 GB
2026-07-26 14:28:41,783 - Evaluate - INFO - ASR... Epoch: 1, Walltime: 1.381427 CPU time: 7.662380
2026-07-26 14:28:43,522 - Evaluate - INFO - ASR Module... Epoch: 1, RSS: 5.64 GB
2026-07-26 14:28:43,523 - Evaluate - INFO - ASR... Epoch: 1, Walltime: 1.736570 CPU time: 9.675660
2026-07-26 14:28:44,992 - Evaluate - INFO - ASR Module... Epoch: 1, RSS: 5.64 GB
2026-07-26 14:28:44,992 - Evaluate - INFO - ASR... Epoch: 1, Walltime: 1.466029 CPU time: 8.380753
2026-07-26 14:28:46,572 - Evaluate - INFO - ASR Module... Epoch: 1, RSS: 5.64 GB
2026-07-26 14:28:46,573 - Evaluate - INFO - ASR... Epoch: 1, Walltime: 1.577187 CPU time: 9.108249
2026-07-26 14:28:47,788 - Evaluate - INFO - ASR Module... Epoch: 1, RSS: 5.64 GB
2026-07-26 14:28:47,789 - Evaluate - INFO - ASR... Epoch: 1, Walltime: 1.212465 CPU time: 7.186068
2026-07-26 14:28:49,876 - Evaluate - INFO - ASR Module... Epoch: 1, RSS: 5.64 GB
2026-07-26 14:28:49,877 - Evaluate - INFO - ASR... Epoch: 1, Walltime: 2.083794 CPU time: 11.903698
2026-07-26 14:28:51,382 - Evaluate - INFO - ASR Module... Epoch: 1, RSS: 5.64 GB
2026-07-26 14:28:51,383 - Evaluate - INFO - ASR... Epoch: 1, Walltime: 1.501936 CPU time: 8.257726
2026-07-26 14:28:53,093 - Evaluate - INFO - ASR Module... Epoch: 1, RSS: 5.64 GB
2026-07-26 14:28:53,094 - Evaluate - INFO - ASR... Epoch: 1, Walltime: 1.707769 CPU time: 9.417467
2026-07-26 14:28:54,691 - Evaluate - INFO - ASR Module... Epoch: 1, RSS: 5.64 GB
2026-07-26 14:28:54,692 - Evaluate - INFO - ASR... Epoch: 1, Walltime: 1.594589 CPU time: 8.977872
2026-07-26 14:28:56,832 - Evaluate - INFO - ASR Module... Epoch: 1, RSS: 5.64 GB
2026-07-26 14:28:56,833 - Evaluate - INFO - ASR... Epoch: 1, Walltime: 2.137694 CPU time: 11.827466
2026-07-26 14:28:58,907 - Evaluate - INFO - ASR Module... Epoch: 1, RSS: 5.64 GB
2026-07-26 14:28:58,907 - Evaluate - INFO - ASR... Epoch: 1, Walltime: 2.069953 CPU time: 11.870111
2026-07-26 14:29:00,941 - Evaluate - INFO - ASR Module... Epoch: 1, RSS: 5.64 GB
2026-07-26 14:29:00,942 - Evaluate - INFO - ASR... Epoch: 1, Walltime: 2.030347 CPU time: 11.600501
2026-07-26 14:29:03,181 - Evaluate - INFO - ASR Module... Epoch: 1, RSS: 5.64 GB
2026-07-26 14:29:03,182 - Evaluate - INFO - ASR... Epoch: 1, Walltime: 2.236987 CPU time: 11.855952
2026-07-26 14:29:04,442 - Evaluate - INFO - ASR Module... Epoch: 1, RSS: 5.64 GB
2026-07-26 14:29:04,442 - Evaluate - INFO - ASR... Epoch: 1, Walltime: 1.256798 CPU time: 6.834721
2026-07-26 14:29:05,789 - Evaluate - INFO - ASR Module... Epoch: 1, RSS: 5.64 GB
2026-07-26 14:29:05,789 - Evaluate - INFO - ASR... Epoch: 1, Walltime: 1.344145 CPU time: 7.507989
2026-07-26 14:29:07,346 - Evaluate - INFO - ASR Module... Epoch: 1, RSS: 5.64 GB
2026-07-26 14:29:07,347 - Evaluate - INFO - ASR... Epoch: 1, Walltime: 1.554286 CPU time: 8.916367
2026-07-26 14:29:08,695 - Evaluate - INFO - ASR Module... Epoch: 1, RSS: 5.64 GB
2026-07-26 14:29:08,695 - Evaluate - INFO - ASR... Epoch: 1, Walltime: 1.345416 CPU time: 7.742577
2026-07-26 14:29:10,122 - Evaluate - INFO - ASR Module... Epoch: 1, RSS: 5.64 GB
2026-07-26 14:29:10,123 - Evaluate - INFO - ASR... Epoch: 1, Walltime: 1.425034 CPU time: 8.162042
2026-07-26 14:29:11,817 - Evaluate - INFO - ASR Module... Epoch: 1, RSS: 5.64 GB
2026-07-26 14:29:11,818 - Evaluate - INFO - ASR... Epoch: 1, Walltime: 1.691073 CPU time: 9.720101
2026-07-26 14:29:13,121 - Evaluate - INFO - ASR Module... Epoch: 1, RSS: 5.64 GB
2026-07-26 14:29:13,122 - Evaluate - INFO - ASR... Epoch: 1, Walltime: 1.300802 CPU time: 7.590045
2026-07-26 14:29:14,555 - Evaluate - INFO - ASR Module... Epoch: 1, RSS: 5.64 GB
2026-07-26 14:29:14,556 - Evaluate - INFO - ASR... Epoch: 1, Walltime: 1.430742 CPU time: 7.951729
2026-07-26 14:29:16,061 - Evaluate - INFO - ASR Module... Epoch: 1, RSS: 5.64 GB
2026-07-26 14:29:16,061 - Evaluate - INFO - ASR... Epoch: 1, Walltime: 1.501489 CPU time: 8.418799
2026-07-26 14:29:17,876 - Evaluate - INFO - ASR Module... Epoch: 1, RSS: 5.64 GB
2026-07-26 14:29:17,877 - Evaluate - INFO - ASR... Epoch: 1, Walltime: 1.810886 CPU time: 10.577792
2026-07-26 14:29:19,623 - Evaluate - INFO - ASR Module... Epoch: 1, RSS: 5.64 GB
2026-07-26 14:29:19,624 - Evaluate - INFO - ASR... Epoch: 1, Walltime: 1.743089 CPU time: 10.000560
2026-07-26 14:29:21,725 - Evaluate - INFO - ASR Module... Epoch: 1, RSS: 5.64 GB
2026-07-26 14:29:21,726 - Evaluate - INFO - ASR... Epoch: 1, Walltime: 2.098012 CPU time: 11.571441
2026-07-26 14:29:24,601 - Evaluate - INFO - ASR Module... Epoch: 1, RSS: 5.64 GB
2026-07-26 14:29:24,602 - Evaluate - INFO - ASR... Epoch: 1, Walltime: 2.870127 CPU time: 15.811044
2026-07-26 14:29:26,155 - Evaluate - INFO - ASR Module... Epoch: 1, RSS: 5.64 GB
2026-07-26 14:29:26,156 - Evaluate - INFO - ASR... Epoch: 1, Walltime: 1.549273 CPU time: 8.608486
2026-07-26 14:29:27,750 - Evaluate - INFO - ASR Module... Epoch: 1, RSS: 5.64 GB
2026-07-26 14:29:27,751 - Evaluate - INFO - ASR... Epoch: 1, Walltime: 1.590956 CPU time: 8.622088
2026-07-26 14:29:29,864 - Evaluate - INFO - ASR Module... Epoch: 1, RSS: 5.64 GB
2026-07-26 14:29:29,865 - Evaluate - INFO - ASR... Epoch: 1, Walltime: 2.110035 CPU time: 12.105810
2026-07-26 14:29:31,492 - Evaluate - INFO - ASR Module... Epoch: 1, RSS: 5.64 GB
2026-07-26 14:29:31,493 - Evaluate - INFO - ASR... Epoch: 1, Walltime: 1.623868 CPU time: 9.213885
2026-07-26 14:29:32,832 - Evaluate - INFO - ASR Module... Epoch: 1, RSS: 5.64 GB
2026-07-26 14:29:32,832 - Evaluate - INFO - ASR... Epoch: 1, Walltime: 1.336269 CPU time: 7.583955
2026-07-26 14:29:34,292 - Evaluate - INFO - ASR Module... Epoch: 1, RSS: 5.64 GB
2026-07-26 14:29:34,293 - Evaluate - INFO - ASR... Epoch: 1, Walltime: 1.456990 CPU time: 8.285927
2026-07-26 14:29:36,406 - Evaluate - INFO - ASR Module... Epoch: 1, RSS: 5.64 GB
2026-07-26 14:29:36,407 - Evaluate - INFO - ASR... Epoch: 1, Walltime: 2.110567 CPU time: 11.484719
2026-07-26 14:29:37,921 - Evaluate - INFO - ASR Module... Epoch: 1, RSS: 5.64 GB
2026-07-26 14:29:37,922 - Evaluate - INFO - ASR... Epoch: 1, Walltime: 1.511504 CPU time: 8.567458
2026-07-26 14:29:39,527 - Evaluate - INFO - ASR Module... Epoch: 1, RSS: 5.64 GB
2026-07-26 14:29:39,528 - Evaluate - INFO - ASR... Epoch: 1, Walltime: 1.602337 CPU time: 9.109436
2026-07-26 14:29:41,098 - Evaluate - INFO - ASR Module... Epoch: 1, RSS: 5.64 GB
2026-07-26 14:29:41,098 - Evaluate - INFO - ASR... Epoch: 1, Walltime: 1.567199 CPU time: 9.180896
2026-07-26 14:29:42,891 - Evaluate - INFO - ASR Module... Epoch: 1, RSS: 5.64 GB
2026-07-26 14:29:42,892 - Evaluate - INFO - ASR... Epoch: 1, Walltime: 1.790127 CPU time: 9.903436
2026-07-26 14:29:44,558 - Evaluate - INFO - ASR Module... Epoch: 1, RSS: 5.64 GB
2026-07-26 14:29:44,559 - Evaluate - INFO - ASR... Epoch: 1, Walltime: 1.662874 CPU time: 9.212131
2026-07-26 14:29:46,827 - Evaluate - INFO - ASR Module... Epoch: 1, RSS: 5.64 GB
2026-07-26 14:29:46,827 - Evaluate - INFO - ASR... Epoch: 1, Walltime: 2.263864 CPU time: 12.681147
2026-07-26 14:29:48,192 - Evaluate - INFO - ASR Module... Epoch: 1, RSS: 5.64 GB
2026-07-26 14:29:48,193 - Evaluate - INFO - ASR... Epoch: 1, Walltime: 1.362201 CPU time: 7.716353
2026-07-26 14:29:49,412 - Evaluate - INFO - ASR Module... Epoch: 1, RSS: 5.64 GB
2026-07-26 14:29:49,413 - Evaluate - INFO - ASR... Epoch: 1, Walltime: 1.216990 CPU time: 6.860576
2026-07-26 14:29:51,319 - Evaluate - INFO - ASR Module... Epoch: 1, RSS: 5.64 GB
2026-07-26 14:29:51,321 - Evaluate - INFO - ASR... Epoch: 1, Walltime: 1.903768 CPU time: 10.647185
2026-07-26 14:29:53,162 - Evaluate - INFO - ASR Module... Epoch: 1, RSS: 5.64 GB
2026-07-26 14:29:53,163 - Evaluate - INFO - ASR... Epoch: 1, Walltime: 1.838223 CPU time: 9.970292
2026-07-26 14:29:54,640 - Evaluate - INFO - ASR Module... Epoch: 1, RSS: 5.64 GB
2026-07-26 14:29:54,641 - Evaluate - INFO - ASR... Epoch: 1, Walltime: 1.474880 CPU time: 8.078351
2026-07-26 14:29:55,971 - Evaluate - INFO - ASR Module... Epoch: 1, RSS: 5.64 GB
2026-07-26 14:29:55,972 - Evaluate - INFO - ASR... Epoch: 1, Walltime: 1.328157 CPU time: 7.435103
2026-07-26 14:29:57,398 - Evaluate - INFO - ASR Module... Epoch: 1, RSS: 5.64 GB
2026-07-26 14:29:57,399 - Evaluate - INFO - ASR... Epoch: 1, Walltime: 1.423953 CPU time: 8.160946
2026-07-26 14:29:58,944 - Evaluate - INFO - ASR Module... Epoch: 1, RSS: 5.64 GB
2026-07-26 14:29:58,945 - Evaluate - INFO - ASR... Epoch: 1, Walltime: 1.542320 CPU time: 8.504046
2026-07-26 14:30:00,897 - Evaluate - INFO - ASR Module... Epoch: 1, RSS: 5.64 GB
2026-07-26 14:30:00,898 - Evaluate - INFO - ASR... Epoch: 1, Walltime: 1.948812 CPU time: 10.740126
2026-07-26 14:30:02,894 - Evaluate - INFO - ASR Module... Epoch: 1, RSS: 5.64 GB
2026-07-26 14:30:02,895 - Evaluate - INFO - ASR... Epoch: 1, Walltime: 1.993293 CPU time: 10.813912
2026-07-26 14:30:04,534 - Evaluate - INFO - ASR Module... Epoch: 1, RSS: 5.64 GB
2026-07-26 14:30:04,535 - Evaluate - INFO - ASR... Epoch: 1, Walltime: 1.636093 CPU time: 9.343309
2026-07-26 14:30:06,464 - Evaluate - INFO - ASR Module... Epoch: 1, RSS: 5.64 GB
2026-07-26 14:30:06,465 - Evaluate - INFO - ASR... Epoch: 1, Walltime: 1.925857 CPU time: 10.699443
2026-07-26 14:30:08,230 - Evaluate - INFO - ASR Module... Epoch: 1, RSS: 5.64 GB
2026-07-26 14:30:08,231 - Evaluate - INFO - ASR... Epoch: 1, Walltime: 1.762649 CPU time: 9.837545
2026-07-26 14:30:10,903 - Evaluate - INFO - ASR Module... Epoch: 1, RSS: 5.64 GB
2026-07-26 14:30:10,903 - Evaluate - INFO - ASR... Epoch: 1, Walltime: 2.667535 CPU time: 15.049053
2026-07-26 14:30:12,654 - Evaluate - INFO - ASR Module... Epoch: 1, RSS: 5.64 GB
2026-07-26 14:30:12,655 - Evaluate - INFO - ASR... Epoch: 1, Walltime: 1.747774 CPU time: 9.781798
2026-07-26 14:30:14,915 - Evaluate - INFO - ASR Module... Epoch: 1, RSS: 5.64 GB
2026-07-26 14:30:14,916 - Evaluate - INFO - ASR... Epoch: 1, Walltime: 2.255130 CPU time: 12.341964
2026-07-26 14:30:16,331 - Evaluate - INFO - ASR Module... Epoch: 1, RSS: 5.64 GB
2026-07-26 14:30:16,331 - Evaluate - INFO - ASR... Epoch: 1, Walltime: 1.411857 CPU time: 7.747625
2026-07-26 14:30:17,947 - Evaluate - INFO - ASR Module... Epoch: 1, RSS: 5.64 GB
2026-07-26 14:30:17,948 - Evaluate - INFO - ASR... Epoch: 1, Walltime: 1.612773 CPU time: 8.950197
2026-07-26 14:30:19,222 - Evaluate - INFO - ASR Module... Epoch: 1, RSS: 5.64 GB
2026-07-26 14:30:19,223 - Evaluate - INFO - ASR... Epoch: 1, Walltime: 1.272132 CPU time: 7.070323
2026-07-26 14:30:21,063 - Evaluate - INFO - ASR Module... Epoch: 1, RSS: 5.64 GB
2026-07-26 14:30:21,064 - Evaluate - INFO - ASR... Epoch: 1, Walltime: 1.837057 CPU time: 10.166546
2026-07-26 14:30:22,825 - Evaluate - INFO - ASR Module... Epoch: 1, RSS: 5.64 GB
2026-07-26 14:30:22,826 - Evaluate - INFO - ASR... Epoch: 1, Walltime: 1.758002 CPU time: 9.769055
2026-07-26 14:30:24,446 - Evaluate - INFO - ASR Module... Epoch: 1, RSS: 5.64 GB
2026-07-26 14:30:24,447 - Evaluate - INFO - ASR... Epoch: 1, Walltime: 1.617720 CPU time: 9.045148
2026-07-26 14:30:25,941 - Evaluate - INFO - ASR Module... Epoch: 1, RSS: 5.64 GB
2026-07-26 14:30:25,942 - Evaluate - INFO - ASR... Epoch: 1, Walltime: 1.491446 CPU time: 8.385886
2026-07-26 14:30:27,859 - Evaluate - INFO - ASR Module... Epoch: 1, RSS: 5.64 GB
2026-07-26 14:30:27,860 - Evaluate - INFO - ASR... Epoch: 1, Walltime: 1.914321 CPU time: 10.567915
2026-07-26 14:30:30,251 - Evaluate - INFO - ASR Module... Epoch: 1, RSS: 5.64 GB
2026-07-26 14:30:30,252 - Evaluate - INFO - ASR... Epoch: 1, Walltime: 2.387989 CPU time: 12.898303
2026-07-26 14:30:31,257 - Evaluate - INFO - ASR Module... Epoch: 1, RSS: 5.64 GB
2026-07-26 14:30:31,258 - Evaluate - INFO - ASR... Epoch: 1, Walltime: 1.002919 CPU time: 5.664315
2026-07-26 14:30:32,237 - Evaluate - INFO - ASR Module... Epoch: 1, RSS: 5.64 GB
2026-07-26 14:30:32,238 - Evaluate - INFO - ASR... Epoch: 1, Walltime: 0.977767 CPU time: 5.730273
2026-07-26 14:30:33,307 - Evaluate - INFO - ASR Module... Epoch: 1, RSS: 5.64 GB
2026-07-26 14:30:33,308 - Evaluate - INFO - ASR... Epoch: 1, Walltime: 1.067513 CPU time: 6.100781
2026-07-26 14:30:34,671 - Evaluate - INFO - ASR Module... Epoch: 1, RSS: 5.64 GB
2026-07-26 14:30:34,671 - Evaluate - INFO - ASR... Epoch: 1, Walltime: 1.360362 CPU time: 7.332580
2026-07-26 14:30:35,754 - Evaluate - INFO - ASR Module... Epoch: 1, RSS: 5.64 GB
2026-07-26 14:30:35,755 - Evaluate - INFO - ASR... Epoch: 1, Walltime: 1.080581 CPU time: 6.242230
2026-07-26 14:30:37,381 - Evaluate - INFO - ASR Module... Epoch: 1, RSS: 5.64 GB
2026-07-26 14:30:37,382 - Evaluate - INFO - ASR... Epoch: 1, Walltime: 1.623516 CPU time: 8.886729
2026-07-26 14:30:38,930 - Evaluate - INFO - ASR Module... Epoch: 1, RSS: 5.64 GB
2026-07-26 14:30:38,931 - Evaluate - INFO - ASR... Epoch: 1, Walltime: 1.545223 CPU time: 8.769531
2026-07-26 14:30:40,353 - Evaluate - INFO - ASR Module... Epoch: 1, RSS: 5.64 GB
2026-07-26 14:30:40,353 - Evaluate - INFO - ASR... Epoch: 1, Walltime: 1.419419 CPU time: 7.883374
2026-07-26 14:30:41,655 - Evaluate - INFO - ASR Module... Epoch: 1, RSS: 5.64 GB
2026-07-26 14:30:41,656 - Evaluate - INFO - ASR... Epoch: 1, Walltime: 1.299423 CPU time: 7.101635
2026-07-26 14:30:43,147 - Evaluate - INFO - ASR Module... Epoch: 1, RSS: 5.64 GB
2026-07-26 14:30:43,148 - Evaluate - INFO - ASR... Epoch: 1, Walltime: 1.488991 CPU time: 8.524718
2026-07-26 14:30:44,668 - Evaluate - INFO - ASR Module... Epoch: 1, RSS: 5.64 GB
2026-07-26 14:30:44,669 - Evaluate - INFO - ASR... Epoch: 1, Walltime: 1.517856 CPU time: 8.477403
2026-07-26 14:30:46,100 - Evaluate - INFO - ASR Module... Epoch: 1, RSS: 5.64 GB
2026-07-26 14:30:46,101 - Evaluate - INFO - ASR... Epoch: 1, Walltime: 1.428200 CPU time: 7.795733
2026-07-26 14:30:47,372 - Evaluate - INFO - ASR Module... Epoch: 1, RSS: 5.64 GB
2026-07-26 14:30:47,373 - Evaluate - INFO - ASR... Epoch: 1, Walltime: 1.268675 CPU time: 6.917587
2026-07-26 14:30:48,639 - Evaluate - INFO - ASR Module... Epoch: 1, RSS: 5.64 GB
2026-07-26 14:30:48,640 - Evaluate - INFO - ASR... Epoch: 1, Walltime: 1.264084 CPU time: 7.127581
2026-07-26 14:30:49,973 - Evaluate - INFO - ASR Module... Epoch: 1, RSS: 5.64 GB
2026-07-26 14:30:49,974 - Evaluate - INFO - ASR... Epoch: 1, Walltime: 1.330231 CPU time: 7.383544
2026-07-26 14:30:51,125 - Evaluate - INFO - ASR Module... Epoch: 1, RSS: 5.64 GB
2026-07-26 14:30:51,126 - Evaluate - INFO - ASR... Epoch: 1, Walltime: 1.148414 CPU time: 6.644468
2026-07-26 14:30:52,377 - Evaluate - INFO - ASR Module... Epoch: 1, RSS: 5.64 GB
2026-07-26 14:30:52,378 - Evaluate - INFO - ASR... Epoch: 1, Walltime: 1.248920 CPU time: 6.766657
2026-07-26 14:30:54,173 - Evaluate - INFO - ASR Module... Epoch: 1, RSS: 5.64 GB
2026-07-26 14:30:54,174 - Evaluate - INFO - ASR... Epoch: 1, Walltime: 1.792611 CPU time: 9.977019
2026-07-26 14:30:55,795 - Evaluate - INFO - ASR Module... Epoch: 1, RSS: 5.64 GB
2026-07-26 14:30:55,796 - Evaluate - INFO - ASR... Epoch: 1, Walltime: 1.617212 CPU time: 8.930270
2026-07-26 14:30:57,133 - Evaluate - INFO - ASR Module... Epoch: 1, RSS: 5.64 GB
2026-07-26 14:30:57,134 - Evaluate - INFO - ASR... Epoch: 1, Walltime: 1.335276 CPU time: 7.603812
2026-07-26 14:30:58,481 - Evaluate - INFO - ASR Module... Epoch: 1, RSS: 5.64 GB
2026-07-26 14:30:58,482 - Evaluate - INFO - ASR... Epoch: 1, Walltime: 1.344720 CPU time: 7.658820
2026-07-26 14:30:59,774 - Evaluate - INFO - ASR Module... Epoch: 1, RSS: 5.64 GB
2026-07-26 14:30:59,775 - Evaluate - INFO - ASR... Epoch: 1, Walltime: 1.289030 CPU time: 7.488726
2026-07-26 14:31:01,266 - Evaluate - INFO - ASR Module... Epoch: 1, RSS: 5.64 GB
2026-07-26 14:31:01,267 - Evaluate - INFO - ASR... Epoch: 1, Walltime: 1.488132 CPU time: 8.016149
2026-07-26 14:31:02,429 - Evaluate - INFO - ASR Module... Epoch: 1, RSS: 5.64 GB
2026-07-26 14:31:02,430 - Evaluate - INFO - ASR... Epoch: 1, Walltime: 1.159610 CPU time: 6.487276
2026-07-26 14:31:03,591 - Evaluate - INFO - ASR Module... Epoch: 1, RSS: 5.64 GB
2026-07-26 14:31:03,592 - Evaluate - INFO - ASR... Epoch: 1, Walltime: 1.159151 CPU time: 6.535188
2026-07-26 14:31:05,022 - Evaluate - INFO - ASR Module... Epoch: 1, RSS: 5.64 GB
2026-07-26 14:31:05,023 - Evaluate - INFO - ASR... Epoch: 1, Walltime: 1.427476 CPU time: 7.842814
2026-07-26 14:31:06,221 - Evaluate - INFO - ASR Module... Epoch: 1, RSS: 5.64 GB
2026-07-26 14:31:06,222 - Evaluate - INFO - ASR... Epoch: 1, Walltime: 1.196034 CPU time: 6.736623
2026-07-26 14:31:07,590 - Evaluate - INFO - ASR Module... Epoch: 1, RSS: 5.64 GB
2026-07-26 14:31:07,592 - Evaluate - INFO - ASR... Epoch: 1, Walltime: 1.365614 CPU time: 7.585599
2026-07-26 14:31:09,216 - Evaluate - INFO - ASR Module... Epoch: 1, RSS: 5.64 GB
2026-07-26 14:31:09,217 - Evaluate - INFO - ASR... Epoch: 1, Walltime: 1.621937 CPU time: 9.058407
2026-07-26 14:31:11,250 - Evaluate - INFO - ASR Module... Epoch: 1, RSS: 5.64 GB
2026-07-26 14:31:11,251 - Evaluate - INFO - ASR... Epoch: 1, Walltime: 2.030436 CPU time: 10.953401
2026-07-26 14:31:12,880 - Evaluate - INFO - ASR Module... Epoch: 1, RSS: 5.64 GB
2026-07-26 14:31:12,881 - Evaluate - INFO - ASR... Epoch: 1, Walltime: 1.627448 CPU time: 8.667215
2026-07-26 14:31:14,166 - Evaluate - INFO - ASR Module... Epoch: 1, RSS: 5.64 GB
2026-07-26 14:31:14,167 - Evaluate - INFO - ASR... Epoch: 1, Walltime: 1.282077 CPU time: 7.200732
2026-07-26 14:31:16,147 - Evaluate - INFO - ASR Module... Epoch: 1, RSS: 5.64 GB
2026-07-26 14:31:16,148 - Evaluate - INFO - ASR... Epoch: 1, Walltime: 1.978294 CPU time: 10.556596
2026-07-26 14:31:18,354 - Evaluate - INFO - ASR Module... Epoch: 1, RSS: 5.64 GB
2026-07-26 14:31:18,355 - Evaluate - INFO - ASR... Epoch: 1, Walltime: 2.202766 CPU time: 11.907000
2026-07-26 14:31:19,895 - Evaluate - INFO - ASR Module... Epoch: 1, RSS: 5.64 GB
2026-07-26 14:31:19,896 - Evaluate - INFO - ASR... Epoch: 1, Walltime: 1.536767 CPU time: 8.590969
2026-07-26 14:31:21,183 - Evaluate - INFO - ASR Module... Epoch: 1, RSS: 5.64 GB
2026-07-26 14:31:21,184 - Evaluate - INFO - ASR... Epoch: 1, Walltime: 1.285350 CPU time: 7.259684
2026-07-26 14:31:22,563 - Evaluate - INFO - ASR Module... Epoch: 1, RSS: 5.64 GB
2026-07-26 14:31:22,564 - Evaluate - INFO - ASR... Epoch: 1, Walltime: 1.376391 CPU time: 7.561975
2026-07-26 14:31:24,092 - Evaluate - INFO - ASR Module... Epoch: 1, RSS: 5.64 GB
2026-07-26 14:31:24,093 - Evaluate - INFO - ASR... Epoch: 1, Walltime: 1.525517 CPU time: 8.529073
2026-07-26 14:31:25,261 - Evaluate - INFO - ASR Module... Epoch: 1, RSS: 5.64 GB
2026-07-26 14:31:25,262 - Evaluate - INFO - ASR... Epoch: 1, Walltime: 1.166437 CPU time: 6.545238
2026-07-26 14:31:26,400 - Evaluate - INFO - ASR Module... Epoch: 1, RSS: 5.64 GB
2026-07-26 14:31:26,400 - Evaluate - INFO - ASR... Epoch: 1, Walltime: 1.135430 CPU time: 6.478388
2026-07-26 14:31:28,022 - Evaluate - INFO - ASR Module... Epoch: 1, RSS: 5.64 GB
2026-07-26 14:31:28,022 - Evaluate - INFO - ASR... Epoch: 1, Walltime: 1.618962 CPU time: 9.040602
2026-07-26 14:31:29,242 - Evaluate - INFO - ASR Module... Epoch: 1, RSS: 5.64 GB
2026-07-26 14:31:29,243 - Evaluate - INFO - ASR... Epoch: 1, Walltime: 1.217459 CPU time: 7.199498
2026-07-26 14:31:31,078 - Evaluate - INFO - ASR Module... Epoch: 1, RSS: 5.64 GB
2026-07-26 14:31:31,079 - Evaluate - INFO - ASR... Epoch: 1, Walltime: 1.831874 CPU time: 10.133278
2026-07-26 14:31:32,791 - Evaluate - INFO - ASR Module... Epoch: 1, RSS: 5.64 GB
2026-07-26 14:31:32,792 - Evaluate - INFO - ASR... Epoch: 1, Walltime: 1.709396 CPU time: 9.594123
2026-07-26 14:31:34,955 - Evaluate - INFO - ASR Module... Epoch: 1, RSS: 5.64 GB
2026-07-26 14:31:34,956 - Evaluate - INFO - ASR... Epoch: 1, Walltime: 2.160617 CPU time: 11.861216
2026-07-26 14:31:36,634 - Evaluate - INFO - ASR Module... Epoch: 1, RSS: 5.64 GB
2026-07-26 14:31:36,635 - Evaluate - INFO - ASR... Epoch: 1, Walltime: 1.675623 CPU time: 9.655286
2026-07-26 14:31:38,231 - Evaluate - INFO - ASR Module... Epoch: 1, RSS: 5.64 GB
2026-07-26 14:31:38,232 - Evaluate - INFO - ASR... Epoch: 1, Walltime: 1.593541 CPU time: 8.790045
2026-07-26 14:31:40,237 - Evaluate - INFO - ASR Module... Epoch: 1, RSS: 5.64 GB
2026-07-26 14:31:40,238 - Evaluate - INFO - ASR... Epoch: 1, Walltime: 2.001284 CPU time: 11.075209
2026-07-26 14:31:42,308 - Evaluate - INFO - ASR Module... Epoch: 1, RSS: 5.64 GB
2026-07-26 14:31:42,309 - Evaluate - INFO - ASR... Epoch: 1, Walltime: 2.066809 CPU time: 11.046313
2026-07-26 14:31:44,503 - Evaluate - INFO - ASR Module... Epoch: 1, RSS: 5.64 GB
2026-07-26 14:31:44,504 - Evaluate - INFO - ASR... Epoch: 1, Walltime: 2.191252 CPU time: 12.163332
2026-07-26 14:31:46,655 - Evaluate - INFO - ASR Module... Epoch: 1, RSS: 5.64 GB
2026-07-26 14:31:46,656 - Evaluate - INFO - ASR... Epoch: 1, Walltime: 2.148422 CPU time: 12.010187
2026-07-26 14:31:48,899 - Evaluate - INFO - ASR Module... Epoch: 1, RSS: 5.64 GB
2026-07-26 14:31:48,900 - Evaluate - INFO - ASR... Epoch: 1, Walltime: 2.240393 CPU time: 12.105650
2026-07-26 14:31:50,344 - Evaluate - INFO - ASR Module... Epoch: 1, RSS: 5.64 GB
2026-07-26 14:31:50,345 - Evaluate - INFO - ASR... Epoch: 1, Walltime: 1.441622 CPU time: 7.928595
2026-07-26 14:31:52,649 - Evaluate - INFO - ASR Module... Epoch: 1, RSS: 5.64 GB
2026-07-26 14:31:52,650 - Evaluate - INFO - ASR... Epoch: 1, Walltime: 2.300718 CPU time: 12.626146
2026-07-26 14:31:54,605 - Evaluate - INFO - ASR Module... Epoch: 1, RSS: 5.64 GB
2026-07-26 14:31:54,605 - Evaluate - INFO - ASR... Epoch: 1, Walltime: 1.951019 CPU time: 10.583475
2026-07-26 14:31:56,287 - Evaluate - INFO - ASR Module... Epoch: 1, RSS: 5.64 GB
2026-07-26 14:31:56,288 - Evaluate - INFO - ASR... Epoch: 1, Walltime: 1.678143 CPU time: 9.426630
2026-07-26 14:31:58,367 - Evaluate - INFO - ASR Module... Epoch: 1, RSS: 5.64 GB
2026-07-26 14:31:58,368 - Evaluate - INFO - ASR... Epoch: 1, Walltime: 2.076497 CPU time: 11.577028
2026-07-26 14:32:00,284 - Evaluate - INFO - ASR Module... Epoch: 1, RSS: 5.64 GB
2026-07-26 14:32:00,285 - Evaluate - INFO - ASR... Epoch: 1, Walltime: 1.912519 CPU time: 10.314869
2026-07-26 14:32:02,128 - Evaluate - INFO - ASR Module... Epoch: 1, RSS: 5.64 GB
2026-07-26 14:32:02,129 - Evaluate - INFO - ASR... Epoch: 1, Walltime: 1.839765 CPU time: 9.857945
2026-07-26 14:32:04,567 - Evaluate - INFO - ASR Module... Epoch: 1, RSS: 5.64 GB
2026-07-26 14:32:04,567 - Evaluate - INFO - ASR... Epoch: 1, Walltime: 2.434379 CPU time: 13.377925
2026-07-26 14:32:07,772 - Evaluate - INFO - ASR Module... Epoch: 1, RSS: 5.64 GB
2026-07-26 14:32:07,773 - Evaluate - INFO - ASR... Epoch: 1, Walltime: 3.199912 CPU time: 17.041753
2026-07-26 14:32:10,722 - Evaluate - INFO - ASR Module... Epoch: 1, RSS: 5.64 GB
2026-07-26 14:32:10,723 - Evaluate - INFO - ASR... Epoch: 1, Walltime: 2.944039 CPU time: 15.388265
2026-07-26 14:32:12,821 - Evaluate - INFO - ASR Module... Epoch: 1, RSS: 5.64 GB
2026-07-26 14:32:12,821 - Evaluate - INFO - ASR... Epoch: 1, Walltime: 2.094945 CPU time: 11.195814
2026-07-26 14:32:15,928 - Evaluate - INFO - ASR Module... Epoch: 1, RSS: 5.64 GB
2026-07-26 14:32:15,929 - Evaluate - INFO - ASR... Epoch: 1, Walltime: 3.102951 CPU time: 16.600978
2026-07-26 14:32:18,708 - Evaluate - INFO - ASR Module... Epoch: 1, RSS: 5.64 GB
2026-07-26 14:32:18,709 - Evaluate - INFO - ASR... Epoch: 1, Walltime: 2.774482 CPU time: 14.929206
2026-07-26 14:32:20,488 - Evaluate - INFO - ASR Module... Epoch: 1, RSS: 5.64 GB
2026-07-26 14:32:20,488 - Evaluate - INFO - ASR... Epoch: 1, Walltime: 1.776075 CPU time: 9.773173
2026-07-26 14:32:23,275 - Evaluate - INFO - ASR Module... Epoch: 1, RSS: 5.64 GB
2026-07-26 14:32:23,276 - Evaluate - INFO - ASR... Epoch: 1, Walltime: 2.783521 CPU time: 14.637753
2026-07-26 14:32:25,892 - Evaluate - INFO - ASR Module... Epoch: 1, RSS: 5.64 GB
2026-07-26 14:32:25,893 - Evaluate - INFO - ASR... Epoch: 1, Walltime: 2.612906 CPU time: 14.317491
2026-07-26 14:32:27,985 - Evaluate - INFO - ASR Module... Epoch: 1, RSS: 5.64 GB
2026-07-26 14:32:27,986 - Evaluate - INFO - ASR... Epoch: 1, Walltime: 2.089605 CPU time: 11.486991
2026-07-26 14:32:30,297 - Evaluate - INFO - ASR Module... Epoch: 1, RSS: 5.64 GB
2026-07-26 14:32:30,298 - Evaluate - INFO - ASR... Epoch: 1, Walltime: 2.308253 CPU time: 12.407111
2026-07-26 14:32:33,426 - Evaluate - INFO - ASR Module... Epoch: 1, RSS: 5.64 GB
2026-07-26 14:32:33,427 - Evaluate - INFO - ASR... Epoch: 1, Walltime: 3.123837 CPU time: 17.240912
2026-07-26 14:32:35,618 - Evaluate - INFO - ASR Module... Epoch: 1, RSS: 5.64 GB
2026-07-26 14:32:35,619 - Evaluate - INFO - ASR... Epoch: 1, Walltime: 2.186794 CPU time: 11.686295
2026-07-26 14:32:37,878 - Evaluate - INFO - ASR Module... Epoch: 1, RSS: 5.64 GB
2026-07-26 14:32:37,879 - Evaluate - INFO - ASR... Epoch: 1, Walltime: 2.255608 CPU time: 12.349673
2026-07-26 14:32:39,826 - Evaluate - INFO - ASR Module... Epoch: 1, RSS: 5.64 GB
2026-07-26 14:32:39,827 - Evaluate - INFO - ASR... Epoch: 1, Walltime: 1.944347 CPU time: 11.026952
2026-07-26 14:32:42,492 - Evaluate - INFO - ASR Module... Epoch: 1, RSS: 5.64 GB
2026-07-26 14:32:42,493 - Evaluate - INFO - ASR... Epoch: 1, Walltime: 2.661288 CPU time: 13.917008
2026-07-26 14:32:44,981 - Evaluate - INFO - ASR Module... Epoch: 1, RSS: 5.64 GB
2026-07-26 14:32:44,982 - Evaluate - INFO - ASR... Epoch: 1, Walltime: 2.483786 CPU time: 13.036958
2026-07-26 14:32:46,665 - Evaluate - INFO - ASR Module... Epoch: 1, RSS: 5.64 GB
2026-07-26 14:32:46,666 - Evaluate - INFO - ASR... Epoch: 1, Walltime: 1.680160 CPU time: 8.990599
2026-07-26 14:32:48,034 - Evaluate - INFO - ASR Module... Epoch: 1, RSS: 5.64 GB
2026-07-26 14:32:48,035 - Evaluate - INFO - ASR... Epoch: 1, Walltime: 1.366054 CPU time: 7.674932
2026-07-26 14:32:50,342 - Evaluate - INFO - ASR Module... Epoch: 1, RSS: 5.64 GB
2026-07-26 14:32:50,343 - Evaluate - INFO - ASR... Epoch: 1, Walltime: 2.302804 CPU time: 12.412115
2026-07-26 14:32:52,393 - Evaluate - INFO - ASR Module... Epoch: 1, RSS: 5.64 GB
2026-07-26 14:32:52,394 - Evaluate - INFO - ASR... Epoch: 1, Walltime: 2.046654 CPU time: 10.955391
2026-07-26 14:32:54,202 - Evaluate - INFO - ASR Module... Epoch: 1, RSS: 5.64 GB
2026-07-26 14:32:54,203 - Evaluate - INFO - ASR... Epoch: 1, Walltime: 1.804964 CPU time: 9.485460
2026-07-26 14:32:55,955 - Evaluate - INFO - ASR Module... Epoch: 1, RSS: 5.64 GB
2026-07-26 14:32:55,956 - Evaluate - INFO - ASR... Epoch: 1, Walltime: 1.747691 CPU time: 10.010736
2026-07-26 14:32:58,050 - Evaluate - INFO - ASR Module... Epoch: 1, RSS: 5.64 GB
2026-07-26 14:32:58,051 - Evaluate - INFO - ASR... Epoch: 1, Walltime: 2.090380 CPU time: 11.636275
2026-07-26 14:32:59,470 - Evaluate - INFO - ASR Module... Epoch: 1, RSS: 5.64 GB
2026-07-26 14:32:59,471 - Evaluate - INFO - ASR... Epoch: 1, Walltime: 1.415807 CPU time: 7.912064
2026-07-26 14:33:01,578 - Evaluate - INFO - ASR Module... Epoch: 1, RSS: 5.64 GB
2026-07-26 14:33:01,579 - Evaluate - INFO - ASR... Epoch: 1, Walltime: 2.103625 CPU time: 10.858083
2026-07-26 14:33:03,803 - Evaluate - INFO - ASR Module... Epoch: 1, RSS: 5.64 GB
2026-07-26 14:33:03,804 - Evaluate - INFO - ASR... Epoch: 1, Walltime: 2.220814 CPU time: 12.007129
2026-07-26 14:33:05,533 - Evaluate - INFO - ASR Module... Epoch: 1, RSS: 5.64 GB
2026-07-26 14:33:05,533 - Evaluate - INFO - ASR... Epoch: 1, Walltime: 1.726132 CPU time: 9.225984
2026-07-26 14:33:07,249 - Evaluate - INFO - ASR Module... Epoch: 1, RSS: 5.64 GB
2026-07-26 14:33:07,250 - Evaluate - INFO - ASR... Epoch: 1, Walltime: 1.712564 CPU time: 9.901116
2026-07-26 14:33:09,390 - Evaluate - INFO - ASR Module... Epoch: 1, RSS: 5.64 GB
2026-07-26 14:33:09,391 - Evaluate - INFO - ASR... Epoch: 1, Walltime: 2.136805 CPU time: 11.991375
2026-07-26 14:33:10,945 - Evaluate - INFO - ASR Module... Epoch: 1, RSS: 5.64 GB
2026-07-26 14:33:10,945 - Evaluate - INFO - ASR... Epoch: 1, Walltime: 1.551400 CPU time: 8.147382
2026-07-26 14:33:13,197 - Evaluate - INFO - ASR Module... Epoch: 1, RSS: 5.64 GB
2026-07-26 14:33:13,198 - Evaluate - INFO - ASR... Epoch: 1, Walltime: 2.247931 CPU time: 12.883343
2026-07-26 14:33:15,481 - Evaluate - INFO - ASR Module... Epoch: 1, RSS: 5.64 GB
2026-07-26 14:33:15,482 - Evaluate - INFO - ASR... Epoch: 1, Walltime: 2.280292 CPU time: 12.394287
2026-07-26 14:33:18,386 - Evaluate - INFO - ASR Module... Epoch: 1, RSS: 5.64 GB
2026-07-26 14:33:18,387 - Evaluate - INFO - ASR... Epoch: 1, Walltime: 2.900817 CPU time: 15.735216
2026-07-26 14:33:20,144 - Evaluate - INFO - ASR Module... Epoch: 1, RSS: 5.64 GB
2026-07-26 14:33:20,145 - Evaluate - INFO - ASR... Epoch: 1, Walltime: 1.754090 CPU time: 9.539143
2026-07-26 14:33:22,084 - Evaluate - INFO - ASR Module... Epoch: 1, RSS: 5.64 GB
2026-07-26 14:33:22,084 - Evaluate - INFO - ASR... Epoch: 1, Walltime: 1.935877 CPU time: 10.476770
2026-07-26 14:33:23,902 - Evaluate - INFO - ASR Module... Epoch: 1, RSS: 5.64 GB
2026-07-26 14:33:23,903 - Evaluate - INFO - ASR... Epoch: 1, Walltime: 1.814582 CPU time: 9.497709
2026-07-26 14:33:25,564 - Evaluate - INFO - ASR Module... Epoch: 1, RSS: 5.64 GB
2026-07-26 14:33:25,565 - Evaluate - INFO - ASR... Epoch: 1, Walltime: 1.658764 CPU time: 9.015382
2026-07-26 14:33:27,535 - Evaluate - INFO - ASR Module... Epoch: 1, RSS: 5.64 GB
2026-07-26 14:33:27,535 - Evaluate - INFO - ASR... Epoch: 1, Walltime: 1.966831 CPU time: 10.558047
2026-07-26 14:33:29,760 - Evaluate - INFO - ASR Module... Epoch: 1, RSS: 5.64 GB
2026-07-26 14:33:29,761 - Evaluate - INFO - ASR... Epoch: 1, Walltime: 2.221429 CPU time: 11.915305
2026-07-26 14:33:31,947 - Evaluate - INFO - ASR Module... Epoch: 1, RSS: 5.64 GB
2026-07-26 14:33:31,948 - Evaluate - INFO - ASR... Epoch: 1, Walltime: 2.183446 CPU time: 11.809133
2026-07-26 14:33:33,823 - Evaluate - INFO - ASR Module... Epoch: 1, RSS: 5.64 GB
2026-07-26 14:33:33,824 - Evaluate - INFO - ASR... Epoch: 1, Walltime: 1.872328 CPU time: 10.449912
2026-07-26 14:33:36,326 - Evaluate - INFO - ASR Module... Epoch: 1, RSS: 5.64 GB
2026-07-26 14:33:36,327 - Evaluate - INFO - ASR... Epoch: 1, Walltime: 2.499101 CPU time: 13.242752
2026-07-26 14:33:38,526 - Evaluate - INFO - ASR Module... Epoch: 1, RSS: 5.64 GB
2026-07-26 14:33:38,527 - Evaluate - INFO - ASR... Epoch: 1, Walltime: 2.194957 CPU time: 12.119515
2026-07-26 14:33:40,518 - Evaluate - INFO - ASR Module... Epoch: 1, RSS: 5.64 GB
2026-07-26 14:33:40,518 - Evaluate - INFO - ASR... Epoch: 1, Walltime: 1.987930 CPU time: 10.567452
2026-07-26 14:33:42,138 - Evaluate - INFO - ASR Module... Epoch: 1, RSS: 5.64 GB
2026-07-26 14:33:42,139 - Evaluate - INFO - ASR... Epoch: 1, Walltime: 1.617256 CPU time: 9.018496
2026-07-26 14:33:43,473 - Evaluate - INFO - ASR Module... Epoch: 1, RSS: 5.64 GB
2026-07-26 14:33:43,474 - Evaluate - INFO - ASR... Epoch: 1, Walltime: 1.332339 CPU time: 7.613675
2026-07-26 14:33:45,535 - Evaluate - INFO - ASR Module... Epoch: 1, RSS: 5.64 GB
2026-07-26 14:33:45,536 - Evaluate - INFO - ASR... Epoch: 1, Walltime: 2.058623 CPU time: 11.356806
2026-07-26 14:33:47,226 - Evaluate - INFO - ASR Module... Epoch: 1, RSS: 5.64 GB
2026-07-26 14:33:47,227 - Evaluate - INFO - ASR... Epoch: 1, Walltime: 1.687420 CPU time: 9.789248
2026-07-26 14:33:49,074 - Evaluate - INFO - ASR Module... Epoch: 1, RSS: 5.64 GB
2026-07-26 14:33:49,074 - Evaluate - INFO - ASR... Epoch: 1, Walltime: 1.843477 CPU time: 10.021991
2026-07-26 14:33:51,319 - Evaluate - INFO - ASR Module... Epoch: 1, RSS: 5.64 GB
2026-07-26 14:33:51,320 - Evaluate - INFO - ASR... Epoch: 1, Walltime: 2.241610 CPU time: 12.468235
2026-07-26 14:33:53,292 - Evaluate - INFO - ASR Module... Epoch: 1, RSS: 5.64 GB
2026-07-26 14:33:53,293 - Evaluate - INFO - ASR... Epoch: 1, Walltime: 1.968651 CPU time: 11.078026
2026-07-26 14:33:55,370 - Evaluate - INFO - ASR Module... Epoch: 1, RSS: 5.64 GB
2026-07-26 14:33:55,371 - Evaluate - INFO - ASR... Epoch: 1, Walltime: 2.074213 CPU time: 11.432394
2026-07-26 14:33:57,104 - Evaluate - INFO - ASR Module... Epoch: 1, RSS: 5.64 GB
2026-07-26 14:33:57,105 - Evaluate - INFO - ASR... Epoch: 1, Walltime: 1.729843 CPU time: 9.571070
2026-07-26 14:33:59,176 - Evaluate - INFO - ASR Module... Epoch: 1, RSS: 5.64 GB
2026-07-26 14:33:59,177 - Evaluate - INFO - ASR... Epoch: 1, Walltime: 2.068357 CPU time: 11.223524
2026-07-26 14:34:01,266 - Evaluate - INFO - ASR Module... Epoch: 1, RSS: 5.64 GB
2026-07-26 14:34:01,267 - Evaluate - INFO - ASR... Epoch: 1, Walltime: 2.086603 CPU time: 10.712938
2026-07-26 14:34:03,543 - Evaluate - INFO - ASR Module... Epoch: 1, RSS: 5.64 GB
2026-07-26 14:34:03,544 - Evaluate - INFO - ASR... Epoch: 1, Walltime: 2.272520 CPU time: 12.850780
2026-07-26 14:34:07,040 - Evaluate - INFO - ASR Module... Epoch: 1, RSS: 5.64 GB
2026-07-26 14:34:07,041 - Evaluate - INFO - ASR... Epoch: 1, Walltime: 3.490531 CPU time: 19.477610
2026-07-26 14:34:10,606 - Evaluate - INFO - ASR Module... Epoch: 1, RSS: 5.64 GB
2026-07-26 14:34:10,607 - Evaluate - INFO - ASR... Epoch: 1, Walltime: 3.560730 CPU time: 19.060059
2026-07-26 14:34:14,048 - Evaluate - INFO - ASR Module... Epoch: 1, RSS: 5.64 GB
2026-07-26 14:34:14,049 - Evaluate - INFO - ASR... Epoch: 1, Walltime: 3.435623 CPU time: 18.639612
2026-07-26 14:34:17,668 - Evaluate - INFO - ASR Module... Epoch: 1, RSS: 5.64 GB
2026-07-26 14:34:17,668 - Evaluate - INFO - ASR... Epoch: 1, Walltime: 3.613666 CPU time: 19.274686
2026-07-26 14:34:21,229 - Evaluate - INFO - ASR Module... Epoch: 1, RSS: 5.64 GB
2026-07-26 14:34:21,231 - Evaluate - INFO - ASR... Epoch: 1, Walltime: 3.556508 CPU time: 19.642903
2026-07-26 14:34:26,747 - Evaluate - INFO - ASR Module... Epoch: 1, RSS: 5.64 GB
2026-07-26 14:34:26,748 - Evaluate - INFO - ASR... Epoch: 1, Walltime: 5.510142 CPU time: 30.766706
2026-07-26 14:34:30,809 - Evaluate - INFO - ASR Module... Epoch: 1, RSS: 5.64 GB
2026-07-26 14:34:30,809 - Evaluate - INFO - ASR... Epoch: 1, Walltime: 4.054481 CPU time: 21.799918
2026-07-26 14:34:34,663 - Evaluate - INFO - ASR Module... Epoch: 1, RSS: 5.64 GB
2026-07-26 14:34:34,664 - Evaluate - INFO - ASR... Epoch: 1, Walltime: 3.848649 CPU time: 20.884638
2026-07-26 14:34:39,859 - Evaluate - INFO - ASR Module... Epoch: 1, RSS: 5.64 GB
2026-07-26 14:34:39,860 - Evaluate - INFO - ASR... Epoch: 1, Walltime: 5.188771 CPU time: 28.598075
2026-07-26 14:34:41,867 - Evaluate - INFO - ASR Module... Epoch: 1, RSS: 5.64 GB
2026-07-26 14:34:41,868 - Evaluate - INFO - ASR... Epoch: 1, Walltime: 2.003207 CPU time: 10.363713
2026-07-26 14:34:48,844 - Evaluate - INFO - ASR Module... Epoch: 1, RSS: 5.64 GB
2026-07-26 14:34:48,844 - Evaluate - INFO - ASR... Epoch: 1, Walltime: 6.967453 CPU time: 37.464927
2026-07-26 14:34:55,012 - Evaluate - INFO - ASR Module... Epoch: 1, RSS: 5.64 GB
2026-07-26 14:34:55,013 - Evaluate - INFO - ASR... Epoch: 1, Walltime: 6.155518 CPU time: 33.969787
2026-07-26 14:34:59,625 - Evaluate - INFO - ASR Module... Epoch: 1, RSS: 5.64 GB
2026-07-26 14:34:59,626 - Evaluate - INFO - ASR... Epoch: 1, Walltime: 4.605362 CPU time: 25.165974
2026-07-26 14:35:04,036 - Evaluate - INFO - ASR Module... Epoch: 1, RSS: 5.64 GB
2026-07-26 14:35:04,037 - Evaluate - INFO - ASR... Epoch: 1, Walltime: 4.403827 CPU time: 24.083587
2026-07-26 14:35:09,388 - Evaluate - INFO - ASR Module... Epoch: 1, RSS: 5.64 GB
2026-07-26 14:35:09,389 - Evaluate - INFO - ASR... Epoch: 1, Walltime: 5.344399 CPU time: 29.116130
2026-07-26 14:35:11,213 - Evaluate - INFO - ASR Module... Epoch: 1, RSS: 5.64 GB
2026-07-26 14:35:11,214 - Evaluate - INFO - ASR... Epoch: 1, Walltime: 1.820157 CPU time: 10.417268
2026-07-26 14:35:13,726 - Evaluate - INFO - ASR Module... Epoch: 1, RSS: 5.64 GB
2026-07-26 14:35:13,726 - Evaluate - INFO - ASR... Epoch: 1, Walltime: 2.507929 CPU time: 14.169718
2026-07-26 14:35:15,160 - Evaluate - INFO - ASR Module... Epoch: 1, RSS: 5.64 GB
2026-07-26 14:35:15,161 - Evaluate - INFO - ASR... Epoch: 1, Walltime: 1.430517 CPU time: 8.011773
2026-07-26 14:35:18,350 - Evaluate - INFO - ASR Module... Epoch: 1, RSS: 5.64 GB
2026-07-26 14:35:18,351 - Evaluate - INFO - ASR... Epoch: 1, Walltime: 3.185208 CPU time: 17.506509
2026-07-26 14:35:21,108 - Evaluate - INFO - ASR Module... Epoch: 1, RSS: 5.64 GB
2026-07-26 14:35:21,109 - Evaluate - INFO - ASR... Epoch: 1, Walltime: 2.751854 CPU time: 15.464525
2026-07-26 14:35:22,577 - Evaluate - INFO - ASR Module... Epoch: 1, RSS: 5.64 GB
2026-07-26 14:35:22,578 - Evaluate - INFO - ASR... Epoch: 1, Walltime: 1.465548 CPU time: 8.421708
2026-07-26 14:35:24,968 - Evaluate - INFO - ASR Module... Epoch: 1, RSS: 5.64 GB
2026-07-26 14:35:24,968 - Evaluate - INFO - ASR... Epoch: 1, Walltime: 2.386639 CPU time: 13.559714
2026-07-26 14:35:28,194 - Evaluate - INFO - ASR Module... Epoch: 1, RSS: 5.64 GB
2026-07-26 14:35:28,195 - Evaluate - INFO - ASR... Epoch: 1, Walltime: 3.221440 CPU time: 17.805966
2026-07-26 14:35:31,492 - Evaluate - INFO - ASR Module... Epoch: 1, RSS: 5.64 GB
2026-07-26 14:35:31,492 - Evaluate - INFO - ASR... Epoch: 1, Walltime: 3.291560 CPU time: 18.463594
2026-07-26 14:35:34,967 - Evaluate - INFO - ASR Module... Epoch: 1, RSS: 5.64 GB
2026-07-26 14:35:34,968 - Evaluate - INFO - ASR... Epoch: 1, Walltime: 3.468966 CPU time: 19.152592
2026-07-26 14:35:37,548 - Evaluate - INFO - ASR Module... Epoch: 1, RSS: 5.64 GB
2026-07-26 14:35:37,549 - Evaluate - INFO - ASR... Epoch: 1, Walltime: 2.574698 CPU time: 14.940628
2026-07-26 14:35:39,032 - Evaluate - INFO - ASR Module... Epoch: 1, RSS: 5.64 GB
2026-07-26 14:35:39,033 - Evaluate - INFO - ASR... Epoch: 1, Walltime: 1.480154 CPU time: 8.462580
2026-07-26 14:35:41,383 - Evaluate - INFO - ASR Module... Epoch: 1, RSS: 5.64 GB
2026-07-26 14:35:41,385 - Evaluate - INFO - ASR... Epoch: 1, Walltime: 2.347297 CPU time: 12.895971
2026-07-26 14:35:44,305 - Evaluate - INFO - ASR Module... Epoch: 1, RSS: 5.64 GB
2026-07-26 14:35:44,306 - Evaluate - INFO - ASR... Epoch: 1, Walltime: 2.915219 CPU time: 16.192633
2026-07-26 14:35:45,478 - Evaluate - INFO - ASR Module... Epoch: 1, RSS: 5.64 GB
2026-07-26 14:35:45,479 - Evaluate - INFO - ASR... Epoch: 1, Walltime: 1.169387 CPU time: 6.775672
2026-07-26 14:35:47,522 - Evaluate - INFO - ASR Module... Epoch: 1, RSS: 5.64 GB
2026-07-26 14:35:47,522 - Evaluate - INFO - ASR... Epoch: 1, Walltime: 2.039809 CPU time: 11.559069
2026-07-26 14:35:49,050 - Evaluate - INFO - ASR Module... Epoch: 1, RSS: 5.64 GB
2026-07-26 14:35:49,051 - Evaluate - INFO - ASR... Epoch: 1, Walltime: 1.525695 CPU time: 8.597581
2026-07-26 14:35:52,287 - Evaluate - INFO - ASR Module... Epoch: 1, RSS: 5.64 GB
2026-07-26 14:35:52,288 - Evaluate - INFO - ASR... Epoch: 1, Walltime: 3.230737 CPU time: 18.139282
2026-07-26 14:35:55,303 - Evaluate - INFO - ASR Module... Epoch: 1, RSS: 5.64 GB
2026-07-26 14:35:55,303 - Evaluate - INFO - ASR... Epoch: 1, Walltime: 3.009395 CPU time: 16.631366
2026-07-26 14:35:57,868 - Evaluate - INFO - ASR Module... Epoch: 1, RSS: 5.64 GB
2026-07-26 14:35:57,868 - Evaluate - INFO - ASR... Epoch: 1, Walltime: 2.559896 CPU time: 14.390129
2026-07-26 14:36:00,007 - Evaluate - INFO - ASR Module... Epoch: 1, RSS: 5.64 GB
2026-07-26 14:36:00,007 - Evaluate - INFO - ASR... Epoch: 1, Walltime: 2.134858 CPU time: 11.650854
2026-07-26 14:36:02,498 - Evaluate - INFO - ASR Module... Epoch: 1, RSS: 5.64 GB
2026-07-26 14:36:02,499 - Evaluate - INFO - ASR... Epoch: 1, Walltime: 2.487006 CPU time: 14.211762
2026-07-26 14:36:04,383 - Evaluate - INFO - ASR Module... Epoch: 1, RSS: 5.64 GB
2026-07-26 14:36:04,384 - Evaluate - INFO - ASR... Epoch: 1, Walltime: 1.880967 CPU time: 10.698204
2026-07-26 14:36:06,250 - Evaluate - INFO - ASR Module... Epoch: 1, RSS: 5.64 GB
2026-07-26 14:36:06,251 - Evaluate - INFO - ASR... Epoch: 1, Walltime: 1.863514 CPU time: 10.430159
2026-07-26 14:36:08,076 - Evaluate - INFO - ASR Module... Epoch: 1, RSS: 5.64 GB
2026-07-26 14:36:08,078 - Evaluate - INFO - ASR... Epoch: 1, Walltime: 1.822051 CPU time: 10.258947
2026-07-26 14:36:10,921 - Evaluate - INFO - ASR Module... Epoch: 1, RSS: 5.64 GB
2026-07-26 14:36:10,921 - Evaluate - INFO - ASR... Epoch: 1, Walltime: 2.839280 CPU time: 15.967636
2026-07-26 14:36:13,803 - Evaluate - INFO - ASR Module... Epoch: 1, RSS: 5.64 GB
2026-07-26 14:36:13,804 - Evaluate - INFO - ASR... Epoch: 1, Walltime: 2.877514 CPU time: 16.235251
2026-07-26 14:36:16,183 - Evaluate - INFO - ASR Module... Epoch: 1, RSS: 5.64 GB
2026-07-26 14:36:16,184 - Evaluate - INFO - ASR... Epoch: 1, Walltime: 2.374706 CPU time: 13.433450
2026-07-26 14:36:18,026 - Evaluate - INFO - ASR Module... Epoch: 1, RSS: 5.64 GB
2026-07-26 14:36:18,026 - Evaluate - INFO - ASR... Epoch: 1, Walltime: 1.839352 CPU time: 10.224313
2026-07-26 14:36:21,223 - Evaluate - INFO - ASR Module... Epoch: 1, RSS: 5.64 GB
2026-07-26 14:36:21,224 - Evaluate - INFO - ASR... Epoch: 1, Walltime: 3.192774 CPU time: 17.901781
2026-07-26 14:36:24,715 - Evaluate - INFO - ASR Module... Epoch: 1, RSS: 5.64 GB
2026-07-26 14:36:24,716 - Evaluate - INFO - ASR... Epoch: 1, Walltime: 3.485937 CPU time: 19.684247
2026-07-26 14:36:26,856 - Evaluate - INFO - ASR Module... Epoch: 1, RSS: 5.64 GB
2026-07-26 14:36:26,857 - Evaluate - INFO - ASR... Epoch: 1, Walltime: 2.135775 CPU time: 11.828621
2026-07-26 14:36:29,669 - Evaluate - INFO - ASR Module... Epoch: 1, RSS: 5.64 GB
2026-07-26 14:36:29,670 - Evaluate - INFO - ASR... Epoch: 1, Walltime: 2.806474 CPU time: 15.391839
2026-07-26 14:36:33,326 - Evaluate - INFO - ASR Module... Epoch: 1, RSS: 5.64 GB
2026-07-26 14:36:33,327 - Evaluate - INFO - ASR... Epoch: 1, Walltime: 3.649193 CPU time: 20.209217
2026-07-26 14:36:35,776 - Evaluate - INFO - ASR Module... Epoch: 1, RSS: 5.64 GB
2026-07-26 14:36:35,777 - Evaluate - INFO - ASR... Epoch: 1, Walltime: 2.444879 CPU time: 13.913379
2026-07-26 14:36:38,613 - Evaluate - INFO - ASR Module... Epoch: 1, RSS: 5.64 GB
2026-07-26 14:36:38,614 - Evaluate - INFO - ASR... Epoch: 1, Walltime: 2.832121 CPU time: 15.710284
2026-07-26 14:36:41,415 - Evaluate - INFO - ASR Module... Epoch: 1, RSS: 5.64 GB
2026-07-26 14:36:41,416 - Evaluate - INFO - ASR... Epoch: 1, Walltime: 2.795658 CPU time: 15.966613
2026-07-26 14:36:46,897 - Evaluate - INFO - ASR Module... Epoch: 1, RSS: 5.64 GB
2026-07-26 14:36:46,898 - Evaluate - INFO - ASR... Epoch: 1, Walltime: 5.473837 CPU time: 30.390382
2026-07-26 14:36:50,763 - Evaluate - INFO - ASR Module... Epoch: 1, RSS: 5.57 GB
2026-07-26 14:36:50,764 - Evaluate - INFO - ASR... Epoch: 1, Walltime: 3.858938 CPU time: 21.436319
2026-07-26 14:36:54,023 - Evaluate - INFO - ASR Module... Epoch: 1, RSS: 5.57 GB
2026-07-26 14:36:54,024 - Evaluate - INFO - ASR... Epoch: 1, Walltime: 3.254195 CPU time: 17.641208
2026-07-26 14:36:57,485 - Evaluate - INFO - ASR Module... Epoch: 1, RSS: 5.64 GB
2026-07-26 14:36:57,486 - Evaluate - INFO - ASR... Epoch: 1, Walltime: 3.456260 CPU time: 19.550655
2026-07-26 14:36:59,184 - Evaluate - INFO - ASR Module... Epoch: 1, RSS: 5.64 GB
2026-07-26 14:36:59,185 - Evaluate - INFO - ASR... Epoch: 1, Walltime: 1.694613 CPU time: 9.365182
2026-07-26 14:37:00,826 - Evaluate - INFO - ASR Module... Epoch: 1, RSS: 5.64 GB
2026-07-26 14:37:00,827 - Evaluate - INFO - ASR... Epoch: 1, Walltime: 1.638642 CPU time: 9.351212
2026-07-26 14:37:02,690 - Evaluate - INFO - ASR Module... Epoch: 1, RSS: 5.64 GB
2026-07-26 14:37:02,691 - Evaluate - INFO - ASR... Epoch: 1, Walltime: 1.859016 CPU time: 10.443313
2026-07-26 14:37:04,178 - Evaluate - INFO - ASR Module... Epoch: 1, RSS: 5.64 GB
2026-07-26 14:37:04,179 - Evaluate - INFO - ASR... Epoch: 1, Walltime: 1.484503 CPU time: 8.359963
2026-07-26 14:37:05,086 - Evaluate - INFO - ASR Module... Epoch: 1, RSS: 5.64 GB
2026-07-26 14:37:05,086 - Evaluate - INFO - ASR... Epoch: 1, Walltime: 0.904664 CPU time: 4.919894
2026-07-26 14:37:06,898 - Evaluate - INFO - ASR Module... Epoch: 1, RSS: 5.64 GB
2026-07-26 14:37:06,899 - Evaluate - INFO - ASR... Epoch: 1, Walltime: 1.809669 CPU time: 10.322001
2026-07-26 14:37:08,286 - Evaluate - INFO - ASR Module... Epoch: 1, RSS: 5.64 GB
2026-07-26 14:37:08,287 - Evaluate - INFO - ASR... Epoch: 1, Walltime: 1.383888 CPU time: 7.901391
2026-07-26 14:37:10,047 - Evaluate - INFO - ASR Module... Epoch: 1, RSS: 5.64 GB
2026-07-26 14:37:10,048 - Evaluate - INFO - ASR... Epoch: 1, Walltime: 1.757724 CPU time: 10.148910
2026-07-26 14:37:12,456 - Evaluate - INFO - ASR Module... Epoch: 1, RSS: 5.64 GB
2026-07-26 14:37:12,457 - Evaluate - INFO - ASR... Epoch: 1, Walltime: 2.404357 CPU time: 13.858660
2026-07-26 14:37:15,075 - Evaluate - INFO - ASR Module... Epoch: 1, RSS: 5.64 GB
2026-07-26 14:37:15,076 - Evaluate - INFO - ASR... Epoch: 1, Walltime: 2.612994 CPU time: 14.846924
2026-07-26 14:37:17,339 - Evaluate - INFO - ASR Module... Epoch: 1, RSS: 5.64 GB
2026-07-26 14:37:17,340 - Evaluate - INFO - ASR... Epoch: 1, Walltime: 2.259843 CPU time: 12.136582
2026-07-26 14:37:18,704 - Evaluate - INFO - ASR Module... Epoch: 1, RSS: 5.64 GB
2026-07-26 14:37:18,705 - Evaluate - INFO - ASR... Epoch: 1, Walltime: 1.361294 CPU time: 7.958656
2026-07-26 14:37:20,581 - Evaluate - INFO - ASR Module... Epoch: 1, RSS: 5.64 GB
2026-07-26 14:37:20,582 - Evaluate - INFO - ASR... Epoch: 1, Walltime: 1.871617 CPU time: 10.642557
2026-07-26 14:37:22,027 - Evaluate - INFO - ASR Module... Epoch: 1, RSS: 5.64 GB
2026-07-26 14:37:22,028 - Evaluate - INFO - ASR... Epoch: 1, Walltime: 1.441463 CPU time: 7.817759
2026-07-26 14:37:24,086 - Evaluate - INFO - ASR Module... Epoch: 1, RSS: 5.64 GB
2026-07-26 14:37:24,087 - Evaluate - INFO - ASR... Epoch: 1, Walltime: 2.054724 CPU time: 11.313717
2026-07-26 14:37:25,949 - Evaluate - INFO - ASR Module... Epoch: 1, RSS: 5.64 GB
2026-07-26 14:37:25,950 - Evaluate - INFO - ASR... Epoch: 1, Walltime: 1.858327 CPU time: 10.827795
2026-07-26 14:37:28,462 - Evaluate - INFO - ASR Module... Epoch: 1, RSS: 5.64 GB
2026-07-26 14:37:28,463 - Evaluate - INFO - ASR... Epoch: 1, Walltime: 2.509027 CPU time: 14.217234
2026-07-26 14:37:31,925 - Evaluate - INFO - ASR Module... Epoch: 1, RSS: 5.64 GB
2026-07-26 14:37:31,926 - Evaluate - INFO - ASR... Epoch: 1, Walltime: 3.456026 CPU time: 19.118859
2026-07-26 14:37:34,042 - Evaluate - INFO - ASR Module... Epoch: 1, RSS: 5.64 GB
2026-07-26 14:37:34,043 - Evaluate - INFO - ASR... Epoch: 1, Walltime: 2.111214 CPU time: 11.897661
2026-07-26 14:37:37,772 - Evaluate - INFO - ASR Module... Epoch: 1, RSS: 5.64 GB
2026-07-26 14:37:37,773 - Evaluate - INFO - ASR... Epoch: 1, Walltime: 3.723174 CPU time: 20.429431
2026-07-26 14:37:39,846 - Evaluate - INFO - ASR Module... Epoch: 1, RSS: 5.64 GB
2026-07-26 14:37:39,847 - Evaluate - INFO - ASR... Epoch: 1, Walltime: 2.069119 CPU time: 11.687177
2026-07-26 14:37:41,498 - Evaluate - INFO - ASR Module... Epoch: 1, RSS: 5.64 GB
2026-07-26 14:37:41,498 - Evaluate - INFO - ASR... Epoch: 1, Walltime: 1.646707 CPU time: 9.353057
2026-07-26 14:37:42,675 - Evaluate - INFO - ASR Module... Epoch: 1, RSS: 5.64 GB
2026-07-26 14:37:42,676 - Evaluate - INFO - ASR... Epoch: 1, Walltime: 1.174148 CPU time: 6.716189
2026-07-26 14:37:44,045 - Evaluate - INFO - ASR Module... Epoch: 1, RSS: 5.64 GB
2026-07-26 14:37:44,046 - Evaluate - INFO - ASR... Epoch: 1, Walltime: 1.366802 CPU time: 7.785300
2026-07-26 14:37:45,881 - Evaluate - INFO - ASR Module... Epoch: 1, RSS: 5.64 GB
2026-07-26 14:37:45,882 - Evaluate - INFO - ASR... Epoch: 1, Walltime: 1.832442 CPU time: 9.721455
2026-07-26 14:37:47,077 - Evaluate - INFO - ASR Module... Epoch: 1, RSS: 5.64 GB
2026-07-26 14:37:47,077 - Evaluate - INFO - ASR... Epoch: 1, Walltime: 1.191807 CPU time: 6.652150
2026-07-26 14:37:48,326 - Evaluate - INFO - ASR Module... Epoch: 1, RSS: 5.64 GB
2026-07-26 14:37:48,327 - Evaluate - INFO - ASR... Epoch: 1, Walltime: 1.246195 CPU time: 6.391369
2026-07-26 14:37:49,666 - Evaluate - INFO - ASR Module... Epoch: 1, RSS: 5.64 GB
2026-07-26 14:37:49,667 - Evaluate - INFO - ASR... Epoch: 1, Walltime: 1.337156 CPU time: 7.267012
2026-07-26 14:37:51,206 - Evaluate - INFO - ASR Module... Epoch: 1, RSS: 5.64 GB
2026-07-26 14:37:51,207 - Evaluate - INFO - ASR... Epoch: 1, Walltime: 1.536435 CPU time: 8.448201
2026-07-26 14:37:52,508 - Evaluate - INFO - ASR Module... Epoch: 1, RSS: 5.64 GB
2026-07-26 14:37:52,509 - Evaluate - INFO - ASR... Epoch: 1, Walltime: 1.298563 CPU time: 7.351010
2026-07-26 14:37:53,986 - Evaluate - INFO - ASR Module... Epoch: 1, RSS: 5.64 GB
2026-07-26 14:37:53,987 - Evaluate - INFO - ASR... Epoch: 1, Walltime: 1.474945 CPU time: 8.202814
2026-07-26 14:37:55,211 - Evaluate - INFO - ASR Module... Epoch: 1, RSS: 5.64 GB
2026-07-26 14:37:55,212 - Evaluate - INFO - ASR... Epoch: 1, Walltime: 1.221537 CPU time: 6.857398
2026-07-26 14:37:56,878 - Evaluate - INFO - ASR Module... Epoch: 1, RSS: 5.64 GB
2026-07-26 14:37:56,879 - Evaluate - INFO - ASR... Epoch: 1, Walltime: 1.663483 CPU time: 9.092487
2026-07-26 14:37:58,350 - Evaluate - INFO - ASR Module... Epoch: 1, RSS: 5.64 GB
2026-07-26 14:37:58,350 - Evaluate - INFO - ASR... Epoch: 1, Walltime: 1.468137 CPU time: 8.328908
2026-07-26 14:37:59,989 - Evaluate - INFO - ASR Module... Epoch: 1, RSS: 5.64 GB
2026-07-26 14:37:59,990 - Evaluate - INFO - ASR... Epoch: 1, Walltime: 1.636269 CPU time: 9.305831
2026-07-26 14:38:01,574 - Evaluate - INFO - ASR Module... Epoch: 1, RSS: 5.64 GB
2026-07-26 14:38:01,575 - Evaluate - INFO - ASR... Epoch: 1, Walltime: 1.581061 CPU time: 8.914000
2026-07-26 14:38:02,863 - Evaluate - INFO - ASR Module... Epoch: 1, RSS: 5.64 GB
2026-07-26 14:38:02,864 - Evaluate - INFO - ASR... Epoch: 1, Walltime: 1.285844 CPU time: 7.003116
2026-07-26 14:38:04,061 - Evaluate - INFO - ASR Module... Epoch: 1, RSS: 5.64 GB
2026-07-26 14:38:04,062 - Evaluate - INFO - ASR... Epoch: 1, Walltime: 1.195081 CPU time: 6.851091
2026-07-26 14:38:05,771 - Evaluate - INFO - ASR Module... Epoch: 1, RSS: 5.64 GB
2026-07-26 14:38:05,772 - Evaluate - INFO - ASR... Epoch: 1, Walltime: 1.707004 CPU time: 9.188229
2026-07-26 14:38:07,105 - Evaluate - INFO - ASR Module... Epoch: 1, RSS: 5.64 GB
2026-07-26 14:38:07,106 - Evaluate - INFO - ASR... Epoch: 1, Walltime: 1.330341 CPU time: 7.437975
2026-07-26 14:38:08,466 - Evaluate - INFO - ASR Module... Epoch: 1, RSS: 5.64 GB
2026-07-26 14:38:08,467 - Evaluate - INFO - ASR... Epoch: 1, Walltime: 1.358264 CPU time: 7.555616
2026-07-26 14:38:09,737 - Evaluate - INFO - ASR Module... Epoch: 1, RSS: 5.64 GB
2026-07-26 14:38:09,738 - Evaluate - INFO - ASR... Epoch: 1, Walltime: 1.267754 CPU time: 6.972031
2026-07-26 14:38:10,886 - Evaluate - INFO - ASR Module... Epoch: 1, RSS: 5.64 GB
2026-07-26 14:38:10,886 - Evaluate - INFO - ASR... Epoch: 1, Walltime: 1.145124 CPU time: 6.478849
2026-07-26 14:38:11,987 - Evaluate - INFO - ASR Module... Epoch: 1, RSS: 5.64 GB
2026-07-26 14:38:11,988 - Evaluate - INFO - ASR... Epoch: 1, Walltime: 1.098199 CPU time: 6.094897
2026-07-26 14:38:13,320 - Evaluate - INFO - ASR Module... Epoch: 1, RSS: 5.64 GB
2026-07-26 14:38:13,320 - Evaluate - INFO - ASR... Epoch: 1, Walltime: 1.329539 CPU time: 7.540245
2026-07-26 14:38:15,160 - Evaluate - INFO - ASR Module... Epoch: 1, RSS: 5.64 GB
2026-07-26 14:38:15,161 - Evaluate - INFO - ASR... Epoch: 1, Walltime: 1.835948 CPU time: 10.135436
2026-07-26 14:38:16,998 - Evaluate - INFO - ASR Module... Epoch: 1, RSS: 5.64 GB
2026-07-26 14:38:16,998 - Evaluate - INFO - ASR... Epoch: 1, Walltime: 1.833789 CPU time: 9.730687
2026-07-26 14:38:18,419 - Evaluate - INFO - ASR Module... Epoch: 1, RSS: 5.64 GB
2026-07-26 14:38:18,420 - Evaluate - INFO - ASR... Epoch: 1, Walltime: 1.417755 CPU time: 8.187851
2026-07-26 14:38:19,536 - Evaluate - INFO - ASR Module... Epoch: 1, RSS: 5.64 GB
2026-07-26 14:38:19,537 - Evaluate - INFO - ASR... Epoch: 1, Walltime: 1.114147 CPU time: 6.062232
2026-07-26 14:38:21,159 - Evaluate - INFO - ASR Module... Epoch: 1, RSS: 5.64 GB
2026-07-26 14:38:21,159 - Evaluate - INFO - ASR... Epoch: 1, Walltime: 1.618998 CPU time: 9.044634
2026-07-26 14:38:22,446 - Evaluate - INFO - ASR Module... Epoch: 1, RSS: 5.64 GB
2026-07-26 14:38:22,447 - Evaluate - INFO - ASR... Epoch: 1, Walltime: 1.284488 CPU time: 6.937541
2026-07-26 14:38:23,846 - Evaluate - INFO - ASR Module... Epoch: 1, RSS: 5.64 GB
2026-07-26 14:38:23,846 - Evaluate - INFO - ASR... Epoch: 1, Walltime: 1.396594 CPU time: 7.930186
2026-07-26 14:38:25,403 - Evaluate - INFO - ASR Module... Epoch: 1, RSS: 5.64 GB
2026-07-26 14:38:25,404 - Evaluate - INFO - ASR... Epoch: 1, Walltime: 1.554195 CPU time: 8.778188
2026-07-26 14:38:26,573 - Evaluate - INFO - ASR Module... Epoch: 1, RSS: 5.64 GB
2026-07-26 14:38:26,574 - Evaluate - INFO - ASR... Epoch: 1, Walltime: 1.166820 CPU time: 6.415732
2026-07-26 14:38:27,776 - Evaluate - INFO - ASR Module... Epoch: 1, RSS: 5.64 GB
2026-07-26 14:38:27,777 - Evaluate - INFO - ASR... Epoch: 1, Walltime: 1.199211 CPU time: 6.523244
2026-07-26 14:38:28,936 - Evaluate - INFO - ASR Module... Epoch: 1, RSS: 5.64 GB
2026-07-26 14:38:28,937 - Evaluate - INFO - ASR... Epoch: 1, Walltime: 1.157347 CPU time: 6.308175
2026-07-26 14:38:30,281 - Evaluate - INFO - ASR Module... Epoch: 1, RSS: 5.64 GB
2026-07-26 14:38:30,282 - Evaluate - INFO - ASR... Epoch: 1, Walltime: 1.341510 CPU time: 7.775800
2026-07-26 14:38:31,632 - Evaluate - INFO - ASR Module... Epoch: 1, RSS: 5.64 GB
2026-07-26 14:38:31,633 - Evaluate - INFO - ASR... Epoch: 1, Walltime: 1.348479 CPU time: 7.543747
2026-07-26 14:38:33,091 - Evaluate - INFO - ASR Module... Epoch: 1, RSS: 5.64 GB
2026-07-26 14:38:33,092 - Evaluate - INFO - ASR... Epoch: 1, Walltime: 1.456059 CPU time: 8.020209
2026-07-26 14:38:34,186 - Evaluate - INFO - ASR Module... Epoch: 1, RSS: 5.64 GB
2026-07-26 14:38:34,187 - Evaluate - INFO - ASR... Epoch: 1, Walltime: 1.091557 CPU time: 6.265907
2026-07-26 14:38:36,022 - Evaluate - INFO - ASR Module... Epoch: 1, RSS: 5.64 GB
2026-07-26 14:38:36,022 - Evaluate - INFO - ASR... Epoch: 1, Walltime: 1.831652 CPU time: 10.112370
2026-07-26 14:38:37,854 - Evaluate - INFO - ASR Module... Epoch: 1, RSS: 5.64 GB
2026-07-26 14:38:37,855 - Evaluate - INFO - ASR... Epoch: 1, Walltime: 1.828965 CPU time: 10.035072
2026-07-26 14:38:39,142 - Evaluate - INFO - ASR Module... Epoch: 1, RSS: 5.64 GB
2026-07-26 14:38:39,143 - Evaluate - INFO - ASR... Epoch: 1, Walltime: 1.284542 CPU time: 7.073808
2026-07-26 14:38:40,636 - Evaluate - INFO - ASR Module... Epoch: 1, RSS: 5.64 GB
2026-07-26 14:38:40,637 - Evaluate - INFO - ASR... Epoch: 1, Walltime: 1.491128 CPU time: 8.246019
2026-07-26 14:38:41,966 - Evaluate - INFO - ASR Module... Epoch: 1, RSS: 5.64 GB
2026-07-26 14:38:41,966 - Evaluate - INFO - ASR... Epoch: 1, Walltime: 1.325430 CPU time: 7.230209
2026-07-26 14:38:43,482 - Evaluate - INFO - ASR Module... Epoch: 1, RSS: 5.64 GB
2026-07-26 14:38:43,483 - Evaluate - INFO - ASR... Epoch: 1, Walltime: 1.512958 CPU time: 8.539132
2026-07-26 14:38:45,031 - Evaluate - INFO - ASR Module... Epoch: 1, RSS: 5.64 GB
2026-07-26 14:38:45,032 - Evaluate - INFO - ASR... Epoch: 1, Walltime: 1.544877 CPU time: 8.774247
2026-07-26 14:38:46,313 - Evaluate - INFO - ASR Module... Epoch: 1, RSS: 5.64 GB
2026-07-26 14:38:46,314 - Evaluate - INFO - ASR... Epoch: 1, Walltime: 1.278319 CPU time: 7.075786
2026-07-26 14:38:47,746 - Evaluate - INFO - ASR Module... Epoch: 1, RSS: 5.64 GB
2026-07-26 14:38:47,747 - Evaluate - INFO - ASR... Epoch: 1, Walltime: 1.429964 CPU time: 7.953415
2026-07-26 14:38:49,276 - Evaluate - INFO - ASR Module... Epoch: 1, RSS: 5.64 GB
2026-07-26 14:38:49,277 - Evaluate - INFO - ASR... Epoch: 1, Walltime: 1.526589 CPU time: 8.639322
2026-07-26 14:38:50,815 - Evaluate - INFO - ASR Module... Epoch: 1, RSS: 5.64 GB
2026-07-26 14:38:50,816 - Evaluate - INFO - ASR... Epoch: 1, Walltime: 1.535435 CPU time: 8.632489
2026-07-26 14:38:52,514 - Evaluate - INFO - ASR Module... Epoch: 1, RSS: 5.64 GB
2026-07-26 14:38:52,514 - Evaluate - INFO - ASR... Epoch: 1, Walltime: 1.695228 CPU time: 8.923269
2026-07-26 14:38:53,769 - Evaluate - INFO - ASR Module... Epoch: 1, RSS: 5.64 GB
2026-07-26 14:38:53,770 - Evaluate - INFO - ASR... Epoch: 1, Walltime: 1.252120 CPU time: 7.295413
2026-07-26 14:38:54,815 - Evaluate - INFO - ASR Module... Epoch: 1, RSS: 5.64 GB
2026-07-26 14:38:54,816 - Evaluate - INFO - ASR... Epoch: 1, Walltime: 1.043406 CPU time: 6.086223
2026-07-26 14:38:56,407 - Evaluate - INFO - ASR Module... Epoch: 1, RSS: 5.64 GB
2026-07-26 14:38:56,409 - Evaluate - INFO - ASR... Epoch: 1, Walltime: 1.589220 CPU time: 8.556170
2026-07-26 14:38:57,971 - Evaluate - INFO - ASR Module... Epoch: 1, RSS: 5.64 GB
2026-07-26 14:38:57,972 - Evaluate - INFO - ASR... Epoch: 1, Walltime: 1.559571 CPU time: 8.684487
2026-07-26 14:38:59,431 - Evaluate - INFO - ASR Module... Epoch: 1, RSS: 5.64 GB
2026-07-26 14:38:59,432 - Evaluate - INFO - ASR... Epoch: 1, Walltime: 1.456336 CPU time: 8.331594
2026-07-26 14:39:00,771 - Evaluate - INFO - ASR Module... Epoch: 1, RSS: 5.64 GB
2026-07-26 14:39:00,772 - Evaluate - INFO - ASR... Epoch: 1, Walltime: 1.335116 CPU time: 7.231194
2026-07-26 14:39:04,082 - Evaluate - INFO - ASR Module... Epoch: 1, RSS: 5.64 GB
2026-07-26 14:39:04,083 - Evaluate - INFO - ASR... Epoch: 1, Walltime: 3.306188 CPU time: 18.746568
2026-07-26 14:39:08,225 - Evaluate - INFO - ASR Module... Epoch: 1, RSS: 5.64 GB
2026-07-26 14:39:08,227 - Evaluate - INFO - ASR... Epoch: 1, Walltime: 4.135430 CPU time: 23.457133
2026-07-26 14:39:11,585 - Evaluate - INFO - ASR Module... Epoch: 1, RSS: 5.64 GB
2026-07-26 14:39:11,586 - Evaluate - INFO - ASR... Epoch: 1, Walltime: 3.352341 CPU time: 19.210903
2026-07-26 14:39:15,237 - Evaluate - INFO - ASR Module... Epoch: 1, RSS: 5.64 GB
2026-07-26 14:39:15,238 - Evaluate - INFO - ASR... Epoch: 1, Walltime: 3.644086 CPU time: 20.453150
2026-07-26 14:39:16,268 - Evaluate - INFO - ASR Module... Epoch: 1, RSS: 5.64 GB
2026-07-26 14:39:16,275 - Evaluate - INFO - ASR... Epoch: 1, Walltime: 1.026363 CPU time: 6.084904
2026-07-26 14:39:20,299 - Evaluate - INFO - ASR Module... Epoch: 1, RSS: 5.64 GB
2026-07-26 14:39:20,300 - Evaluate - INFO - ASR... Epoch: 1, Walltime: 4.018267 CPU time: 22.647662
2026-07-26 14:39:24,003 - Evaluate - INFO - ASR Module... Epoch: 1, RSS: 5.64 GB
2026-07-26 14:39:24,004 - Evaluate - INFO - ASR... Epoch: 1, Walltime: 3.697213 CPU time: 21.268320
2026-07-26 14:39:28,386 - Evaluate - INFO - ASR Module... Epoch: 1, RSS: 5.64 GB
2026-07-26 14:39:28,387 - Evaluate - INFO - ASR... Epoch: 1, Walltime: 4.374385 CPU time: 24.504579
2026-07-26 14:39:33,120 - Evaluate - INFO - ASR Module... Epoch: 1, RSS: 5.64 GB
2026-07-26 14:39:33,121 - Evaluate - INFO - ASR... Epoch: 1, Walltime: 4.727233 CPU time: 25.761737
2026-07-26 14:39:36,837 - Evaluate - INFO - ASR Module... Epoch: 1, RSS: 5.64 GB
2026-07-26 14:39:36,837 - Evaluate - INFO - ASR... Epoch: 1, Walltime: 3.709679 CPU time: 20.628124
2026-07-26 14:39:39,310 - Evaluate - INFO - ASR Module... Epoch: 1, RSS: 5.64 GB
2026-07-26 14:39:39,311 - Evaluate - INFO - ASR... Epoch: 1, Walltime: 2.468313 CPU time: 14.025995
2026-07-26 14:39:41,110 - Evaluate - INFO - ASR Module... Epoch: 1, RSS: 5.64 GB
2026-07-26 14:39:41,110 - Evaluate - INFO - ASR... Epoch: 1, Walltime: 1.795576 CPU time: 10.092984
2026-07-26 14:39:44,312 - Evaluate - INFO - ASR Module... Epoch: 1, RSS: 5.64 GB
2026-07-26 14:39:44,313 - Evaluate - INFO - ASR... Epoch: 1, Walltime: 3.197231 CPU time: 18.256743
2026-07-26 14:39:47,668 - Evaluate - INFO - ASR Module... Epoch: 1, RSS: 5.64 GB
2026-07-26 14:39:47,668 - Evaluate - INFO - ASR... Epoch: 1, Walltime: 3.348442 CPU time: 19.442818
2026-07-26 14:39:51,123 - Evaluate - INFO - ASR Module... Epoch: 1, RSS: 5.64 GB
2026-07-26 14:39:51,124 - Evaluate - INFO - ASR... Epoch: 1, Walltime: 3.450264 CPU time: 19.735382
2026-07-26 14:39:54,186 - Evaluate - INFO - ASR Module... Epoch: 1, RSS: 5.64 GB
2026-07-26 14:39:54,187 - Evaluate - INFO - ASR... Epoch: 1, Walltime: 3.056924 CPU time: 17.109751
2026-07-26 14:39:55,951 - Evaluate - INFO - ASR Module... Epoch: 1, RSS: 5.64 GB
2026-07-26 14:39:55,952 - Evaluate - INFO - ASR... Epoch: 1, Walltime: 1.761122 CPU time: 10.161505
2026-07-26 14:39:59,266 - Evaluate - INFO - ASR Module... Epoch: 1, RSS: 5.64 GB
2026-07-26 14:39:59,267 - Evaluate - INFO - ASR... Epoch: 1, Walltime: 3.309106 CPU time: 18.986426
2026-07-26 14:40:02,869 - Evaluate - INFO - ASR Module... Epoch: 1, RSS: 5.64 GB
2026-07-26 14:40:02,870 - Evaluate - INFO - ASR... Epoch: 1, Walltime: 3.595985 CPU time: 20.573913
2026-07-26 14:40:05,085 - Evaluate - INFO - ASR Module... Epoch: 1, RSS: 5.64 GB
2026-07-26 14:40:05,086 - Evaluate - INFO - ASR... Epoch: 1, Walltime: 2.209193 CPU time: 12.497756
2026-07-26 14:40:06,860 - Evaluate - INFO - ASR Module... Epoch: 1, RSS: 5.64 GB
2026-07-26 14:40:06,861 - Evaluate - INFO - ASR... Epoch: 1, Walltime: 1.770188 CPU time: 10.305087
2026-07-26 14:40:09,022 - Evaluate - INFO - ASR Module... Epoch: 1, RSS: 5.64 GB
2026-07-26 14:40:09,023 - Evaluate - INFO - ASR... Epoch: 1, Walltime: 2.157250 CPU time: 12.431293
2026-07-26 14:40:10,597 - Evaluate - INFO - ASR Module... Epoch: 1, RSS: 5.64 GB
2026-07-26 14:40:10,598 - Evaluate - INFO - ASR... Epoch: 1, Walltime: 1.571283 CPU time: 8.887846
2026-07-26 14:40:13,232 - Evaluate - INFO - ASR Module... Epoch: 1, RSS: 5.64 GB
2026-07-26 14:40:13,232 - Evaluate - INFO - ASR... Epoch: 1, Walltime: 2.628902 CPU time: 14.901741
2026-07-26 14:40:14,570 - Evaluate - INFO - ASR Module... Epoch: 1, RSS: 5.64 GB
2026-07-26 14:40:14,571 - Evaluate - INFO - ASR... Epoch: 1, Walltime: 1.333927 CPU time: 7.732731
2026-07-26 14:40:17,183 - Evaluate - INFO - ASR Module... Epoch: 1, RSS: 5.64 GB
2026-07-26 14:40:17,184 - Evaluate - INFO - ASR... Epoch: 1, Walltime: 2.608197 CPU time: 15.259693
2026-07-26 14:40:19,701 - Evaluate - INFO - ASR Module... Epoch: 1, RSS: 5.64 GB
2026-07-26 14:40:19,702 - Evaluate - INFO - ASR... Epoch: 1, Walltime: 2.512869 CPU time: 14.649906
2026-07-26 14:40:22,911 - Evaluate - INFO - ASR Module... Epoch: 1, RSS: 5.64 GB
2026-07-26 14:40:22,912 - Evaluate - INFO - ASR... Epoch: 1, Walltime: 3.204014 CPU time: 18.036897
2026-07-26 14:40:24,643 - Evaluate - INFO - ASR Module... Epoch: 1, RSS: 5.64 GB
2026-07-26 14:40:24,643 - Evaluate - INFO - ASR... Epoch: 1, Walltime: 1.727121 CPU time: 9.641215
2026-07-26 14:40:26,282 - Evaluate - INFO - ASR Module... Epoch: 1, RSS: 5.64 GB
2026-07-26 14:40:26,283 - Evaluate - INFO - ASR... Epoch: 1, Walltime: 1.635281 CPU time: 9.525874
2026-07-26 14:40:28,413 - Evaluate - INFO - ASR Module... Epoch: 1, RSS: 5.64 GB
2026-07-26 14:40:28,414 - Evaluate - INFO - ASR... Epoch: 1, Walltime: 2.126896 CPU time: 12.584220
2026-07-26 14:40:31,340 - Evaluate - INFO - ASR Module... Epoch: 1, RSS: 5.64 GB
2026-07-26 14:40:31,341 - Evaluate - INFO - ASR... Epoch: 1, Walltime: 2.922197 CPU time: 17.099033
2026-07-26 14:40:34,078 - Evaluate - INFO - ASR Module... Epoch: 1, RSS: 5.64 GB
2026-07-26 14:40:34,079 - Evaluate - INFO - ASR... Epoch: 1, Walltime: 2.732338 CPU time: 15.459409
2026-07-26 14:40:37,986 - Evaluate - INFO - ASR Module... Epoch: 1, RSS: 5.64 GB
2026-07-26 14:40:37,987 - Evaluate - INFO - ASR... Epoch: 1, Walltime: 3.900251 CPU time: 21.247924
2026-07-26 14:40:41,758 - Evaluate - INFO - ASR Module... Epoch: 1, RSS: 5.64 GB
2026-07-26 14:40:41,759 - Evaluate - INFO - ASR... Epoch: 1, Walltime: 3.764810 CPU time: 21.485662
2026-07-26 14:40:44,715 - Evaluate - INFO - ASR Module... Epoch: 1, RSS: 5.64 GB
2026-07-26 14:40:44,716 - Evaluate - INFO - ASR... Epoch: 1, Walltime: 2.950541 CPU time: 17.041121
2026-07-26 14:40:47,477 - Evaluate - INFO - ASR Module... Epoch: 1, RSS: 5.64 GB
2026-07-26 14:40:47,478 - Evaluate - INFO - ASR... Epoch: 1, Walltime: 2.755611 CPU time: 15.951461
2026-07-26 14:40:50,106 - Evaluate - INFO - ASR Module... Epoch: 1, RSS: 5.64 GB
2026-07-26 14:40:50,107 - Evaluate - INFO - ASR... Epoch: 1, Walltime: 2.622584 CPU time: 15.455076
2026-07-26 14:40:52,310 - Evaluate - INFO - ASR Module... Epoch: 1, RSS: 5.64 GB
2026-07-26 14:40:52,311 - Evaluate - INFO - ASR... Epoch: 1, Walltime: 2.198736 CPU time: 12.508787
2026-07-26 14:40:54,283 - Evaluate - INFO - ASR Module... Epoch: 1, RSS: 5.64 GB
2026-07-26 14:40:54,299 - Evaluate - INFO - ASR... Epoch: 1, Walltime: 1.969113 CPU time: 11.315259
2026-07-26 14:40:55,818 - Evaluate - INFO - ASR Module... Epoch: 1, RSS: 5.64 GB
2026-07-26 14:40:55,819 - Evaluate - INFO - ASR... Epoch: 1, Walltime: 1.516238 CPU time: 8.583979
2026-07-26 14:40:57,808 - Evaluate - INFO - ASR Module... Epoch: 1, RSS: 5.64 GB
2026-07-26 14:40:57,809 - Evaluate - INFO - ASR... Epoch: 1, Walltime: 1.984938 CPU time: 11.559652
2026-07-26 14:40:58,603 - Evaluate - INFO - ASR Module... Epoch: 1, RSS: 5.64 GB
2026-07-26 14:40:58,603 - Evaluate - INFO - ASR... Epoch: 1, Walltime: 0.792029 CPU time: 4.470449
2026-07-26 14:40:59,803 - Evaluate - INFO - ASR Module... Epoch: 1, RSS: 5.64 GB
2026-07-26 14:40:59,804 - Evaluate - INFO - ASR... Epoch: 1, Walltime: 1.196633 CPU time: 6.751472
2026-07-26 14:41:01,940 - Evaluate - INFO - ASR Module... Epoch: 1, RSS: 5.64 GB
2026-07-26 14:41:01,941 - Evaluate - INFO - ASR... Epoch: 1, Walltime: 2.131905 CPU time: 12.575800
2026-07-26 14:41:03,807 - Evaluate - INFO - ASR Module... Epoch: 1, RSS: 5.64 GB
2026-07-26 14:41:03,808 - Evaluate - INFO - ASR... Epoch: 1, Walltime: 1.861713 CPU time: 10.758952
2026-07-26 14:41:05,596 - Evaluate - INFO - ASR Module... Epoch: 1, RSS: 5.64 GB
2026-07-26 14:41:05,597 - Evaluate - INFO - ASR... Epoch: 1, Walltime: 1.783695 CPU time: 10.218846
2026-07-26 14:41:06,713 - Evaluate - INFO - ASR Module... Epoch: 1, RSS: 5.64 GB
2026-07-26 14:41:06,714 - Evaluate - INFO - ASR... Epoch: 1, Walltime: 1.113527 CPU time: 6.579022
2026-07-26 14:41:08,137 - Evaluate - INFO - ASR Module... Epoch: 1, RSS: 5.64 GB
2026-07-26 14:41:08,138 - Evaluate - INFO - ASR... Epoch: 1, Walltime: 1.420455 CPU time: 8.013877
2026-07-26 14:41:10,698 - Evaluate - INFO - ASR Module... Epoch: 1, RSS: 5.64 GB
2026-07-26 14:41:10,698 - Evaluate - INFO - ASR... Epoch: 1, Walltime: 2.555571 CPU time: 14.846040
2026-07-26 14:41:12,123 - Evaluate - INFO - ASR Module... Epoch: 1, RSS: 5.64 GB
2026-07-26 14:41:12,124 - Evaluate - INFO - ASR... Epoch: 1, Walltime: 1.421655 CPU time: 8.327597
2026-07-26 14:41:15,102 - Evaluate - INFO - ASR Module... Epoch: 1, RSS: 5.64 GB
2026-07-26 14:41:15,103 - Evaluate - INFO - ASR... Epoch: 1, Walltime: 2.973394 CPU time: 17.114598
2026-07-26 14:41:16,725 - Evaluate - INFO - ASR Module... Epoch: 1, RSS: 5.64 GB
2026-07-26 14:41:16,726 - Evaluate - INFO - ASR... Epoch: 1, Walltime: 1.618543 CPU time: 9.530231
2026-07-26 14:41:19,343 - Evaluate - INFO - ASR Module... Epoch: 1, RSS: 5.64 GB
2026-07-26 14:41:19,344 - Evaluate - INFO - ASR... Epoch: 1, Walltime: 2.612729 CPU time: 15.398581
2026-07-26 14:41:22,247 - Evaluate - INFO - ASR Module... Epoch: 1, RSS: 5.64 GB
2026-07-26 14:41:22,248 - Evaluate - INFO - ASR... Epoch: 1, Walltime: 2.897104 CPU time: 16.910424
2026-07-26 14:41:25,578 - Evaluate - INFO - ASR Module... Epoch: 1, RSS: 5.64 GB
2026-07-26 14:41:25,578 - Evaluate - INFO - ASR... Epoch: 1, Walltime: 3.323883 CPU time: 19.041388
2026-07-26 14:41:27,507 - Evaluate - INFO - ASR Module... Epoch: 1, RSS: 5.64 GB
2026-07-26 14:41:27,508 - Evaluate - INFO - ASR... Epoch: 1, Walltime: 1.925524 CPU time: 11.213895
2026-07-26 14:41:30,433 - Evaluate - INFO - ASR Module... Epoch: 1, RSS: 5.64 GB
2026-07-26 14:41:30,434 - Evaluate - INFO - ASR... Epoch: 1, Walltime: 2.920655 CPU time: 16.845006
2026-07-26 14:41:32,886 - Evaluate - INFO - ASR Module... Epoch: 1, RSS: 5.64 GB
2026-07-26 14:41:32,887 - Evaluate - INFO - ASR... Epoch: 1, Walltime: 2.448003 CPU time: 14.202401
2026-07-26 14:41:35,718 - Evaluate - INFO - ASR Module... Epoch: 1, RSS: 5.64 GB
2026-07-26 14:41:35,718 - Evaluate - INFO - ASR... Epoch: 1, Walltime: 2.824972 CPU time: 16.166547
2026-07-26 14:41:38,837 - Evaluate - INFO - ASR Module... Epoch: 1, RSS: 5.64 GB
2026-07-26 14:41:38,838 - Evaluate - INFO - ASR... Epoch: 1, Walltime: 3.113729 CPU time: 18.156105
2026-07-26 14:41:43,770 - Evaluate - INFO - ASR Module... Epoch: 1, RSS: 5.64 GB
2026-07-26 14:41:43,771 - Evaluate - INFO - ASR... Epoch: 1, Walltime: 4.926446 CPU time: 26.566903
2026-07-26 14:41:48,596 - Evaluate - INFO - ASR Module... Epoch: 1, RSS: 5.64 GB
2026-07-26 14:41:48,596 - Evaluate - INFO - ASR... Epoch: 1, Walltime: 4.819478 CPU time: 26.282875
2026-07-26 14:41:51,022 - Evaluate - INFO - ASR Module... Epoch: 1, RSS: 5.64 GB
2026-07-26 14:41:51,023 - Evaluate - INFO - ASR... Epoch: 1, Walltime: 2.421331 CPU time: 13.861716
2026-07-26 14:41:54,048 - Evaluate - INFO - ASR Module... Epoch: 1, RSS: 5.64 GB
2026-07-26 14:41:54,049 - Evaluate - INFO - ASR... Epoch: 1, Walltime: 3.018431 CPU time: 17.404890
2026-07-26 14:41:57,180 - Evaluate - INFO - ASR Module... Epoch: 1, RSS: 5.64 GB
2026-07-26 14:41:57,181 - Evaluate - INFO - ASR... Epoch: 1, Walltime: 3.126427 CPU time: 18.324655
2026-07-26 14:42:00,253 - Evaluate - INFO - ASR Module... Epoch: 1, RSS: 5.64 GB
2026-07-26 14:42:00,254 - Evaluate - INFO - ASR... Epoch: 1, Walltime: 3.067175 CPU time: 17.604617
2026-07-26 14:42:03,883 - Evaluate - INFO - ASR Module... Epoch: 1, RSS: 5.64 GB
2026-07-26 14:42:03,883 - Evaluate - INFO - ASR... Epoch: 1, Walltime: 3.622300 CPU time: 20.851810
2026-07-26 14:42:07,495 - Evaluate - INFO - ASR Module... Epoch: 1, RSS: 5.64 GB
2026-07-26 14:42:07,496 - Evaluate - INFO - ASR... Epoch: 1, Walltime: 3.605999 CPU time: 20.275698
2026-07-26 14:42:10,466 - Evaluate - INFO - ASR Module... Epoch: 1, RSS: 5.64 GB
2026-07-26 14:42:10,467 - Evaluate - INFO - ASR... Epoch: 1, Walltime: 2.964348 CPU time: 16.930879
2026-07-26 14:42:13,525 - Evaluate - INFO - ASR Module... Epoch: 1, RSS: 5.64 GB
2026-07-26 14:42:13,526 - Evaluate - INFO - ASR... Epoch: 1, Walltime: 3.052838 CPU time: 17.519271
2026-07-26 14:42:16,458 - Evaluate - INFO - ASR Module... Epoch: 1, RSS: 5.64 GB
2026-07-26 14:42:16,458 - Evaluate - INFO - ASR... Epoch: 1, Walltime: 2.926636 CPU time: 16.797010
2026-07-26 14:42:19,263 - Evaluate - INFO - ASR Module... Epoch: 1, RSS: 5.64 GB
2026-07-26 14:42:19,264 - Evaluate - INFO - ASR... Epoch: 1, Walltime: 2.800097 CPU time: 15.891971
2026-07-26 14:42:21,961 - Evaluate - INFO - ASR Module... Epoch: 1, RSS: 5.64 GB
2026-07-26 14:42:21,962 - Evaluate - INFO - ASR... Epoch: 1, Walltime: 2.692908 CPU time: 15.288431
2026-07-26 14:42:25,289 - Evaluate - INFO - ASR Module... Epoch: 1, RSS: 5.64 GB
2026-07-26 14:42:25,290 - Evaluate - INFO - ASR... Epoch: 1, Walltime: 3.321419 CPU time: 19.234373
2026-07-26 14:42:28,763 - Evaluate - INFO - ASR Module... Epoch: 1, RSS: 5.64 GB
2026-07-26 14:42:28,764 - Evaluate - INFO - ASR... Epoch: 1, Walltime: 3.468720 CPU time: 20.167894
2026-07-26 14:42:31,863 - Evaluate - INFO - ASR Module... Epoch: 1, RSS: 5.64 GB
2026-07-26 14:42:31,864 - Evaluate - INFO - ASR... Epoch: 1, Walltime: 3.093752 CPU time: 17.820441
2026-07-26 14:42:34,753 - Evaluate - INFO - ASR Module... Epoch: 1, RSS: 5.64 GB
2026-07-26 14:42:34,754 - Evaluate - INFO - ASR... Epoch: 1, Walltime: 2.884605 CPU time: 16.027705
2026-07-26 14:42:36,212 - Evaluate - INFO - ASR Module... Epoch: 1, RSS: 5.64 GB
2026-07-26 14:42:36,213 - Evaluate - INFO - ASR... Epoch: 1, Walltime: 1.454609 CPU time: 7.894597
2026-07-26 14:42:37,931 - Evaluate - INFO - ASR Module... Epoch: 1, RSS: 5.64 GB
2026-07-26 14:42:37,932 - Evaluate - INFO - ASR... Epoch: 1, Walltime: 1.716037 CPU time: 9.560739
2026-07-26 14:42:39,609 - Evaluate - INFO - ASR Module... Epoch: 1, RSS: 5.64 GB
2026-07-26 14:42:39,610 - Evaluate - INFO - ASR... Epoch: 1, Walltime: 1.674638 CPU time: 9.503175
2026-07-26 14:42:41,168 - Evaluate - INFO - ASR Module... Epoch: 1, RSS: 5.64 GB
2026-07-26 14:42:41,169 - Evaluate - INFO - ASR... Epoch: 1, Walltime: 1.554783 CPU time: 8.637731
2026-07-26 14:42:43,061 - Evaluate - INFO - ASR Module... Epoch: 1, RSS: 5.64 GB
2026-07-26 14:42:43,062 - Evaluate - INFO - ASR... Epoch: 1, Walltime: 1.889535 CPU time: 10.049725
2026-07-26 14:42:44,389 - Evaluate - INFO - ASR Module... Epoch: 1, RSS: 5.64 GB
2026-07-26 14:42:44,390 - Evaluate - INFO - ASR... Epoch: 1, Walltime: 1.324493 CPU time: 7.408263
2026-07-26 14:42:46,086 - Evaluate - INFO - ASR Module... Epoch: 1, RSS: 5.64 GB
2026-07-26 14:42:46,087 - Evaluate - INFO - ASR... Epoch: 1, Walltime: 1.693078 CPU time: 8.911960
2026-07-26 14:42:47,755 - Evaluate - INFO - ASR Module... Epoch: 1, RSS: 5.64 GB
2026-07-26 14:42:47,756 - Evaluate - INFO - ASR... Epoch: 1, Walltime: 1.664907 CPU time: 8.683508
2026-07-26 14:42:49,490 - Evaluate - INFO - ASR Module... Epoch: 1, RSS: 5.64 GB
2026-07-26 14:42:49,491 - Evaluate - INFO - ASR... Epoch: 1, Walltime: 1.731077 CPU time: 9.621786
2026-07-26 14:42:50,896 - Evaluate - INFO - ASR Module... Epoch: 1, RSS: 5.64 GB
2026-07-26 14:42:50,897 - Evaluate - INFO - ASR... Epoch: 1, Walltime: 1.402254 CPU time: 7.370841
2026-07-26 14:42:52,351 - Evaluate - INFO - ASR Module... Epoch: 1, RSS: 5.64 GB
2026-07-26 14:42:52,352 - Evaluate - INFO - ASR... Epoch: 1, Walltime: 1.451289 CPU time: 7.984790
2026-07-26 14:42:53,979 - Evaluate - INFO - ASR Module... Epoch: 1, RSS: 5.64 GB
2026-07-26 14:42:53,980 - Evaluate - INFO - ASR... Epoch: 1, Walltime: 1.624004 CPU time: 8.636855
2026-07-26 14:42:55,378 - Evaluate - INFO - ASR Module... Epoch: 1, RSS: 5.64 GB
2026-07-26 14:42:55,378 - Evaluate - INFO - ASR... Epoch: 1, Walltime: 1.395191 CPU time: 7.575243
2026-07-26 14:42:57,117 - Evaluate - INFO - ASR Module... Epoch: 1, RSS: 5.64 GB
2026-07-26 14:42:57,118 - Evaluate - INFO - ASR... Epoch: 1, Walltime: 1.735856 CPU time: 9.276419
2026-07-26 14:42:58,556 - Evaluate - INFO - ASR Module... Epoch: 1, RSS: 5.64 GB
2026-07-26 14:42:58,557 - Evaluate - INFO - ASR... Epoch: 1, Walltime: 1.435418 CPU time: 7.582876
2026-07-26 14:42:59,961 - Evaluate - INFO - ASR Module... Epoch: 1, RSS: 5.64 GB
2026-07-26 14:42:59,962 - Evaluate - INFO - ASR... Epoch: 1, Walltime: 1.401598 CPU time: 7.428014
2026-07-26 14:43:01,442 - Evaluate - INFO - ASR Module... Epoch: 1, RSS: 5.64 GB
2026-07-26 14:43:01,443 - Evaluate - INFO - ASR... Epoch: 1, Walltime: 1.477279 CPU time: 8.183948
2026-07-26 14:43:03,070 - Evaluate - INFO - ASR Module... Epoch: 1, RSS: 5.64 GB
2026-07-26 14:43:03,071 - Evaluate - INFO - ASR... Epoch: 1, Walltime: 1.624952 CPU time: 8.767770
2026-07-26 14:43:04,850 - Evaluate - INFO - ASR Module... Epoch: 1, RSS: 5.64 GB
2026-07-26 14:43:04,851 - Evaluate - INFO - ASR... Epoch: 1, Walltime: 1.776120 CPU time: 9.111658
2026-07-26 14:43:06,291 - Evaluate - INFO - ASR Module... Epoch: 1, RSS: 5.64 GB
2026-07-26 14:43:06,292 - Evaluate - INFO - ASR... Epoch: 1, Walltime: 1.437770 CPU time: 7.656268
2026-07-26 14:43:07,774 - Evaluate - INFO - ASR Module... Epoch: 1, RSS: 5.64 GB
2026-07-26 14:43:07,775 - Evaluate - INFO - ASR... Epoch: 1, Walltime: 1.479238 CPU time: 7.982572
2026-07-26 14:43:09,235 - Evaluate - INFO - ASR Module... Epoch: 1, RSS: 5.64 GB
2026-07-26 14:43:09,236 - Evaluate - INFO - ASR... Epoch: 1, Walltime: 1.457363 CPU time: 8.047132
2026-07-26 14:43:10,904 - Evaluate - INFO - ASR Module... Epoch: 1, RSS: 5.64 GB
2026-07-26 14:43:10,905 - Evaluate - INFO - ASR... Epoch: 1, Walltime: 1.665506 CPU time: 9.151212
2026-07-26 14:43:12,526 - Evaluate - INFO - ASR Module... Epoch: 1, RSS: 5.64 GB
2026-07-26 14:43:12,527 - Evaluate - INFO - ASR... Epoch: 1, Walltime: 1.618580 CPU time: 8.573527
2026-07-26 14:43:14,050 - Evaluate - INFO - ASR Module... Epoch: 1, RSS: 5.64 GB
2026-07-26 14:43:14,051 - Evaluate - INFO - ASR... Epoch: 1, Walltime: 1.520020 CPU time: 8.067918
2026-07-26 14:43:15,532 - Evaluate - INFO - ASR Module... Epoch: 1, RSS: 5.64 GB
2026-07-26 14:43:15,532 - Evaluate - INFO - ASR... Epoch: 1, Walltime: 1.478431 CPU time: 7.672078
2026-07-26 14:43:16,996 - Evaluate - INFO - ASR Module... Epoch: 1, RSS: 5.64 GB
2026-07-26 14:43:16,996 - Evaluate - INFO - ASR... Epoch: 1, Walltime: 1.460646 CPU time: 8.075473
2026-07-26 14:43:18,720 - Evaluate - INFO - ASR Module... Epoch: 1, RSS: 5.64 GB
2026-07-26 14:43:18,721 - Evaluate - INFO - ASR... Epoch: 1, Walltime: 1.720236 CPU time: 9.302335
2026-07-26 14:43:20,354 - Evaluate - INFO - ASR Module... Epoch: 1, RSS: 5.64 GB
2026-07-26 14:43:20,355 - Evaluate - INFO - ASR... Epoch: 1, Walltime: 1.629910 CPU time: 8.485529
2026-07-26 14:43:22,138 - Evaluate - INFO - ASR Module... Epoch: 1, RSS: 5.64 GB
2026-07-26 14:43:22,139 - Evaluate - INFO - ASR... Epoch: 1, Walltime: 1.780309 CPU time: 9.373201
2026-07-26 14:43:23,686 - Evaluate - INFO - ASR Module... Epoch: 1, RSS: 5.64 GB
2026-07-26 14:43:23,687 - Evaluate - INFO - ASR... Epoch: 1, Walltime: 1.544737 CPU time: 8.524646
2026-07-26 14:43:25,923 - Evaluate - INFO - ASR Module... Epoch: 1, RSS: 5.64 GB
2026-07-26 14:43:25,924 - Evaluate - INFO - ASR... Epoch: 1, Walltime: 2.232842 CPU time: 11.707959
2026-07-26 14:43:27,402 - Evaluate - INFO - ASR Module... Epoch: 1, RSS: 5.64 GB
2026-07-26 14:43:27,402 - Evaluate - INFO - ASR... Epoch: 1, Walltime: 1.474957 CPU time: 8.154482
2026-07-26 14:43:28,794 - Evaluate - INFO - ASR Module... Epoch: 1, RSS: 5.64 GB
2026-07-26 14:43:28,794 - Evaluate - INFO - ASR... Epoch: 1, Walltime: 1.388932 CPU time: 7.626929
2026-07-26 14:43:30,331 - Evaluate - INFO - ASR Module... Epoch: 1, RSS: 5.64 GB
2026-07-26 14:43:30,331 - Evaluate - INFO - ASR... Epoch: 1, Walltime: 1.534522 CPU time: 8.010248
2026-07-26 14:43:31,500 - Evaluate - INFO - ASR Module... Epoch: 1, RSS: 5.64 GB
2026-07-26 14:43:31,501 - Evaluate - INFO - ASR... Epoch: 1, Walltime: 1.166559 CPU time: 6.430612
2026-07-26 14:43:33,020 - Evaluate - INFO - ASR Module... Epoch: 1, RSS: 5.64 GB
2026-07-26 14:43:33,021 - Evaluate - INFO - ASR... Epoch: 1, Walltime: 1.516304 CPU time: 7.904440
2026-07-26 14:43:34,333 - Evaluate - INFO - ASR Module... Epoch: 1, RSS: 5.64 GB
2026-07-26 14:43:34,334 - Evaluate - INFO - ASR... Epoch: 1, Walltime: 1.309877 CPU time: 7.077567
2026-07-26 14:43:36,072 - Evaluate - INFO - ASR Module... Epoch: 1, RSS: 5.64 GB
2026-07-26 14:43:36,073 - Evaluate - INFO - ASR... Epoch: 1, Walltime: 1.734847 CPU time: 9.285057
2026-07-26 14:43:37,330 - Evaluate - INFO - ASR Module... Epoch: 1, RSS: 5.64 GB
2026-07-26 14:43:37,331 - Evaluate - INFO - ASR... Epoch: 1, Walltime: 1.254536 CPU time: 6.694513
2026-07-26 14:43:38,928 - Evaluate - INFO - ASR Module... Epoch: 1, RSS: 5.64 GB
2026-07-26 14:43:38,929 - Evaluate - INFO - ASR... Epoch: 1, Walltime: 1.594432 CPU time: 8.287115
2026-07-26 14:43:40,865 - Evaluate - INFO - ASR Module... Epoch: 1, RSS: 5.64 GB
2026-07-26 14:43:40,865 - Evaluate - INFO - ASR... Epoch: 1, Walltime: 1.932432 CPU time: 9.990358
2026-07-26 14:43:42,280 - Evaluate - INFO - ASR Module... Epoch: 1, RSS: 5.64 GB
2026-07-26 14:43:42,280 - Evaluate - INFO - ASR... Epoch: 1, Walltime: 1.411352 CPU time: 7.930149
2026-07-26 14:43:43,680 - Evaluate - INFO - ASR Module... Epoch: 1, RSS: 5.64 GB
2026-07-26 14:43:43,681 - Evaluate - INFO - ASR... Epoch: 1, Walltime: 1.396729 CPU time: 7.755656
2026-07-26 14:43:45,013 - Evaluate - INFO - ASR Module... Epoch: 1, RSS: 5.64 GB
2026-07-26 14:43:45,014 - Evaluate - INFO - ASR... Epoch: 1, Walltime: 1.328436 CPU time: 6.939336
2026-07-26 14:43:46,278 - Evaluate - INFO - ASR Module... Epoch: 1, RSS: 5.64 GB
2026-07-26 14:43:46,279 - Evaluate - INFO - ASR... Epoch: 1, Walltime: 1.261614 CPU time: 6.919832
2026-07-26 14:43:48,523 - Evaluate - INFO - ASR Module... Epoch: 1, RSS: 5.64 GB
2026-07-26 14:43:48,523 - Evaluate - INFO - ASR... Epoch: 1, Walltime: 2.240827 CPU time: 12.030795
2026-07-26 14:43:50,174 - Evaluate - INFO - ASR Module... Epoch: 1, RSS: 5.64 GB
2026-07-26 14:43:50,175 - Evaluate - INFO - ASR... Epoch: 1, Walltime: 1.648204 CPU time: 9.228306
2026-07-26 14:43:52,207 - Evaluate - INFO - ASR Module... Epoch: 1, RSS: 5.64 GB
2026-07-26 14:43:52,207 - Evaluate - INFO - ASR... Epoch: 1, Walltime: 2.027857 CPU time: 11.039822
2026-07-26 14:43:54,039 - Evaluate - INFO - ASR Module... Epoch: 1, RSS: 5.64 GB
2026-07-26 14:43:54,039 - Evaluate - INFO - ASR... Epoch: 1, Walltime: 1.828692 CPU time: 10.006597
2026-07-26 14:43:55,749 - Evaluate - INFO - ASR Module... Epoch: 1, RSS: 5.64 GB
2026-07-26 14:43:55,750 - Evaluate - INFO - ASR... Epoch: 1, Walltime: 1.707219 CPU time: 9.059491
2026-07-26 14:43:57,496 - Evaluate - INFO - ASR Module... Epoch: 1, RSS: 5.64 GB
2026-07-26 14:43:57,497 - Evaluate - INFO - ASR... Epoch: 1, Walltime: 1.743051 CPU time: 9.346640
2026-07-26 14:43:59,549 - Evaluate - INFO - ASR Module... Epoch: 1, RSS: 5.64 GB
2026-07-26 14:43:59,549 - Evaluate - INFO - ASR... Epoch: 1, Walltime: 2.048937 CPU time: 10.955797
2026-07-26 14:44:01,769 - Evaluate - INFO - ASR Module... Epoch: 1, RSS: 5.64 GB
2026-07-26 14:44:01,770 - Evaluate - INFO - ASR... Epoch: 1, Walltime: 2.216761 CPU time: 11.644666
2026-07-26 14:44:03,405 - Evaluate - INFO - ASR Module... Epoch: 1, RSS: 5.64 GB
2026-07-26 14:44:03,406 - Evaluate - INFO - ASR... Epoch: 1, Walltime: 1.632237 CPU time: 8.675848
2026-07-26 14:44:04,963 - Evaluate - INFO - ASR Module... Epoch: 1, RSS: 5.64 GB
2026-07-26 14:44:04,964 - Evaluate - INFO - ASR... Epoch: 1, Walltime: 1.554647 CPU time: 8.586641
2026-07-26 14:44:06,337 - Evaluate - INFO - ASR Module... Epoch: 1, RSS: 5.64 GB
2026-07-26 14:44:06,338 - Evaluate - INFO - ASR... Epoch: 1, Walltime: 1.370704 CPU time: 7.555408
2026-07-26 14:44:08,060 - Evaluate - INFO - ASR Module... Epoch: 1, RSS: 5.64 GB
2026-07-26 14:44:08,061 - Evaluate - INFO - ASR... Epoch: 1, Walltime: 1.719300 CPU time: 9.213023
2026-07-26 14:44:09,996 - Evaluate - INFO - ASR Module... Epoch: 1, RSS: 5.64 GB
2026-07-26 14:44:09,997 - Evaluate - INFO - ASR... Epoch: 1, Walltime: 1.932547 CPU time: 10.310078
2026-07-26 14:44:11,089 - Evaluate - INFO - ASR Module... Epoch: 1, RSS: 5.64 GB
2026-07-26 14:44:11,090 - Evaluate - INFO - ASR... Epoch: 1, Walltime: 1.089694 CPU time: 6.145547
2026-07-26 14:44:12,195 - Evaluate - INFO - ASR Module... Epoch: 1, RSS: 5.64 GB
2026-07-26 14:44:12,196 - Evaluate - INFO - ASR... Epoch: 1, Walltime: 1.103020 CPU time: 6.058762
2026-07-26 14:44:13,678 - Evaluate - INFO - ASR Module... Epoch: 1, RSS: 5.64 GB
2026-07-26 14:44:13,679 - Evaluate - INFO - ASR... Epoch: 1, Walltime: 1.479366 CPU time: 8.224355
2026-07-26 14:44:15,334 - Evaluate - INFO - ASR Module... Epoch: 1, RSS: 5.64 GB
2026-07-26 14:44:15,335 - Evaluate - INFO - ASR... Epoch: 1, Walltime: 1.652929 CPU time: 8.939447
2026-07-26 14:44:17,087 - Evaluate - INFO - ASR Module... Epoch: 1, RSS: 5.64 GB
2026-07-26 14:44:17,088 - Evaluate - INFO - ASR... Epoch: 1, Walltime: 1.749092 CPU time: 9.078248
2026-07-26 14:44:18,651 - Evaluate - INFO - ASR Module... Epoch: 1, RSS: 5.64 GB
2026-07-26 14:44:18,652 - Evaluate - INFO - ASR... Epoch: 1, Walltime: 1.561342 CPU time: 8.118565
2026-07-26 14:44:20,532 - Evaluate - INFO - ASR Module... Epoch: 1, RSS: 5.64 GB
2026-07-26 14:44:20,533 - Evaluate - INFO - ASR... Epoch: 1, Walltime: 1.876618 CPU time: 10.735520
2026-07-26 14:44:22,180 - Evaluate - INFO - ASR Module... Epoch: 1, RSS: 5.64 GB
2026-07-26 14:44:22,181 - Evaluate - INFO - ASR... Epoch: 1, Walltime: 1.644431 CPU time: 8.901130
2026-07-26 14:44:23,747 - Evaluate - INFO - ASR Module... Epoch: 1, RSS: 5.64 GB
2026-07-26 14:44:23,747 - Evaluate - INFO - ASR... Epoch: 1, Walltime: 1.562426 CPU time: 8.178430
2026-07-26 14:44:26,413 - Evaluate - INFO - ASR Module... Epoch: 1, RSS: 5.64 GB
2026-07-26 14:44:26,414 - Evaluate - INFO - ASR... Epoch: 1, Walltime: 2.661406 CPU time: 13.884585
2026-07-26 14:44:28,061 - Evaluate - INFO - ASR Module... Epoch: 1, RSS: 5.64 GB
2026-07-26 14:44:28,061 - Evaluate - INFO - ASR... Epoch: 1, Walltime: 1.643806 CPU time: 9.083296
2026-07-26 14:44:29,920 - Evaluate - INFO - ASR Module... Epoch: 1, RSS: 5.64 GB
2026-07-26 14:44:29,920 - Evaluate - INFO - ASR... Epoch: 1, Walltime: 1.855511 CPU time: 9.831618
2026-07-26 14:44:32,077 - Evaluate - INFO - ASR Module... Epoch: 1, RSS: 5.64 GB
2026-07-26 14:44:32,078 - Evaluate - INFO - ASR... Epoch: 1, Walltime: 2.153485 CPU time: 11.392149
2026-07-26 14:44:33,527 - Evaluate - INFO - ASR Module... Epoch: 1, RSS: 5.64 GB
2026-07-26 14:44:33,528 - Evaluate - INFO - ASR... Epoch: 1, Walltime: 1.446831 CPU time: 7.619061
2026-07-26 14:44:34,815 - Evaluate - INFO - ASR Module... Epoch: 1, RSS: 5.64 GB
2026-07-26 14:44:34,816 - Evaluate - INFO - ASR... Epoch: 1, Walltime: 1.284305 CPU time: 7.057155
2026-07-26 14:44:36,476 - Evaluate - INFO - ASR Module... Epoch: 1, RSS: 5.64 GB
2026-07-26 14:44:36,477 - Evaluate - INFO - ASR... Epoch: 1, Walltime: 1.657643 CPU time: 8.958601
2026-07-26 14:44:38,451 - Evaluate - INFO - ASR Module... Epoch: 1, RSS: 5.64 GB
2026-07-26 14:44:38,452 - Evaluate - INFO - ASR... Epoch: 1, Walltime: 1.970175 CPU time: 10.285769
2026-07-26 14:44:40,453 - Evaluate - INFO - ASR Module... Epoch: 1, RSS: 5.64 GB
2026-07-26 14:44:40,454 - Evaluate - INFO - ASR... Epoch: 1, Walltime: 1.998743 CPU time: 10.418351
2026-07-26 14:44:42,043 - Evaluate - INFO - ASR Module... Epoch: 1, RSS: 5.64 GB
2026-07-26 14:44:42,044 - Evaluate - INFO - ASR... Epoch: 1, Walltime: 1.586116 CPU time: 8.453987
2026-07-26 14:44:43,505 - Evaluate - INFO - ASR Module... Epoch: 1, RSS: 5.64 GB
2026-07-26 14:44:43,506 - Evaluate - INFO - ASR... Epoch: 1, Walltime: 1.458530 CPU time: 7.833477
2026-07-26 14:44:45,436 - Evaluate - INFO - ASR Module... Epoch: 1, RSS: 5.64 GB
2026-07-26 14:44:45,437 - Evaluate - INFO - ASR... Epoch: 1, Walltime: 1.927627 CPU time: 10.057678
2026-07-26 14:44:47,076 - Evaluate - INFO - ASR Module... Epoch: 1, RSS: 5.64 GB
2026-07-26 14:44:47,077 - Evaluate - INFO - ASR... Epoch: 1, Walltime: 1.636264 CPU time: 9.054582
2026-07-26 14:44:48,934 - Evaluate - INFO - ASR Module... Epoch: 1, RSS: 5.64 GB
2026-07-26 14:44:48,935 - Evaluate - INFO - ASR... Epoch: 1, Walltime: 1.854429 CPU time: 9.748310
2026-07-26 14:44:50,646 - Evaluate - INFO - ASR Module... Epoch: 1, RSS: 5.64 GB
2026-07-26 14:44:50,647 - Evaluate - INFO - ASR... Epoch: 1, Walltime: 1.708293 CPU time: 9.089189
2026-07-26 14:44:52,051 - Evaluate - INFO - ASR Module... Epoch: 1, RSS: 5.64 GB
2026-07-26 14:44:52,052 - Evaluate - INFO - ASR... Epoch: 1, Walltime: 1.402149 CPU time: 7.590084
2026-07-26 14:44:53,520 - Evaluate - INFO - ASR Module... Epoch: 1, RSS: 5.64 GB
2026-07-26 14:44:53,521 - Evaluate - INFO - ASR... Epoch: 1, Walltime: 1.464850 CPU time: 7.873171
2026-07-26 14:44:55,290 - Evaluate - INFO - ASR Module... Epoch: 1, RSS: 5.64 GB
2026-07-26 14:44:55,291 - Evaluate - INFO - ASR... Epoch: 1, Walltime: 1.766805 CPU time: 9.521113
2026-07-26 14:44:56,724 - Evaluate - INFO - ASR Module... Epoch: 1, RSS: 5.64 GB
2026-07-26 14:44:56,724 - Evaluate - INFO - ASR... Epoch: 1, Walltime: 1.430264 CPU time: 7.684008
2026-07-26 14:44:58,153 - Evaluate - INFO - ASR Module... Epoch: 1, RSS: 5.64 GB
2026-07-26 14:44:58,154 - Evaluate - INFO - ASR... Epoch: 1, Walltime: 1.426155 CPU time: 7.823190
2026-07-26 14:45:00,045 - Evaluate - INFO - ASR Module... Epoch: 1, RSS: 5.64 GB
2026-07-26 14:45:00,049 - Evaluate - INFO - ASR... Epoch: 1, Walltime: 1.889338 CPU time: 10.096629
2026-07-26 14:45:03,247 - Evaluate - INFO - ASR Module... Epoch: 1, RSS: 5.64 GB
2026-07-26 14:45:03,248 - Evaluate - INFO - ASR... Epoch: 1, Walltime: 3.194196 CPU time: 17.481878
2026-07-26 14:45:05,626 - Evaluate - INFO - ASR Module... Epoch: 1, RSS: 5.64 GB
2026-07-26 14:45:05,627 - Evaluate - INFO - ASR... Epoch: 1, Walltime: 2.374842 CPU time: 12.383152
2026-07-26 14:45:07,619 - Evaluate - INFO - ASR Module... Epoch: 1, RSS: 5.64 GB
2026-07-26 14:45:07,620 - Evaluate - INFO - ASR... Epoch: 1, Walltime: 1.988575 CPU time: 10.400903
2026-07-26 14:45:09,303 - Evaluate - INFO - ASR Module... Epoch: 1, RSS: 5.64 GB
2026-07-26 14:45:09,304 - Evaluate - INFO - ASR... Epoch: 1, Walltime: 1.680233 CPU time: 8.904081
2026-07-26 14:45:10,838 - Evaluate - INFO - ASR Module... Epoch: 1, RSS: 5.64 GB
2026-07-26 14:45:10,838 - Evaluate - INFO - ASR... Epoch: 1, Walltime: 1.531349 CPU time: 8.291304
2026-07-26 14:45:12,823 - Evaluate - INFO - ASR Module... Epoch: 1, RSS: 5.64 GB
2026-07-26 14:45:12,824 - Evaluate - INFO - ASR... Epoch: 1, Walltime: 1.982216 CPU time: 10.617947
2026-07-26 14:45:14,978 - Evaluate - INFO - ASR Module... Epoch: 1, RSS: 5.64 GB
2026-07-26 14:45:14,979 - Evaluate - INFO - ASR... Epoch: 1, Walltime: 2.150206 CPU time: 11.955298
2026-07-26 14:45:16,377 - Evaluate - INFO - ASR Module... Epoch: 1, RSS: 5.64 GB
2026-07-26 14:45:16,378 - Evaluate - INFO - ASR... Epoch: 1, Walltime: 1.395021 CPU time: 7.685431
2026-07-26 14:45:18,997 - Evaluate - INFO - ASR Module... Epoch: 1, RSS: 5.64 GB
2026-07-26 14:45:18,998 - Evaluate - INFO - ASR... Epoch: 1, Walltime: 2.615393 CPU time: 14.133485
2026-07-26 14:45:20,831 - Evaluate - INFO - ASR Module... Epoch: 1, RSS: 5.64 GB
2026-07-26 14:45:20,832 - Evaluate - INFO - ASR... Epoch: 1, Walltime: 1.830762 CPU time: 10.222965
2026-07-26 14:45:22,557 - Evaluate - INFO - ASR Module... Epoch: 1, RSS: 5.64 GB
2026-07-26 14:45:22,557 - Evaluate - INFO - ASR... Epoch: 1, Walltime: 1.721531 CPU time: 9.114670
2026-07-26 14:45:25,019 - Evaluate - INFO - ASR Module... Epoch: 1, RSS: 5.64 GB
2026-07-26 14:45:25,020 - Evaluate - INFO - ASR... Epoch: 1, Walltime: 2.457781 CPU time: 12.998573
2026-07-26 14:45:26,660 - Evaluate - INFO - ASR Module... Epoch: 1, RSS: 5.64 GB
2026-07-26 14:45:26,662 - Evaluate - INFO - ASR... Epoch: 1, Walltime: 1.637767 CPU time: 8.842158
2026-07-26 14:45:29,449 - Evaluate - INFO - ASR Module... Epoch: 1, RSS: 5.64 GB
2026-07-26 14:45:29,450 - Evaluate - INFO - ASR... Epoch: 1, Walltime: 2.783358 CPU time: 14.580173
2026-07-26 14:45:30,481 - Evaluate - INFO - ASR Module... Epoch: 1, RSS: 5.64 GB
2026-07-26 14:45:30,482 - Evaluate - INFO - ASR... Epoch: 1, Walltime: 1.028225 CPU time: 5.984323
2026-07-26 14:45:31,900 - Evaluate - INFO - ASR Module... Epoch: 1, RSS: 5.64 GB
2026-07-26 14:45:31,901 - Evaluate - INFO - ASR... Epoch: 1, Walltime: 1.416069 CPU time: 7.617600
2026-07-26 14:45:34,069 - Evaluate - INFO - ASR Module... Epoch: 1, RSS: 5.64 GB
2026-07-26 14:45:34,070 - Evaluate - INFO - ASR... Epoch: 1, Walltime: 2.164262 CPU time: 10.950667
2026-07-26 14:45:37,046 - Evaluate - INFO - ASR Module... Epoch: 1, RSS: 5.64 GB
2026-07-26 14:45:37,047 - Evaluate - INFO - ASR... Epoch: 1, Walltime: 2.971418 CPU time: 15.246788
2026-07-26 14:45:38,494 - Evaluate - INFO - ASR Module... Epoch: 1, RSS: 5.64 GB
2026-07-26 14:45:38,495 - Evaluate - INFO - ASR... Epoch: 1, Walltime: 1.443612 CPU time: 7.419365
2026-07-26 14:45:40,171 - Evaluate - INFO - ASR Module... Epoch: 1, RSS: 5.64 GB
2026-07-26 14:45:40,171 - Evaluate - INFO - ASR... Epoch: 1, Walltime: 1.672488 CPU time: 9.123453
2026-07-26 14:45:43,791 - Evaluate - INFO - ASR Module... Epoch: 1, RSS: 5.64 GB
2026-07-26 14:45:43,792 - Evaluate - INFO - ASR... Epoch: 1, Walltime: 3.616185 CPU time: 18.934182
2026-07-26 14:45:44,839 - Evaluate - INFO - ASR Module... Epoch: 1, RSS: 5.64 GB
2026-07-26 14:45:44,840 - Evaluate - INFO - ASR... Epoch: 1, Walltime: 1.043984 CPU time: 5.806059
2026-07-26 14:45:45,887 - Evaluate - INFO - ASR Module... Epoch: 1, RSS: 5.64 GB
2026-07-26 14:45:45,888 - Evaluate - INFO - ASR... Epoch: 1, Walltime: 1.044187 CPU time: 6.055432
2026-07-26 14:45:47,428 - Evaluate - INFO - ASR Module... Epoch: 1, RSS: 5.64 GB
2026-07-26 14:45:47,429 - Evaluate - INFO - ASR... Epoch: 1, Walltime: 1.537763 CPU time: 8.682540
2026-07-26 14:45:48,779 - Evaluate - INFO - ASR Module... Epoch: 1, RSS: 5.64 GB
2026-07-26 14:45:48,779 - Evaluate - INFO - ASR... Epoch: 1, Walltime: 1.346230 CPU time: 7.682455
2026-07-26 14:45:49,956 - Evaluate - INFO - ASR Module... Epoch: 1, RSS: 5.64 GB
2026-07-26 14:45:49,956 - Evaluate - INFO - ASR... Epoch: 1, Walltime: 1.173795 CPU time: 6.868114
2026-07-26 14:45:51,266 - Evaluate - INFO - ASR Module... Epoch: 1, RSS: 5.64 GB
2026-07-26 14:45:51,267 - Evaluate - INFO - ASR... Epoch: 1, Walltime: 1.307121 CPU time: 7.660203
2026-07-26 14:45:52,591 - Evaluate - INFO - ASR Module... Epoch: 1, RSS: 5.64 GB
2026-07-26 14:45:52,591 - Evaluate - INFO - ASR... Epoch: 1, Walltime: 1.321182 CPU time: 7.575859
2026-07-26 14:45:53,862 - Evaluate - INFO - ASR Module... Epoch: 1, RSS: 5.64 GB
2026-07-26 14:45:53,862 - Evaluate - INFO - ASR... Epoch: 1, Walltime: 1.267934 CPU time: 7.177851
2026-07-26 14:45:55,011 - Evaluate - INFO - ASR Module... Epoch: 1, RSS: 5.64 GB
2026-07-26 14:45:55,011 - Evaluate - INFO - ASR... Epoch: 1, Walltime: 1.146007 CPU time: 6.725211
2026-07-26 14:45:56,538 - Evaluate - INFO - ASR Module... Epoch: 1, RSS: 5.64 GB
2026-07-26 14:45:56,538 - Evaluate - INFO - ASR... Epoch: 1, Walltime: 1.523903 CPU time: 8.522531
2026-07-26 14:45:57,580 - Evaluate - INFO - ASR Module... Epoch: 1, RSS: 5.64 GB
2026-07-26 14:45:57,581 - Evaluate - INFO - ASR... Epoch: 1, Walltime: 1.039255 CPU time: 5.793129
2026-07-26 14:45:59,005 - Evaluate - INFO - ASR Module... Epoch: 1, RSS: 5.64 GB
2026-07-26 14:45:59,006 - Evaluate - INFO - ASR... Epoch: 1, Walltime: 1.421977 CPU time: 8.255290
2026-07-26 14:46:00,448 - Evaluate - INFO - ASR Module... Epoch: 1, RSS: 5.64 GB
2026-07-26 14:46:00,449 - Evaluate - INFO - ASR... Epoch: 1, Walltime: 1.439819 CPU time: 8.393500
2026-07-26 14:46:01,801 - Evaluate - INFO - ASR Module... Epoch: 1, RSS: 5.64 GB
2026-07-26 14:46:01,801 - Evaluate - INFO - ASR... Epoch: 1, Walltime: 1.348881 CPU time: 7.962562
2026-07-26 14:46:03,138 - Evaluate - INFO - ASR Module... Epoch: 1, RSS: 5.64 GB
2026-07-26 14:46:03,138 - Evaluate - INFO - ASR... Epoch: 1, Walltime: 1.334058 CPU time: 7.801729
2026-07-26 14:46:04,383 - Evaluate - INFO - ASR Module... Epoch: 1, RSS: 5.64 GB
2026-07-26 14:46:04,384 - Evaluate - INFO - ASR... Epoch: 1, Walltime: 1.241568 CPU time: 7.215600
2026-07-26 14:46:05,460 - Evaluate - INFO - ASR Module... Epoch: 1, RSS: 5.64 GB
2026-07-26 14:46:05,461 - Evaluate - INFO - ASR... Epoch: 1, Walltime: 1.074256 CPU time: 6.316967
2026-07-26 14:46:07,031 - Evaluate - INFO - ASR Module... Epoch: 1, RSS: 5.64 GB
2026-07-26 14:46:07,032 - Evaluate - INFO - ASR... Epoch: 1, Walltime: 1.566740 CPU time: 9.032284
2026-07-26 14:46:08,684 - Evaluate - INFO - ASR Module... Epoch: 1, RSS: 5.64 GB
2026-07-26 14:46:08,685 - Evaluate - INFO - ASR... Epoch: 1, Walltime: 1.650419 CPU time: 9.422523
2026-07-26 14:46:10,228 - Evaluate - INFO - ASR Module... Epoch: 1, RSS: 5.64 GB
2026-07-26 14:46:10,229 - Evaluate - INFO - ASR... Epoch: 1, Walltime: 1.539848 CPU time: 8.782550
2026-07-26 14:46:11,635 - Evaluate - INFO - ASR Module... Epoch: 1, RSS: 5.64 GB
2026-07-26 14:46:11,636 - Evaluate - INFO - ASR... Epoch: 1, Walltime: 1.403506 CPU time: 7.753094
2026-07-26 14:46:12,881 - Evaluate - INFO - ASR Module... Epoch: 1, RSS: 5.64 GB
2026-07-26 14:46:12,882 - Evaluate - INFO - ASR... Epoch: 1, Walltime: 1.243356 CPU time: 7.439509
2026-07-26 14:46:14,461 - Evaluate - INFO - ASR Module... Epoch: 1, RSS: 5.64 GB
2026-07-26 14:46:14,462 - Evaluate - INFO - ASR... Epoch: 1, Walltime: 1.576646 CPU time: 8.931654
2026-07-26 14:46:16,002 - Evaluate - INFO - ASR Module... Epoch: 1, RSS: 5.64 GB
2026-07-26 14:46:16,003 - Evaluate - INFO - ASR... Epoch: 1, Walltime: 1.537533 CPU time: 9.030386
2026-07-26 14:46:17,388 - Evaluate - INFO - ASR Module... Epoch: 1, RSS: 5.64 GB
2026-07-26 14:46:17,389 - Evaluate - INFO - ASR... Epoch: 1, Walltime: 1.382232 CPU time: 8.102834
2026-07-26 14:46:18,984 - Evaluate - INFO - ASR Module... Epoch: 1, RSS: 5.64 GB
2026-07-26 14:46:18,985 - Evaluate - INFO - ASR... Epoch: 1, Walltime: 1.592606 CPU time: 9.317050
2026-07-26 14:46:20,457 - Evaluate - INFO - ASR Module... Epoch: 1, RSS: 5.64 GB
2026-07-26 14:46:20,458 - Evaluate - INFO - ASR... Epoch: 1, Walltime: 1.469730 CPU time: 8.419450
2026-07-26 14:46:22,073 - Evaluate - INFO - ASR Module... Epoch: 1, RSS: 5.64 GB
2026-07-26 14:46:22,074 - Evaluate - INFO - ASR... Epoch: 1, Walltime: 1.612308 CPU time: 9.395545
2026-07-26 14:46:23,583 - Evaluate - INFO - ASR Module... Epoch: 1, RSS: 5.64 GB
2026-07-26 14:46:23,584 - Evaluate - INFO - ASR... Epoch: 1, Walltime: 1.505945 CPU time: 8.758027
2026-07-26 14:46:25,110 - Evaluate - INFO - ASR Module... Epoch: 1, RSS: 5.64 GB
2026-07-26 14:46:25,111 - Evaluate - INFO - ASR... Epoch: 1, Walltime: 1.523543 CPU time: 8.700048
2026-07-26 14:46:26,787 - Evaluate - INFO - ASR Module... Epoch: 1, RSS: 5.64 GB
2026-07-26 14:46:26,787 - Evaluate - INFO - ASR... Epoch: 1, Walltime: 1.672933 CPU time: 9.848359
2026-07-26 14:46:27,990 - Evaluate - INFO - ASR Module... Epoch: 1, RSS: 5.64 GB
2026-07-26 14:46:27,991 - Evaluate - INFO - ASR... Epoch: 1, Walltime: 1.199578 CPU time: 7.169252
2026-07-26 14:46:29,549 - Evaluate - INFO - ASR Module... Epoch: 1, RSS: 5.64 GB
2026-07-26 14:46:29,550 - Evaluate - INFO - ASR... Epoch: 1, Walltime: 1.555594 CPU time: 9.212553
2026-07-26 14:46:31,231 - Evaluate - INFO - ASR Module... Epoch: 1, RSS: 5.64 GB
2026-07-26 14:46:31,232 - Evaluate - INFO - ASR... Epoch: 1, Walltime: 1.678125 CPU time: 9.777923
2026-07-26 14:46:32,741 - Evaluate - INFO - ASR Module... Epoch: 1, RSS: 5.64 GB
2026-07-26 14:46:32,741 - Evaluate - INFO - ASR... Epoch: 1, Walltime: 1.506083 CPU time: 8.492112
2026-07-26 14:46:34,756 - Evaluate - INFO - ASR Module... Epoch: 1, RSS: 5.64 GB
2026-07-26 14:46:34,757 - Evaluate - INFO - ASR... Epoch: 1, Walltime: 2.009788 CPU time: 11.294324
2026-07-26 14:46:36,304 - Evaluate - INFO - ASR Module... Epoch: 1, RSS: 5.64 GB
2026-07-26 14:46:36,305 - Evaluate - INFO - ASR... Epoch: 1, Walltime: 1.543853 CPU time: 9.085440
2026-07-26 14:46:37,967 - Evaluate - INFO - ASR Module... Epoch: 1, RSS: 5.64 GB
2026-07-26 14:46:37,968 - Evaluate - INFO - ASR... Epoch: 1, Walltime: 1.658918 CPU time: 9.779821
2026-07-26 14:46:39,577 - Evaluate - INFO - ASR Module... Epoch: 1, RSS: 5.64 GB
2026-07-26 14:46:39,578 - Evaluate - INFO - ASR... Epoch: 1, Walltime: 1.605490 CPU time: 9.298169
2026-07-26 14:46:40,890 - Evaluate - INFO - ASR Module... Epoch: 1, RSS: 5.64 GB
2026-07-26 14:46:40,891 - Evaluate - INFO - ASR... Epoch: 1, Walltime: 1.309247 CPU time: 7.631318
2026-07-26 14:46:42,336 - Evaluate - INFO - ASR Module... Epoch: 1, RSS: 5.64 GB
2026-07-26 14:46:42,337 - Evaluate - INFO - ASR... Epoch: 1, Walltime: 1.442265 CPU time: 8.399608
2026-07-26 14:46:43,962 - Evaluate - INFO - ASR Module... Epoch: 1, RSS: 5.64 GB
2026-07-26 14:46:43,963 - Evaluate - INFO - ASR... Epoch: 1, Walltime: 1.622271 CPU time: 9.577268
2026-07-26 14:46:45,856 - Evaluate - INFO - ASR Module... Epoch: 1, RSS: 5.64 GB
2026-07-26 14:46:45,856 - Evaluate - INFO - ASR... Epoch: 1, Walltime: 1.889029 CPU time: 10.965683
2026-07-26 14:46:47,658 - Evaluate - INFO - ASR Module... Epoch: 1, RSS: 5.64 GB
2026-07-26 14:46:47,659 - Evaluate - INFO - ASR... Epoch: 1, Walltime: 1.798009 CPU time: 10.447020
2026-07-26 14:46:49,272 - Evaluate - INFO - ASR Module... Epoch: 1, RSS: 5.64 GB
2026-07-26 14:46:49,273 - Evaluate - INFO - ASR... Epoch: 1, Walltime: 1.609622 CPU time: 9.330169
2026-07-26 14:46:50,890 - Evaluate - INFO - ASR Module... Epoch: 1, RSS: 5.64 GB
2026-07-26 14:46:50,890 - Evaluate - INFO - ASR... Epoch: 1, Walltime: 1.613518 CPU time: 9.077413
2026-07-26 14:46:52,409 - Evaluate - INFO - ASR Module... Epoch: 1, RSS: 5.64 GB
2026-07-26 14:46:52,410 - Evaluate - INFO - ASR... Epoch: 1, Walltime: 1.515206 CPU time: 8.645264
2026-07-26 14:46:53,937 - Evaluate - INFO - ASR Module... Epoch: 1, RSS: 5.64 GB
2026-07-26 14:46:53,938 - Evaluate - INFO - ASR... Epoch: 1, Walltime: 1.525096 CPU time: 8.757150
2026-07-26 14:46:55,480 - Evaluate - INFO - ASR Module... Epoch: 1, RSS: 5.64 GB
2026-07-26 14:46:55,481 - Evaluate - INFO - ASR... Epoch: 1, Walltime: 1.538667 CPU time: 8.761311
2026-07-26 14:46:56,736 - Evaluate - INFO - ASR Module... Epoch: 1, RSS: 5.64 GB
2026-07-26 14:46:56,737 - Evaluate - INFO - ASR... Epoch: 1, Walltime: 1.252226 CPU time: 7.363725
2026-07-26 14:47:00,031 - Evaluate - INFO - ASR Module... Epoch: 1, RSS: 5.64 GB
2026-07-26 14:47:00,032 - Evaluate - INFO - ASR... Epoch: 1, Walltime: 3.289690 CPU time: 18.150397
2026-07-26 14:47:02,863 - Evaluate - INFO - ASR Module... Epoch: 1, RSS: 5.64 GB
2026-07-26 14:47:02,864 - Evaluate - INFO - ASR... Epoch: 1, Walltime: 2.826279 CPU time: 15.665191
2026-07-26 14:47:04,814 - Evaluate - INFO - ASR Module... Epoch: 1, RSS: 5.64 GB
2026-07-26 14:47:04,815 - Evaluate - INFO - ASR... Epoch: 1, Walltime: 1.947519 CPU time: 10.889251
2026-07-26 14:47:06,482 - Evaluate - INFO - ASR Module... Epoch: 1, RSS: 5.64 GB
2026-07-26 14:47:06,483 - Evaluate - INFO - ASR... Epoch: 1, Walltime: 1.664155 CPU time: 9.521452
2026-07-26 14:47:09,508 - Evaluate - INFO - ASR Module... Epoch: 1, RSS: 5.64 GB
2026-07-26 14:47:09,509 - Evaluate - INFO - ASR... Epoch: 1, Walltime: 3.021037 CPU time: 16.663914
2026-07-26 14:47:12,067 - Evaluate - INFO - ASR Module... Epoch: 1, RSS: 5.64 GB
2026-07-26 14:47:12,068 - Evaluate - INFO - ASR... Epoch: 1, Walltime: 2.552915 CPU time: 14.509429
2026-07-26 14:47:14,627 - Evaluate - INFO - ASR Module... Epoch: 1, RSS: 5.64 GB
2026-07-26 14:47:14,628 - Evaluate - INFO - ASR... Epoch: 1, Walltime: 2.554636 CPU time: 14.129025
2026-07-26 14:47:16,877 - Evaluate - INFO - ASR Module... Epoch: 1, RSS: 5.64 GB
2026-07-26 14:47:16,878 - Evaluate - INFO - ASR... Epoch: 1, Walltime: 2.244843 CPU time: 12.437047
2026-07-26 14:47:18,611 - Evaluate - INFO - ASR Module... Epoch: 1, RSS: 5.64 GB
2026-07-26 14:47:18,612 - Evaluate - INFO - ASR... Epoch: 1, Walltime: 1.730016 CPU time: 9.609525
2026-07-26 14:47:21,575 - Evaluate - INFO - ASR Module... Epoch: 1, RSS: 5.64 GB
2026-07-26 14:47:21,576 - Evaluate - INFO - ASR... Epoch: 1, Walltime: 2.958335 CPU time: 16.287678
2026-07-26 14:47:23,991 - Evaluate - INFO - ASR Module... Epoch: 1, RSS: 5.64 GB
2026-07-26 14:47:23,992 - Evaluate - INFO - ASR... Epoch: 1, Walltime: 2.411113 CPU time: 13.531502
2026-07-26 14:47:26,715 - Evaluate - INFO - ASR Module... Epoch: 1, RSS: 5.64 GB
2026-07-26 14:47:26,716 - Evaluate - INFO - ASR... Epoch: 1, Walltime: 2.718313 CPU time: 15.369488
2026-07-26 14:47:29,213 - Evaluate - INFO - ASR Module... Epoch: 1, RSS: 5.64 GB
2026-07-26 14:47:29,214 - Evaluate - INFO - ASR... Epoch: 1, Walltime: 2.491710 CPU time: 14.003465
2026-07-26 14:47:31,848 - Evaluate - INFO - ASR Module... Epoch: 1, RSS: 5.64 GB
2026-07-26 14:47:31,849 - Evaluate - INFO - ASR... Epoch: 1, Walltime: 2.630375 CPU time: 14.978124
2026-07-26 14:47:34,553 - Evaluate - INFO - ASR Module... Epoch: 1, RSS: 5.64 GB
2026-07-26 14:47:34,553 - Evaluate - INFO - ASR... Epoch: 1, Walltime: 2.699119 CPU time: 15.088687
2026-07-26 14:47:35,553 - Evaluate - INFO - ASR Module... Epoch: 1, RSS: 5.64 GB
2026-07-26 14:47:35,554 - Evaluate - INFO - ASR... Epoch: 1, Walltime: 0.998075 CPU time: 5.824163
2026-07-26 14:47:36,769 - Evaluate - INFO - ASR Module... Epoch: 1, RSS: 5.64 GB
2026-07-26 14:47:36,770 - Evaluate - INFO - ASR... Epoch: 1, Walltime: 1.212767 CPU time: 6.821005
2026-07-26 14:47:38,815 - Evaluate - INFO - ASR Module... Epoch: 1, RSS: 5.64 GB
2026-07-26 14:47:38,816 - Evaluate - INFO - ASR... Epoch: 1, Walltime: 2.043079 CPU time: 11.229944
2026-07-26 14:47:40,397 - Evaluate - INFO - ASR Module... Epoch: 1, RSS: 5.64 GB
2026-07-26 14:47:40,398 - Evaluate - INFO - ASR... Epoch: 1, Walltime: 1.578173 CPU time: 8.539443
2026-07-26 14:47:41,728 - Evaluate - INFO - ASR Module... Epoch: 1, RSS: 5.64 GB
2026-07-26 14:47:41,729 - Evaluate - INFO - ASR... Epoch: 1, Walltime: 1.327783 CPU time: 7.657599
2026-07-26 14:47:43,114 - Evaluate - INFO - ASR Module... Epoch: 1, RSS: 5.64 GB
2026-07-26 14:47:43,115 - Evaluate - INFO - ASR... Epoch: 1, Walltime: 1.383035 CPU time: 7.925607
2026-07-26 14:47:44,735 - Evaluate - INFO - ASR Module... Epoch: 1, RSS: 5.64 GB
2026-07-26 14:47:44,735 - Evaluate - INFO - ASR... Epoch: 1, Walltime: 1.617019 CPU time: 8.764953
2026-07-26 14:47:46,538 - Evaluate - INFO - ASR Module... Epoch: 1, RSS: 5.64 GB
2026-07-26 14:47:46,539 - Evaluate - INFO - ASR... Epoch: 1, Walltime: 1.799721 CPU time: 9.917445
2026-07-26 14:47:47,745 - Evaluate - INFO - ASR Module... Epoch: 1, RSS: 5.64 GB
2026-07-26 14:47:47,746 - Evaluate - INFO - ASR... Epoch: 1, Walltime: 1.203527 CPU time: 6.827934
2026-07-26 14:47:49,294 - Evaluate - INFO - ASR Module... Epoch: 1, RSS: 5.64 GB
2026-07-26 14:47:49,295 - Evaluate - INFO - ASR... Epoch: 1, Walltime: 1.545689 CPU time: 8.315339
2026-07-26 14:47:50,762 - Evaluate - INFO - ASR Module... Epoch: 1, RSS: 5.64 GB
2026-07-26 14:47:50,763 - Evaluate - INFO - ASR... Epoch: 1, Walltime: 1.464876 CPU time: 8.133781
2026-07-26 14:47:53,330 - Evaluate - INFO - ASR Module... Epoch: 1, RSS: 5.64 GB
2026-07-26 14:47:53,331 - Evaluate - INFO - ASR... Epoch: 1, Walltime: 2.563367 CPU time: 13.979040
2026-07-26 14:47:55,372 - Evaluate - INFO - ASR Module... Epoch: 1, RSS: 5.64 GB
2026-07-26 14:47:55,373 - Evaluate - INFO - ASR... Epoch: 1, Walltime: 2.037465 CPU time: 11.197901
2026-07-26 14:47:57,393 - Evaluate - INFO - ASR Module... Epoch: 1, RSS: 5.64 GB
2026-07-26 14:47:57,394 - Evaluate - INFO - ASR... Epoch: 1, Walltime: 2.017147 CPU time: 11.197047
2026-07-26 14:47:58,926 - Evaluate - INFO - ASR Module... Epoch: 1, RSS: 5.64 GB
2026-07-26 14:47:58,927 - Evaluate - INFO - ASR... Epoch: 1, Walltime: 1.530146 CPU time: 8.713333
2026-07-26 14:48:01,104 - Evaluate - INFO - ASR Module... Epoch: 1, RSS: 5.64 GB
2026-07-26 14:48:01,104 - Evaluate - INFO - ASR... Epoch: 1, Walltime: 2.173083 CPU time: 12.435148
2026-07-26 14:48:03,218 - Evaluate - INFO - ASR Module... Epoch: 1, RSS: 5.64 GB
2026-07-26 14:48:03,219 - Evaluate - INFO - ASR... Epoch: 1, Walltime: 2.110417 CPU time: 11.896927
2026-07-26 14:48:04,468 - Evaluate - INFO - ASR Module... Epoch: 1, RSS: 5.64 GB
2026-07-26 14:48:04,469 - Evaluate - INFO - ASR... Epoch: 1, Walltime: 1.247078 CPU time: 7.215818
2026-07-26 14:48:06,593 - Evaluate - INFO - ASR Module... Epoch: 1, RSS: 5.64 GB
2026-07-26 14:48:06,594 - Evaluate - INFO - ASR... Epoch: 1, Walltime: 2.121438 CPU time: 11.549677
2026-07-26 14:48:08,311 - Evaluate - INFO - ASR Module... Epoch: 1, RSS: 5.64 GB
2026-07-26 14:48:08,312 - Evaluate - INFO - ASR... Epoch: 1, Walltime: 1.714500 CPU time: 9.520538
2026-07-26 14:48:10,667 - Evaluate - INFO - ASR Module... Epoch: 1, RSS: 5.64 GB
2026-07-26 14:48:10,668 - Evaluate - INFO - ASR... Epoch: 1, Walltime: 2.350845 CPU time: 12.733429
2026-07-26 14:48:13,849 - Evaluate - INFO - ASR Module... Epoch: 1, RSS: 5.64 GB
2026-07-26 14:48:13,850 - Evaluate - INFO - ASR... Epoch: 1, Walltime: 3.175718 CPU time: 16.476484
2026-07-26 14:48:15,557 - Evaluate - INFO - ASR Module... Epoch: 1, RSS: 5.64 GB
2026-07-26 14:48:15,557 - Evaluate - INFO - ASR... Epoch: 1, Walltime: 1.701981 CPU time: 9.757361
2026-07-26 14:48:17,016 - Evaluate - INFO - ASR Module... Epoch: 1, RSS: 5.64 GB
2026-07-26 14:48:17,017 - Evaluate - INFO - ASR... Epoch: 1, Walltime: 1.454877 CPU time: 8.435223
2026-07-26 14:48:19,272 - Evaluate - INFO - ASR Module... Epoch: 1, RSS: 5.64 GB
2026-07-26 14:48:19,273 - Evaluate - INFO - ASR... Epoch: 1, Walltime: 2.251291 CPU time: 12.957220
2026-07-26 14:48:21,200 - Evaluate - INFO - ASR Module... Epoch: 1, RSS: 5.64 GB
2026-07-26 14:48:21,202 - Evaluate - INFO - ASR... Epoch: 1, Walltime: 1.924869 CPU time: 10.973080
2026-07-26 14:48:23,647 - Evaluate - INFO - ASR Module... Epoch: 1, RSS: 5.64 GB
2026-07-26 14:48:23,647 - Evaluate - INFO - ASR... Epoch: 1, Walltime: 2.441570 CPU time: 13.877678
2026-07-26 14:48:26,036 - Evaluate - INFO - ASR Module... Epoch: 1, RSS: 5.64 GB
2026-07-26 14:48:26,037 - Evaluate - INFO - ASR... Epoch: 1, Walltime: 2.385324 CPU time: 13.550736
2026-07-26 14:48:28,223 - Evaluate - INFO - ASR Module... Epoch: 1, RSS: 5.64 GB
2026-07-26 14:48:28,224 - Evaluate - INFO - ASR... Epoch: 1, Walltime: 2.183541 CPU time: 12.591622
2026-07-26 14:48:30,493 - Evaluate - INFO - ASR Module... Epoch: 1, RSS: 5.64 GB
2026-07-26 14:48:30,494 - Evaluate - INFO - ASR... Epoch: 1, Walltime: 2.265519 CPU time: 13.016363
2026-07-26 14:48:32,020 - Evaluate - INFO - ASR Module... Epoch: 1, RSS: 5.64 GB
2026-07-26 14:48:32,021 - Evaluate - INFO - ASR... Epoch: 1, Walltime: 1.523638 CPU time: 8.702502
2026-07-26 14:48:33,813 - Evaluate - INFO - ASR Module... Epoch: 1, RSS: 5.64 GB
2026-07-26 14:48:33,814 - Evaluate - INFO - ASR... Epoch: 1, Walltime: 1.789180 CPU time: 10.219127
2026-07-26 14:48:35,862 - Evaluate - INFO - ASR Module... Epoch: 1, RSS: 5.64 GB
2026-07-26 14:48:35,862 - Evaluate - INFO - ASR... Epoch: 1, Walltime: 2.045402 CPU time: 11.820331
2026-07-26 14:48:37,028 - Evaluate - INFO - ASR Module... Epoch: 1, RSS: 5.64 GB
2026-07-26 14:48:37,029 - Evaluate - INFO - ASR... Epoch: 1, Walltime: 1.164131 CPU time: 6.781530
2026-07-26 14:48:39,418 - Evaluate - INFO - ASR Module... Epoch: 1, RSS: 5.64 GB
2026-07-26 14:48:39,419 - Evaluate - INFO - ASR... Epoch: 1, Walltime: 2.386011 CPU time: 13.687409
2026-07-26 14:48:41,105 - Evaluate - INFO - ASR Module... Epoch: 1, RSS: 5.64 GB
2026-07-26 14:48:41,106 - Evaluate - INFO - ASR... Epoch: 1, Walltime: 1.682409 CPU time: 9.556862
2026-07-26 14:48:42,775 - Evaluate - INFO - ASR Module... Epoch: 1, RSS: 5.64 GB
2026-07-26 14:48:42,775 - Evaluate - INFO - ASR... Epoch: 1, Walltime: 1.666011 CPU time: 9.292065
2026-07-26 14:48:45,413 - Evaluate - INFO - ASR Module... Epoch: 1, RSS: 5.64 GB
2026-07-26 14:48:45,414 - Evaluate - INFO - ASR... Epoch: 1, Walltime: 2.634388 CPU time: 14.809284
2026-07-26 14:48:46,764 - Evaluate - INFO - ASR Module... Epoch: 1, RSS: 5.64 GB
2026-07-26 14:48:46,765 - Evaluate - INFO - ASR... Epoch: 1, Walltime: 1.347226 CPU time: 7.572711
2026-07-26 14:48:47,934 - Evaluate - INFO - ASR Module... Epoch: 1, RSS: 5.64 GB
2026-07-26 14:48:47,935 - Evaluate - INFO - ASR... Epoch: 1, Walltime: 1.166565 CPU time: 6.873526
2026-07-26 14:48:49,938 - Evaluate - INFO - ASR Module... Epoch: 1, RSS: 5.64 GB
2026-07-26 14:48:49,939 - Evaluate - INFO - ASR... Epoch: 1, Walltime: 2.000414 CPU time: 11.395397
2026-07-26 14:48:51,784 - Evaluate - INFO - ASR Module... Epoch: 1, RSS: 5.64 GB
2026-07-26 14:48:51,784 - Evaluate - INFO - ASR... Epoch: 1, Walltime: 1.841751 CPU time: 10.273418
2026-07-26 14:48:54,049 - Evaluate - INFO - ASR Module... Epoch: 1, RSS: 5.64 GB
2026-07-26 14:48:54,050 - Evaluate - INFO - ASR... Epoch: 1, Walltime: 2.261847 CPU time: 12.616260
2026-07-26 14:48:56,737 - Evaluate - INFO - ASR Module... Epoch: 1, RSS: 5.64 GB
2026-07-26 14:48:56,738 - Evaluate - INFO - ASR... Epoch: 1, Walltime: 2.683515 CPU time: 14.453948
2026-07-26 14:48:58,552 - Evaluate - INFO - ASR Module... Epoch: 1, RSS: 5.64 GB
2026-07-26 14:48:58,553 - Evaluate - INFO - ASR... Epoch: 1, Walltime: 1.809732 CPU time: 10.601905
2026-07-26 14:49:01,117 - Evaluate - INFO - ASR Module... Epoch: 1, RSS: 5.64 GB
2026-07-26 14:49:01,117 - Evaluate - INFO - ASR... Epoch: 1, Walltime: 2.560225 CPU time: 14.436279
2026-07-26 14:49:02,798 - Evaluate - INFO - ASR Module... Epoch: 1, RSS: 5.64 GB
2026-07-26 14:49:02,798 - Evaluate - INFO - ASR... Epoch: 1, Walltime: 1.675644 CPU time: 9.411106
2026-07-26 14:49:05,213 - Evaluate - INFO - ASR Module... Epoch: 1, RSS: 5.64 GB
2026-07-26 14:49:05,214 - Evaluate - INFO - ASR... Epoch: 1, Walltime: 2.411176 CPU time: 13.588616
2026-07-26 14:49:07,089 - Evaluate - INFO - ASR Module... Epoch: 1, RSS: 5.64 GB
2026-07-26 14:49:07,090 - Evaluate - INFO - ASR... Epoch: 1, Walltime: 1.870986 CPU time: 10.853342
2026-07-26 14:49:09,179 - Evaluate - INFO - ASR Module... Epoch: 1, RSS: 5.64 GB
2026-07-26 14:49:09,180 - Evaluate - INFO - ASR... Epoch: 1, Walltime: 2.085683 CPU time: 11.514841
2026-07-26 14:49:10,949 - Evaluate - INFO - ASR Module... Epoch: 1, RSS: 5.64 GB
2026-07-26 14:49:10,950 - Evaluate - INFO - ASR... Epoch: 1, Walltime: 1.766624 CPU time: 10.353430
2026-07-26 14:49:13,310 - Evaluate - INFO - ASR Module... Epoch: 1, RSS: 5.64 GB
2026-07-26 14:49:13,311 - Evaluate - INFO - ASR... Epoch: 1, Walltime: 2.356302 CPU time: 13.488083
2026-07-26 14:49:17,040 - Evaluate - INFO - ASR Module... Epoch: 1, RSS: 5.64 GB
2026-07-26 14:49:17,041 - Evaluate - INFO - ASR... Epoch: 1, Walltime: 3.723760 CPU time: 21.017944
2026-07-26 14:49:19,451 - Evaluate - INFO - ASR Module... Epoch: 1, RSS: 5.64 GB
2026-07-26 14:49:19,452 - Evaluate - INFO - ASR... Epoch: 1, Walltime: 2.405993 CPU time: 13.545862
2026-07-26 14:49:22,594 - Evaluate - INFO - ASR Module... Epoch: 1, RSS: 5.64 GB
2026-07-26 14:49:22,594 - Evaluate - INFO - ASR... Epoch: 1, Walltime: 3.136855 CPU time: 17.611506
2026-07-26 14:49:25,640 - Evaluate - INFO - ASR Module... Epoch: 1, RSS: 5.64 GB
2026-07-26 14:49:25,641 - Evaluate - INFO - ASR... Epoch: 1, Walltime: 3.041117 CPU time: 16.546574
2026-07-26 14:49:27,951 - Evaluate - INFO - ASR Module... Epoch: 1, RSS: 5.64 GB
2026-07-26 14:49:27,952 - Evaluate - INFO - ASR... Epoch: 1, Walltime: 2.305650 CPU time: 12.923922
2026-07-26 14:49:29,874 - Evaluate - INFO - ASR Module... Epoch: 1, RSS: 5.64 GB
2026-07-26 14:49:29,875 - Evaluate - INFO - ASR... Epoch: 1, Walltime: 1.918712 CPU time: 10.916337
2026-07-26 14:49:32,802 - Evaluate - INFO - ASR Module... Epoch: 1, RSS: 5.64 GB
2026-07-26 14:49:32,803 - Evaluate - INFO - ASR... Epoch: 1, Walltime: 2.921881 CPU time: 16.282487
2026-07-26 14:49:35,425 - Evaluate - INFO - ASR Module... Epoch: 1, RSS: 5.64 GB
2026-07-26 14:49:35,426 - Evaluate - INFO - ASR... Epoch: 1, Walltime: 2.618534 CPU time: 14.603083
2026-07-26 14:49:37,819 - Evaluate - INFO - ASR Module... Epoch: 1, RSS: 5.64 GB
2026-07-26 14:49:37,820 - Evaluate - INFO - ASR... Epoch: 1, Walltime: 2.389085 CPU time: 13.262975
2026-07-26 14:49:40,318 - Evaluate - INFO - ASR Module... Epoch: 1, RSS: 5.64 GB
2026-07-26 14:49:40,318 - Evaluate - INFO - ASR... Epoch: 1, Walltime: 2.493986 CPU time: 13.905065
2026-07-26 14:49:44,008 - Evaluate - INFO - ASR Module... Epoch: 1, RSS: 5.64 GB
2026-07-26 14:49:44,009 - Evaluate - INFO - ASR... Epoch: 1, Walltime: 3.684749 CPU time: 20.945636
2026-07-26 14:49:47,064 - Evaluate - INFO - ASR Module... Epoch: 1, RSS: 5.64 GB
2026-07-26 14:49:47,065 - Evaluate - INFO - ASR... Epoch: 1, Walltime: 3.050603 CPU time: 17.387528
2026-07-26 14:49:49,875 - Evaluate - INFO - ASR Module... Epoch: 1, RSS: 5.64 GB
2026-07-26 14:49:49,876 - Evaluate - INFO - ASR... Epoch: 1, Walltime: 2.805109 CPU time: 15.753588
2026-07-26 14:49:53,189 - Evaluate - INFO - ASR Module... Epoch: 1, RSS: 5.64 GB
2026-07-26 14:49:53,190 - Evaluate - INFO - ASR... Epoch: 1, Walltime: 3.309125 CPU time: 18.769701
2026-07-26 14:49:56,310 - Evaluate - INFO - ASR Module... Epoch: 1, RSS: 5.64 GB
2026-07-26 14:49:56,310 - Evaluate - INFO - ASR... Epoch: 1, Walltime: 3.113686 CPU time: 17.531719
2026-07-26 14:49:59,387 - Evaluate - INFO - ASR Module... Epoch: 1, RSS: 5.64 GB
2026-07-26 14:49:59,388 - Evaluate - INFO - ASR... Epoch: 1, Walltime: 3.071821 CPU time: 17.462958
2026-07-26 14:50:01,521 - Evaluate - INFO - ASR Module... Epoch: 1, RSS: 5.64 GB
2026-07-26 14:50:01,522 - Evaluate - INFO - ASR... Epoch: 1, Walltime: 2.127415 CPU time: 12.110280
2026-07-26 14:50:04,330 - Evaluate - INFO - ASR Module... Epoch: 1, RSS: 5.64 GB
2026-07-26 14:50:04,331 - Evaluate - INFO - ASR... Epoch: 1, Walltime: 2.804098 CPU time: 15.981707
2026-07-26 14:50:06,650 - Evaluate - INFO - ASR Module... Epoch: 1, RSS: 5.64 GB
2026-07-26 14:50:06,651 - Evaluate - INFO - ASR... Epoch: 1, Walltime: 2.315048 CPU time: 12.831129
2026-07-26 14:50:08,923 - Evaluate - INFO - ASR Module... Epoch: 1, RSS: 5.64 GB
2026-07-26 14:50:08,924 - Evaluate - INFO - ASR... Epoch: 1, Walltime: 2.266674 CPU time: 12.884834
2026-07-26 14:50:12,731 - Evaluate - INFO - ASR Module... Epoch: 1, RSS: 5.64 GB
2026-07-26 14:50:12,732 - Evaluate - INFO - ASR... Epoch: 1, Walltime: 3.800996 CPU time: 21.422100
2026-07-26 14:50:15,810 - Evaluate - INFO - ASR Module... Epoch: 1, RSS: 5.64 GB
2026-07-26 14:50:15,811 - Evaluate - INFO - ASR... Epoch: 1, Walltime: 3.072725 CPU time: 17.266705
2026-07-26 14:50:17,891 - Evaluate - INFO - ASR Module... Epoch: 1, RSS: 5.64 GB
2026-07-26 14:50:17,892 - Evaluate - INFO - ASR... Epoch: 1, Walltime: 2.076204 CPU time: 11.968306
2026-07-26 14:50:21,280 - Evaluate - INFO - ASR Module... Epoch: 1, RSS: 5.64 GB
2026-07-26 14:50:21,281 - Evaluate - INFO - ASR... Epoch: 1, Walltime: 3.383046 CPU time: 18.806886
2026-07-26 14:50:23,974 - Evaluate - INFO - ASR Module... Epoch: 1, RSS: 5.64 GB
2026-07-26 14:50:23,975 - Evaluate - INFO - ASR... Epoch: 1, Walltime: 2.689182 CPU time: 15.126652
2026-07-26 14:50:27,963 - Evaluate - INFO - ASR Module... Epoch: 1, RSS: 5.63 GB
2026-07-26 14:50:27,963 - Evaluate - INFO - ASR... Epoch: 1, Walltime: 3.982391 CPU time: 21.834116
2026-07-26 14:50:31,901 - Evaluate - INFO - ASR Module... Epoch: 1, RSS: 5.63 GB
2026-07-26 14:50:31,902 - Evaluate - INFO - ASR... Epoch: 1, Walltime: 3.931959 CPU time: 21.915095
2026-07-26 14:50:34,895 - Evaluate - INFO - ASR Module... Epoch: 1, RSS: 5.63 GB
2026-07-26 14:50:34,896 - Evaluate - INFO - ASR... Epoch: 1, Walltime: 2.987752 CPU time: 17.042323
2026-07-26 14:50:37,193 - Evaluate - INFO - ASR Module... Epoch: 1, RSS: 5.63 GB
2026-07-26 14:50:37,194 - Evaluate - INFO - ASR... Epoch: 1, Walltime: 2.293697 CPU time: 13.077348
2026-07-26 14:50:39,058 - Evaluate - INFO - ASR Module... Epoch: 1, RSS: 5.63 GB
2026-07-26 14:50:39,059 - Evaluate - INFO - ASR... Epoch: 1, Walltime: 1.859797 CPU time: 10.726788
2026-07-26 14:50:42,494 - Evaluate - INFO - ASR Module... Epoch: 1, RSS: 5.63 GB
2026-07-26 14:50:42,495 - Evaluate - INFO - ASR... Epoch: 1, Walltime: 3.430867 CPU time: 19.091588
2026-07-26 14:50:44,721 - Evaluate - INFO - ASR Module... Epoch: 1, RSS: 5.63 GB
2026-07-26 14:50:44,722 - Evaluate - INFO - ASR... Epoch: 1, Walltime: 2.222404 CPU time: 12.455545
2026-07-26 14:50:47,410 - Evaluate - INFO - ASR Module... Epoch: 1, RSS: 5.63 GB
2026-07-26 14:50:47,411 - Evaluate - INFO - ASR... Epoch: 1, Walltime: 2.684251 CPU time: 14.746735
2026-07-26 14:50:49,088 - Evaluate - INFO - ASR Module... Epoch: 1, RSS: 5.63 GB
2026-07-26 14:50:49,088 - Evaluate - INFO - ASR... Epoch: 1, Walltime: 1.672959 CPU time: 9.493231
2026-07-26 14:50:50,387 - Evaluate - INFO - ASR Module... Epoch: 1, RSS: 5.63 GB
2026-07-26 14:50:50,387 - Evaluate - INFO - ASR... Epoch: 1, Walltime: 1.295197 CPU time: 7.270245
2026-07-26 14:50:52,162 - Evaluate - INFO - ASR Module... Epoch: 1, RSS: 5.63 GB
2026-07-26 14:50:52,162 - Evaluate - INFO - ASR... Epoch: 1, Walltime: 1.770332 CPU time: 9.914324
2026-07-26 14:50:53,321 - Evaluate - INFO - ASR Module... Epoch: 1, RSS: 5.63 GB
2026-07-26 14:50:53,322 - Evaluate - INFO - ASR... Epoch: 1, Walltime: 1.156380 CPU time: 6.126437
2026-07-26 14:50:56,277 - Evaluate - INFO - ASR Module... Epoch: 1, RSS: 5.63 GB
2026-07-26 14:50:56,278 - Evaluate - INFO - ASR... Epoch: 1, Walltime: 2.951572 CPU time: 15.644451
2026-07-26 14:50:59,106 - Evaluate - INFO - ASR Module... Epoch: 1, RSS: 5.63 GB
2026-07-26 14:50:59,108 - Evaluate - INFO - ASR... Epoch: 1, Walltime: 2.824636 CPU time: 14.667663
2026-07-26 14:51:01,173 - Evaluate - INFO - ASR Module... Epoch: 1, RSS: 5.63 GB
2026-07-26 14:51:01,174 - Evaluate - INFO - ASR... Epoch: 1, Walltime: 2.061173 CPU time: 10.744242
2026-07-26 14:51:03,426 - Evaluate - INFO - ASR Module... Epoch: 1, RSS: 5.63 GB
2026-07-26 14:51:03,427 - Evaluate - INFO - ASR... Epoch: 1, Walltime: 2.247630 CPU time: 12.363800
2026-07-26 14:51:05,293 - Evaluate - INFO - ASR Module... Epoch: 1, RSS: 5.63 GB
2026-07-26 14:51:05,294 - Evaluate - INFO - ASR... Epoch: 1, Walltime: 1.862094 CPU time: 10.414361
2026-07-26 14:51:06,858 - Evaluate - INFO - ASR Module... Epoch: 1, RSS: 5.63 GB
2026-07-26 14:51:06,859 - Evaluate - INFO - ASR... Epoch: 1, Walltime: 1.559916 CPU time: 8.236551
2026-07-26 14:51:08,367 - Evaluate - INFO - ASR Module... Epoch: 1, RSS: 5.63 GB
2026-07-26 14:51:08,368 - Evaluate - INFO - ASR... Epoch: 1, Walltime: 1.504958 CPU time: 8.285360
2026-07-26 14:51:09,770 - Evaluate - INFO - ASR Module... Epoch: 1, RSS: 5.63 GB
2026-07-26 14:51:09,771 - Evaluate - INFO - ASR... Epoch: 1, Walltime: 1.399229 CPU time: 7.541355
2026-07-26 14:51:11,071 - Evaluate - INFO - ASR Module... Epoch: 1, RSS: 5.63 GB
2026-07-26 14:51:11,071 - Evaluate - INFO - ASR... Epoch: 1, Walltime: 1.296756 CPU time: 7.063916
2026-07-26 14:51:12,354 - Evaluate - INFO - ASR Module... Epoch: 1, RSS: 5.63 GB
2026-07-26 14:51:12,354 - Evaluate - INFO - ASR... Epoch: 1, Walltime: 1.279200 CPU time: 7.258935
2026-07-26 14:51:14,273 - Evaluate - INFO - ASR Module... Epoch: 1, RSS: 5.63 GB
2026-07-26 14:51:14,274 - Evaluate - INFO - ASR... Epoch: 1, Walltime: 1.914457 CPU time: 10.418394
2026-07-26 14:51:15,835 - Evaluate - INFO - ASR Module... Epoch: 1, RSS: 5.63 GB
2026-07-26 14:51:15,836 - Evaluate - INFO - ASR... Epoch: 1, Walltime: 1.558518 CPU time: 8.996146
2026-07-26 14:51:17,596 - Evaluate - INFO - ASR Module... Epoch: 1, RSS: 5.63 GB
2026-07-26 14:51:17,597 - Evaluate - INFO - ASR... Epoch: 1, Walltime: 1.757341 CPU time: 9.739480
2026-07-26 14:51:19,227 - Evaluate - INFO - ASR Module... Epoch: 1, RSS: 5.63 GB
2026-07-26 14:51:19,228 - Evaluate - INFO - ASR... Epoch: 1, Walltime: 1.627774 CPU time: 9.131919
2026-07-26 14:51:20,992 - Evaluate - INFO - ASR Module... Epoch: 1, RSS: 5.63 GB
2026-07-26 14:51:20,993 - Evaluate - INFO - ASR... Epoch: 1, Walltime: 1.761634 CPU time: 9.824925
2026-07-26 14:51:22,301 - Evaluate - INFO - ASR Module... Epoch: 1, RSS: 5.63 GB
2026-07-26 14:51:22,302 - Evaluate - INFO - ASR... Epoch: 1, Walltime: 1.305185 CPU time: 6.885972
2026-07-26 14:51:24,071 - Evaluate - INFO - ASR Module... Epoch: 1, RSS: 5.63 GB
2026-07-26 14:51:24,071 - Evaluate - INFO - ASR... Epoch: 1, Walltime: 1.766100 CPU time: 9.569710
2026-07-26 14:51:25,501 - Evaluate - INFO - ASR Module... Epoch: 1, RSS: 5.63 GB
2026-07-26 14:51:25,502 - Evaluate - INFO - ASR... Epoch: 1, Walltime: 1.426841 CPU time: 8.084755
2026-07-26 14:51:26,996 - Evaluate - INFO - ASR Module... Epoch: 1, RSS: 5.63 GB
2026-07-26 14:51:26,997 - Evaluate - INFO - ASR... Epoch: 1, Walltime: 1.492243 CPU time: 8.106572
2026-07-26 14:51:28,725 - Evaluate - INFO - ASR Module... Epoch: 1, RSS: 5.63 GB
2026-07-26 14:51:28,726 - Evaluate - INFO - ASR... Epoch: 1, Walltime: 1.726068 CPU time: 9.471208
2026-07-26 14:51:30,696 - Evaluate - INFO - ASR Module... Epoch: 1, RSS: 5.63 GB
2026-07-26 14:51:30,696 - Evaluate - INFO - ASR... Epoch: 1, Walltime: 1.966566 CPU time: 10.899386
2026-07-26 14:51:32,763 - Evaluate - INFO - ASR Module... Epoch: 1, RSS: 5.63 GB
2026-07-26 14:51:32,764 - Evaluate - INFO - ASR... Epoch: 1, Walltime: 2.063599 CPU time: 11.600089
2026-07-26 14:51:34,023 - Evaluate - INFO - ASR Module... Epoch: 1, RSS: 5.63 GB
2026-07-26 14:51:34,024 - Evaluate - INFO - ASR... Epoch: 1, Walltime: 1.256310 CPU time: 7.161157
2026-07-26 14:51:35,320 - Evaluate - INFO - ASR Module... Epoch: 1, RSS: 5.63 GB
2026-07-26 14:51:35,321 - Evaluate - INFO - ASR... Epoch: 1, Walltime: 1.293488 CPU time: 7.185434
2026-07-26 14:51:37,008 - Evaluate - INFO - ASR Module... Epoch: 1, RSS: 5.63 GB
2026-07-26 14:51:37,009 - Evaluate - INFO - ASR... Epoch: 1, Walltime: 1.683879 CPU time: 9.265575
2026-07-26 14:51:38,731 - Evaluate - INFO - ASR Module... Epoch: 1, RSS: 5.63 GB
2026-07-26 14:51:38,732 - Evaluate - INFO - ASR... Epoch: 1, Walltime: 1.719806 CPU time: 9.407732
2026-07-26 14:51:40,110 - Evaluate - INFO - ASR Module... Epoch: 1, RSS: 5.63 GB
2026-07-26 14:51:40,111 - Evaluate - INFO - ASR... Epoch: 1, Walltime: 1.376241 CPU time: 7.631403
2026-07-26 14:51:41,396 - Evaluate - INFO - ASR Module... Epoch: 1, RSS: 5.63 GB
2026-07-26 14:51:41,397 - Evaluate - INFO - ASR... Epoch: 1, Walltime: 1.283830 CPU time: 7.173476
2026-07-26 14:51:42,863 - Evaluate - INFO - ASR Module... Epoch: 1, RSS: 5.63 GB
2026-07-26 14:51:42,864 - Evaluate - INFO - ASR... Epoch: 1, Walltime: 1.463274 CPU time: 8.148771
2026-07-26 14:51:44,572 - Evaluate - INFO - ASR Module... Epoch: 1, RSS: 5.63 GB
2026-07-26 14:51:44,572 - Evaluate - INFO - ASR... Epoch: 1, Walltime: 1.705314 CPU time: 9.347279
2026-07-26 14:51:46,217 - Evaluate - INFO - ASR Module... Epoch: 1, RSS: 5.63 GB
2026-07-26 14:51:46,218 - Evaluate - INFO - ASR... Epoch: 1, Walltime: 1.642225 CPU time: 9.091428
2026-07-26 14:51:47,843 - Evaluate - INFO - ASR Module... Epoch: 1, RSS: 5.63 GB
2026-07-26 14:51:47,844 - Evaluate - INFO - ASR... Epoch: 1, Walltime: 1.621312 CPU time: 9.060725
2026-07-26 14:51:49,494 - Evaluate - INFO - ASR Module... Epoch: 1, RSS: 5.63 GB
2026-07-26 14:51:49,494 - Evaluate - INFO - ASR... Epoch: 1, Walltime: 1.647227 CPU time: 9.449665
2026-07-26 14:51:51,205 - Evaluate - INFO - ASR Module... Epoch: 1, RSS: 5.63 GB
2026-07-26 14:51:51,206 - Evaluate - INFO - ASR... Epoch: 1, Walltime: 1.707767 CPU time: 9.204781
2026-07-26 14:51:53,065 - Evaluate - INFO - ASR Module... Epoch: 1, RSS: 5.63 GB
2026-07-26 14:51:53,066 - Evaluate - INFO - ASR... Epoch: 1, Walltime: 1.855776 CPU time: 10.615947
2026-07-26 14:51:54,851 - Evaluate - INFO - ASR Module... Epoch: 1, RSS: 5.63 GB
2026-07-26 14:51:54,852 - Evaluate - INFO - ASR... Epoch: 1, Walltime: 1.781596 CPU time: 10.265508
2026-07-26 14:51:56,393 - Evaluate - INFO - ASR Module... Epoch: 1, RSS: 5.63 GB
2026-07-26 14:51:56,394 - Evaluate - INFO - ASR... Epoch: 1, Walltime: 1.538366 CPU time: 8.439425
2026-07-26 14:51:57,684 - Evaluate - INFO - ASR Module... Epoch: 1, RSS: 5.63 GB
2026-07-26 14:51:57,685 - Evaluate - INFO - ASR... Epoch: 1, Walltime: 1.288831 CPU time: 6.854646
2026-07-26 14:51:59,469 - Evaluate - INFO - ASR Module... Epoch: 1, RSS: 5.63 GB
2026-07-26 14:51:59,470 - Evaluate - INFO - ASR... Epoch: 1, Walltime: 1.781194 CPU time: 9.549474
2026-07-26 14:52:01,405 - Evaluate - INFO - ASR Module... Epoch: 1, RSS: 5.63 GB
2026-07-26 14:52:01,406 - Evaluate - INFO - ASR... Epoch: 1, Walltime: 1.932606 CPU time: 10.881613
2026-07-26 14:52:03,358 - Evaluate - INFO - ASR Module... Epoch: 1, RSS: 5.63 GB
2026-07-26 14:52:03,359 - Evaluate - INFO - ASR... Epoch: 1, Walltime: 1.949045 CPU time: 10.429110
2026-07-26 14:52:04,673 - Evaluate - INFO - ASR Module... Epoch: 1, RSS: 5.63 GB
2026-07-26 14:52:04,674 - Evaluate - INFO - ASR... Epoch: 1, Walltime: 1.311814 CPU time: 7.166310
2026-07-26 14:52:06,599 - Evaluate - INFO - ASR Module... Epoch: 1, RSS: 5.63 GB
2026-07-26 14:52:06,600 - Evaluate - INFO - ASR... Epoch: 1, Walltime: 1.922320 CPU time: 10.108550
2026-07-26 14:52:08,320 - Evaluate - INFO - ASR Module... Epoch: 1, RSS: 5.63 GB
2026-07-26 14:52:08,321 - Evaluate - INFO - ASR... Epoch: 1, Walltime: 1.717546 CPU time: 9.530454
2026-07-26 14:52:09,798 - Evaluate - INFO - ASR Module... Epoch: 1, RSS: 5.63 GB
2026-07-26 14:52:09,798 - Evaluate - INFO - ASR... Epoch: 1, Walltime: 1.474198 CPU time: 8.095357
2026-07-26 14:52:11,213 - Evaluate - INFO - ASR Module... Epoch: 1, RSS: 5.63 GB
2026-07-26 14:52:11,214 - Evaluate - INFO - ASR... Epoch: 1, Walltime: 1.412016 CPU time: 7.865768
2026-07-26 14:52:13,651 - Evaluate - INFO - ASR Module... Epoch: 1, RSS: 5.63 GB
2026-07-26 14:52:13,652 - Evaluate - INFO - ASR... Epoch: 1, Walltime: 2.434669 CPU time: 13.654559
2026-07-26 14:52:15,580 - Evaluate - INFO - ASR Module... Epoch: 1, RSS: 5.63 GB
2026-07-26 14:52:15,581 - Evaluate - INFO - ASR... Epoch: 1, Walltime: 1.924399 CPU time: 10.306909
2026-07-26 14:52:17,928 - Evaluate - INFO - ASR Module... Epoch: 1, RSS: 5.63 GB
2026-07-26 14:52:17,929 - Evaluate - INFO - ASR... Epoch: 1, Walltime: 2.343180 CPU time: 12.553830
2026-07-26 14:52:19,639 - Evaluate - INFO - ASR Module... Epoch: 1, RSS: 5.63 GB
2026-07-26 14:52:19,640 - Evaluate - INFO - ASR... Epoch: 1, Walltime: 1.706859 CPU time: 9.738530
2026-07-26 14:52:22,314 - Evaluate - INFO - ASR Module... Epoch: 1, RSS: 5.63 GB
2026-07-26 14:52:22,315 - Evaluate - INFO - ASR... Epoch: 1, Walltime: 2.670645 CPU time: 14.410166
2026-07-26 14:52:25,381 - Evaluate - INFO - ASR Module... Epoch: 1, RSS: 5.63 GB
2026-07-26 14:52:25,381 - Evaluate - INFO - ASR... Epoch: 1, Walltime: 3.060446 CPU time: 16.742949
2026-07-26 14:52:27,430 - Evaluate - INFO - ASR Module... Epoch: 1, RSS: 5.63 GB
2026-07-26 14:52:27,431 - Evaluate - INFO - ASR... Epoch: 1, Walltime: 2.045993 CPU time: 10.796213
2026-07-26 14:52:29,654 - Evaluate - INFO - ASR Module... Epoch: 1, RSS: 5.63 GB
2026-07-26 14:52:29,655 - Evaluate - INFO - ASR... Epoch: 1, Walltime: 2.220288 CPU time: 11.500914
2026-07-26 14:52:31,500 - Evaluate - INFO - ASR Module... Epoch: 1, RSS: 5.63 GB
2026-07-26 14:52:31,501 - Evaluate - INFO - ASR... Epoch: 1, Walltime: 1.841530 CPU time: 10.610749
2026-07-26 14:52:34,666 - Evaluate - INFO - ASR Module... Epoch: 1, RSS: 5.63 GB
2026-07-26 14:52:34,667 - Evaluate - INFO - ASR... Epoch: 1, Walltime: 3.160424 CPU time: 17.140087
2026-07-26 14:52:37,311 - Evaluate - INFO - ASR Module... Epoch: 1, RSS: 5.63 GB
2026-07-26 14:52:37,312 - Evaluate - INFO - ASR... Epoch: 1, Walltime: 2.639133 CPU time: 14.227388
2026-07-26 14:52:39,577 - Evaluate - INFO - ASR Module... Epoch: 1, RSS: 5.63 GB
2026-07-26 14:52:39,578 - Evaluate - INFO - ASR... Epoch: 1, Walltime: 2.260505 CPU time: 12.102763
2026-07-26 14:52:41,768 - Evaluate - INFO - ASR Module... Epoch: 1, RSS: 5.63 GB
2026-07-26 14:52:41,769 - Evaluate - INFO - ASR... Epoch: 1, Walltime: 2.187185 CPU time: 11.767659
2026-07-26 14:52:43,270 - Evaluate - INFO - ASR Module... Epoch: 1, RSS: 5.63 GB
2026-07-26 14:52:43,271 - Evaluate - INFO - ASR... Epoch: 1, Walltime: 1.498963 CPU time: 8.442678
2026-07-26 14:52:44,318 - Evaluate - INFO - ASR Module... Epoch: 1, RSS: 5.63 GB
2026-07-26 14:52:44,319 - Evaluate - INFO - ASR... Epoch: 1, Walltime: 1.044676 CPU time: 5.886218
2026-07-26 14:52:47,270 - Evaluate - INFO - ASR Module... Epoch: 1, RSS: 5.63 GB
2026-07-26 14:52:47,271 - Evaluate - INFO - ASR... Epoch: 1, Walltime: 2.946961 CPU time: 15.553489
2026-07-26 14:52:49,821 - Evaluate - INFO - ASR Module... Epoch: 1, RSS: 5.63 GB
2026-07-26 14:52:49,822 - Evaluate - INFO - ASR... Epoch: 1, Walltime: 2.544979 CPU time: 13.853363
2026-07-26 14:52:52,528 - Evaluate - INFO - ASR Module... Epoch: 1, RSS: 5.63 GB
2026-07-26 14:52:52,528 - Evaluate - INFO - ASR... Epoch: 1, Walltime: 2.702063 CPU time: 14.034680
2026-07-26 14:52:54,146 - Evaluate - INFO - ASR Module... Epoch: 1, RSS: 5.63 GB
2026-07-26 14:52:54,147 - Evaluate - INFO - ASR... Epoch: 1, Walltime: 1.614684 CPU time: 9.126566
2026-07-26 14:52:57,132 - Evaluate - INFO - ASR Module... Epoch: 1, RSS: 5.63 GB
2026-07-26 14:52:57,133 - Evaluate - INFO - ASR... Epoch: 1, Walltime: 2.980937 CPU time: 16.202320
2026-07-26 14:52:59,709 - Evaluate - INFO - ASR Module... Epoch: 1, RSS: 5.60 GB
2026-07-26 14:52:59,710 - Evaluate - INFO - ASR... Epoch: 1, Walltime: 2.572676 CPU time: 14.603582
2026-07-26 14:53:02,670 - Evaluate - INFO - ASR Module... Epoch: 1, RSS: 5.60 GB
2026-07-26 14:53:02,671 - Evaluate - INFO - ASR... Epoch: 1, Walltime: 2.955951 CPU time: 16.983727
2026-07-26 14:53:04,778 - Evaluate - INFO - ASR Module... Epoch: 1, RSS: 5.60 GB
2026-07-26 14:53:04,779 - Evaluate - INFO - ASR... Epoch: 1, Walltime: 2.104019 CPU time: 11.594834
2026-07-26 14:53:06,869 - Evaluate - INFO - ASR Module... Epoch: 1, RSS: 5.60 GB
2026-07-26 14:53:06,870 - Evaluate - INFO - ASR... Epoch: 1, Walltime: 2.086685 CPU time: 11.949847
2026-07-26 14:53:09,630 - Evaluate - INFO - ASR Module... Epoch: 1, RSS: 5.60 GB
2026-07-26 14:53:09,631 - Evaluate - INFO - ASR... Epoch: 1, Walltime: 2.756009 CPU time: 15.246918
2026-07-26 14:53:11,925 - Evaluate - INFO - ASR Module... Epoch: 1, RSS: 5.60 GB
2026-07-26 14:53:11,925 - Evaluate - INFO - ASR... Epoch: 1, Walltime: 2.290517 CPU time: 12.848188
2026-07-26 14:53:16,097 - Evaluate - INFO - ASR Module... Epoch: 1, RSS: 5.60 GB
2026-07-26 14:53:16,098 - Evaluate - INFO - ASR... Epoch: 1, Walltime: 4.167074 CPU time: 22.701148
2026-07-26 14:53:19,001 - Evaluate - INFO - ASR Module... Epoch: 1, RSS: 5.60 GB
2026-07-26 14:53:19,002 - Evaluate - INFO - ASR... Epoch: 1, Walltime: 2.897984 CPU time: 16.738409
2026-07-26 14:53:22,634 - Evaluate - INFO - ASR Module... Epoch: 1, RSS: 5.60 GB
2026-07-26 14:53:22,634 - Evaluate - INFO - ASR... Epoch: 1, Walltime: 3.626309 CPU time: 20.595172
2026-07-26 14:53:25,553 - Evaluate - INFO - ASR Module... Epoch: 1, RSS: 5.60 GB
2026-07-26 14:53:25,553 - Evaluate - INFO - ASR... Epoch: 1, Walltime: 2.913421 CPU time: 16.577616
2026-07-26 14:53:27,877 - Evaluate - INFO - ASR Module... Epoch: 1, RSS: 5.61 GB
2026-07-26 14:53:27,878 - Evaluate - INFO - ASR... Epoch: 1, Walltime: 2.318310 CPU time: 13.223124
2026-07-26 14:53:31,799 - Evaluate - INFO - ASR Module... Epoch: 1, RSS: 5.61 GB
2026-07-26 14:53:31,800 - Evaluate - INFO - ASR... Epoch: 1, Walltime: 3.915538 CPU time: 22.690707
2026-07-26 14:53:33,796 - Evaluate - INFO - ASR Module... Epoch: 1, RSS: 5.61 GB
2026-07-26 14:53:33,796 - Evaluate - INFO - ASR... Epoch: 1, Walltime: 1.991489 CPU time: 11.555886
2026-07-26 14:53:36,956 - Evaluate - INFO - ASR Module... Epoch: 1, RSS: 5.61 GB
2026-07-26 14:53:36,957 - Evaluate - INFO - ASR... Epoch: 1, Walltime: 3.154742 CPU time: 17.798055
2026-07-26 14:53:38,929 - Evaluate - INFO - ASR Module... Epoch: 1, RSS: 5.61 GB
2026-07-26 14:53:38,930 - Evaluate - INFO - ASR... Epoch: 1, Walltime: 1.967514 CPU time: 11.429821
2026-07-26 14:53:41,234 - Evaluate - INFO - ASR Module... Epoch: 1, RSS: 5.61 GB
2026-07-26 14:53:41,235 - Evaluate - INFO - ASR... Epoch: 1, Walltime: 2.299387 CPU time: 13.002844
2026-07-26 14:53:42,532 - Evaluate - INFO - ASR Module... Epoch: 1, RSS: 5.61 GB
2026-07-26 14:53:42,532 - Evaluate - INFO - ASR... Epoch: 1, Walltime: 1.294293 CPU time: 7.388129
2026-07-26 14:53:43,991 - Evaluate - INFO - ASR Module... Epoch: 1, RSS: 5.61 GB
2026-07-26 14:53:43,992 - Evaluate - INFO - ASR... Epoch: 1, Walltime: 1.456355 CPU time: 8.082727
2026-07-26 14:53:45,473 - Evaluate - INFO - ASR Module... Epoch: 1, RSS: 5.61 GB
2026-07-26 14:53:45,474 - Evaluate - INFO - ASR... Epoch: 1, Walltime: 1.477955 CPU time: 8.213016
2026-07-26 14:53:47,398 - Evaluate - INFO - ASR Module... Epoch: 1, RSS: 5.61 GB
2026-07-26 14:53:47,399 - Evaluate - INFO - ASR... Epoch: 1, Walltime: 1.920961 CPU time: 10.616516
2026-07-26 14:53:49,946 - Evaluate - INFO - ASR Module... Epoch: 1, RSS: 5.61 GB
2026-07-26 14:53:49,947 - Evaluate - INFO - ASR... Epoch: 1, Walltime: 2.541974 CPU time: 14.491083
2026-07-26 14:53:52,515 - Evaluate - INFO - ASR Module... Epoch: 1, RSS: 5.61 GB
2026-07-26 14:53:52,515 - Evaluate - INFO - ASR... Epoch: 1, Walltime: 2.563891 CPU time: 14.233114
2026-07-26 14:53:56,003 - Evaluate - INFO - ASR Module... Epoch: 1, RSS: 5.61 GB
2026-07-26 14:53:56,004 - Evaluate - INFO - ASR... Epoch: 1, Walltime: 3.482821 CPU time: 19.959669
2026-07-26 14:53:58,627 - Evaluate - INFO - ASR Module... Epoch: 1, RSS: 5.61 GB
2026-07-26 14:53:58,628 - Evaluate - INFO - ASR... Epoch: 1, Walltime: 2.618779 CPU time: 15.386492
2026-07-26 14:54:01,261 - Evaluate - INFO - ASR Module... Epoch: 1, RSS: 5.61 GB
2026-07-26 14:54:01,262 - Evaluate - INFO - ASR... Epoch: 1, Walltime: 2.627512 CPU time: 15.116996
2026-07-26 14:54:03,439 - Evaluate - INFO - ASR Module... Epoch: 1, RSS: 5.61 GB
2026-07-26 14:54:03,440 - Evaluate - INFO - ASR... Epoch: 1, Walltime: 2.172875 CPU time: 12.502036
2026-07-26 14:54:05,121 - Evaluate - INFO - ASR Module... Epoch: 1, RSS: 5.64 GB
2026-07-26 14:54:05,121 - Evaluate - INFO - ASR... Epoch: 1, Walltime: 1.677870 CPU time: 9.382202
2026-07-26 14:54:06,601 - Evaluate - INFO - ASR Module... Epoch: 1, RSS: 5.64 GB
2026-07-26 14:54:06,602 - Evaluate - INFO - ASR... Epoch: 1, Walltime: 1.477152 CPU time: 8.250800
2026-07-26 14:54:08,336 - Evaluate - INFO - ASR Module... Epoch: 1, RSS: 5.64 GB
2026-07-26 14:54:08,337 - Evaluate - INFO - ASR... Epoch: 1, Walltime: 1.730359 CPU time: 9.207667
2026-07-26 14:54:09,703 - Evaluate - INFO - ASR Module... Epoch: 1, RSS: 5.64 GB
2026-07-26 14:54:09,703 - Evaluate - INFO - ASR... Epoch: 1, Walltime: 1.362491 CPU time: 7.658312
2026-07-26 14:54:10,813 - Evaluate - INFO - ASR Module... Epoch: 1, RSS: 5.64 GB
2026-07-26 14:54:10,813 - Evaluate - INFO - ASR... Epoch: 1, Walltime: 1.106294 CPU time: 6.267873
2026-07-26 14:54:12,413 - Evaluate - INFO - ASR Module... Epoch: 1, RSS: 5.64 GB
2026-07-26 14:54:12,414 - Evaluate - INFO - ASR... Epoch: 1, Walltime: 1.597570 CPU time: 8.860955
2026-07-26 14:54:13,987 - Evaluate - INFO - ASR Module... Epoch: 1, RSS: 5.64 GB
2026-07-26 14:54:13,987 - Evaluate - INFO - ASR... Epoch: 1, Walltime: 1.569562 CPU time: 8.970834
2026-07-26 14:54:15,117 - Evaluate - INFO - ASR Module... Epoch: 1, RSS: 5.64 GB
2026-07-26 14:54:15,118 - Evaluate - INFO - ASR... Epoch: 1, Walltime: 1.127555 CPU time: 6.199728
2026-07-26 14:54:16,348 - Evaluate - INFO - ASR Module... Epoch: 1, RSS: 5.64 GB
2026-07-26 14:54:16,348 - Evaluate - INFO - ASR... Epoch: 1, Walltime: 1.226974 CPU time: 7.112963
2026-07-26 14:54:18,651 - Evaluate - INFO - ASR Module... Epoch: 1, RSS: 5.64 GB
2026-07-26 14:54:18,652 - Evaluate - INFO - ASR... Epoch: 1, Walltime: 2.298634 CPU time: 13.202878
2026-07-26 14:54:22,079 - Evaluate - INFO - ASR Module... Epoch: 1, RSS: 5.64 GB
2026-07-26 14:54:22,079 - Evaluate - INFO - ASR... Epoch: 1, Walltime: 3.420984 CPU time: 18.437529
2026-07-26 14:54:23,263 - Evaluate - INFO - ASR Module... Epoch: 1, RSS: 5.64 GB
2026-07-26 14:54:23,264 - Evaluate - INFO - ASR... Epoch: 1, Walltime: 1.180634 CPU time: 6.871606
2026-07-26 14:54:26,494 - Evaluate - INFO - ASR Module... Epoch: 1, RSS: 5.64 GB
2026-07-26 14:54:26,495 - Evaluate - INFO - ASR... Epoch: 1, Walltime: 3.225863 CPU time: 18.655201
2026-07-26 14:54:28,284 - Evaluate - INFO - ASR Module... Epoch: 1, RSS: 5.64 GB
2026-07-26 14:54:28,284 - Evaluate - INFO - ASR... Epoch: 1, Walltime: 1.784283 CPU time: 10.085795
2026-07-26 14:54:29,426 - Evaluate - INFO - ASR Module... Epoch: 1, RSS: 5.64 GB
2026-07-26 14:54:29,427 - Evaluate - INFO - ASR... Epoch: 1, Walltime: 1.139121 CPU time: 6.616501
2026-07-26 14:54:30,724 - Evaluate - INFO - ASR Module... Epoch: 1, RSS: 5.64 GB
2026-07-26 14:54:30,725 - Evaluate - INFO - ASR... Epoch: 1, Walltime: 1.294210 CPU time: 7.367350
2026-07-26 14:54:32,366 - Evaluate - INFO - ASR Module... Epoch: 1, RSS: 5.64 GB
2026-07-26 14:54:32,367 - Evaluate - INFO - ASR... Epoch: 1, Walltime: 1.638069 CPU time: 9.613186
2026-07-26 14:54:35,187 - Evaluate - INFO - ASR Module... Epoch: 1, RSS: 5.64 GB
2026-07-26 14:54:35,187 - Evaluate - INFO - ASR... Epoch: 1, Walltime: 2.814332 CPU time: 16.054688
2026-07-26 14:54:37,550 - Evaluate - INFO - ASR Module... Epoch: 1, RSS: 5.64 GB
2026-07-26 14:54:37,551 - Evaluate - INFO - ASR... Epoch: 1, Walltime: 2.358547 CPU time: 13.551058
2026-07-26 14:54:39,570 - Evaluate - INFO - ASR Module... Epoch: 1, RSS: 5.64 GB
2026-07-26 14:54:39,571 - Evaluate - INFO - ASR... Epoch: 1, Walltime: 2.016132 CPU time: 11.276820
2026-07-26 14:54:42,019 - Evaluate - INFO - ASR Module... Epoch: 1, RSS: 5.64 GB
2026-07-26 14:54:42,020 - Evaluate - INFO - ASR... Epoch: 1, Walltime: 2.444246 CPU time: 13.572298
2026-07-26 14:54:44,706 - Evaluate - INFO - ASR Module... Epoch: 1, RSS: 5.64 GB
2026-07-26 14:54:44,706 - Evaluate - INFO - ASR... Epoch: 1, Walltime: 2.682164 CPU time: 15.069397
2026-07-26 14:54:47,242 - Evaluate - INFO - ASR Module... Epoch: 1, RSS: 5.64 GB
2026-07-26 14:54:47,243 - Evaluate - INFO - ASR... Epoch: 1, Walltime: 2.532182 CPU time: 14.492324
2026-07-26 14:54:49,471 - Evaluate - INFO - ASR Module... Epoch: 1, RSS: 5.64 GB
2026-07-26 14:54:49,472 - Evaluate - INFO - ASR... Epoch: 1, Walltime: 2.224494 CPU time: 12.837843
2026-07-26 14:54:52,056 - Evaluate - INFO - ASR Module... Epoch: 1, RSS: 5.64 GB
2026-07-26 14:54:52,057 - Evaluate - INFO - ASR... Epoch: 1, Walltime: 2.580544 CPU time: 14.841567
2026-07-26 14:54:53,711 - Evaluate - INFO - ASR Module... Epoch: 1, RSS: 5.64 GB
2026-07-26 14:54:53,711 - Evaluate - INFO - ASR... Epoch: 1, Walltime: 1.650834 CPU time: 9.053016
2026-07-26 14:54:54,944 - Evaluate - INFO - ASR Module... Epoch: 1, RSS: 5.64 GB
2026-07-26 14:54:54,945 - Evaluate - INFO - ASR... Epoch: 1, Walltime: 1.230120 CPU time: 7.166325
2026-07-26 14:54:57,269 - Evaluate - INFO - ASR Module... Epoch: 1, RSS: 5.64 GB
2026-07-26 14:54:57,270 - Evaluate - INFO - ASR... Epoch: 1, Walltime: 2.320559 CPU time: 12.710413
2026-07-26 14:54:58,946 - Evaluate - INFO - ASR Module... Epoch: 1, RSS: 5.64 GB
2026-07-26 14:54:58,947 - Evaluate - INFO - ASR... Epoch: 1, Walltime: 1.673907 CPU time: 9.182042
2026-07-26 14:55:00,673 - Evaluate - INFO - ASR Module... Epoch: 1, RSS: 5.64 GB
2026-07-26 14:55:00,674 - Evaluate - INFO - ASR... Epoch: 1, Walltime: 1.723612 CPU time: 9.466369
2026-07-26 14:55:02,207 - Evaluate - INFO - ASR Module... Epoch: 1, RSS: 5.64 GB
2026-07-26 14:55:02,208 - Evaluate - INFO - ASR... Epoch: 1, Walltime: 1.530634 CPU time: 8.323617
2026-07-26 14:55:04,029 - Evaluate - INFO - ASR Module... Epoch: 1, RSS: 5.64 GB
2026-07-26 14:55:04,029 - Evaluate - INFO - ASR... Epoch: 1, Walltime: 1.817515 CPU time: 10.104598
2026-07-26 14:55:05,848 - Evaluate - INFO - ASR Module... Epoch: 1, RSS: 5.64 GB
2026-07-26 14:55:05,848 - Evaluate - INFO - ASR... Epoch: 1, Walltime: 1.815225 CPU time: 10.130512
2026-07-26 14:55:08,948 - Evaluate - INFO - ASR Module... Epoch: 1, RSS: 5.64 GB
2026-07-26 14:55:08,948 - Evaluate - INFO - ASR... Epoch: 1, Walltime: 3.095361 CPU time: 16.824967
2026-07-26 14:55:10,997 - Evaluate - INFO - ASR Module... Epoch: 1, RSS: 5.64 GB
2026-07-26 14:55:10,998 - Evaluate - INFO - ASR... Epoch: 1, Walltime: 2.045047 CPU time: 11.543689
2026-07-26 14:55:13,264 - Evaluate - INFO - ASR Module... Epoch: 1, RSS: 5.64 GB
2026-07-26 14:55:13,265 - Evaluate - INFO - ASR... Epoch: 1, Walltime: 2.263469 CPU time: 12.247433
2026-07-26 14:55:14,826 - Evaluate - INFO - ASR Module... Epoch: 1, RSS: 5.64 GB
2026-07-26 14:55:14,826 - Evaluate - INFO - ASR... Epoch: 1, Walltime: 1.558298 CPU time: 8.648597
2026-07-26 14:55:16,779 - Evaluate - INFO - ASR Module... Epoch: 1, RSS: 5.64 GB
2026-07-26 14:55:16,780 - Evaluate - INFO - ASR... Epoch: 1, Walltime: 1.950650 CPU time: 10.706871
2026-07-26 14:55:19,270 - Evaluate - INFO - ASR Module... Epoch: 1, RSS: 5.64 GB
2026-07-26 14:55:19,271 - Evaluate - INFO - ASR... Epoch: 1, Walltime: 2.485577 CPU time: 13.417636
2026-07-26 14:55:21,025 - Evaluate - INFO - ASR Module... Epoch: 1, RSS: 5.64 GB
2026-07-26 14:55:21,026 - Evaluate - INFO - ASR... Epoch: 1, Walltime: 1.751152 CPU time: 9.752847
2026-07-26 14:55:22,677 - Evaluate - INFO - ASR Module... Epoch: 1, RSS: 5.64 GB
2026-07-26 14:55:22,678 - Evaluate - INFO - ASR... Epoch: 1, Walltime: 1.648706 CPU time: 9.240368
2026-07-26 14:55:24,245 - Evaluate - INFO - ASR Module... Epoch: 1, RSS: 5.64 GB
2026-07-26 14:55:24,246 - Evaluate - INFO - ASR... Epoch: 1, Walltime: 1.564564 CPU time: 8.992716
2026-07-26 14:55:25,996 - Evaluate - INFO - ASR Module... Epoch: 1, RSS: 5.64 GB
2026-07-26 14:55:25,997 - Evaluate - INFO - ASR... Epoch: 1, Walltime: 1.747234 CPU time: 9.527574
2026-07-26 14:55:28,402 - Evaluate - INFO - ASR Module... Epoch: 1, RSS: 5.64 GB
2026-07-26 14:55:28,403 - Evaluate - INFO - ASR... Epoch: 1, Walltime: 2.400407 CPU time: 13.459688
2026-07-26 14:55:29,963 - Evaluate - INFO - ASR Module... Epoch: 1, RSS: 5.64 GB
2026-07-26 14:55:29,964 - Evaluate - INFO - ASR... Epoch: 1, Walltime: 1.557080 CPU time: 8.624356
2026-07-26 14:55:32,156 - Evaluate - INFO - ASR Module... Epoch: 1, RSS: 5.64 GB
2026-07-26 14:55:32,157 - Evaluate - INFO - ASR... Epoch: 1, Walltime: 2.189067 CPU time: 12.326572
2026-07-26 14:55:33,413 - Evaluate - INFO - ASR Module... Epoch: 1, RSS: 5.64 GB
2026-07-26 14:55:33,414 - Evaluate - INFO - ASR... Epoch: 1, Walltime: 1.253914 CPU time: 7.097334
2026-07-26 14:55:35,886 - Evaluate - INFO - ASR Module... Epoch: 1, RSS: 5.64 GB
2026-07-26 14:55:35,887 - Evaluate - INFO - ASR... Epoch: 1, Walltime: 2.468496 CPU time: 13.792077
2026-07-26 14:55:38,053 - Evaluate - INFO - ASR Module... Epoch: 1, RSS: 5.64 GB
2026-07-26 14:55:38,053 - Evaluate - INFO - ASR... Epoch: 1, Walltime: 2.161712 CPU time: 11.792863
2026-07-26 14:55:40,031 - Evaluate - INFO - ASR Module... Epoch: 1, RSS: 5.64 GB
2026-07-26 14:55:40,032 - Evaluate - INFO - ASR... Epoch: 1, Walltime: 1.972740 CPU time: 10.969324
2026-07-26 14:55:41,942 - Evaluate - INFO - ASR Module... Epoch: 1, RSS: 5.64 GB
2026-07-26 14:55:41,942 - Evaluate - INFO - ASR... Epoch: 1, Walltime: 1.907242 CPU time: 10.223783
2026-07-26 14:55:43,905 - Evaluate - INFO - ASR Module... Epoch: 1, RSS: 5.64 GB
2026-07-26 14:55:43,905 - Evaluate - INFO - ASR... Epoch: 1, Walltime: 1.959509 CPU time: 10.543814
2026-07-26 14:55:46,020 - Evaluate - INFO - ASR Module... Epoch: 1, RSS: 5.64 GB
2026-07-26 14:55:46,020 - Evaluate - INFO - ASR... Epoch: 1, Walltime: 2.110726 CPU time: 11.737209
2026-07-26 14:55:49,628 - Evaluate - INFO - ASR Module... Epoch: 1, RSS: 5.64 GB
2026-07-26 14:55:49,629 - Evaluate - INFO - ASR... Epoch: 1, Walltime: 3.602884 CPU time: 19.783508
2026-07-26 14:55:51,065 - Evaluate - INFO - ASR Module... Epoch: 1, RSS: 5.64 GB
2026-07-26 14:55:51,066 - Evaluate - INFO - ASR... Epoch: 1, Walltime: 1.433615 CPU time: 8.044507
2026-07-26 14:55:52,893 - Evaluate - INFO - ASR Module... Epoch: 1, RSS: 5.64 GB
2026-07-26 14:55:52,894 - Evaluate - INFO - ASR... Epoch: 1, Walltime: 1.823926 CPU time: 10.354944
2026-07-26 14:55:55,829 - Evaluate - INFO - ASR Module... Epoch: 1, RSS: 5.64 GB
2026-07-26 14:55:55,830 - Evaluate - INFO - ASR... Epoch: 1, Walltime: 2.931765 CPU time: 16.115718
2026-07-26 14:55:57,226 - Evaluate - INFO - ASR Module... Epoch: 1, RSS: 5.64 GB
2026-07-26 14:55:57,227 - Evaluate - INFO - ASR... Epoch: 1, Walltime: 1.393209 CPU time: 8.022436
2026-07-26 14:55:58,832 - Evaluate - INFO - ASR Module... Epoch: 1, RSS: 5.64 GB
2026-07-26 14:55:58,833 - Evaluate - INFO - ASR... Epoch: 1, Walltime: 1.603367 CPU time: 9.087800
2026-07-26 14:56:01,034 - Evaluate - INFO - ASR Module... Epoch: 1, RSS: 5.64 GB
2026-07-26 14:56:01,034 - Evaluate - INFO - ASR... Epoch: 1, Walltime: 2.197627 CPU time: 12.269410
2026-07-26 14:56:02,033 - Evaluate - INFO - ASR Module... Epoch: 1, RSS: 5.64 GB
2026-07-26 14:56:02,033 - Evaluate - INFO - ASR... Epoch: 1, Walltime: 0.996360 CPU time: 5.790153
2026-07-26 14:56:04,291 - Evaluate - INFO - ASR Module... Epoch: 1, RSS: 5.64 GB
2026-07-26 14:56:04,292 - Evaluate - INFO - ASR... Epoch: 1, Walltime: 2.255396 CPU time: 11.723744
2026-07-26 14:56:08,083 - Evaluate - INFO - ASR Module... Epoch: 1, RSS: 5.64 GB
2026-07-26 14:56:08,084 - Evaluate - INFO - ASR... Epoch: 1, Walltime: 3.785917 CPU time: 21.126535
2026-07-26 14:56:10,445 - Evaluate - INFO - ASR Module... Epoch: 1, RSS: 5.64 GB
2026-07-26 14:56:10,446 - Evaluate - INFO - ASR... Epoch: 1, Walltime: 2.358179 CPU time: 12.910542
2026-07-26 14:56:13,544 - Evaluate - INFO - ASR Module... Epoch: 1, RSS: 5.64 GB
2026-07-26 14:56:13,545 - Evaluate - INFO - ASR... Epoch: 1, Walltime: 3.093957 CPU time: 16.688690
2026-07-26 14:56:15,548 - Evaluate - INFO - ASR Module... Epoch: 1, RSS: 5.64 GB
2026-07-26 14:56:15,549 - Evaluate - INFO - ASR... Epoch: 1, Walltime: 1.999353 CPU time: 11.068106
2026-07-26 14:56:18,249 - Evaluate - INFO - ASR Module... Epoch: 1, RSS: 5.64 GB
2026-07-26 14:56:18,250 - Evaluate - INFO - ASR... Epoch: 1, Walltime: 2.696213 CPU time: 14.909671
2026-07-26 14:56:19,293 - Evaluate - INFO - ASR Module... Epoch: 1, RSS: 5.64 GB
2026-07-26 14:56:19,294 - Evaluate - INFO - ASR... Epoch: 1, Walltime: 1.040058 CPU time: 5.736848
2026-07-26 14:56:21,216 - Evaluate - INFO - ASR Module... Epoch: 1, RSS: 5.64 GB
2026-07-26 14:56:21,216 - Evaluate - INFO - ASR... Epoch: 1, Walltime: 1.917506 CPU time: 10.737577
2026-07-26 14:56:24,678 - Evaluate - INFO - ASR Module... Epoch: 1, RSS: 5.64 GB
2026-07-26 14:56:24,679 - Evaluate - INFO - ASR... Epoch: 1, Walltime: 3.456984 CPU time: 18.881063
2026-07-26 14:56:27,472 - Evaluate - INFO - ASR Module... Epoch: 1, RSS: 5.64 GB
2026-07-26 14:56:27,472 - Evaluate - INFO - ASR... Epoch: 1, Walltime: 2.787180 CPU time: 15.266556
2026-07-26 14:56:29,166 - Evaluate - INFO - ASR Module... Epoch: 1, RSS: 5.64 GB
2026-07-26 14:56:29,167 - Evaluate - INFO - ASR... Epoch: 1, Walltime: 1.690829 CPU time: 9.395243
2026-07-26 14:56:31,519 - Evaluate - INFO - ASR Module... Epoch: 1, RSS: 5.64 GB
2026-07-26 14:56:31,520 - Evaluate - INFO - ASR... Epoch: 1, Walltime: 2.348532 CPU time: 12.910108
2026-07-26 14:56:33,498 - Evaluate - INFO - ASR Module... Epoch: 1, RSS: 5.64 GB
2026-07-26 14:56:33,498 - Evaluate - INFO - ASR... Epoch: 1, Walltime: 1.974343 CPU time: 10.996067
2026-07-26 14:56:35,537 - Evaluate - INFO - ASR Module... Epoch: 1, RSS: 5.64 GB
2026-07-26 14:56:35,537 - Evaluate - INFO - ASR... Epoch: 1, Walltime: 2.034488 CPU time: 10.829218
2026-07-26 14:56:38,671 - Evaluate - INFO - ASR Module... Epoch: 1, RSS: 5.64 GB
2026-07-26 14:56:38,672 - Evaluate - INFO - ASR... Epoch: 1, Walltime: 3.129252 CPU time: 17.002701
2026-07-26 14:56:41,172 - Evaluate - INFO - ASR Module... Epoch: 1, RSS: 5.64 GB
2026-07-26 14:56:41,172 - Evaluate - INFO - ASR... Epoch: 1, Walltime: 2.495408 CPU time: 13.713313
2026-07-26 14:56:42,584 - Evaluate - INFO - ASR Module... Epoch: 1, RSS: 5.64 GB
2026-07-26 14:56:42,585 - Evaluate - INFO - ASR... Epoch: 1, Walltime: 1.409195 CPU time: 7.634781
2026-07-26 14:56:44,999 - Evaluate - INFO - ASR Module... Epoch: 1, RSS: 5.64 GB
2026-07-26 14:56:45,000 - Evaluate - INFO - ASR... Epoch: 1, Walltime: 2.411148 CPU time: 13.024493
2026-07-26 14:56:46,821 - Evaluate - INFO - ASR Module... Epoch: 1, RSS: 5.64 GB
2026-07-26 14:56:46,821 - Evaluate - INFO - ASR... Epoch: 1, Walltime: 1.817763 CPU time: 9.551106
2026-07-26 14:56:48,204 - Evaluate - INFO - ASR Module... Epoch: 1, RSS: 5.64 GB
2026-07-26 14:56:48,205 - Evaluate - INFO - ASR... Epoch: 1, Walltime: 1.380614 CPU time: 7.764356
2026-07-26 14:56:50,409 - Evaluate - INFO - ASR Module... Epoch: 1, RSS: 5.64 GB
2026-07-26 14:56:50,410 - Evaluate - INFO - ASR... Epoch: 1, Walltime: 2.200800 CPU time: 12.666984
2026-07-26 14:56:52,845 - Evaluate - INFO - ASR Module... Epoch: 1, RSS: 5.64 GB
2026-07-26 14:56:52,846 - Evaluate - INFO - ASR... Epoch: 1, Walltime: 2.431744 CPU time: 13.198832
2026-07-26 14:56:54,675 - Evaluate - INFO - ASR Module... Epoch: 1, RSS: 5.64 GB
2026-07-26 14:56:54,676 - Evaluate - INFO - ASR... Epoch: 1, Walltime: 1.826386 CPU time: 10.098148
2026-07-26 14:56:57,416 - Evaluate - INFO - ASR Module... Epoch: 1, RSS: 5.64 GB
2026-07-26 14:56:57,417 - Evaluate - INFO - ASR... Epoch: 1, Walltime: 2.736899 CPU time: 15.212793
2026-07-26 14:56:58,621 - Evaluate - INFO - ASR Module... Epoch: 1, RSS: 5.64 GB
2026-07-26 14:56:58,621 - Evaluate - INFO - ASR... Epoch: 1, Walltime: 1.201089 CPU time: 6.807173
2026-07-26 14:57:00,153 - Evaluate - INFO - ASR Module... Epoch: 1, RSS: 5.64 GB
2026-07-26 14:57:00,154 - Evaluate - INFO - ASR... Epoch: 1, Walltime: 1.529537 CPU time: 8.481580
2026-07-26 14:57:01,545 - Evaluate - INFO - ASR Module... Epoch: 1, RSS: 5.64 GB
2026-07-26 14:57:01,546 - Evaluate - INFO - ASR... Epoch: 1, Walltime: 1.388917 CPU time: 7.505961
2026-07-26 14:57:03,211 - Evaluate - INFO - ASR Module... Epoch: 1, RSS: 5.64 GB
2026-07-26 14:57:03,212 - Evaluate - INFO - ASR... Epoch: 1, Walltime: 1.663219 CPU time: 8.661368
2026-07-26 14:57:04,800 - Evaluate - INFO - ASR Module... Epoch: 1, RSS: 5.64 GB
2026-07-26 14:57:04,801 - Evaluate - INFO - ASR... Epoch: 1, Walltime: 1.585155 CPU time: 9.169599
2026-07-26 14:57:06,550 - Evaluate - INFO - ASR Module... Epoch: 1, RSS: 5.64 GB
2026-07-26 14:57:06,551 - Evaluate - INFO - ASR... Epoch: 1, Walltime: 1.746746 CPU time: 9.831264
2026-07-26 14:57:08,756 - Evaluate - INFO - ASR Module... Epoch: 1, RSS: 5.64 GB
2026-07-26 14:57:08,757 - Evaluate - INFO - ASR... Epoch: 1, Walltime: 2.201466 CPU time: 12.111443
2026-07-26 14:57:09,886 - Evaluate - INFO - ASR Module... Epoch: 1, RSS: 5.64 GB
2026-07-26 14:57:09,887 - Evaluate - INFO - ASR... Epoch: 1, Walltime: 1.126160 CPU time: 6.450219
2026-07-26 14:57:11,197 - Evaluate - INFO - ASR Module... Epoch: 1, RSS: 5.64 GB
2026-07-26 14:57:11,198 - Evaluate - INFO - ASR... Epoch: 1, Walltime: 1.307398 CPU time: 7.717861
2026-07-26 14:57:13,509 - Evaluate - INFO - ASR Module... Epoch: 1, RSS: 5.64 GB
2026-07-26 14:57:13,510 - Evaluate - INFO - ASR... Epoch: 1, Walltime: 2.308521 CPU time: 12.786462
2026-07-26 14:57:15,786 - Evaluate - INFO - ASR Module... Epoch: 1, RSS: 5.64 GB
2026-07-26 14:57:15,787 - Evaluate - INFO - ASR... Epoch: 1, Walltime: 2.271141 CPU time: 12.485993
2026-07-26 14:57:17,682 - Evaluate - INFO - ASR Module... Epoch: 1, RSS: 5.64 GB
2026-07-26 14:57:17,683 - Evaluate - INFO - ASR... Epoch: 1, Walltime: 1.892289 CPU time: 10.568879
2026-07-26 14:57:19,780 - Evaluate - INFO - ASR Module... Epoch: 1, RSS: 5.64 GB
2026-07-26 14:57:19,780 - Evaluate - INFO - ASR... Epoch: 1, Walltime: 2.094222 CPU time: 11.732531
2026-07-26 14:57:21,644 - Evaluate - INFO - ASR Module... Epoch: 1, RSS: 5.64 GB
2026-07-26 14:57:21,645 - Evaluate - INFO - ASR... Epoch: 1, Walltime: 1.860481 CPU time: 10.391933
2026-07-26 14:57:23,431 - Evaluate - INFO - ASR Module... Epoch: 1, RSS: 5.64 GB
2026-07-26 14:57:23,432 - Evaluate - INFO - ASR... Epoch: 1, Walltime: 1.783112 CPU time: 9.905078
2026-07-26 14:57:24,582 - Evaluate - INFO - ASR Module... Epoch: 1, RSS: 5.64 GB
2026-07-26 14:57:24,583 - Evaluate - INFO - ASR... Epoch: 1, Walltime: 1.148102 CPU time: 6.423625
2026-07-26 14:57:26,151 - Evaluate - INFO - ASR Module... Epoch: 1, RSS: 5.64 GB
2026-07-26 14:57:26,151 - Evaluate - INFO - ASR... Epoch: 1, Walltime: 1.565515 CPU time: 9.017544
2026-07-26 14:57:27,954 - Evaluate - INFO - ASR Module... Epoch: 1, RSS: 5.64 GB
2026-07-26 14:57:27,954 - Evaluate - INFO - ASR... Epoch: 1, Walltime: 1.799648 CPU time: 9.824009
2026-07-26 14:57:29,812 - Evaluate - INFO - ASR Module... Epoch: 1, RSS: 5.64 GB
2026-07-26 14:57:29,813 - Evaluate - INFO - ASR... Epoch: 1, Walltime: 1.854946 CPU time: 9.933265
2026-07-26 14:57:32,864 - Evaluate - INFO - ASR Module... Epoch: 1, RSS: 5.64 GB
2026-07-26 14:57:32,865 - Evaluate - INFO - ASR... Epoch: 1, Walltime: 3.047374 CPU time: 16.602557
2026-07-26 14:57:34,961 - Evaluate - INFO - ASR Module... Epoch: 1, RSS: 5.64 GB
2026-07-26 14:57:34,962 - Evaluate - INFO - ASR... Epoch: 1, Walltime: 2.093318 CPU time: 11.716838
2026-07-26 14:57:36,375 - Evaluate - INFO - ASR Module... Epoch: 1, RSS: 5.64 GB
2026-07-26 14:57:36,376 - Evaluate - INFO - ASR... Epoch: 1, Walltime: 1.410062 CPU time: 8.175283
2026-07-26 14:57:37,930 - Evaluate - INFO - ASR Module... Epoch: 1, RSS: 5.64 GB
2026-07-26 14:57:37,931 - Evaluate - INFO - ASR... Epoch: 1, Walltime: 1.552527 CPU time: 8.829516
2026-07-26 14:57:39,554 - Evaluate - INFO - ASR Module... Epoch: 1, RSS: 5.64 GB
2026-07-26 14:57:39,555 - Evaluate - INFO - ASR... Epoch: 1, Walltime: 1.620662 CPU time: 9.069876
2026-07-26 14:57:40,957 - Evaluate - INFO - ASR Module... Epoch: 1, RSS: 5.64 GB
2026-07-26 14:57:40,958 - Evaluate - INFO - ASR... Epoch: 1, Walltime: 1.399325 CPU time: 7.974555
2026-07-26 14:57:42,699 - Evaluate - INFO - ASR Module... Epoch: 1, RSS: 5.64 GB
2026-07-26 14:57:42,700 - Evaluate - INFO - ASR... Epoch: 1, Walltime: 1.738751 CPU time: 9.594245
2026-07-26 14:57:44,375 - Evaluate - INFO - ASR Module... Epoch: 1, RSS: 5.64 GB
2026-07-26 14:57:44,376 - Evaluate - INFO - ASR... Epoch: 1, Walltime: 1.672437 CPU time: 9.572478
2026-07-26 14:57:46,194 - Evaluate - INFO - ASR Module... Epoch: 1, RSS: 5.64 GB
2026-07-26 14:57:46,195 - Evaluate - INFO - ASR... Epoch: 1, Walltime: 1.815512 CPU time: 10.005935
2026-07-26 14:57:47,832 - Evaluate - INFO - ASR Module... Epoch: 1, RSS: 5.64 GB
2026-07-26 14:57:47,833 - Evaluate - INFO - ASR... Epoch: 1, Walltime: 1.634024 CPU time: 9.300739
2026-07-26 14:57:49,844 - Evaluate - INFO - ASR Module... Epoch: 1, RSS: 5.64 GB
2026-07-26 14:57:49,845 - Evaluate - INFO - ASR... Epoch: 1, Walltime: 2.008381 CPU time: 11.167091
2026-07-26 14:57:51,447 - Evaluate - INFO - ASR Module... Epoch: 1, RSS: 5.64 GB
2026-07-26 14:57:51,448 - Evaluate - INFO - ASR... Epoch: 1, Walltime: 1.599920 CPU time: 9.124456
2026-07-26 14:57:53,636 - Evaluate - INFO - ASR Module... Epoch: 1, RSS: 5.64 GB
2026-07-26 14:57:53,637 - Evaluate - INFO - ASR... Epoch: 1, Walltime: 2.185538 CPU time: 11.858036
2026-07-26 14:57:54,771 - Evaluate - INFO - ASR Module... Epoch: 1, RSS: 5.64 GB
2026-07-26 14:57:54,772 - Evaluate - INFO - ASR... Epoch: 1, Walltime: 1.131845 CPU time: 6.329049
2026-07-26 14:57:56,485 - Evaluate - INFO - ASR Module... Epoch: 1, RSS: 5.64 GB
2026-07-26 14:57:56,486 - Evaluate - INFO - ASR... Epoch: 1, Walltime: 1.710545 CPU time: 9.520173
2026-07-26 14:57:58,825 - Evaluate - INFO - ASR Module... Epoch: 1, RSS: 5.64 GB
2026-07-26 14:57:58,826 - Evaluate - INFO - ASR... Epoch: 1, Walltime: 2.336171 CPU time: 12.130793
2026-07-26 14:58:00,564 - Evaluate - INFO - ASR Module... Epoch: 1, RSS: 5.64 GB
2026-07-26 14:58:00,565 - Evaluate - INFO - ASR... Epoch: 1, Walltime: 1.735745 CPU time: 9.635600
2026-07-26 14:58:02,652 - Evaluate - INFO - ASR Module... Epoch: 1, RSS: 5.64 GB
2026-07-26 14:58:02,653 - Evaluate - INFO - ASR... Epoch: 1, Walltime: 2.083645 CPU time: 11.632739
2026-07-26 14:58:03,750 - Evaluate - INFO - ASR Module... Epoch: 1, RSS: 5.64 GB
2026-07-26 14:58:03,751 - Evaluate - INFO - ASR... Epoch: 1, Walltime: 1.094895 CPU time: 6.256900
2026-07-26 14:58:05,337 - Evaluate - INFO - ASR Module... Epoch: 1, RSS: 5.64 GB
2026-07-26 14:58:05,338 - Evaluate - INFO - ASR... Epoch: 1, Walltime: 1.582586 CPU time: 8.922393
2026-07-26 14:58:07,438 - Evaluate - INFO - ASR Module... Epoch: 1, RSS: 5.64 GB
2026-07-26 14:58:07,439 - Evaluate - INFO - ASR... Epoch: 1, Walltime: 2.096685 CPU time: 11.666486
2026-07-26 14:58:09,089 - Evaluate - INFO - ASR Module... Epoch: 1, RSS: 5.64 GB
2026-07-26 14:58:09,090 - Evaluate - INFO - ASR... Epoch: 1, Walltime: 1.647337 CPU time: 9.264146
2026-07-26 14:58:12,036 - Evaluate - INFO - ASR Module... Epoch: 1, RSS: 5.64 GB
2026-07-26 14:58:12,036 - Evaluate - INFO - ASR... Epoch: 1, Walltime: 2.941248 CPU time: 15.995703
2026-07-26 14:58:13,875 - Evaluate - INFO - ASR Module... Epoch: 1, RSS: 5.64 GB
2026-07-26 14:58:13,876 - Evaluate - INFO - ASR... Epoch: 1, Walltime: 1.835402 CPU time: 9.829458
2026-07-26 14:58:16,362 - Evaluate - INFO - ASR Module... Epoch: 1, RSS: 5.64 GB
2026-07-26 14:58:16,363 - Evaluate - INFO - ASR... Epoch: 1, Walltime: 2.482106 CPU time: 13.705444
2026-07-26 14:58:18,067 - Evaluate - INFO - ASR Module... Epoch: 1, RSS: 5.64 GB
2026-07-26 14:58:18,068 - Evaluate - INFO - ASR... Epoch: 1, Walltime: 1.701012 CPU time: 9.666009
2026-07-26 14:58:20,140 - Evaluate - INFO - ASR Module... Epoch: 1, RSS: 5.64 GB
2026-07-26 14:58:20,141 - Evaluate - INFO - ASR... Epoch: 1, Walltime: 2.069009 CPU time: 11.645422
2026-07-26 14:58:21,777 - Evaluate - INFO - ASR Module... Epoch: 1, RSS: 5.64 GB
2026-07-26 14:58:21,778 - Evaluate - INFO - ASR... Epoch: 1, Walltime: 1.633524 CPU time: 8.943063
2026-07-26 14:58:23,184 - Evaluate - INFO - ASR Module... Epoch: 1, RSS: 5.64 GB
2026-07-26 14:58:23,185 - Evaluate - INFO - ASR... Epoch: 1, Walltime: 1.404091 CPU time: 7.907785
2026-07-26 14:58:25,719 - Evaluate - INFO - ASR Module... Epoch: 1, RSS: 5.64 GB
2026-07-26 14:58:25,720 - Evaluate - INFO - ASR... Epoch: 1, Walltime: 2.531011 CPU time: 13.834878
2026-07-26 14:58:27,776 - Evaluate - INFO - ASR Module... Epoch: 1, RSS: 5.64 GB
2026-07-26 14:58:27,777 - Evaluate - INFO - ASR... Epoch: 1, Walltime: 2.052860 CPU time: 11.549877
2026-07-26 14:58:29,468 - Evaluate - INFO - ASR Module... Epoch: 1, RSS: 5.64 GB
2026-07-26 14:58:29,469 - Evaluate - INFO - ASR... Epoch: 1, Walltime: 1.688617 CPU time: 9.605490
2026-07-26 14:58:31,849 - Evaluate - INFO - ASR Module... Epoch: 1, RSS: 5.64 GB
2026-07-26 14:58:31,850 - Evaluate - INFO - ASR... Epoch: 1, Walltime: 2.377233 CPU time: 13.013121
2026-07-26 14:58:33,202 - Evaluate - INFO - ASR Module... Epoch: 1, RSS: 5.64 GB
2026-07-26 14:58:33,203 - Evaluate - INFO - ASR... Epoch: 1, Walltime: 1.349728 CPU time: 7.416087
2026-07-26 14:58:35,378 - Evaluate - INFO - ASR Module... Epoch: 1, RSS: 5.64 GB
2026-07-26 14:58:35,379 - Evaluate - INFO - ASR... Epoch: 1, Walltime: 2.172148 CPU time: 12.063507
2026-07-26 14:58:36,973 - Evaluate - INFO - ASR Module... Epoch: 1, RSS: 5.64 GB
2026-07-26 14:58:36,974 - Evaluate - INFO - ASR... Epoch: 1, Walltime: 1.591785 CPU time: 8.580980
2026-07-26 14:58:38,482 - Evaluate - INFO - ASR Module... Epoch: 1, RSS: 5.64 GB
2026-07-26 14:58:38,483 - Evaluate - INFO - ASR... Epoch: 1, Walltime: 1.505613 CPU time: 8.762440
2026-07-26 14:58:39,975 - Evaluate - INFO - ASR Module... Epoch: 1, RSS: 5.64 GB
2026-07-26 14:58:39,976 - Evaluate - INFO - ASR... Epoch: 1, Walltime: 1.490151 CPU time: 8.539230
2026-07-26 14:58:42,183 - Evaluate - INFO - ASR Module... Epoch: 1, RSS: 5.64 GB
2026-07-26 14:58:42,184 - Evaluate - INFO - ASR... Epoch: 1, Walltime: 2.204399 CPU time: 12.110265
2026-07-26 14:58:43,806 - Evaluate - INFO - ASR Module... Epoch: 1, RSS: 5.64 GB
2026-07-26 14:58:43,806 - Evaluate - INFO - ASR... Epoch: 1, Walltime: 1.618913 CPU time: 8.872643
2026-07-26 14:58:45,216 - Evaluate - INFO - ASR Module... Epoch: 1, RSS: 5.64 GB
2026-07-26 14:58:45,216 - Evaluate - INFO - ASR... Epoch: 1, Walltime: 1.406889 CPU time: 8.127020
2026-07-26 14:58:46,630 - Evaluate - INFO - ASR Module... Epoch: 1, RSS: 5.64 GB
2026-07-26 14:58:46,631 - Evaluate - INFO - ASR... Epoch: 1, Walltime: 1.411457 CPU time: 7.802330
2026-07-26 14:58:48,295 - Evaluate - INFO - ASR Module... Epoch: 1, RSS: 5.64 GB
2026-07-26 14:58:48,296 - Evaluate - INFO - ASR... Epoch: 1, Walltime: 1.662343 CPU time: 9.018825
2026-07-26 14:58:49,565 - Evaluate - INFO - ASR Module... Epoch: 1, RSS: 5.64 GB
2026-07-26 14:58:49,566 - Evaluate - INFO - ASR... Epoch: 1, Walltime: 1.267009 CPU time: 7.071367
2026-07-26 14:58:51,574 - Evaluate - INFO - ASR Module... Epoch: 1, RSS: 5.64 GB
2026-07-26 14:58:51,575 - Evaluate - INFO - ASR... Epoch: 1, Walltime: 2.005714 CPU time: 11.534671
2026-07-26 14:58:53,535 - Evaluate - INFO - ASR Module... Epoch: 1, RSS: 5.64 GB
2026-07-26 14:58:53,535 - Evaluate - INFO - ASR... Epoch: 1, Walltime: 1.957262 CPU time: 10.629978
2026-07-26 14:58:55,387 - Evaluate - INFO - ASR Module... Epoch: 1, RSS: 5.64 GB
2026-07-26 14:58:55,388 - Evaluate - INFO - ASR... Epoch: 1, Walltime: 1.849068 CPU time: 10.235114
2026-07-26 14:58:57,477 - Evaluate - INFO - ASR Module... Epoch: 1, RSS: 5.64 GB
2026-07-26 14:58:57,477 - Evaluate - INFO - ASR... Epoch: 1, Walltime: 2.084758 CPU time: 11.401007
2026-07-26 14:58:59,309 - Evaluate - INFO - ASR Module... Epoch: 1, RSS: 5.64 GB
2026-07-26 14:58:59,310 - Evaluate - INFO - ASR... Epoch: 1, Walltime: 1.827700 CPU time: 10.199095
2026-07-26 14:59:00,868 - Evaluate - INFO - ASR Module... Epoch: 1, RSS: 5.64 GB
2026-07-26 14:59:00,869 - Evaluate - INFO - ASR... Epoch: 1, Walltime: 1.556094 CPU time: 8.682126
2026-07-26 14:59:02,280 - Evaluate - INFO - ASR Module... Epoch: 1, RSS: 5.64 GB
2026-07-26 14:59:02,280 - Evaluate - INFO - ASR... Epoch: 1, Walltime: 1.407562 CPU time: 8.109074
2026-07-26 14:59:04,274 - Evaluate - INFO - ASR Module... Epoch: 1, RSS: 5.64 GB
2026-07-26 14:59:04,275 - Evaluate - INFO - ASR... Epoch: 1, Walltime: 1.990965 CPU time: 11.160783
2026-07-26 14:59:05,405 - Evaluate - INFO - ASR Module... Epoch: 1, RSS: 5.64 GB
2026-07-26 14:59:05,406 - Evaluate - INFO - ASR... Epoch: 1, Walltime: 1.127748 CPU time: 6.662403
2026-07-26 14:59:06,441 - Evaluate - INFO - ASR Module... Epoch: 1, RSS: 5.64 GB
2026-07-26 14:59:06,442 - Evaluate - INFO - ASR... Epoch: 1, Walltime: 1.032642 CPU time: 5.975884
2026-07-26 14:59:07,420 - Evaluate - INFO - ASR Module... Epoch: 1, RSS: 5.64 GB
2026-07-26 14:59:07,421 - Evaluate - INFO - ASR... Epoch: 1, Walltime: 0.976362 CPU time: 5.712667
2026-07-26 14:59:08,663 - Evaluate - INFO - ASR Module... Epoch: 1, RSS: 5.64 GB
2026-07-26 14:59:08,664 - Evaluate - INFO - ASR... Epoch: 1, Walltime: 1.240397 CPU time: 6.979972
2026-07-26 14:59:10,154 - Evaluate - INFO - ASR Module... Epoch: 1, RSS: 5.64 GB
2026-07-26 14:59:10,155 - Evaluate - INFO - ASR... Epoch: 1, Walltime: 1.487429 CPU time: 8.558478
2026-07-26 14:59:11,356 - Evaluate - INFO - ASR Module... Epoch: 1, RSS: 5.64 GB
2026-07-26 14:59:11,357 - Evaluate - INFO - ASR... Epoch: 1, Walltime: 1.199341 CPU time: 6.926844
2026-07-26 14:59:13,282 - Evaluate - INFO - ASR Module... Epoch: 1, RSS: 5.64 GB
2026-07-26 14:59:13,283 - Evaluate - INFO - ASR... Epoch: 1, Walltime: 1.923220 CPU time: 10.535342
2026-07-26 14:59:14,658 - Evaluate - INFO - ASR Module... Epoch: 1, RSS: 5.64 GB
2026-07-26 14:59:14,659 - Evaluate - INFO - ASR... Epoch: 1, Walltime: 1.372276 CPU time: 7.634985
2026-07-26 14:59:16,090 - Evaluate - INFO - ASR Module... Epoch: 1, RSS: 5.64 GB
2026-07-26 14:59:16,091 - Evaluate - INFO - ASR... Epoch: 1, Walltime: 1.428576 CPU time: 8.279542
2026-07-26 14:59:17,252 - Evaluate - INFO - ASR Module... Epoch: 1, RSS: 5.64 GB
2026-07-26 14:59:17,252 - Evaluate - INFO - ASR... Epoch: 1, Walltime: 1.158460 CPU time: 6.520899
2026-07-26 14:59:18,402 - Evaluate - INFO - ASR Module... Epoch: 1, RSS: 5.64 GB
2026-07-26 14:59:18,403 - Evaluate - INFO - ASR... Epoch: 1, Walltime: 1.147918 CPU time: 6.524559
2026-07-26 14:59:19,862 - Evaluate - INFO - ASR Module... Epoch: 1, RSS: 5.64 GB
2026-07-26 14:59:19,863 - Evaluate - INFO - ASR... Epoch: 1, Walltime: 1.456663 CPU time: 8.144235
2026-07-26 14:59:21,119 - Evaluate - INFO - ASR Module... Epoch: 1, RSS: 5.64 GB
2026-07-26 14:59:21,119 - Evaluate - INFO - ASR... Epoch: 1, Walltime: 1.253399 CPU time: 6.936254
2026-07-26 14:59:22,697 - Evaluate - INFO - ASR Module... Epoch: 1, RSS: 5.64 GB
2026-07-26 14:59:22,698 - Evaluate - INFO - ASR... Epoch: 1, Walltime: 1.575955 CPU time: 8.337177
2026-07-26 14:59:24,337 - Evaluate - INFO - ASR Module... Epoch: 1, RSS: 5.64 GB
2026-07-26 14:59:24,338 - Evaluate - INFO - ASR... Epoch: 1, Walltime: 1.636860 CPU time: 8.854752
2026-07-26 14:59:25,235 - Evaluate - INFO - ASR Module... Epoch: 1, RSS: 5.64 GB
2026-07-26 14:59:25,236 - Evaluate - INFO - ASR... Epoch: 1, Walltime: 0.895558 CPU time: 5.177621
2026-07-26 14:59:26,224 - Evaluate - INFO - ASR Module... Epoch: 1, RSS: 5.64 GB
2026-07-26 14:59:26,224 - Evaluate - INFO - ASR... Epoch: 1, Walltime: 0.986319 CPU time: 5.623270
2026-07-26 14:59:27,320 - Evaluate - INFO - ASR Module... Epoch: 1, RSS: 5.64 GB
2026-07-26 14:59:27,321 - Evaluate - INFO - ASR... Epoch: 1, Walltime: 1.093327 CPU time: 5.948954
2026-07-26 14:59:28,418 - Evaluate - INFO - ASR Module... Epoch: 1, RSS: 5.64 GB
2026-07-26 14:59:28,418 - Evaluate - INFO - ASR... Epoch: 1, Walltime: 1.094981 CPU time: 6.095194
2026-07-26 14:59:29,146 - Evaluate - INFO - ASR Module... Epoch: 1, RSS: 5.64 GB
2026-07-26 14:59:29,146 - Evaluate - INFO - ASR... Epoch: 1, Walltime: 0.725897 CPU time: 4.217962
2026-07-26 14:59:29,928 - Evaluate - INFO - ASR Module... Epoch: 1, RSS: 5.64 GB
2026-07-26 14:59:29,929 - Evaluate - INFO - ASR... Epoch: 1, Walltime: 0.780010 CPU time: 4.561326
2026-07-26 14:59:31,080 - Evaluate - INFO - ASR Module... Epoch: 1, RSS: 5.64 GB
2026-07-26 14:59:31,081 - Evaluate - INFO - ASR... Epoch: 1, Walltime: 1.149377 CPU time: 6.680073
2026-07-26 14:59:32,574 - Evaluate - INFO - ASR Module... Epoch: 1, RSS: 5.64 GB
2026-07-26 14:59:32,575 - Evaluate - INFO - ASR... Epoch: 1, Walltime: 1.490167 CPU time: 8.231535
2026-07-26 14:59:33,982 - Evaluate - INFO - ASR Module... Epoch: 1, RSS: 5.64 GB
2026-07-26 14:59:33,983 - Evaluate - INFO - ASR... Epoch: 1, Walltime: 1.404448 CPU time: 7.708398
2026-07-26 14:59:35,432 - Evaluate - INFO - ASR Module... Epoch: 1, RSS: 5.64 GB
2026-07-26 14:59:35,433 - Evaluate - INFO - ASR... Epoch: 1, Walltime: 1.446812 CPU time: 8.228978
2026-07-26 14:59:37,141 - Evaluate - INFO - ASR Module... Epoch: 1, RSS: 5.64 GB
2026-07-26 14:59:37,142 - Evaluate - INFO - ASR... Epoch: 1, Walltime: 1.705907 CPU time: 9.147907
2026-07-26 14:59:38,369 - Evaluate - INFO - ASR Module... Epoch: 1, RSS: 5.64 GB
2026-07-26 14:59:38,370 - Evaluate - INFO - ASR... Epoch: 1, Walltime: 1.224959 CPU time: 7.131103
2026-07-26 14:59:39,116 - Evaluate - INFO - ASR Module... Epoch: 1, RSS: 5.64 GB
2026-07-26 14:59:39,117 - Evaluate - INFO - ASR... Epoch: 1, Walltime: 0.744959 CPU time: 4.421002
2026-07-26 14:59:40,360 - Evaluate - INFO - ASR Module... Epoch: 1, RSS: 5.64 GB
2026-07-26 14:59:40,361 - Evaluate - INFO - ASR... Epoch: 1, Walltime: 1.241508 CPU time: 7.041379
2026-07-26 14:59:41,819 - Evaluate - INFO - ASR Module... Epoch: 1, RSS: 5.64 GB
2026-07-26 14:59:41,820 - Evaluate - INFO - ASR... Epoch: 1, Walltime: 1.455757 CPU time: 7.795335
2026-07-26 14:59:43,357 - Evaluate - INFO - ASR Module... Epoch: 1, RSS: 5.64 GB
2026-07-26 14:59:43,358 - Evaluate - INFO - ASR... Epoch: 1, Walltime: 1.534093 CPU time: 8.497713
2026-07-26 14:59:44,464 - Evaluate - INFO - ASR Module... Epoch: 1, RSS: 5.64 GB
2026-07-26 14:59:44,464 - Evaluate - INFO - ASR... Epoch: 1, Walltime: 1.103270 CPU time: 6.439512
2026-07-26 14:59:45,692 - Evaluate - INFO - ASR Module... Epoch: 1, RSS: 5.64 GB
2026-07-26 14:59:45,692 - Evaluate - INFO - ASR... Epoch: 1, Walltime: 1.224738 CPU time: 6.893251
2026-07-26 14:59:46,984 - Evaluate - INFO - ASR Module... Epoch: 1, RSS: 5.64 GB
2026-07-26 14:59:46,985 - Evaluate - INFO - ASR... Epoch: 1, Walltime: 1.288978 CPU time: 6.980245
2026-07-26 14:59:48,688 - Evaluate - INFO - ASR Module... Epoch: 1, RSS: 5.64 GB
2026-07-26 14:59:48,689 - Evaluate - INFO - ASR... Epoch: 1, Walltime: 1.700475 CPU time: 9.381313
2026-07-26 14:59:50,055 - Evaluate - INFO - ASR Module... Epoch: 1, RSS: 5.64 GB
2026-07-26 14:59:50,056 - Evaluate - INFO - ASR... Epoch: 1, Walltime: 1.363471 CPU time: 7.547189
2026-07-26 14:59:51,387 - Evaluate - INFO - ASR Module... Epoch: 1, RSS: 5.64 GB
2026-07-26 14:59:51,388 - Evaluate - INFO - ASR... Epoch: 1, Walltime: 1.328497 CPU time: 7.393145
2026-07-26 14:59:53,629 - Evaluate - INFO - ASR Module... Epoch: 1, RSS: 5.64 GB
2026-07-26 14:59:53,630 - Evaluate - INFO - ASR... Epoch: 1, Walltime: 2.239360 CPU time: 11.682570
2026-07-26 14:59:55,719 - Evaluate - INFO - ASR Module... Epoch: 1, RSS: 5.64 GB
2026-07-26 14:59:55,721 - Evaluate - INFO - ASR... Epoch: 1, Walltime: 2.086338 CPU time: 10.947676
2026-07-26 14:59:57,825 - Evaluate - INFO - ASR Module... Epoch: 1, RSS: 5.64 GB
2026-07-26 14:59:57,826 - Evaluate - INFO - ASR... Epoch: 1, Walltime: 2.101466 CPU time: 11.247455
2026-07-26 15:00:00,714 - Evaluate - INFO - ASR Module... Epoch: 1, RSS: 5.64 GB
2026-07-26 15:00:00,715 - Evaluate - INFO - ASR... Epoch: 1, Walltime: 2.885510 CPU time: 14.733946
2026-07-26 15:00:02,787 - Evaluate - INFO - ASR Module... Epoch: 1, RSS: 5.64 GB
2026-07-26 15:00:02,788 - Evaluate - INFO - ASR... Epoch: 1, Walltime: 2.069219 CPU time: 11.019238
2026-07-26 15:00:03,885 - Evaluate - INFO - ASR Module... Epoch: 1, RSS: 5.64 GB
2026-07-26 15:00:03,886 - Evaluate - INFO - ASR... Epoch: 1, Walltime: 1.094862 CPU time: 6.317904
2026-07-26 15:00:05,775 - Evaluate - INFO - ASR Module... Epoch: 1, RSS: 5.64 GB
2026-07-26 15:00:05,775 - Evaluate - INFO - ASR... Epoch: 1, Walltime: 1.885756 CPU time: 10.133919
2026-07-26 15:00:06,990 - Evaluate - INFO - ASR Module... Epoch: 1, RSS: 5.64 GB
2026-07-26 15:00:06,991 - Evaluate - INFO - ASR... Epoch: 1, Walltime: 1.212479 CPU time: 6.614736
2026-07-26 15:00:08,636 - Evaluate - INFO - ASR Module... Epoch: 1, RSS: 5.64 GB
2026-07-26 15:00:08,637 - Evaluate - INFO - ASR... Epoch: 1, Walltime: 1.642838 CPU time: 8.903244
2026-07-26 15:00:09,935 - Evaluate - INFO - ASR Module... Epoch: 1, RSS: 5.64 GB
2026-07-26 15:00:09,936 - Evaluate - INFO - ASR... Epoch: 1, Walltime: 1.295643 CPU time: 7.438936
2026-07-26 15:00:11,240 - Evaluate - INFO - ASR Module... Epoch: 1, RSS: 5.64 GB
2026-07-26 15:00:11,241 - Evaluate - INFO - ASR... Epoch: 1, Walltime: 1.302071 CPU time: 7.600360
2026-07-26 15:00:12,933 - Evaluate - INFO - ASR Module... Epoch: 1, RSS: 5.64 GB
2026-07-26 15:00:12,934 - Evaluate - INFO - ASR... Epoch: 1, Walltime: 1.690336 CPU time: 9.688271
2026-07-26 15:00:14,615 - Evaluate - INFO - ASR Module... Epoch: 1, RSS: 5.64 GB
2026-07-26 15:00:14,615 - Evaluate - INFO - ASR... Epoch: 1, Walltime: 1.677800 CPU time: 9.345455
2026-07-26 15:00:16,135 - Evaluate - INFO - ASR Module... Epoch: 1, RSS: 5.64 GB
2026-07-26 15:00:16,135 - Evaluate - INFO - ASR... Epoch: 1, Walltime: 1.516617 CPU time: 8.687229
2026-07-26 15:00:18,038 - Evaluate - INFO - ASR Module... Epoch: 1, RSS: 5.64 GB
2026-07-26 15:00:18,039 - Evaluate - INFO - ASR... Epoch: 1, Walltime: 1.899820 CPU time: 10.270321
2026-07-26 15:00:19,468 - Evaluate - INFO - ASR Module... Epoch: 1, RSS: 5.64 GB
2026-07-26 15:00:19,469 - Evaluate - INFO - ASR... Epoch: 1, Walltime: 1.426638 CPU time: 7.733967
2026-07-26 15:00:20,420 - Evaluate - INFO - ASR Module... Epoch: 1, RSS: 5.64 GB
2026-07-26 15:00:20,421 - Evaluate - INFO - ASR... Epoch: 1, Walltime: 0.949184 CPU time: 5.462818
2026-07-26 15:00:21,738 - Evaluate - INFO - ASR Module... Epoch: 1, RSS: 5.64 GB
2026-07-26 15:00:21,738 - Evaluate - INFO - ASR... Epoch: 1, Walltime: 1.315168 CPU time: 7.399661
2026-07-26 15:00:23,201 - Evaluate - INFO - ASR Module... Epoch: 1, RSS: 5.64 GB
2026-07-26 15:00:23,201 - Evaluate - INFO - ASR... Epoch: 1, Walltime: 1.460093 CPU time: 8.175170
2026-07-26 15:00:24,447 - Evaluate - INFO - ASR Module... Epoch: 1, RSS: 5.64 GB
2026-07-26 15:00:24,447 - Evaluate - INFO - ASR... Epoch: 1, Walltime: 1.243350 CPU time: 6.945335
2026-07-26 15:00:25,591 - Evaluate - INFO - ASR Module... Epoch: 1, RSS: 5.64 GB
2026-07-26 15:00:25,592 - Evaluate - INFO - ASR... Epoch: 1, Walltime: 1.141187 CPU time: 6.667526
2026-07-26 15:00:26,578 - Evaluate - INFO - ASR Module... Epoch: 1, RSS: 5.64 GB
2026-07-26 15:00:26,579 - Evaluate - INFO - ASR... Epoch: 1, Walltime: 0.984299 CPU time: 5.671019
2026-07-26 15:00:27,882 - Evaluate - INFO - ASR Module... Epoch: 1, RSS: 5.64 GB
2026-07-26 15:00:27,883 - Evaluate - INFO - ASR... Epoch: 1, Walltime: 1.301631 CPU time: 7.566803
2026-07-26 15:00:29,390 - Evaluate - INFO - ASR Module... Epoch: 1, RSS: 5.64 GB
2026-07-26 15:00:29,391 - Evaluate - INFO - ASR... Epoch: 1, Walltime: 1.504913 CPU time: 8.553837
2026-07-26 15:00:30,710 - Evaluate - INFO - ASR Module... Epoch: 1, RSS: 5.64 GB
2026-07-26 15:00:30,710 - Evaluate - INFO - ASR... Epoch: 1, Walltime: 1.316333 CPU time: 7.608264
2026-07-26 15:00:32,622 - Evaluate - INFO - ASR Module... Epoch: 1, RSS: 5.64 GB
2026-07-26 15:00:32,622 - Evaluate - INFO - ASR... Epoch: 1, Walltime: 1.908705 CPU time: 10.532026
2026-07-26 15:00:34,136 - Evaluate - INFO - ASR Module... Epoch: 1, RSS: 5.64 GB
2026-07-26 15:00:34,137 - Evaluate - INFO - ASR... Epoch: 1, Walltime: 1.511098 CPU time: 8.442238
2026-07-26 15:00:35,170 - Evaluate - INFO - ASR Module... Epoch: 1, RSS: 5.64 GB
2026-07-26 15:00:35,170 - Evaluate - INFO - ASR... Epoch: 1, Walltime: 1.030694 CPU time: 5.926391
2026-07-26 15:00:36,995 - Evaluate - INFO - ASR Module... Epoch: 1, RSS: 5.64 GB
2026-07-26 15:00:36,995 - Evaluate - INFO - ASR... Epoch: 1, Walltime: 1.821303 CPU time: 10.012550
2026-07-26 15:00:38,587 - Evaluate - INFO - ASR Module... Epoch: 1, RSS: 5.64 GB
2026-07-26 15:00:38,587 - Evaluate - INFO - ASR... Epoch: 1, Walltime: 1.588591 CPU time: 8.969888
2026-07-26 15:00:40,556 - Evaluate - INFO - ASR Module... Epoch: 1, RSS: 5.64 GB
2026-07-26 15:00:40,557 - Evaluate - INFO - ASR... Epoch: 1, Walltime: 1.965984 CPU time: 10.393919
2026-07-26 15:00:42,710 - Evaluate - INFO - ASR Module... Epoch: 1, RSS: 5.64 GB
2026-07-26 15:00:42,710 - Evaluate - INFO - ASR... Epoch: 1, Walltime: 2.148948 CPU time: 11.632796
2026-07-26 15:00:43,934 - Evaluate - INFO - ASR Module... Epoch: 1, RSS: 5.64 GB
2026-07-26 15:00:43,935 - Evaluate - INFO - ASR... Epoch: 1, Walltime: 1.220947 CPU time: 7.031406
2026-07-26 15:00:44,997 - Evaluate - INFO - ASR Module... Epoch: 1, RSS: 5.64 GB
2026-07-26 15:00:44,998 - Evaluate - INFO - ASR... Epoch: 1, Walltime: 1.060396 CPU time: 6.242666
2026-07-26 15:00:47,507 - Evaluate - INFO - ASR Module... Epoch: 1, RSS: 5.64 GB
2026-07-26 15:00:47,508 - Evaluate - INFO - ASR... Epoch: 1, Walltime: 2.504030 CPU time: 14.260424
2026-07-26 15:00:50,317 - Evaluate - INFO - ASR Module... Epoch: 1, RSS: 5.64 GB
2026-07-26 15:00:50,318 - Evaluate - INFO - ASR... Epoch: 1, Walltime: 2.804403 CPU time: 16.120085
2026-07-26 15:00:53,590 - Evaluate - INFO - ASR Module... Epoch: 1, RSS: 5.64 GB
2026-07-26 15:00:53,591 - Evaluate - INFO - ASR... Epoch: 1, Walltime: 3.268033 CPU time: 18.698465
2026-07-26 15:00:57,104 - Evaluate - INFO - ASR Module... Epoch: 1, RSS: 5.64 GB
2026-07-26 15:00:57,105 - Evaluate - INFO - ASR... Epoch: 1, Walltime: 3.506216 CPU time: 19.574337
2026-07-26 15:01:00,214 - Evaluate - INFO - ASR Module... Epoch: 1, RSS: 5.64 GB
2026-07-26 15:01:00,215 - Evaluate - INFO - ASR... Epoch: 1, Walltime: 3.105044 CPU time: 17.701698
2026-07-26 15:01:03,335 - Evaluate - INFO - ASR Module... Epoch: 1, RSS: 5.64 GB
2026-07-26 15:01:03,336 - Evaluate - INFO - ASR... Epoch: 1, Walltime: 3.115535 CPU time: 17.843231
2026-07-26 15:01:05,826 - Evaluate - INFO - ASR Module... Epoch: 1, RSS: 5.64 GB
2026-07-26 15:01:05,827 - Evaluate - INFO - ASR... Epoch: 1, Walltime: 2.485420 CPU time: 14.329394
2026-07-26 15:01:08,350 - Evaluate - INFO - ASR Module... Epoch: 1, RSS: 5.64 GB
2026-07-26 15:01:08,351 - Evaluate - INFO - ASR... Epoch: 1, Walltime: 2.519530 CPU time: 14.216940
2026-07-26 15:01:11,686 - Evaluate - INFO - ASR Module... Epoch: 1, RSS: 5.64 GB
2026-07-26 15:01:11,687 - Evaluate - INFO - ASR... Epoch: 1, Walltime: 3.330321 CPU time: 19.066844
2026-07-26 15:01:15,191 - Evaluate - INFO - ASR Module... Epoch: 1, RSS: 5.64 GB
2026-07-26 15:01:15,192 - Evaluate - INFO - ASR... Epoch: 1, Walltime: 3.499667 CPU time: 19.719676
2026-07-26 15:01:17,391 - Evaluate - INFO - ASR Module... Epoch: 1, RSS: 5.64 GB
2026-07-26 15:01:17,392 - Evaluate - INFO - ASR... Epoch: 1, Walltime: 2.194971 CPU time: 11.911158
2026-07-26 15:01:19,800 - Evaluate - INFO - ASR Module... Epoch: 1, RSS: 5.64 GB
2026-07-26 15:01:19,801 - Evaluate - INFO - ASR... Epoch: 1, Walltime: 2.404857 CPU time: 13.562248
2026-07-26 15:01:22,119 - Evaluate - INFO - ASR Module... Epoch: 1, RSS: 5.64 GB
2026-07-26 15:01:22,120 - Evaluate - INFO - ASR... Epoch: 1, Walltime: 2.314037 CPU time: 13.246905
2026-07-26 15:01:24,487 - Evaluate - INFO - ASR Module... Epoch: 1, RSS: 5.64 GB
2026-07-26 15:01:24,488 - Evaluate - INFO - ASR... Epoch: 1, Walltime: 2.363760 CPU time: 13.072520
2026-07-26 15:01:27,436 - Evaluate - INFO - ASR Module... Epoch: 1, RSS: 5.64 GB
2026-07-26 15:01:27,437 - Evaluate - INFO - ASR... Epoch: 1, Walltime: 2.943893 CPU time: 17.002490
2026-07-26 15:01:30,786 - Evaluate - INFO - ASR Module... Epoch: 1, RSS: 5.64 GB
2026-07-26 15:01:30,787 - Evaluate - INFO - ASR... Epoch: 1, Walltime: 3.345015 CPU time: 18.775059
2026-07-26 15:01:33,514 - Evaluate - INFO - ASR Module... Epoch: 1, RSS: 5.64 GB
2026-07-26 15:01:33,515 - Evaluate - INFO - ASR... Epoch: 1, Walltime: 2.722478 CPU time: 15.431030
2026-07-26 15:01:36,244 - Evaluate - INFO - ASR Module... Epoch: 1, RSS: 5.64 GB
2026-07-26 15:01:36,245 - Evaluate - INFO - ASR... Epoch: 1, Walltime: 2.724751 CPU time: 14.873552
2026-07-26 15:01:38,402 - Evaluate - INFO - ASR Module... Epoch: 1, RSS: 5.64 GB
2026-07-26 15:01:38,403 - Evaluate - INFO - ASR... Epoch: 1, Walltime: 2.153057 CPU time: 11.930624
2026-07-26 15:01:40,934 - Evaluate - INFO - ASR Module... Epoch: 1, RSS: 5.64 GB
2026-07-26 15:01:40,935 - Evaluate - INFO - ASR... Epoch: 1, Walltime: 2.527938 CPU time: 13.760906
2026-07-26 15:01:44,008 - Evaluate - INFO - ASR Module... Epoch: 1, RSS: 5.64 GB
2026-07-26 15:01:44,008 - Evaluate - INFO - ASR... Epoch: 1, Walltime: 3.066784 CPU time: 17.342976
2026-07-26 15:01:46,071 - Evaluate - INFO - ASR Module... Epoch: 1, RSS: 5.64 GB
2026-07-26 15:01:46,072 - Evaluate - INFO - ASR... Epoch: 1, Walltime: 2.059290 CPU time: 11.317556
2026-07-26 15:01:48,052 - Evaluate - INFO - ASR Module... Epoch: 1, RSS: 5.64 GB
2026-07-26 15:01:48,052 - Evaluate - INFO - ASR... Epoch: 1, Walltime: 1.976059 CPU time: 11.240222
2026-07-26 15:01:49,882 - Evaluate - INFO - ASR Module... Epoch: 1, RSS: 5.64 GB
2026-07-26 15:01:49,884 - Evaluate - INFO - ASR... Epoch: 1, Walltime: 1.826975 CPU time: 9.986501
2026-07-26 15:01:52,914 - Evaluate - INFO - ASR Module... Epoch: 1, RSS: 5.64 GB
2026-07-26 15:01:52,915 - Evaluate - INFO - ASR... Epoch: 1, Walltime: 3.026978 CPU time: 16.583838
2026-07-26 15:01:54,223 - Evaluate - INFO - ASR Module... Epoch: 1, RSS: 5.64 GB
2026-07-26 15:01:54,223 - Evaluate - INFO - ASR... Epoch: 1, Walltime: 1.305068 CPU time: 7.558925
2026-07-26 15:01:55,986 - Evaluate - INFO - ASR Module... Epoch: 1, RSS: 5.64 GB
2026-07-26 15:01:55,987 - Evaluate - INFO - ASR... Epoch: 1, Walltime: 1.760142 CPU time: 9.901073
2026-07-26 15:01:57,658 - Evaluate - INFO - ASR Module... Epoch: 1, RSS: 5.64 GB
2026-07-26 15:01:57,659 - Evaluate - INFO - ASR... Epoch: 1, Walltime: 1.667982 CPU time: 9.085634
2026-07-26 15:01:59,745 - Evaluate - INFO - ASR Module... Epoch: 1, RSS: 5.64 GB
2026-07-26 15:01:59,746 - Evaluate - INFO - ASR... Epoch: 1, Walltime: 2.082412 CPU time: 11.745781
2026-07-26 15:02:02,523 - Evaluate - INFO - ASR Module... Epoch: 1, RSS: 5.64 GB
2026-07-26 15:02:02,524 - Evaluate - INFO - ASR... Epoch: 1, Walltime: 2.772174 CPU time: 15.337756
2026-07-26 15:02:05,220 - Evaluate - INFO - ASR Module... Epoch: 1, RSS: 5.64 GB
2026-07-26 15:02:05,221 - Evaluate - INFO - ASR... Epoch: 1, Walltime: 2.692347 CPU time: 15.502480
2026-07-26 15:02:06,701 - Evaluate - INFO - ASR Module... Epoch: 1, RSS: 5.64 GB
2026-07-26 15:02:06,702 - Evaluate - INFO - ASR... Epoch: 1, Walltime: 1.476259 CPU time: 8.788048
2026-07-26 15:02:09,462 - Evaluate - INFO - ASR Module... Epoch: 1, RSS: 5.64 GB
2026-07-26 15:02:09,462 - Evaluate - INFO - ASR... Epoch: 1, Walltime: 2.755168 CPU time: 15.684592
2026-07-26 15:02:11,510 - Evaluate - INFO - ASR Module... Epoch: 1, RSS: 5.64 GB
2026-07-26 15:02:11,510 - Evaluate - INFO - ASR... Epoch: 1, Walltime: 2.043649 CPU time: 11.715240
2026-07-26 15:02:13,912 - Evaluate - INFO - ASR Module... Epoch: 1, RSS: 5.64 GB
2026-07-26 15:02:13,913 - Evaluate - INFO - ASR... Epoch: 1, Walltime: 2.398129 CPU time: 13.684701
2026-07-26 15:02:16,025 - Evaluate - INFO - ASR Module... Epoch: 1, RSS: 5.64 GB
2026-07-26 15:02:16,026 - Evaluate - INFO - ASR... Epoch: 1, Walltime: 2.108813 CPU time: 12.026678
2026-07-26 15:02:17,700 - Evaluate - INFO - ASR Module... Epoch: 1, RSS: 5.64 GB
2026-07-26 15:02:17,700 - Evaluate - INFO - ASR... Epoch: 1, Walltime: 1.669978 CPU time: 9.473031
2026-07-26 15:02:19,658 - Evaluate - INFO - ASR Module... Epoch: 1, RSS: 5.64 GB
2026-07-26 15:02:19,659 - Evaluate - INFO - ASR... Epoch: 1, Walltime: 1.954278 CPU time: 10.778338
2026-07-26 15:02:21,169 - Evaluate - INFO - ASR Module... Epoch: 1, RSS: 5.64 GB
2026-07-26 15:02:21,170 - Evaluate - INFO - ASR... Epoch: 1, Walltime: 1.508080 CPU time: 8.631039
2026-07-26 15:02:22,471 - Evaluate - INFO - ASR Module... Epoch: 1, RSS: 5.64 GB
2026-07-26 15:02:22,472 - Evaluate - INFO - ASR... Epoch: 1, Walltime: 1.299014 CPU time: 7.422042
2026-07-26 15:02:25,677 - Evaluate - INFO - ASR Module... Epoch: 1, RSS: 5.61 GB
2026-07-26 15:02:25,678 - Evaluate - INFO - ASR... Epoch: 1, Walltime: 3.201072 CPU time: 18.206063
2026-07-26 15:02:28,042 - Evaluate - INFO - ASR Module... Epoch: 1, RSS: 5.61 GB
2026-07-26 15:02:28,043 - Evaluate - INFO - ASR... Epoch: 1, Walltime: 2.360327 CPU time: 13.611022
2026-07-26 15:02:29,967 - Evaluate - INFO - ASR Module... Epoch: 1, RSS: 5.61 GB
2026-07-26 15:02:29,968 - Evaluate - INFO - ASR... Epoch: 1, Walltime: 1.920511 CPU time: 10.958955
2026-07-26 15:02:31,369 - Evaluate - INFO - ASR Module... Epoch: 1, RSS: 5.61 GB
2026-07-26 15:02:31,370 - Evaluate - INFO - ASR... Epoch: 1, Walltime: 1.398032 CPU time: 7.529936
2026-07-26 15:02:32,445 - Evaluate - INFO - ASR Module... Epoch: 1, RSS: 5.61 GB
2026-07-26 15:02:32,445 - Evaluate - INFO - ASR... Epoch: 1, Walltime: 1.073320 CPU time: 5.724892
2026-07-26 15:02:34,846 - Evaluate - INFO - ASR Module... Epoch: 1, RSS: 5.61 GB
2026-07-26 15:02:34,846 - Evaluate - INFO - ASR... Epoch: 1, Walltime: 2.394731 CPU time: 13.565354
2026-07-26 15:02:36,860 - Evaluate - INFO - ASR Module... Epoch: 1, RSS: 5.64 GB
2026-07-26 15:02:36,861 - Evaluate - INFO - ASR... Epoch: 1, Walltime: 2.009449 CPU time: 11.608853
2026-07-26 15:02:39,779 - Evaluate - INFO - ASR Module... Epoch: 1, RSS: 5.63 GB
2026-07-26 15:02:39,780 - Evaluate - INFO - ASR... Epoch: 1, Walltime: 2.914625 CPU time: 16.793353
2026-07-26 15:02:41,831 - Evaluate - INFO - ASR Module... Epoch: 1, RSS: 5.64 GB
2026-07-26 15:02:41,832 - Evaluate - INFO - ASR... Epoch: 1, Walltime: 2.047565 CPU time: 11.766245
2026-07-26 15:02:44,080 - Evaluate - INFO - ASR Module... Epoch: 1, RSS: 5.64 GB
2026-07-26 15:02:44,081 - Evaluate - INFO - ASR... Epoch: 1, Walltime: 2.244757 CPU time: 12.967971
2026-07-26 15:02:46,076 - Evaluate - INFO - ASR Module... Epoch: 1, RSS: 5.64 GB
2026-07-26 15:02:46,077 - Evaluate - INFO - ASR... Epoch: 1, Walltime: 1.991723 CPU time: 11.445880
2026-07-26 15:02:48,973 - Evaluate - INFO - ASR Module... Epoch: 1, RSS: 5.64 GB
2026-07-26 15:02:48,974 - Evaluate - INFO - ASR... Epoch: 1, Walltime: 2.890924 CPU time: 15.797435
2026-07-26 15:02:50,214 - Evaluate - INFO - ASR Module... Epoch: 1, RSS: 5.64 GB
2026-07-26 15:02:50,215 - Evaluate - INFO - ASR... Epoch: 1, Walltime: 1.237637 CPU time: 7.154700
2026-07-26 15:02:51,653 - Evaluate - INFO - ASR Module... Epoch: 1, RSS: 5.64 GB
2026-07-26 15:02:51,654 - Evaluate - INFO - ASR... Epoch: 1, Walltime: 1.435611 CPU time: 8.381529
2026-07-26 15:02:53,421 - Evaluate - INFO - ASR Module... Epoch: 1, RSS: 5.64 GB
2026-07-26 15:02:53,422 - Evaluate - INFO - ASR... Epoch: 1, Walltime: 1.763645 CPU time: 9.676379
2026-07-26 15:02:54,960 - Evaluate - INFO - ASR Module... Epoch: 1, RSS: 5.64 GB
2026-07-26 15:02:54,960 - Evaluate - INFO - ASR... Epoch: 1, Walltime: 1.534993 CPU time: 8.635214
2026-07-26 15:02:56,889 - Evaluate - INFO - ASR Module... Epoch: 1, RSS: 5.64 GB
2026-07-26 15:02:56,890 - Evaluate - INFO - ASR... Epoch: 1, Walltime: 1.926312 CPU time: 10.910875
2026-07-26 15:02:58,703 - Evaluate - INFO - ASR Module... Epoch: 1, RSS: 5.64 GB
2026-07-26 15:02:58,704 - Evaluate - INFO - ASR... Epoch: 1, Walltime: 1.810689 CPU time: 9.933772
2026-07-26 15:03:00,598 - Evaluate - INFO - ASR Module... Epoch: 1, RSS: 5.64 GB
2026-07-26 15:03:00,599 - Evaluate - INFO - ASR... Epoch: 1, Walltime: 1.890838 CPU time: 10.990820
2026-07-26 15:03:02,366 - Evaluate - INFO - ASR Module... Epoch: 1, RSS: 5.64 GB
2026-07-26 15:03:02,367 - Evaluate - INFO - ASR... Epoch: 1, Walltime: 1.764913 CPU time: 9.653157
2026-07-26 15:03:03,979 - Evaluate - INFO - ASR Module... Epoch: 1, RSS: 5.64 GB
2026-07-26 15:03:03,980 - Evaluate - INFO - ASR... Epoch: 1, Walltime: 1.609080 CPU time: 9.254609
2026-07-26 15:03:05,707 - Evaluate - INFO - ASR Module... Epoch: 1, RSS: 5.64 GB
2026-07-26 15:03:05,708 - Evaluate - INFO - ASR... Epoch: 1, Walltime: 1.724243 CPU time: 9.539039
2026-07-26 15:03:07,579 - Evaluate - INFO - ASR Module... Epoch: 1, RSS: 5.64 GB
2026-07-26 15:03:07,579 - Evaluate - INFO - ASR... Epoch: 1, Walltime: 1.867408 CPU time: 10.804811
2026-07-26 15:03:08,913 - Evaluate - INFO - ASR Module... Epoch: 1, RSS: 5.64 GB
2026-07-26 15:03:08,913 - Evaluate - INFO - ASR... Epoch: 1, Walltime: 1.329972 CPU time: 7.621197
2026-07-26 15:03:11,068 - Evaluate - INFO - ASR Module... Epoch: 1, RSS: 5.64 GB
2026-07-26 15:03:11,069 - Evaluate - INFO - ASR... Epoch: 1, Walltime: 2.150901 CPU time: 12.358339
2026-07-26 15:03:13,082 - Evaluate - INFO - ASR Module... Epoch: 1, RSS: 5.64 GB
2026-07-26 15:03:13,083 - Evaluate - INFO - ASR... Epoch: 1, Walltime: 2.010202 CPU time: 11.356538
2026-07-26 15:03:14,369 - Evaluate - INFO - ASR Module... Epoch: 1, RSS: 5.64 GB
2026-07-26 15:03:14,370 - Evaluate - INFO - ASR... Epoch: 1, Walltime: 1.283849 CPU time: 7.037756
2026-07-26 15:03:16,091 - Evaluate - INFO - ASR Module... Epoch: 1, RSS: 5.64 GB
2026-07-26 15:03:16,092 - Evaluate - INFO - ASR... Epoch: 1, Walltime: 1.718969 CPU time: 9.349721
2026-07-26 15:03:17,795 - Evaluate - INFO - ASR Module... Epoch: 1, RSS: 5.64 GB
2026-07-26 15:03:17,796 - Evaluate - INFO - ASR... Epoch: 1, Walltime: 1.700167 CPU time: 9.673402
2026-07-26 15:03:19,561 - Evaluate - INFO - ASR Module... Epoch: 1, RSS: 5.64 GB
2026-07-26 15:03:19,562 - Evaluate - INFO - ASR... Epoch: 1, Walltime: 1.762586 CPU time: 9.739406
2026-07-26 15:03:21,214 - Evaluate - INFO - ASR Module... Epoch: 1, RSS: 5.64 GB
2026-07-26 15:03:21,215 - Evaluate - INFO - ASR... Epoch: 1, Walltime: 1.649541 CPU time: 9.237462
2026-07-26 15:03:23,419 - Evaluate - INFO - ASR Module... Epoch: 1, RSS: 5.64 GB
2026-07-26 15:03:23,420 - Evaluate - INFO - ASR... Epoch: 1, Walltime: 2.200946 CPU time: 12.166681
2026-07-26 15:03:25,456 - Evaluate - INFO - ASR Module... Epoch: 1, RSS: 5.64 GB
2026-07-26 15:03:25,457 - Evaluate - INFO - ASR... Epoch: 1, Walltime: 2.031591 CPU time: 11.728633
2026-07-26 15:03:26,873 - Evaluate - INFO - ASR Module... Epoch: 1, RSS: 5.64 GB
2026-07-26 15:03:26,873 - Evaluate - INFO - ASR... Epoch: 1, Walltime: 1.413738 CPU time: 7.818325
2026-07-26 15:03:28,469 - Evaluate - INFO - ASR Module... Epoch: 1, RSS: 5.64 GB
2026-07-26 15:03:28,470 - Evaluate - INFO - ASR... Epoch: 1, Walltime: 1.593196 CPU time: 9.149270
2026-07-26 15:03:29,850 - Evaluate - INFO - ASR Module... Epoch: 1, RSS: 5.64 GB
2026-07-26 15:03:29,850 - Evaluate - INFO - ASR... Epoch: 1, Walltime: 1.377572 CPU time: 7.818278
2026-07-26 15:03:31,481 - Evaluate - INFO - ASR Module... Epoch: 1, RSS: 5.64 GB
2026-07-26 15:03:31,481 - Evaluate - INFO - ASR... Epoch: 1, Walltime: 1.627374 CPU time: 9.609699
2026-07-26 15:03:33,464 - Evaluate - INFO - ASR Module... Epoch: 1, RSS: 5.64 GB
2026-07-26 15:03:33,465 - Evaluate - INFO - ASR... Epoch: 1, Walltime: 1.979605 CPU time: 10.953207
2026-07-26 15:03:38,523 - Evaluate - INFO - ASR Module... Epoch: 1, RSS: 5.64 GB
2026-07-26 15:03:38,524 - Evaluate - INFO - ASR... Epoch: 1, Walltime: 5.049438 CPU time: 28.996135
2026-07-26 15:03:41,422 - Evaluate - INFO - ASR Module... Epoch: 1, RSS: 5.64 GB
2026-07-26 15:03:41,423 - Evaluate - INFO - ASR... Epoch: 1, Walltime: 2.893842 CPU time: 16.155686
2026-07-26 15:03:44,610 - Evaluate - INFO - ASR Module... Epoch: 1, RSS: 5.64 GB
2026-07-26 15:03:44,611 - Evaluate - INFO - ASR... Epoch: 1, Walltime: 3.181545 CPU time: 17.033324
2026-07-26 15:03:46,873 - Evaluate - INFO - ASR Module... Epoch: 1, RSS: 5.64 GB
2026-07-26 15:03:46,874 - Evaluate - INFO - ASR... Epoch: 1, Walltime: 2.258527 CPU time: 12.452643
2026-07-26 15:03:50,251 - Evaluate - INFO - ASR Module... Epoch: 1, RSS: 5.64 GB
2026-07-26 15:03:50,252 - Evaluate - INFO - ASR... Epoch: 1, Walltime: 3.371840 CPU time: 18.556773
2026-07-26 15:03:53,435 - Evaluate - INFO - ASR Module... Epoch: 1, RSS: 5.64 GB
2026-07-26 15:03:53,436 - Evaluate - INFO - ASR... Epoch: 1, Walltime: 3.178831 CPU time: 17.710899
2026-07-26 15:03:55,529 - Evaluate - INFO - ASR Module... Epoch: 1, RSS: 5.64 GB
2026-07-26 15:03:55,530 - Evaluate - INFO - ASR... Epoch: 1, Walltime: 2.089979 CPU time: 11.419926
2026-07-26 15:03:57,076 - Evaluate - INFO - ASR Module... Epoch: 1, RSS: 5.64 GB
2026-07-26 15:03:57,076 - Evaluate - INFO - ASR... Epoch: 1, Walltime: 1.543049 CPU time: 8.719144
2026-07-26 15:03:59,445 - Evaluate - INFO - ASR Module... Epoch: 1, RSS: 5.64 GB
2026-07-26 15:03:59,446 - Evaluate - INFO - ASR... Epoch: 1, Walltime: 2.365893 CPU time: 13.170858
2026-07-26 15:04:01,696 - Evaluate - INFO - ASR Module... Epoch: 1, RSS: 5.64 GB
2026-07-26 15:04:01,697 - Evaluate - INFO - ASR... Epoch: 1, Walltime: 2.246339 CPU time: 12.368582
2026-07-26 15:04:05,821 - Evaluate - INFO - ASR Module... Epoch: 1, RSS: 5.64 GB
2026-07-26 15:04:05,822 - Evaluate - INFO - ASR... Epoch: 1, Walltime: 4.119503 CPU time: 22.449601
2026-07-26 15:04:10,956 - Evaluate - INFO - ASR Module... Epoch: 1, RSS: 5.64 GB
2026-07-26 15:04:10,956 - Evaluate - INFO - ASR... Epoch: 1, Walltime: 5.127522 CPU time: 28.069743
2026-07-26 15:04:13,117 - Evaluate - INFO - ASR Module... Epoch: 1, RSS: 5.64 GB
2026-07-26 15:04:13,118 - Evaluate - INFO - ASR... Epoch: 1, Walltime: 2.155892 CPU time: 12.078340
2026-07-26 15:04:16,078 - Evaluate - INFO - ASR Module... Epoch: 1, RSS: 5.64 GB
2026-07-26 15:04:16,078 - Evaluate - INFO - ASR... Epoch: 1, Walltime: 2.955707 CPU time: 16.267860
2026-07-26 15:04:19,130 - Evaluate - INFO - ASR Module... Epoch: 1, RSS: 5.64 GB
2026-07-26 15:04:19,131 - Evaluate - INFO - ASR... Epoch: 1, Walltime: 3.046399 CPU time: 16.724949
2026-07-26 15:04:22,256 - Evaluate - INFO - ASR Module... Epoch: 1, RSS: 5.64 GB
2026-07-26 15:04:22,256 - Evaluate - INFO - ASR... Epoch: 1, Walltime: 3.119407 CPU time: 16.793770
2026-07-26 15:04:26,033 - Evaluate - INFO - ASR Module... Epoch: 1, RSS: 5.64 GB
2026-07-26 15:04:26,034 - Evaluate - INFO - ASR... Epoch: 1, Walltime: 3.769683 CPU time: 21.108705
2026-07-26 15:04:29,888 - Evaluate - INFO - ASR Module... Epoch: 1, RSS: 5.64 GB
2026-07-26 15:04:29,889 - Evaluate - INFO - ASR... Epoch: 1, Walltime: 3.847901 CPU time: 20.718398
2026-07-26 15:04:33,092 - Evaluate - INFO - ASR Module... Epoch: 1, RSS: 5.64 GB
2026-07-26 15:04:33,093 - Evaluate - INFO - ASR... Epoch: 1, Walltime: 3.198039 CPU time: 17.800984
2026-07-26 15:04:36,257 - Evaluate - INFO - ASR Module... Epoch: 1, RSS: 5.64 GB
2026-07-26 15:04:36,257 - Evaluate - INFO - ASR... Epoch: 1, Walltime: 3.157788 CPU time: 17.171081
2026-07-26 15:04:37,921 - Evaluate - INFO - ASR Module... Epoch: 1, RSS: 5.64 GB
2026-07-26 15:04:37,922 - Evaluate - INFO - ASR... Epoch: 1, Walltime: 1.660522 CPU time: 9.455655
2026-07-26 15:04:41,130 - Evaluate - INFO - ASR Module... Epoch: 1, RSS: 5.64 GB
2026-07-26 15:04:41,131 - Evaluate - INFO - ASR... Epoch: 1, Walltime: 3.203760 CPU time: 18.151033
2026-07-26 15:04:42,416 - Evaluate - INFO - ASR Module... Epoch: 1, RSS: 5.64 GB
2026-07-26 15:04:42,417 - Evaluate - INFO - ASR... Epoch: 1, Walltime: 1.282163 CPU time: 7.429090
2026-07-26 15:04:45,611 - Evaluate - INFO - ASR Module... Epoch: 1, RSS: 5.64 GB
2026-07-26 15:04:45,611 - Evaluate - INFO - ASR... Epoch: 1, Walltime: 3.189259 CPU time: 17.724928
2026-07-26 15:04:48,026 - Evaluate - INFO - ASR Module... Epoch: 1, RSS: 5.64 GB
2026-07-26 15:04:48,027 - Evaluate - INFO - ASR... Epoch: 1, Walltime: 2.411168 CPU time: 13.250958
2026-07-26 15:04:50,927 - Evaluate - INFO - ASR Module... Epoch: 1, RSS: 5.64 GB
2026-07-26 15:04:50,928 - Evaluate - INFO - ASR... Epoch: 1, Walltime: 2.896168 CPU time: 16.099067
2026-07-26 15:04:52,314 - Evaluate - INFO - ASR Module... Epoch: 1, RSS: 5.64 GB
2026-07-26 15:04:52,315 - Evaluate - INFO - ASR... Epoch: 1, Walltime: 1.383317 CPU time: 7.946934
2026-07-26 15:04:54,495 - Evaluate - INFO - ASR Module... Epoch: 1, RSS: 5.64 GB
2026-07-26 15:04:54,496 - Evaluate - INFO - ASR... Epoch: 1, Walltime: 2.177139 CPU time: 12.016260
2026-07-26 15:04:57,350 - Evaluate - INFO - ASR Module... Epoch: 1, RSS: 5.64 GB
2026-07-26 15:04:57,351 - Evaluate - INFO - ASR... Epoch: 1, Walltime: 2.850809 CPU time: 15.778707
2026-07-26 15:05:00,588 - Evaluate - INFO - ASR Module... Epoch: 1, RSS: 5.64 GB
2026-07-26 15:05:00,589 - Evaluate - INFO - ASR... Epoch: 1, Walltime: 3.232168 CPU time: 17.629411
2026-07-26 15:05:02,449 - Evaluate - INFO - ASR Module... Epoch: 1, RSS: 5.64 GB
2026-07-26 15:05:02,450 - Evaluate - INFO - ASR... Epoch: 1, Walltime: 1.856626 CPU time: 10.246326
2026-07-26 15:05:05,369 - Evaluate - INFO - ASR Module... Epoch: 1, RSS: 5.64 GB
2026-07-26 15:05:05,370 - Evaluate - INFO - ASR... Epoch: 1, Walltime: 2.915146 CPU time: 16.746294
2026-07-26 15:05:08,216 - Evaluate - INFO - ASR Module... Epoch: 1, RSS: 5.64 GB
2026-07-26 15:05:08,216 - Evaluate - INFO - ASR... Epoch: 1, Walltime: 2.841406 CPU time: 15.708760
2026-07-26 15:05:10,512 - Evaluate - INFO - ASR Module... Epoch: 1, RSS: 5.64 GB
2026-07-26 15:05:10,513 - Evaluate - INFO - ASR... Epoch: 1, Walltime: 2.285372 CPU time: 12.291491
2026-07-26 15:05:13,568 - Evaluate - INFO - ASR Module... Epoch: 1, RSS: 5.64 GB
2026-07-26 15:05:13,569 - Evaluate - INFO - ASR... Epoch: 1, Walltime: 3.050295 CPU time: 17.035751
2026-07-26 15:05:15,596 - Evaluate - INFO - ASR Module... Epoch: 1, RSS: 5.64 GB
2026-07-26 15:05:15,597 - Evaluate - INFO - ASR... Epoch: 1, Walltime: 2.022837 CPU time: 10.987071
2026-07-26 15:05:17,152 - Evaluate - INFO - ASR Module... Epoch: 1, RSS: 5.64 GB
2026-07-26 15:05:17,153 - Evaluate - INFO - ASR... Epoch: 1, Walltime: 1.552391 CPU time: 8.392207
2026-07-26 15:05:20,737 - Evaluate - INFO - ASR Module... Epoch: 1, RSS: 5.64 GB
2026-07-26 15:05:20,738 - Evaluate - INFO - ASR... Epoch: 1, Walltime: 3.578884 CPU time: 19.813954
2026-07-26 15:05:23,316 - Evaluate - INFO - ASR Module... Epoch: 1, RSS: 5.64 GB
2026-07-26 15:05:23,317 - Evaluate - INFO - ASR... Epoch: 1, Walltime: 2.572518 CPU time: 14.281334
2026-07-26 15:05:25,584 - Evaluate - INFO - ASR Module... Epoch: 1, RSS: 5.64 GB
2026-07-26 15:05:25,585 - Evaluate - INFO - ASR... Epoch: 1, Walltime: 2.263546 CPU time: 12.409001
2026-07-26 15:05:28,290 - Evaluate - INFO - ASR Module... Epoch: 1, RSS: 5.64 GB
2026-07-26 15:05:28,291 - Evaluate - INFO - ASR... Epoch: 1, Walltime: 2.700286 CPU time: 15.293895
2026-07-26 15:05:29,591 - Evaluate - INFO - ASR Module... Epoch: 1, RSS: 5.64 GB
2026-07-26 15:05:29,591 - Evaluate - INFO - ASR... Epoch: 1, Walltime: 1.297182 CPU time: 7.205951
2026-07-26 15:05:31,842 - Evaluate - INFO - ASR Module... Epoch: 1, RSS: 5.64 GB
2026-07-26 15:05:31,842 - Evaluate - INFO - ASR... Epoch: 1, Walltime: 2.246536 CPU time: 12.924676
2026-07-26 15:05:33,534 - Evaluate - INFO - ASR Module... Epoch: 1, RSS: 5.64 GB
2026-07-26 15:05:33,535 - Evaluate - INFO - ASR... Epoch: 1, Walltime: 1.688580 CPU time: 9.576667
2026-07-26 15:05:35,751 - Evaluate - INFO - ASR Module... Epoch: 1, RSS: 5.64 GB
2026-07-26 15:05:35,752 - Evaluate - INFO - ASR... Epoch: 1, Walltime: 2.212233 CPU time: 12.428683
2026-07-26 15:05:37,762 - Evaluate - INFO - ASR Module... Epoch: 1, RSS: 5.63 GB
2026-07-26 15:05:37,763 - Evaluate - INFO - ASR... Epoch: 1, Walltime: 2.006499 CPU time: 10.986430
2026-07-26 15:05:39,582 - Evaluate - INFO - ASR Module... Epoch: 1, RSS: 5.63 GB
2026-07-26 15:05:39,583 - Evaluate - INFO - ASR... Epoch: 1, Walltime: 1.816518 CPU time: 9.940836
2026-07-26 15:05:41,593 - Evaluate - INFO - ASR Module... Epoch: 1, RSS: 5.63 GB
2026-07-26 15:05:41,594 - Evaluate - INFO - ASR... Epoch: 1, Walltime: 2.007088 CPU time: 11.065065
2026-07-26 15:05:43,296 - Evaluate - INFO - ASR Module... Epoch: 1, RSS: 5.63 GB
2026-07-26 15:05:43,297 - Evaluate - INFO - ASR... Epoch: 1, Walltime: 1.698962 CPU time: 9.809916
2026-07-26 15:05:44,503 - Evaluate - INFO - ASR Module... Epoch: 1, RSS: 5.63 GB
2026-07-26 15:05:44,504 - Evaluate - INFO - ASR... Epoch: 1, Walltime: 1.203501 CPU time: 6.861142
2026-07-26 15:05:45,812 - Evaluate - INFO - ASR Module... Epoch: 1, RSS: 5.63 GB
2026-07-26 15:05:45,813 - Evaluate - INFO - ASR... Epoch: 1, Walltime: 1.305866 CPU time: 7.311730
2026-07-26 15:05:48,694 - Evaluate - INFO - ASR Module... Epoch: 1, RSS: 5.63 GB
2026-07-26 15:05:48,695 - Evaluate - INFO - ASR... Epoch: 1, Walltime: 2.877628 CPU time: 15.664582
2026-07-26 15:05:49,960 - Evaluate - INFO - ASR Module... Epoch: 1, RSS: 5.63 GB
2026-07-26 15:05:49,961 - Evaluate - INFO - ASR... Epoch: 1, Walltime: 1.262574 CPU time: 7.016958
2026-07-26 15:05:51,397 - Evaluate - INFO - ASR Module... Epoch: 1, RSS: 5.63 GB
2026-07-26 15:05:51,397 - Evaluate - INFO - ASR... Epoch: 1, Walltime: 1.433171 CPU time: 8.274789
2026-07-26 15:05:53,241 - Evaluate - INFO - ASR Module... Epoch: 1, RSS: 5.63 GB
2026-07-26 15:05:53,242 - Evaluate - INFO - ASR... Epoch: 1, Walltime: 1.840831 CPU time: 10.495320
2026-07-26 15:05:57,054 - Evaluate - INFO - ASR Module... Epoch: 1, RSS: 5.63 GB
2026-07-26 15:05:57,055 - Evaluate - INFO - ASR... Epoch: 1, Walltime: 3.808147 CPU time: 21.004473
2026-07-26 15:06:00,098 - Evaluate - INFO - ASR Module... Epoch: 1, RSS: 5.63 GB
2026-07-26 15:06:00,098 - Evaluate - INFO - ASR... Epoch: 1, Walltime: 3.037710 CPU time: 16.592331
2026-07-26 15:06:02,843 - Evaluate - INFO - ASR Module... Epoch: 1, RSS: 5.63 GB
2026-07-26 15:06:02,844 - Evaluate - INFO - ASR... Epoch: 1, Walltime: 2.740046 CPU time: 15.250420
2026-07-26 15:06:07,179 - Evaluate - INFO - ASR Module... Epoch: 1, RSS: 5.57 GB
2026-07-26 15:06:07,180 - Evaluate - INFO - ASR... Epoch: 1, Walltime: 4.329233 CPU time: 24.043461
2026-07-26 15:06:09,437 - Evaluate - INFO - ASR Module... Epoch: 1, RSS: 5.63 GB
2026-07-26 15:06:09,438 - Evaluate - INFO - ASR... Epoch: 1, Walltime: 2.251543 CPU time: 12.607689
2026-07-26 15:06:11,858 - Evaluate - INFO - ASR Module... Epoch: 1, RSS: 5.63 GB
2026-07-26 15:06:11,859 - Evaluate - INFO - ASR... Epoch: 1, Walltime: 2.415313 CPU time: 13.227906
2026-07-26 15:06:15,972 - Evaluate - INFO - ASR Module... Epoch: 1, RSS: 5.63 GB
2026-07-26 15:06:15,973 - Evaluate - INFO - ASR... Epoch: 1, Walltime: 4.106762 CPU time: 22.262159
2026-07-26 15:06:20,612 - Evaluate - INFO - ASR Module... Epoch: 1, RSS: 5.63 GB
2026-07-26 15:06:20,612 - Evaluate - INFO - ASR... Epoch: 1, Walltime: 4.631364 CPU time: 26.042948
2026-07-26 15:06:23,467 - Evaluate - INFO - ASR Module... Epoch: 1, RSS: 5.63 GB
2026-07-26 15:06:23,468 - Evaluate - INFO - ASR... Epoch: 1, Walltime: 2.847142 CPU time: 15.767785
2026-07-26 15:06:27,354 - Evaluate - INFO - ASR Module... Epoch: 1, RSS: 5.63 GB
2026-07-26 15:06:27,355 - Evaluate - INFO - ASR... Epoch: 1, Walltime: 3.879092 CPU time: 21.637335
2026-07-26 15:06:33,900 - Evaluate - INFO - ASR Module... Epoch: 1, RSS: 5.63 GB
2026-07-26 15:06:33,900 - Evaluate - INFO - ASR... Epoch: 1, Walltime: 6.537230 CPU time: 35.191100
2026-07-26 15:06:35,478 - Evaluate - INFO - ASR Module... Epoch: 1, RSS: 5.63 GB
2026-07-26 15:06:35,480 - Evaluate - INFO - ASR... Epoch: 1, Walltime: 1.573882 CPU time: 8.560030
2026-07-26 15:06:37,003 - Evaluate - INFO - ASR Module... Epoch: 1, RSS: 5.63 GB
2026-07-26 15:06:37,004 - Evaluate - INFO - ASR... Epoch: 1, Walltime: 1.521189 CPU time: 8.628444
2026-07-26 15:06:39,987 - Evaluate - INFO - ASR Module... Epoch: 1, RSS: 5.63 GB
2026-07-26 15:06:39,988 - Evaluate - INFO - ASR... Epoch: 1, Walltime: 2.979368 CPU time: 16.067136
2026-07-26 15:06:41,290 - Evaluate - INFO - ASR Module... Epoch: 1, RSS: 5.63 GB
2026-07-26 15:06:41,291 - Evaluate - INFO - ASR... Epoch: 1, Walltime: 1.299049 CPU time: 7.318208
2026-07-26 15:06:42,709 - Evaluate - INFO - ASR Module... Epoch: 1, RSS: 5.63 GB
2026-07-26 15:06:42,710 - Evaluate - INFO - ASR... Epoch: 1, Walltime: 1.415840 CPU time: 8.055399
2026-07-26 15:06:44,144 - Evaluate - INFO - ASR Module... Epoch: 1, RSS: 5.63 GB
2026-07-26 15:06:44,144 - Evaluate - INFO - ASR... Epoch: 1, Walltime: 1.431077 CPU time: 8.326092
2026-07-26 15:06:45,729 - Evaluate - INFO - ASR Module... Epoch: 1, RSS: 5.63 GB
2026-07-26 15:06:45,730 - Evaluate - INFO - ASR... Epoch: 1, Walltime: 1.582089 CPU time: 8.963730
2026-07-26 15:06:48,859 - Evaluate - INFO - ASR Module... Epoch: 1, RSS: 5.63 GB
2026-07-26 15:06:48,860 - Evaluate - INFO - ASR... Epoch: 1, Walltime: 3.124715 CPU time: 17.302827
2026-07-26 15:06:51,123 - Evaluate - INFO - ASR Module... Epoch: 1, RSS: 5.63 GB
2026-07-26 15:06:51,124 - Evaluate - INFO - ASR... Epoch: 1, Walltime: 2.259210 CPU time: 13.035152
2026-07-26 15:06:52,594 - Evaluate - INFO - ASR Module... Epoch: 1, RSS: 5.63 GB
2026-07-26 15:06:52,595 - Evaluate - INFO - ASR... Epoch: 1, Walltime: 1.467343 CPU time: 8.247673
2026-07-26 15:06:54,228 - Evaluate - INFO - ASR Module... Epoch: 1, RSS: 5.63 GB
2026-07-26 15:06:54,229 - Evaluate - INFO - ASR... Epoch: 1, Walltime: 1.630311 CPU time: 9.243661
2026-07-26 15:06:56,831 - Evaluate - INFO - ASR Module... Epoch: 1, RSS: 5.63 GB
2026-07-26 15:06:56,832 - Evaluate - INFO - ASR... Epoch: 1, Walltime: 2.598057 CPU time: 14.640249
2026-07-26 15:06:58,866 - Evaluate - INFO - ASR Module... Epoch: 1, RSS: 5.63 GB
2026-07-26 15:06:58,866 - Evaluate - INFO - ASR... Epoch: 1, Walltime: 2.030550 CPU time: 11.769533
2026-07-26 15:07:00,191 - Evaluate - INFO - ASR Module... Epoch: 1, RSS: 5.63 GB
2026-07-26 15:07:00,192 - Evaluate - INFO - ASR... Epoch: 1, Walltime: 1.321886 CPU time: 7.660183
2026-07-26 15:07:01,541 - Evaluate - INFO - ASR Module... Epoch: 1, RSS: 5.63 GB
2026-07-26 15:07:01,541 - Evaluate - INFO - ASR... Epoch: 1, Walltime: 1.346463 CPU time: 7.655291
2026-07-26 15:07:03,193 - Evaluate - INFO - ASR Module... Epoch: 1, RSS: 5.63 GB
2026-07-26 15:07:03,194 - Evaluate - INFO - ASR... Epoch: 1, Walltime: 1.649621 CPU time: 9.177242
2026-07-26 15:07:04,952 - Evaluate - INFO - ASR Module... Epoch: 1, RSS: 5.63 GB
2026-07-26 15:07:04,953 - Evaluate - INFO - ASR... Epoch: 1, Walltime: 1.754540 CPU time: 10.270940
2026-07-26 15:07:06,490 - Evaluate - INFO - ASR Module... Epoch: 1, RSS: 5.63 GB
2026-07-26 15:07:06,491 - Evaluate - INFO - ASR... Epoch: 1, Walltime: 1.534325 CPU time: 8.901949
2026-07-26 15:07:08,138 - Evaluate - INFO - ASR Module... Epoch: 1, RSS: 5.63 GB
2026-07-26 15:07:08,139 - Evaluate - INFO - ASR... Epoch: 1, Walltime: 1.644253 CPU time: 9.350455
2026-07-26 15:07:09,723 - Evaluate - INFO - ASR Module... Epoch: 1, RSS: 5.63 GB
2026-07-26 15:07:09,724 - Evaluate - INFO - ASR... Epoch: 1, Walltime: 1.581347 CPU time: 8.805152
2026-07-26 15:07:11,109 - Evaluate - INFO - ASR Module... Epoch: 1, RSS: 5.63 GB
2026-07-26 15:07:11,110 - Evaluate - INFO - ASR... Epoch: 1, Walltime: 1.382835 CPU time: 8.071740
2026-07-26 15:07:12,791 - Evaluate - INFO - ASR Module... Epoch: 1, RSS: 5.63 GB
2026-07-26 15:07:12,792 - Evaluate - INFO - ASR... Epoch: 1, Walltime: 1.678290 CPU time: 9.851400
2026-07-26 15:07:14,461 - Evaluate - INFO - ASR Module... Epoch: 1, RSS: 5.63 GB
2026-07-26 15:07:14,462 - Evaluate - INFO - ASR... Epoch: 1, Walltime: 1.666045 CPU time: 9.671431
2026-07-26 15:07:15,634 - Evaluate - INFO - ASR Module... Epoch: 1, RSS: 5.63 GB
2026-07-26 15:07:15,635 - Evaluate - INFO - ASR... Epoch: 1, Walltime: 1.169084 CPU time: 6.843940
2026-07-26 15:07:17,593 - Evaluate - INFO - ASR Module... Epoch: 1, RSS: 5.63 GB
2026-07-26 15:07:17,594 - Evaluate - INFO - ASR... Epoch: 1, Walltime: 1.954779 CPU time: 10.846022
2026-07-26 15:07:20,048 - Evaluate - INFO - ASR Module... Epoch: 1, RSS: 5.63 GB
2026-07-26 15:07:20,049 - Evaluate - INFO - ASR... Epoch: 1, Walltime: 2.450454 CPU time: 14.031691
2026-07-26 15:07:21,849 - Evaluate - INFO - ASR Module... Epoch: 1, RSS: 5.64 GB
2026-07-26 15:07:21,849 - Evaluate - INFO - ASR... Epoch: 1, Walltime: 1.796474 CPU time: 10.354728
2026-07-26 15:07:23,419 - Evaluate - INFO - ASR Module... Epoch: 1, RSS: 5.64 GB
2026-07-26 15:07:23,420 - Evaluate - INFO - ASR... Epoch: 1, Walltime: 1.567287 CPU time: 9.133670
2026-07-26 15:07:25,354 - Evaluate - INFO - ASR Module... Epoch: 1, RSS: 5.64 GB
2026-07-26 15:07:25,355 - Evaluate - INFO - ASR... Epoch: 1, Walltime: 1.931219 CPU time: 11.013739
2026-07-26 15:07:27,311 - Evaluate - INFO - ASR Module... Epoch: 1, RSS: 5.64 GB
2026-07-26 15:07:27,312 - Evaluate - INFO - ASR... Epoch: 1, Walltime: 1.953028 CPU time: 11.238424
2026-07-26 15:07:30,104 - Evaluate - INFO - ASR Module... Epoch: 1, RSS: 5.64 GB
2026-07-26 15:07:30,104 - Evaluate - INFO - ASR... Epoch: 1, Walltime: 2.788104 CPU time: 15.158273
2026-07-26 15:07:32,048 - Evaluate - INFO - ASR Module... Epoch: 1, RSS: 5.64 GB
2026-07-26 15:07:32,048 - Evaluate - INFO - ASR... Epoch: 1, Walltime: 1.940563 CPU time: 11.111442
2026-07-26 15:07:33,604 - Evaluate - INFO - ASR Module... Epoch: 1, RSS: 5.64 GB
2026-07-26 15:07:33,605 - Evaluate - INFO - ASR... Epoch: 1, Walltime: 1.553299 CPU time: 8.838634
2026-07-26 15:07:35,282 - Evaluate - INFO - ASR Module... Epoch: 1, RSS: 5.64 GB
2026-07-26 15:07:35,283 - Evaluate - INFO - ASR... Epoch: 1, Walltime: 1.674484 CPU time: 9.605048
2026-07-26 15:07:36,733 - Evaluate - INFO - ASR Module... Epoch: 1, RSS: 5.64 GB
2026-07-26 15:07:36,733 - Evaluate - INFO - ASR... Epoch: 1, Walltime: 1.446977 CPU time: 8.033648
2026-07-26 15:07:38,399 - Evaluate - INFO - ASR Module... Epoch: 1, RSS: 5.64 GB
2026-07-26 15:07:38,400 - Evaluate - INFO - ASR... Epoch: 1, Walltime: 1.663101 CPU time: 9.184609
2026-07-26 15:07:39,568 - Evaluate - INFO - ASR Module... Epoch: 1, RSS: 5.64 GB
2026-07-26 15:07:39,569 - Evaluate - INFO - ASR... Epoch: 1, Walltime: 1.165513 CPU time: 6.513520
2026-07-26 15:07:41,082 - Evaluate - INFO - ASR Module... Epoch: 1, RSS: 5.64 GB
2026-07-26 15:07:41,083 - Evaluate - INFO - ASR... Epoch: 1, Walltime: 1.511005 CPU time: 8.549705
2026-07-26 15:07:42,678 - Evaluate - INFO - ASR Module... Epoch: 1, RSS: 5.64 GB
2026-07-26 15:07:42,679 - Evaluate - INFO - ASR... Epoch: 1, Walltime: 1.592306 CPU time: 8.439504
2026-07-26 15:07:44,316 - Evaluate - INFO - ASR Module... Epoch: 1, RSS: 5.64 GB
2026-07-26 15:07:44,317 - Evaluate - INFO - ASR... Epoch: 1, Walltime: 1.634627 CPU time: 8.968982
2026-07-26 15:07:45,738 - Evaluate - INFO - ASR Module... Epoch: 1, RSS: 5.64 GB
2026-07-26 15:07:45,739 - Evaluate - INFO - ASR... Epoch: 1, Walltime: 1.418776 CPU time: 7.906370
2026-07-26 15:07:46,716 - Evaluate - INFO - ASR Module... Epoch: 1, RSS: 5.64 GB
2026-07-26 15:07:46,716 - Evaluate - INFO - ASR... Epoch: 1, Walltime: 0.975027 CPU time: 5.607195
2026-07-26 15:07:48,107 - Evaluate - INFO - ASR Module... Epoch: 1, RSS: 5.64 GB
2026-07-26 15:07:48,108 - Evaluate - INFO - ASR... Epoch: 1, Walltime: 1.389081 CPU time: 8.222866
2026-07-26 15:07:50,028 - Evaluate - INFO - ASR Module... Epoch: 1, RSS: 5.64 GB
2026-07-26 15:07:50,029 - Evaluate - INFO - ASR... Epoch: 1, Walltime: 1.916223 CPU time: 10.962054
2026-07-26 15:07:51,762 - Evaluate - INFO - ASR Module... Epoch: 1, RSS: 5.64 GB
2026-07-26 15:07:51,763 - Evaluate - INFO - ASR... Epoch: 1, Walltime: 1.730314 CPU time: 9.602263
2026-07-26 15:07:53,843 - Evaluate - INFO - ASR Module... Epoch: 1, RSS: 5.64 GB
2026-07-26 15:07:53,844 - Evaluate - INFO - ASR... Epoch: 1, Walltime: 2.076479 CPU time: 11.180870
2026-07-26 15:07:56,422 - Evaluate - INFO - ASR Module... Epoch: 1, RSS: 5.64 GB
2026-07-26 15:07:56,423 - Evaluate - INFO - ASR... Epoch: 1, Walltime: 2.573858 CPU time: 14.450835
2026-07-26 15:07:57,639 - Evaluate - INFO - ASR Module... Epoch: 1, RSS: 5.64 GB
2026-07-26 15:07:57,640 - Evaluate - INFO - ASR... Epoch: 1, Walltime: 1.213255 CPU time: 6.826061
2026-07-26 15:07:59,320 - Evaluate - INFO - ASR Module... Epoch: 1, RSS: 5.64 GB
2026-07-26 15:07:59,320 - Evaluate - INFO - ASR... Epoch: 1, Walltime: 1.676660 CPU time: 9.212024
2026-07-26 15:08:00,953 - Evaluate - INFO - ASR Module... Epoch: 1, RSS: 5.64 GB
2026-07-26 15:08:00,954 - Evaluate - INFO - ASR... Epoch: 1, Walltime: 1.629622 CPU time: 9.437813
2026-07-26 15:08:02,611 - Evaluate - INFO - ASR Module... Epoch: 1, RSS: 5.64 GB
2026-07-26 15:08:02,611 - Evaluate - INFO - ASR... Epoch: 1, Walltime: 1.653818 CPU time: 9.384499
2026-07-26 15:08:04,138 - Evaluate - INFO - ASR Module... Epoch: 1, RSS: 5.64 GB
2026-07-26 15:08:04,138 - Evaluate - INFO - ASR... Epoch: 1, Walltime: 1.524062 CPU time: 9.058434
2026-07-26 15:08:06,244 - Evaluate - INFO - ASR Module... Epoch: 1, RSS: 5.64 GB
2026-07-26 15:08:06,245 - Evaluate - INFO - ASR... Epoch: 1, Walltime: 2.101894 CPU time: 12.364537
2026-07-26 15:08:07,942 - Evaluate - INFO - ASR Module... Epoch: 1, RSS: 5.64 GB
2026-07-26 15:08:07,943 - Evaluate - INFO - ASR... Epoch: 1, Walltime: 1.694012 CPU time: 9.799803
2026-07-26 15:08:09,636 - Evaluate - INFO - ASR Module... Epoch: 1, RSS: 5.64 GB
2026-07-26 15:08:09,637 - Evaluate - INFO - ASR... Epoch: 1, Walltime: 1.690644 CPU time: 9.691501
2026-07-26 15:08:11,476 - Evaluate - INFO - ASR Module... Epoch: 1, RSS: 5.64 GB
2026-07-26 15:08:11,476 - Evaluate - INFO - ASR... Epoch: 1, Walltime: 1.834959 CPU time: 10.764760
2026-07-26 15:08:13,315 - Evaluate - INFO - ASR Module... Epoch: 1, RSS: 5.64 GB
2026-07-26 15:08:13,316 - Evaluate - INFO - ASR... Epoch: 1, Walltime: 1.836250 CPU time: 10.328933
2026-07-26 15:08:15,158 - Evaluate - INFO - ASR Module... Epoch: 1, RSS: 5.64 GB
2026-07-26 15:08:15,159 - Evaluate - INFO - ASR... Epoch: 1, Walltime: 1.838835 CPU time: 10.674319
2026-07-26 15:08:16,747 - Evaluate - INFO - ASR Module... Epoch: 1, RSS: 5.64 GB
2026-07-26 15:08:16,749 - Evaluate - INFO - ASR... Epoch: 1, Walltime: 1.584779 CPU time: 9.203251
2026-07-26 15:08:18,835 - Evaluate - INFO - ASR Module... Epoch: 1, RSS: 5.64 GB
2026-07-26 15:08:18,836 - Evaluate - INFO - ASR... Epoch: 1, Walltime: 2.084160 CPU time: 11.764567
2026-07-26 15:08:20,584 - Evaluate - INFO - ASR Module... Epoch: 1, RSS: 5.64 GB
2026-07-26 15:08:20,585 - Evaluate - INFO - ASR... Epoch: 1, Walltime: 1.745482 CPU time: 9.463010
2026-07-26 15:08:22,564 - Evaluate - INFO - ASR Module... Epoch: 1, RSS: 5.64 GB
2026-07-26 15:08:22,565 - Evaluate - INFO - ASR... Epoch: 1, Walltime: 1.975818 CPU time: 11.296464
2026-07-26 15:08:24,630 - Evaluate - INFO - ASR Module... Epoch: 1, RSS: 5.64 GB
2026-07-26 15:08:24,630 - Evaluate - INFO - ASR... Epoch: 1, Walltime: 2.061856 CPU time: 11.960465
2026-07-26 15:08:26,367 - Evaluate - INFO - ASR Module... Epoch: 1, RSS: 5.64 GB
2026-07-26 15:08:26,367 - Evaluate - INFO - ASR... Epoch: 1, Walltime: 1.733945 CPU time: 9.926700
2026-07-26 15:08:28,747 - Evaluate - INFO - ASR Module... Epoch: 1, RSS: 5.64 GB
2026-07-26 15:08:28,747 - Evaluate - INFO - ASR... Epoch: 1, Walltime: 2.376112 CPU time: 13.424962
2026-07-26 15:08:30,438 - Evaluate - INFO - ASR Module... Epoch: 1, RSS: 5.64 GB
2026-07-26 15:08:30,438 - Evaluate - INFO - ASR... Epoch: 1, Walltime: 1.687583 CPU time: 9.777499
2026-07-26 15:08:32,229 - Evaluate - INFO - ASR Module... Epoch: 1, RSS: 5.64 GB
2026-07-26 15:08:32,230 - Evaluate - INFO - ASR... Epoch: 1, Walltime: 1.787775 CPU time: 10.201110
2026-07-26 15:08:34,213 - Evaluate - INFO - ASR Module... Epoch: 1, RSS: 5.64 GB
2026-07-26 15:08:34,214 - Evaluate - INFO - ASR... Epoch: 1, Walltime: 1.980472 CPU time: 11.260639
2026-07-26 15:08:36,100 - Evaluate - INFO - ASR Module... Epoch: 1, RSS: 5.64 GB
2026-07-26 15:08:36,101 - Evaluate - INFO - ASR... Epoch: 1, Walltime: 1.883301 CPU time: 10.650302
2026-07-26 15:08:38,628 - Evaluate - INFO - ASR Module... Epoch: 1, RSS: 5.64 GB
2026-07-26 15:08:38,629 - Evaluate - INFO - ASR... Epoch: 1, Walltime: 2.523150 CPU time: 14.475613
2026-07-26 15:08:40,447 - Evaluate - INFO - ASR Module... Epoch: 1, RSS: 5.64 GB
2026-07-26 15:08:40,447 - Evaluate - INFO - ASR... Epoch: 1, Walltime: 1.815107 CPU time: 10.753203
2026-07-26 15:08:42,156 - Evaluate - INFO - ASR Module... Epoch: 1, RSS: 5.64 GB
2026-07-26 15:08:42,157 - Evaluate - INFO - ASR... Epoch: 1, Walltime: 1.706394 CPU time: 10.015059
2026-07-26 15:08:44,092 - Evaluate - INFO - ASR Module... Epoch: 1, RSS: 5.64 GB
2026-07-26 15:08:44,093 - Evaluate - INFO - ASR... Epoch: 1, Walltime: 1.931739 CPU time: 11.141282
2026-07-26 15:08:45,538 - Evaluate - INFO - ASR Module... Epoch: 1, RSS: 5.64 GB
2026-07-26 15:08:45,539 - Evaluate - INFO - ASR... Epoch: 1, Walltime: 1.442529 CPU time: 8.312796
2026-07-26 15:08:48,178 - Evaluate - INFO - ASR Module... Epoch: 1, RSS: 5.64 GB
2026-07-26 15:08:48,179 - Evaluate - INFO - ASR... Epoch: 1, Walltime: 2.635314 CPU time: 14.541232
2026-07-26 15:08:50,525 - Evaluate - INFO - ASR Module... Epoch: 1, RSS: 5.64 GB
2026-07-26 15:08:50,527 - Evaluate - INFO - ASR... Epoch: 1, Walltime: 2.342549 CPU time: 13.201896
2026-07-26 15:08:52,891 - Evaluate - INFO - ASR Module... Epoch: 1, RSS: 5.64 GB
2026-07-26 15:08:52,892 - Evaluate - INFO - ASR... Epoch: 1, Walltime: 2.360159 CPU time: 13.145705
2026-07-26 15:08:54,458 - Evaluate - INFO - ASR Module... Epoch: 1, RSS: 5.64 GB
2026-07-26 15:08:54,459 - Evaluate - INFO - ASR... Epoch: 1, Walltime: 1.563667 CPU time: 8.756434
2026-07-26 15:08:55,905 - Evaluate - INFO - ASR Module... Epoch: 1, RSS: 5.64 GB
2026-07-26 15:08:55,906 - Evaluate - INFO - ASR... Epoch: 1, Walltime: 1.443781 CPU time: 7.843142
2026-07-26 15:08:58,229 - Evaluate - INFO - ASR Module... Epoch: 1, RSS: 5.64 GB
2026-07-26 15:08:58,230 - Evaluate - INFO - ASR... Epoch: 1, Walltime: 2.319349 CPU time: 13.415659
2026-07-26 15:09:01,474 - Evaluate - INFO - ASR Module... Epoch: 1, RSS: 5.64 GB
2026-07-26 15:09:01,475 - Evaluate - INFO - ASR... Epoch: 1, Walltime: 3.239417 CPU time: 18.584059
2026-07-26 15:09:03,154 - Evaluate - INFO - ASR Module... Epoch: 1, RSS: 5.64 GB
2026-07-26 15:09:03,155 - Evaluate - INFO - ASR... Epoch: 1, Walltime: 1.676412 CPU time: 9.808595
2026-07-26 15:09:05,643 - Evaluate - INFO - ASR Module... Epoch: 1, RSS: 5.64 GB
2026-07-26 15:09:05,644 - Evaluate - INFO - ASR... Epoch: 1, Walltime: 2.485214 CPU time: 13.935528
2026-07-26 15:09:07,503 - Evaluate - INFO - ASR Module... Epoch: 1, RSS: 5.64 GB
2026-07-26 15:09:07,504 - Evaluate - INFO - ASR... Epoch: 1, Walltime: 1.855978 CPU time: 10.623906
2026-07-26 15:09:10,368 - Evaluate - INFO - ASR Module... Epoch: 1, RSS: 5.64 GB
2026-07-26 15:09:10,369 - Evaluate - INFO - ASR... Epoch: 1, Walltime: 2.860752 CPU time: 15.781458
2026-07-26 15:09:12,423 - Evaluate - INFO - ASR Module... Epoch: 1, RSS: 5.64 GB
2026-07-26 15:09:12,424 - Evaluate - INFO - ASR... Epoch: 1, Walltime: 2.050410 CPU time: 11.687656
2026-07-26 15:09:14,795 - Evaluate - INFO - ASR Module... Epoch: 1, RSS: 5.64 GB
2026-07-26 15:09:14,796 - Evaluate - INFO - ASR... Epoch: 1, Walltime: 2.367866 CPU time: 13.338346
2026-07-26 15:09:16,824 - Evaluate - INFO - ASR Module... Epoch: 1, RSS: 5.64 GB
2026-07-26 15:09:16,825 - Evaluate - INFO - ASR... Epoch: 1, Walltime: 2.025176 CPU time: 11.106012
2026-07-26 15:09:18,680 - Evaluate - INFO - ASR Module... Epoch: 1, RSS: 5.64 GB
2026-07-26 15:09:18,681 - Evaluate - INFO - ASR... Epoch: 1, Walltime: 1.851444 CPU time: 10.661096
2026-07-26 15:09:21,091 - Evaluate - INFO - ASR Module... Epoch: 1, RSS: 5.64 GB
2026-07-26 15:09:21,092 - Evaluate - INFO - ASR... Epoch: 1, Walltime: 2.406385 CPU time: 13.694345
2026-07-26 15:09:24,481 - Evaluate - INFO - ASR Module... Epoch: 1, RSS: 5.64 GB
2026-07-26 15:09:24,481 - Evaluate - INFO - ASR... Epoch: 1, Walltime: 3.384591 CPU time: 18.791544
2026-07-26 15:09:26,871 - Evaluate - INFO - ASR Module... Epoch: 1, RSS: 5.64 GB
2026-07-26 15:09:26,872 - Evaluate - INFO - ASR... Epoch: 1, Walltime: 2.385603 CPU time: 13.548390
2026-07-26 15:09:28,538 - Evaluate - INFO - ASR Module... Epoch: 1, RSS: 5.64 GB
2026-07-26 15:09:28,538 - Evaluate - INFO - ASR... Epoch: 1, Walltime: 1.662863 CPU time: 9.704868
2026-07-26 15:09:30,422 - Evaluate - INFO - ASR Module... Epoch: 1, RSS: 5.64 GB
2026-07-26 15:09:30,423 - Evaluate - INFO - ASR... Epoch: 1, Walltime: 1.880453 CPU time: 10.901075
2026-07-26 15:09:33,745 - Evaluate - INFO - ASR Module... Epoch: 1, RSS: 5.64 GB
2026-07-26 15:09:33,747 - Evaluate - INFO - ASR... Epoch: 1, Walltime: 3.318418 CPU time: 18.713406
2026-07-26 15:09:36,071 - Evaluate - INFO - ASR Module... Epoch: 1, RSS: 5.64 GB
2026-07-26 15:09:36,072 - Evaluate - INFO - ASR... Epoch: 1, Walltime: 2.320318 CPU time: 12.921352
2026-07-26 15:09:37,964 - Evaluate - INFO - ASR Module... Epoch: 1, RSS: 5.64 GB
2026-07-26 15:09:37,965 - Evaluate - INFO - ASR... Epoch: 1, Walltime: 1.888810 CPU time: 10.528651
2026-07-26 15:09:39,782 - Evaluate - INFO - ASR Module... Epoch: 1, RSS: 5.64 GB
2026-07-26 15:09:39,783 - Evaluate - INFO - ASR... Epoch: 1, Walltime: 1.814233 CPU time: 10.167909
2026-07-26 15:09:41,448 - Evaluate - INFO - ASR Module... Epoch: 1, RSS: 5.64 GB
2026-07-26 15:09:41,449 - Evaluate - INFO - ASR... Epoch: 1, Walltime: 1.662063 CPU time: 9.658351
2026-07-26 15:09:43,448 - Evaluate - INFO - ASR Module... Epoch: 1, RSS: 5.64 GB
2026-07-26 15:09:43,449 - Evaluate - INFO - ASR... Epoch: 1, Walltime: 1.991956 CPU time: 11.346085
2026-07-26 15:09:46,470 - Evaluate - INFO - ASR Module... Epoch: 1, RSS: 5.64 GB
2026-07-26 15:09:46,470 - Evaluate - INFO - ASR... Epoch: 1, Walltime: 3.015858 CPU time: 16.778097
2026-07-26 15:09:47,396 - Evaluate - INFO - ASR Module... Epoch: 1, RSS: 5.64 GB
2026-07-26 15:09:47,396 - Evaluate - INFO - ASR... Epoch: 1, Walltime: 0.923093 CPU time: 5.189335
2026-07-26 15:09:55,624 - Evaluate - INFO - ASR Module... Epoch: 2, RSS: 5.64 GB
2026-07-26 15:09:55,625 - Evaluate - INFO - ASR... Epoch: 2, Walltime: 2.644559 CPU time: 14.264932
2026-07-26 15:10:00,066 - Evaluate - INFO - ASR Module... Epoch: 2, RSS: 5.64 GB
2026-07-26 15:10:00,067 - Evaluate - INFO - ASR... Epoch: 2, Walltime: 4.424848 CPU time: 24.991877
2026-07-26 15:10:04,357 - Evaluate - INFO - ASR Module... Epoch: 2, RSS: 5.64 GB
2026-07-26 15:10:04,358 - Evaluate - INFO - ASR... Epoch: 2, Walltime: 4.280503 CPU time: 23.867646
2026-07-26 15:10:10,933 - Evaluate - INFO - ASR Module... Epoch: 2, RSS: 5.64 GB
2026-07-26 15:10:10,934 - Evaluate - INFO - ASR... Epoch: 2, Walltime: 6.564132 CPU time: 36.639325
2026-07-26 15:10:17,589 - Evaluate - INFO - ASR Module... Epoch: 2, RSS: 5.64 GB
2026-07-26 15:10:17,590 - Evaluate - INFO - ASR... Epoch: 2, Walltime: 6.641524 CPU time: 37.443888
2026-07-26 15:10:21,326 - Evaluate - INFO - ASR Module... Epoch: 2, RSS: 5.64 GB
2026-07-26 15:10:21,327 - Evaluate - INFO - ASR... Epoch: 2, Walltime: 3.727727 CPU time: 21.102977
2026-07-26 15:10:23,749 - Evaluate - INFO - ASR Module... Epoch: 2, RSS: 5.64 GB
2026-07-26 15:10:23,750 - Evaluate - INFO - ASR... Epoch: 2, Walltime: 2.415097 CPU time: 13.880130
2026-07-26 15:10:27,023 - Evaluate - INFO - ASR Module... Epoch: 2, RSS: 5.64 GB
2026-07-26 15:10:27,023 - Evaluate - INFO - ASR... Epoch: 2, Walltime: 3.265043 CPU time: 18.468905
2026-07-26 15:10:30,690 - Evaluate - INFO - ASR Module... Epoch: 2, RSS: 5.64 GB
2026-07-26 15:10:30,691 - Evaluate - INFO - ASR... Epoch: 2, Walltime: 3.659418 CPU time: 20.750129
2026-07-26 15:10:33,126 - Evaluate - INFO - ASR Module... Epoch: 2, RSS: 5.64 GB
2026-07-26 15:10:33,127 - Evaluate - INFO - ASR... Epoch: 2, Walltime: 2.428760 CPU time: 13.938205
2026-07-26 15:10:37,539 - Evaluate - INFO - ASR Module... Epoch: 2, RSS: 5.64 GB
2026-07-26 15:10:37,539 - Evaluate - INFO - ASR... Epoch: 2, Walltime: 4.403192 CPU time: 24.948928
2026-07-26 15:10:39,464 - Evaluate - INFO - ASR Module... Epoch: 2, RSS: 5.64 GB
2026-07-26 15:10:39,465 - Evaluate - INFO - ASR... Epoch: 2, Walltime: 1.919783 CPU time: 10.504423
2026-07-26 15:10:41,675 - Evaluate - INFO - ASR Module... Epoch: 2, RSS: 5.64 GB
2026-07-26 15:10:41,676 - Evaluate - INFO - ASR... Epoch: 2, Walltime: 2.205292 CPU time: 12.634023
2026-07-26 15:10:46,596 - Evaluate - INFO - ASR Module... Epoch: 2, RSS: 5.64 GB
2026-07-26 15:10:46,597 - Evaluate - INFO - ASR... Epoch: 2, Walltime: 4.912573 CPU time: 27.555629
2026-07-26 15:10:50,216 - Evaluate - INFO - ASR Module... Epoch: 2, RSS: 5.64 GB
2026-07-26 15:10:50,217 - Evaluate - INFO - ASR... Epoch: 2, Walltime: 3.611441 CPU time: 20.095373
2026-07-26 15:10:51,745 - Evaluate - INFO - ASR Module... Epoch: 2, RSS: 5.64 GB
2026-07-26 15:10:51,746 - Evaluate - INFO - ASR... Epoch: 2, Walltime: 1.523703 CPU time: 8.413174
2026-07-26 15:10:54,597 - Evaluate - INFO - ASR Module... Epoch: 2, RSS: 5.64 GB
2026-07-26 15:10:54,598 - Evaluate - INFO - ASR... Epoch: 2, Walltime: 2.847113 CPU time: 15.721865
2026-07-26 15:10:56,531 - Evaluate - INFO - ASR Module... Epoch: 2, RSS: 5.64 GB
2026-07-26 15:10:56,535 - Evaluate - INFO - ASR... Epoch: 2, Walltime: 1.929601 CPU time: 10.952270
2026-07-26 15:10:58,316 - Evaluate - INFO - ASR Module... Epoch: 2, RSS: 5.64 GB
2026-07-26 15:10:58,316 - Evaluate - INFO - ASR... Epoch: 2, Walltime: 1.777936 CPU time: 10.046648
2026-07-26 15:11:00,711 - Evaluate - INFO - ASR Module... Epoch: 2, RSS: 5.64 GB
2026-07-26 15:11:00,711 - Evaluate - INFO - ASR... Epoch: 2, Walltime: 2.390390 CPU time: 13.474624
2026-07-26 15:11:05,333 - Evaluate - INFO - ASR Module... Epoch: 2, RSS: 5.64 GB
2026-07-26 15:11:05,334 - Evaluate - INFO - ASR... Epoch: 2, Walltime: 4.615487 CPU time: 26.444081
2026-07-26 15:11:10,796 - Evaluate - INFO - ASR Module... Epoch: 2, RSS: 5.64 GB
2026-07-26 15:11:10,797 - Evaluate - INFO - ASR... Epoch: 2, Walltime: 5.454565 CPU time: 30.826060
2026-07-26 15:11:13,067 - Evaluate - INFO - ASR Module... Epoch: 2, RSS: 5.64 GB
2026-07-26 15:11:13,068 - Evaluate - INFO - ASR... Epoch: 2, Walltime: 2.265419 CPU time: 12.094318
2026-07-26 15:11:14,787 - Evaluate - INFO - ASR Module... Epoch: 2, RSS: 5.64 GB
2026-07-26 15:11:14,788 - Evaluate - INFO - ASR... Epoch: 2, Walltime: 1.715992 CPU time: 9.586501
2026-07-26 15:11:17,792 - Evaluate - INFO - ASR Module... Epoch: 2, RSS: 5.64 GB
2026-07-26 15:11:17,793 - Evaluate - INFO - ASR... Epoch: 2, Walltime: 3.000633 CPU time: 16.945960
2026-07-26 15:11:20,997 - Evaluate - INFO - ASR Module... Epoch: 2, RSS: 5.64 GB
2026-07-26 15:11:20,998 - Evaluate - INFO - ASR... Epoch: 2, Walltime: 3.199178 CPU time: 18.163060
2026-07-26 15:11:24,017 - Evaluate - INFO - ASR Module... Epoch: 2, RSS: 5.64 GB
2026-07-26 15:11:24,018 - Evaluate - INFO - ASR... Epoch: 2, Walltime: 3.015303 CPU time: 16.831199
2026-07-26 15:11:27,124 - Evaluate - INFO - ASR Module... Epoch: 2, RSS: 5.64 GB
2026-07-26 15:11:27,125 - Evaluate - INFO - ASR... Epoch: 2, Walltime: 3.102148 CPU time: 17.567239
2026-07-26 15:11:29,969 - Evaluate - INFO - ASR Module... Epoch: 2, RSS: 5.64 GB
2026-07-26 15:11:29,970 - Evaluate - INFO - ASR... Epoch: 2, Walltime: 2.839581 CPU time: 16.314791
2026-07-26 15:11:32,598 - Evaluate - INFO - ASR Module... Epoch: 2, RSS: 5.64 GB
2026-07-26 15:11:32,599 - Evaluate - INFO - ASR... Epoch: 2, Walltime: 2.624438 CPU time: 14.309502
2026-07-26 15:11:35,411 - Evaluate - INFO - ASR Module... Epoch: 2, RSS: 5.64 GB
2026-07-26 15:11:35,412 - Evaluate - INFO - ASR... Epoch: 2, Walltime: 2.807597 CPU time: 15.680744
2026-07-26 15:11:37,709 - Evaluate - INFO - ASR Module... Epoch: 2, RSS: 5.64 GB
2026-07-26 15:11:37,709 - Evaluate - INFO - ASR... Epoch: 2, Walltime: 2.292080 CPU time: 12.235992
2026-07-26 15:11:40,058 - Evaluate - INFO - ASR Module... Epoch: 2, RSS: 5.64 GB
2026-07-26 15:11:40,058 - Evaluate - INFO - ASR... Epoch: 2, Walltime: 2.345434 CPU time: 13.032065
2026-07-26 15:11:42,482 - Evaluate - INFO - ASR Module... Epoch: 2, RSS: 5.64 GB
2026-07-26 15:11:42,483 - Evaluate - INFO - ASR... Epoch: 2, Walltime: 2.420074 CPU time: 13.151696
2026-07-26 15:11:44,647 - Evaluate - INFO - ASR Module... Epoch: 2, RSS: 5.64 GB
2026-07-26 15:11:44,647 - Evaluate - INFO - ASR... Epoch: 2, Walltime: 2.160015 CPU time: 11.309040
2026-07-26 15:11:47,970 - Evaluate - INFO - ASR Module... Epoch: 2, RSS: 5.60 GB
2026-07-26 15:11:47,971 - Evaluate - INFO - ASR... Epoch: 2, Walltime: 3.317500 CPU time: 18.534432
2026-07-26 15:11:52,241 - Evaluate - INFO - ASR Module... Epoch: 2, RSS: 5.60 GB
2026-07-26 15:11:52,242 - Evaluate - INFO - ASR... Epoch: 2, Walltime: 4.262054 CPU time: 24.054637
2026-07-26 15:11:56,167 - Evaluate - INFO - ASR Module... Epoch: 2, RSS: 5.64 GB
2026-07-26 15:11:56,168 - Evaluate - INFO - ASR... Epoch: 2, Walltime: 3.919133 CPU time: 21.941432
2026-07-26 15:11:59,312 - Evaluate - INFO - ASR Module... Epoch: 2, RSS: 5.64 GB
2026-07-26 15:11:59,313 - Evaluate - INFO - ASR... Epoch: 2, Walltime: 3.139659 CPU time: 17.380862
2026-07-26 15:12:00,651 - Evaluate - INFO - ASR Module... Epoch: 2, RSS: 5.64 GB
2026-07-26 15:12:00,652 - Evaluate - INFO - ASR... Epoch: 2, Walltime: 1.335010 CPU time: 7.660552
2026-07-26 15:12:02,522 - Evaluate - INFO - ASR Module... Epoch: 2, RSS: 5.64 GB
2026-07-26 15:12:02,523 - Evaluate - INFO - ASR... Epoch: 2, Walltime: 1.867423 CPU time: 10.618158
2026-07-26 15:12:05,001 - Evaluate - INFO - ASR Module... Epoch: 2, RSS: 5.64 GB
2026-07-26 15:12:05,002 - Evaluate - INFO - ASR... Epoch: 2, Walltime: 2.474091 CPU time: 14.235073
2026-07-26 15:12:06,934 - Evaluate - INFO - ASR Module... Epoch: 2, RSS: 5.64 GB
2026-07-26 15:12:06,935 - Evaluate - INFO - ASR... Epoch: 2, Walltime: 1.928690 CPU time: 10.866094
2026-07-26 15:12:08,477 - Evaluate - INFO - ASR Module... Epoch: 2, RSS: 5.64 GB
2026-07-26 15:12:08,478 - Evaluate - INFO - ASR... Epoch: 2, Walltime: 1.539972 CPU time: 8.659798
2026-07-26 15:12:10,963 - Evaluate - INFO - ASR Module... Epoch: 2, RSS: 5.64 GB
2026-07-26 15:12:10,964 - Evaluate - INFO - ASR... Epoch: 2, Walltime: 2.482307 CPU time: 14.121298
2026-07-26 15:12:12,471 - Evaluate - INFO - ASR Module... Epoch: 2, RSS: 5.64 GB
2026-07-26 15:12:12,472 - Evaluate - INFO - ASR... Epoch: 2, Walltime: 1.504471 CPU time: 7.871549
2026-07-26 15:12:13,784 - Evaluate - INFO - ASR Module... Epoch: 2, RSS: 5.64 GB
2026-07-26 15:12:13,785 - Evaluate - INFO - ASR... Epoch: 2, Walltime: 1.308978 CPU time: 7.577065
2026-07-26 15:12:16,004 - Evaluate - INFO - ASR Module... Epoch: 2, RSS: 5.64 GB
2026-07-26 15:12:16,005 - Evaluate - INFO - ASR... Epoch: 2, Walltime: 2.215584 CPU time: 12.518830
2026-07-26 15:12:18,061 - Evaluate - INFO - ASR Module... Epoch: 2, RSS: 5.64 GB
2026-07-26 15:12:18,061 - Evaluate - INFO - ASR... Epoch: 2, Walltime: 2.052353 CPU time: 11.419205
2026-07-26 15:12:19,378 - Evaluate - INFO - ASR Module... Epoch: 2, RSS: 5.64 GB
2026-07-26 15:12:19,379 - Evaluate - INFO - ASR... Epoch: 2, Walltime: 1.313638 CPU time: 7.519970
2026-07-26 15:12:20,997 - Evaluate - INFO - ASR Module... Epoch: 2, RSS: 5.64 GB
2026-07-26 15:12:20,997 - Evaluate - INFO - ASR... Epoch: 2, Walltime: 1.615626 CPU time: 8.988702
2026-07-26 15:12:22,709 - Evaluate - INFO - ASR Module... Epoch: 2, RSS: 5.64 GB
2026-07-26 15:12:22,710 - Evaluate - INFO - ASR... Epoch: 2, Walltime: 1.709273 CPU time: 9.269815
2026-07-26 15:12:25,248 - Evaluate - INFO - ASR Module... Epoch: 2, RSS: 5.64 GB
2026-07-26 15:12:25,250 - Evaluate - INFO - ASR... Epoch: 2, Walltime: 2.534808 CPU time: 14.229502
2026-07-26 15:12:27,026 - Evaluate - INFO - ASR Module... Epoch: 2, RSS: 5.64 GB
2026-07-26 15:12:27,026 - Evaluate - INFO - ASR... Epoch: 2, Walltime: 1.769782 CPU time: 10.359599
2026-07-26 15:12:29,217 - Evaluate - INFO - ASR Module... Epoch: 2, RSS: 5.64 GB
2026-07-26 15:12:29,217 - Evaluate - INFO - ASR... Epoch: 2, Walltime: 2.187155 CPU time: 12.399649
2026-07-26 15:12:31,600 - Evaluate - INFO - ASR Module... Epoch: 2, RSS: 5.64 GB
2026-07-26 15:12:31,601 - Evaluate - INFO - ASR... Epoch: 2, Walltime: 2.378759 CPU time: 13.618484
2026-07-26 15:12:33,775 - Evaluate - INFO - ASR Module... Epoch: 2, RSS: 5.64 GB
2026-07-26 15:12:33,776 - Evaluate - INFO - ASR... Epoch: 2, Walltime: 2.171091 CPU time: 11.990505
2026-07-26 15:12:36,849 - Evaluate - INFO - ASR Module... Epoch: 2, RSS: 5.57 GB
2026-07-26 15:12:36,850 - Evaluate - INFO - ASR... Epoch: 2, Walltime: 3.068288 CPU time: 17.496183
2026-07-26 15:12:39,488 - Evaluate - INFO - ASR Module... Epoch: 2, RSS: 5.64 GB
2026-07-26 15:12:39,488 - Evaluate - INFO - ASR... Epoch: 2, Walltime: 2.634143 CPU time: 15.202726
2026-07-26 15:12:41,723 - Evaluate - INFO - ASR Module... Epoch: 2, RSS: 5.64 GB
2026-07-26 15:12:41,724 - Evaluate - INFO - ASR... Epoch: 2, Walltime: 2.231611 CPU time: 12.757436
2026-07-26 15:12:43,571 - Evaluate - INFO - ASR Module... Epoch: 2, RSS: 5.64 GB
2026-07-26 15:12:43,572 - Evaluate - INFO - ASR... Epoch: 2, Walltime: 1.843297 CPU time: 10.556384
2026-07-26 15:12:45,901 - Evaluate - INFO - ASR Module... Epoch: 2, RSS: 5.64 GB
2026-07-26 15:12:45,902 - Evaluate - INFO - ASR... Epoch: 2, Walltime: 2.326500 CPU time: 13.013916
2026-07-26 15:12:47,794 - Evaluate - INFO - ASR Module... Epoch: 2, RSS: 5.64 GB
2026-07-26 15:12:47,795 - Evaluate - INFO - ASR... Epoch: 2, Walltime: 1.889038 CPU time: 10.757306
2026-07-26 15:12:50,695 - Evaluate - INFO - ASR Module... Epoch: 2, RSS: 5.57 GB
2026-07-26 15:12:50,696 - Evaluate - INFO - ASR... Epoch: 2, Walltime: 2.897193 CPU time: 15.992456
2026-07-26 15:12:52,901 - Evaluate - INFO - ASR Module... Epoch: 2, RSS: 5.60 GB
2026-07-26 15:12:52,902 - Evaluate - INFO - ASR... Epoch: 2, Walltime: 2.201751 CPU time: 12.646023
2026-07-26 15:12:55,859 - Evaluate - INFO - ASR Module... Epoch: 2, RSS: 5.57 GB
2026-07-26 15:12:55,860 - Evaluate - INFO - ASR... Epoch: 2, Walltime: 2.953787 CPU time: 16.744450
2026-07-26 15:12:57,547 - Evaluate - INFO - ASR Module... Epoch: 2, RSS: 5.60 GB
2026-07-26 15:12:57,548 - Evaluate - INFO - ASR... Epoch: 2, Walltime: 1.684124 CPU time: 9.467245
2026-07-26 15:12:59,753 - Evaluate - INFO - ASR Module... Epoch: 2, RSS: 5.60 GB
2026-07-26 15:12:59,754 - Evaluate - INFO - ASR... Epoch: 2, Walltime: 2.202387 CPU time: 12.470998
2026-07-26 15:13:02,044 - Evaluate - INFO - ASR Module... Epoch: 2, RSS: 5.60 GB
2026-07-26 15:13:02,045 - Evaluate - INFO - ASR... Epoch: 2, Walltime: 2.285681 CPU time: 12.666163
2026-07-26 15:13:04,383 - Evaluate - INFO - ASR Module... Epoch: 2, RSS: 5.60 GB
2026-07-26 15:13:04,384 - Evaluate - INFO - ASR... Epoch: 2, Walltime: 2.334776 CPU time: 13.021535
2026-07-26 15:13:05,621 - Evaluate - INFO - ASR Module... Epoch: 2, RSS: 5.60 GB
2026-07-26 15:13:05,621 - Evaluate - INFO - ASR... Epoch: 2, Walltime: 1.234202 CPU time: 6.922347
2026-07-26 15:13:07,208 - Evaluate - INFO - ASR Module... Epoch: 2, RSS: 5.60 GB
2026-07-26 15:13:07,209 - Evaluate - INFO - ASR... Epoch: 2, Walltime: 1.584234 CPU time: 9.246659
2026-07-26 15:13:09,708 - Evaluate - INFO - ASR Module... Epoch: 2, RSS: 5.63 GB
2026-07-26 15:13:09,708 - Evaluate - INFO - ASR... Epoch: 2, Walltime: 2.495662 CPU time: 14.251014
2026-07-26 15:13:10,622 - Evaluate - INFO - ASR Module... Epoch: 2, RSS: 5.63 GB
2026-07-26 15:13:10,622 - Evaluate - INFO - ASR... Epoch: 2, Walltime: 0.911596 CPU time: 5.071765
2026-07-26 15:13:11,761 - Evaluate - INFO - ASR Module... Epoch: 2, RSS: 5.63 GB
2026-07-26 15:13:11,762 - Evaluate - INFO - ASR... Epoch: 2, Walltime: 1.137099 CPU time: 6.336910
2026-07-26 15:13:13,176 - Evaluate - INFO - ASR Module... Epoch: 2, RSS: 5.63 GB
2026-07-26 15:13:13,177 - Evaluate - INFO - ASR... Epoch: 2, Walltime: 1.411779 CPU time: 8.298234
2026-07-26 15:13:14,331 - Evaluate - INFO - ASR Module... Epoch: 2, RSS: 5.63 GB
2026-07-26 15:13:14,331 - Evaluate - INFO - ASR... Epoch: 2, Walltime: 1.151174 CPU time: 6.568219
2026-07-26 15:13:15,829 - Evaluate - INFO - ASR Module... Epoch: 2, RSS: 5.63 GB
2026-07-26 15:13:15,830 - Evaluate - INFO - ASR... Epoch: 2, Walltime: 1.495237 CPU time: 8.772096
2026-07-26 15:13:18,193 - Evaluate - INFO - ASR Module... Epoch: 2, RSS: 5.63 GB
2026-07-26 15:13:18,194 - Evaluate - INFO - ASR... Epoch: 2, Walltime: 2.359917 CPU time: 13.339492
2026-07-26 15:13:19,666 - Evaluate - INFO - ASR Module... Epoch: 2, RSS: 5.63 GB
2026-07-26 15:13:19,667 - Evaluate - INFO - ASR... Epoch: 2, Walltime: 1.468818 CPU time: 8.386572
2026-07-26 15:13:20,610 - Evaluate - INFO - ASR Module... Epoch: 2, RSS: 5.63 GB
2026-07-26 15:13:20,611 - Evaluate - INFO - ASR... Epoch: 2, Walltime: 0.941647 CPU time: 5.295479
2026-07-26 15:13:23,101 - Evaluate - INFO - ASR Module... Epoch: 2, RSS: 5.63 GB
2026-07-26 15:13:23,102 - Evaluate - INFO - ASR... Epoch: 2, Walltime: 2.486633 CPU time: 13.798354
2026-07-26 15:13:25,043 - Evaluate - INFO - ASR Module... Epoch: 2, RSS: 5.63 GB
2026-07-26 15:13:25,043 - Evaluate - INFO - ASR... Epoch: 2, Walltime: 1.938006 CPU time: 11.163141
2026-07-26 15:13:26,254 - Evaluate - INFO - ASR Module... Epoch: 2, RSS: 5.63 GB
2026-07-26 15:13:26,255 - Evaluate - INFO - ASR... Epoch: 2, Walltime: 1.208332 CPU time: 6.823310
2026-07-26 15:13:27,949 - Evaluate - INFO - ASR Module... Epoch: 2, RSS: 5.63 GB
2026-07-26 15:13:27,950 - Evaluate - INFO - ASR... Epoch: 2, Walltime: 1.690980 CPU time: 9.820225
2026-07-26 15:13:28,968 - Evaluate - INFO - ASR Module... Epoch: 2, RSS: 5.63 GB
2026-07-26 15:13:28,968 - Evaluate - INFO - ASR... Epoch: 2, Walltime: 1.015476 CPU time: 5.802352
2026-07-26 15:13:30,132 - Evaluate - INFO - ASR Module... Epoch: 2, RSS: 5.63 GB
2026-07-26 15:13:30,133 - Evaluate - INFO - ASR... Epoch: 2, Walltime: 1.161548 CPU time: 6.633324
2026-07-26 15:13:31,629 - Evaluate - INFO - ASR Module... Epoch: 2, RSS: 5.63 GB
2026-07-26 15:13:31,630 - Evaluate - INFO - ASR... Epoch: 2, Walltime: 1.493787 CPU time: 8.671914
2026-07-26 15:13:33,285 - Evaluate - INFO - ASR Module... Epoch: 2, RSS: 5.63 GB
2026-07-26 15:13:33,286 - Evaluate - INFO - ASR... Epoch: 2, Walltime: 1.652303 CPU time: 9.438532
2026-07-26 15:13:34,921 - Evaluate - INFO - ASR Module... Epoch: 2, RSS: 5.63 GB
2026-07-26 15:13:34,921 - Evaluate - INFO - ASR... Epoch: 2, Walltime: 1.631912 CPU time: 9.574284
2026-07-26 15:13:38,063 - Evaluate - INFO - ASR Module... Epoch: 2, RSS: 5.63 GB
2026-07-26 15:13:38,064 - Evaluate - INFO - ASR... Epoch: 2, Walltime: 3.136536 CPU time: 17.687264
2026-07-26 15:13:39,689 - Evaluate - INFO - ASR Module... Epoch: 2, RSS: 5.63 GB
2026-07-26 15:13:39,690 - Evaluate - INFO - ASR... Epoch: 2, Walltime: 1.621620 CPU time: 9.323459
2026-07-26 15:13:41,429 - Evaluate - INFO - ASR Module... Epoch: 2, RSS: 5.64 GB
2026-07-26 15:13:41,429 - Evaluate - INFO - ASR... Epoch: 2, Walltime: 1.736320 CPU time: 9.930909
2026-07-26 15:13:42,508 - Evaluate - INFO - ASR Module... Epoch: 2, RSS: 5.64 GB
2026-07-26 15:13:42,508 - Evaluate - INFO - ASR... Epoch: 2, Walltime: 1.076265 CPU time: 6.160332
2026-07-26 15:13:44,380 - Evaluate - INFO - ASR Module... Epoch: 2, RSS: 5.64 GB
2026-07-26 15:13:44,380 - Evaluate - INFO - ASR... Epoch: 2, Walltime: 1.868943 CPU time: 10.583727
2026-07-26 15:13:45,659 - Evaluate - INFO - ASR Module... Epoch: 2, RSS: 5.64 GB
2026-07-26 15:13:45,659 - Evaluate - INFO - ASR... Epoch: 2, Walltime: 1.276334 CPU time: 7.345273
2026-07-26 15:13:47,394 - Evaluate - INFO - ASR Module... Epoch: 2, RSS: 5.64 GB
2026-07-26 15:13:47,395 - Evaluate - INFO - ASR... Epoch: 2, Walltime: 1.731408 CPU time: 9.593144
2026-07-26 15:13:48,757 - Evaluate - INFO - ASR Module... Epoch: 2, RSS: 5.64 GB
2026-07-26 15:13:48,758 - Evaluate - INFO - ASR... Epoch: 2, Walltime: 1.359528 CPU time: 7.350360
2026-07-26 15:13:50,401 - Evaluate - INFO - ASR Module... Epoch: 2, RSS: 5.64 GB
2026-07-26 15:13:50,402 - Evaluate - INFO - ASR... Epoch: 2, Walltime: 1.641319 CPU time: 9.514521
2026-07-26 15:13:51,768 - Evaluate - INFO - ASR Module... Epoch: 2, RSS: 5.64 GB
2026-07-26 15:13:51,768 - Evaluate - INFO - ASR... Epoch: 2, Walltime: 1.363428 CPU time: 7.629798
2026-07-26 15:13:53,183 - Evaluate - INFO - ASR Module... Epoch: 2, RSS: 5.64 GB
2026-07-26 15:13:53,184 - Evaluate - INFO - ASR... Epoch: 2, Walltime: 1.412725 CPU time: 8.250642
2026-07-26 15:13:54,401 - Evaluate - INFO - ASR Module... Epoch: 2, RSS: 5.64 GB
2026-07-26 15:13:54,402 - Evaluate - INFO - ASR... Epoch: 2, Walltime: 1.215008 CPU time: 6.987861
2026-07-26 15:13:56,094 - Evaluate - INFO - ASR Module... Epoch: 2, RSS: 5.64 GB
2026-07-26 15:13:56,095 - Evaluate - INFO - ASR... Epoch: 2, Walltime: 1.689305 CPU time: 9.614124
2026-07-26 15:13:57,254 - Evaluate - INFO - ASR Module... Epoch: 2, RSS: 5.64 GB
2026-07-26 15:13:57,255 - Evaluate - INFO - ASR... Epoch: 2, Walltime: 1.157091 CPU time: 6.575656
2026-07-26 15:13:58,526 - Evaluate - INFO - ASR Module... Epoch: 2, RSS: 5.64 GB
2026-07-26 15:13:58,527 - Evaluate - INFO - ASR... Epoch: 2, Walltime: 1.269667 CPU time: 7.424491
2026-07-26 15:13:59,829 - Evaluate - INFO - ASR Module... Epoch: 2, RSS: 5.64 GB
2026-07-26 15:13:59,830 - Evaluate - INFO - ASR... Epoch: 2, Walltime: 1.299003 CPU time: 7.464640
2026-07-26 15:14:01,350 - Evaluate - INFO - ASR Module... Epoch: 2, RSS: 5.64 GB
2026-07-26 15:14:01,351 - Evaluate - INFO - ASR... Epoch: 2, Walltime: 1.517639 CPU time: 8.587934
2026-07-26 15:14:02,414 - Evaluate - INFO - ASR Module... Epoch: 2, RSS: 5.64 GB
2026-07-26 15:14:02,415 - Evaluate - INFO - ASR... Epoch: 2, Walltime: 1.061418 CPU time: 6.042975
2026-07-26 15:14:04,511 - Evaluate - INFO - ASR Module... Epoch: 2, RSS: 5.64 GB
2026-07-26 15:14:04,511 - Evaluate - INFO - ASR... Epoch: 2, Walltime: 2.092297 CPU time: 11.687773
2026-07-26 15:14:06,006 - Evaluate - INFO - ASR Module... Epoch: 2, RSS: 5.64 GB
2026-07-26 15:14:06,007 - Evaluate - INFO - ASR... Epoch: 2, Walltime: 1.491848 CPU time: 8.380167
2026-07-26 15:14:08,009 - Evaluate - INFO - ASR Module... Epoch: 2, RSS: 5.64 GB
2026-07-26 15:14:08,010 - Evaluate - INFO - ASR... Epoch: 2, Walltime: 1.999462 CPU time: 10.922780
2026-07-26 15:14:09,002 - Evaluate - INFO - ASR Module... Epoch: 2, RSS: 5.64 GB
2026-07-26 15:14:09,002 - Evaluate - INFO - ASR... Epoch: 2, Walltime: 0.989281 CPU time: 5.800140
2026-07-26 15:14:11,538 - Evaluate - INFO - ASR Module... Epoch: 2, RSS: 5.64 GB
2026-07-26 15:14:11,538 - Evaluate - INFO - ASR... Epoch: 2, Walltime: 2.532730 CPU time: 14.788700
2026-07-26 15:14:14,773 - Evaluate - INFO - ASR Module... Epoch: 2, RSS: 5.64 GB
2026-07-26 15:14:14,774 - Evaluate - INFO - ASR... Epoch: 2, Walltime: 3.229631 CPU time: 18.871742
2026-07-26 15:14:16,829 - Evaluate - INFO - ASR Module... Epoch: 2, RSS: 5.64 GB
2026-07-26 15:14:16,829 - Evaluate - INFO - ASR... Epoch: 2, Walltime: 2.051442 CPU time: 11.810577
2026-07-26 15:14:18,483 - Evaluate - INFO - ASR Module... Epoch: 2, RSS: 5.64 GB
2026-07-26 15:14:18,484 - Evaluate - INFO - ASR... Epoch: 2, Walltime: 1.650934 CPU time: 8.855541
2026-07-26 15:14:19,980 - Evaluate - INFO - ASR Module... Epoch: 2, RSS: 5.64 GB
2026-07-26 15:14:19,981 - Evaluate - INFO - ASR... Epoch: 2, Walltime: 1.493560 CPU time: 8.379720
2026-07-26 15:14:22,264 - Evaluate - INFO - ASR Module... Epoch: 2, RSS: 5.64 GB
2026-07-26 15:14:22,265 - Evaluate - INFO - ASR... Epoch: 2, Walltime: 2.279162 CPU time: 12.923053
2026-07-26 15:14:24,450 - Evaluate - INFO - ASR Module... Epoch: 2, RSS: 5.64 GB
2026-07-26 15:14:24,451 - Evaluate - INFO - ASR... Epoch: 2, Walltime: 2.181965 CPU time: 12.571665
2026-07-26 15:14:25,907 - Evaluate - INFO - ASR Module... Epoch: 2, RSS: 5.64 GB
2026-07-26 15:14:25,908 - Evaluate - INFO - ASR... Epoch: 2, Walltime: 1.453280 CPU time: 8.248224
2026-07-26 15:14:28,195 - Evaluate - INFO - ASR Module... Epoch: 2, RSS: 5.64 GB
2026-07-26 15:14:28,196 - Evaluate - INFO - ASR... Epoch: 2, Walltime: 2.283660 CPU time: 13.099554
2026-07-26 15:14:29,996 - Evaluate - INFO - ASR Module... Epoch: 2, RSS: 5.64 GB
2026-07-26 15:14:29,997 - Evaluate - INFO - ASR... Epoch: 2, Walltime: 1.797651 CPU time: 9.995931
2026-07-26 15:14:33,523 - Evaluate - INFO - ASR Module... Epoch: 2, RSS: 5.64 GB
2026-07-26 15:14:33,524 - Evaluate - INFO - ASR... Epoch: 2, Walltime: 3.522238 CPU time: 20.402655
2026-07-26 15:14:34,947 - Evaluate - INFO - ASR Module... Epoch: 2, RSS: 5.64 GB
2026-07-26 15:14:34,948 - Evaluate - INFO - ASR... Epoch: 2, Walltime: 1.419948 CPU time: 8.228221
2026-07-26 15:14:37,654 - Evaluate - INFO - ASR Module... Epoch: 2, RSS: 5.64 GB
2026-07-26 15:14:37,655 - Evaluate - INFO - ASR... Epoch: 2, Walltime: 2.703318 CPU time: 15.558666
2026-07-26 15:14:39,754 - Evaluate - INFO - ASR Module... Epoch: 2, RSS: 5.64 GB
2026-07-26 15:14:39,755 - Evaluate - INFO - ASR... Epoch: 2, Walltime: 2.095285 CPU time: 12.216569
2026-07-26 15:14:43,514 - Evaluate - INFO - ASR Module... Epoch: 2, RSS: 5.64 GB
2026-07-26 15:14:43,514 - Evaluate - INFO - ASR... Epoch: 2, Walltime: 3.750762 CPU time: 21.585880
2026-07-26 15:14:46,496 - Evaluate - INFO - ASR Module... Epoch: 2, RSS: 5.64 GB
2026-07-26 15:14:46,497 - Evaluate - INFO - ASR... Epoch: 2, Walltime: 2.977966 CPU time: 17.232264
2026-07-26 15:14:47,859 - Evaluate - INFO - ASR Module... Epoch: 2, RSS: 5.64 GB
2026-07-26 15:14:47,860 - Evaluate - INFO - ASR... Epoch: 2, Walltime: 1.359060 CPU time: 7.845555
2026-07-26 15:14:49,479 - Evaluate - INFO - ASR Module... Epoch: 2, RSS: 5.64 GB
2026-07-26 15:14:49,482 - Evaluate - INFO - ASR... Epoch: 2, Walltime: 1.616460 CPU time: 9.461794
2026-07-26 15:14:51,241 - Evaluate - INFO - ASR Module... Epoch: 2, RSS: 5.64 GB
2026-07-26 15:14:51,242 - Evaluate - INFO - ASR... Epoch: 2, Walltime: 1.756898 CPU time: 10.222451
2026-07-26 15:14:52,475 - Evaluate - INFO - ASR Module... Epoch: 2, RSS: 5.64 GB
2026-07-26 15:14:52,476 - Evaluate - INFO - ASR... Epoch: 2, Walltime: 1.231375 CPU time: 7.021743
2026-07-26 15:14:55,087 - Evaluate - INFO - ASR Module... Epoch: 2, RSS: 5.64 GB
2026-07-26 15:14:55,087 - Evaluate - INFO - ASR... Epoch: 2, Walltime: 2.607374 CPU time: 14.664637
2026-07-26 15:14:57,125 - Evaluate - INFO - ASR Module... Epoch: 2, RSS: 5.64 GB
2026-07-26 15:14:57,126 - Evaluate - INFO - ASR... Epoch: 2, Walltime: 2.035046 CPU time: 11.113875
2026-07-26 15:14:58,738 - Evaluate - INFO - ASR Module... Epoch: 2, RSS: 5.64 GB
2026-07-26 15:14:58,739 - Evaluate - INFO - ASR... Epoch: 2, Walltime: 1.609007 CPU time: 9.455081
2026-07-26 15:15:00,355 - Evaluate - INFO - ASR Module... Epoch: 2, RSS: 5.64 GB
2026-07-26 15:15:00,355 - Evaluate - INFO - ASR... Epoch: 2, Walltime: 1.613307 CPU time: 9.516737
2026-07-26 15:15:01,485 - Evaluate - INFO - ASR Module... Epoch: 2, RSS: 5.64 GB
2026-07-26 15:15:01,486 - Evaluate - INFO - ASR... Epoch: 2, Walltime: 1.127072 CPU time: 6.467446
2026-07-26 15:15:02,464 - Evaluate - INFO - ASR Module... Epoch: 2, RSS: 5.64 GB
2026-07-26 15:15:02,464 - Evaluate - INFO - ASR... Epoch: 2, Walltime: 0.977032 CPU time: 5.511896
2026-07-26 15:15:04,655 - Evaluate - INFO - ASR Module... Epoch: 2, RSS: 5.64 GB
2026-07-26 15:15:04,656 - Evaluate - INFO - ASR... Epoch: 2, Walltime: 2.185384 CPU time: 12.820716
2026-07-26 15:15:09,170 - Evaluate - INFO - ASR Module... Epoch: 2, RSS: 5.64 GB
2026-07-26 15:15:09,170 - Evaluate - INFO - ASR... Epoch: 2, Walltime: 4.506204 CPU time: 26.081231
2026-07-26 15:15:11,626 - Evaluate - INFO - ASR Module... Epoch: 2, RSS: 5.64 GB
2026-07-26 15:15:11,627 - Evaluate - INFO - ASR... Epoch: 2, Walltime: 2.450200 CPU time: 14.328460
2026-07-26 15:15:12,786 - Evaluate - INFO - ASR Module... Epoch: 2, RSS: 5.64 GB
2026-07-26 15:15:12,786 - Evaluate - INFO - ASR... Epoch: 2, Walltime: 1.156684 CPU time: 6.858826
2026-07-26 15:15:15,311 - Evaluate - INFO - ASR Module... Epoch: 2, RSS: 5.64 GB
2026-07-26 15:15:15,312 - Evaluate - INFO - ASR... Epoch: 2, Walltime: 2.522082 CPU time: 14.575140
2026-07-26 15:15:17,477 - Evaluate - INFO - ASR Module... Epoch: 2, RSS: 5.64 GB
2026-07-26 15:15:17,478 - Evaluate - INFO - ASR... Epoch: 2, Walltime: 2.160670 CPU time: 12.733733
2026-07-26 15:15:19,201 - Evaluate - INFO - ASR Module... Epoch: 2, RSS: 5.64 GB
2026-07-26 15:15:19,202 - Evaluate - INFO - ASR... Epoch: 2, Walltime: 1.720737 CPU time: 10.090186
2026-07-26 15:15:21,491 - Evaluate - INFO - ASR Module... Epoch: 2, RSS: 5.64 GB
2026-07-26 15:15:21,492 - Evaluate - INFO - ASR... Epoch: 2, Walltime: 2.285245 CPU time: 13.411377
2026-07-26 15:15:23,010 - Evaluate - INFO - ASR Module... Epoch: 2, RSS: 5.64 GB
2026-07-26 15:15:23,011 - Evaluate - INFO - ASR... Epoch: 2, Walltime: 1.515425 CPU time: 8.916283
2026-07-26 15:15:24,427 - Evaluate - INFO - ASR Module... Epoch: 2, RSS: 5.64 GB
2026-07-26 15:15:24,428 - Evaluate - INFO - ASR... Epoch: 2, Walltime: 1.412752 CPU time: 8.364816
2026-07-26 15:15:26,265 - Evaluate - INFO - ASR Module... Epoch: 2, RSS: 5.64 GB
2026-07-26 15:15:26,266 - Evaluate - INFO - ASR... Epoch: 2, Walltime: 1.834270 CPU time: 10.938494
2026-07-26 15:15:27,478 - Evaluate - INFO - ASR Module... Epoch: 2, RSS: 5.64 GB
2026-07-26 15:15:27,479 - Evaluate - INFO - ASR... Epoch: 2, Walltime: 1.208935 CPU time: 7.236993
2026-07-26 15:15:29,284 - Evaluate - INFO - ASR Module... Epoch: 2, RSS: 5.64 GB
2026-07-26 15:15:29,284 - Evaluate - INFO - ASR... Epoch: 2, Walltime: 1.802022 CPU time: 10.681927
2026-07-26 15:15:30,617 - Evaluate - INFO - ASR Module... Epoch: 2, RSS: 5.64 GB
2026-07-26 15:15:30,618 - Evaluate - INFO - ASR... Epoch: 2, Walltime: 1.329982 CPU time: 7.893116
2026-07-26 15:15:31,917 - Evaluate - INFO - ASR Module... Epoch: 2, RSS: 5.64 GB
2026-07-26 15:15:31,917 - Evaluate - INFO - ASR... Epoch: 2, Walltime: 1.295889 CPU time: 7.481123
2026-07-26 15:15:33,725 - Evaluate - INFO - ASR Module... Epoch: 2, RSS: 5.64 GB
2026-07-26 15:15:33,726 - Evaluate - INFO - ASR... Epoch: 2, Walltime: 1.804858 CPU time: 9.950159
2026-07-26 15:15:35,470 - Evaluate - INFO - ASR Module... Epoch: 2, RSS: 5.64 GB
2026-07-26 15:15:35,471 - Evaluate - INFO - ASR... Epoch: 2, Walltime: 1.741934 CPU time: 10.039452
2026-07-26 15:15:37,545 - Evaluate - INFO - ASR Module... Epoch: 2, RSS: 5.64 GB
2026-07-26 15:15:37,546 - Evaluate - INFO - ASR... Epoch: 2, Walltime: 2.070172 CPU time: 11.426417
2026-07-26 15:15:39,262 - Evaluate - INFO - ASR Module... Epoch: 2, RSS: 5.64 GB
2026-07-26 15:15:39,263 - Evaluate - INFO - ASR... Epoch: 2, Walltime: 1.713491 CPU time: 9.467477
2026-07-26 15:15:41,369 - Evaluate - INFO - ASR Module... Epoch: 2, RSS: 5.64 GB
2026-07-26 15:15:41,370 - Evaluate - INFO - ASR... Epoch: 2, Walltime: 2.103005 CPU time: 11.769468
2026-07-26 15:15:42,694 - Evaluate - INFO - ASR Module... Epoch: 2, RSS: 5.64 GB
2026-07-26 15:15:42,695 - Evaluate - INFO - ASR... Epoch: 2, Walltime: 1.321262 CPU time: 7.582404
2026-07-26 15:15:45,261 - Evaluate - INFO - ASR Module... Epoch: 2, RSS: 5.64 GB
2026-07-26 15:15:45,261 - Evaluate - INFO - ASR... Epoch: 2, Walltime: 2.562743 CPU time: 14.231541
2026-07-26 15:15:47,041 - Evaluate - INFO - ASR Module... Epoch: 2, RSS: 5.64 GB
2026-07-26 15:15:47,042 - Evaluate - INFO - ASR... Epoch: 2, Walltime: 1.776694 CPU time: 9.844075
2026-07-26 15:15:48,523 - Evaluate - INFO - ASR Module... Epoch: 2, RSS: 5.64 GB
2026-07-26 15:15:48,524 - Evaluate - INFO - ASR... Epoch: 2, Walltime: 1.477368 CPU time: 8.441847
2026-07-26 15:15:50,275 - Evaluate - INFO - ASR Module... Epoch: 2, RSS: 5.64 GB
2026-07-26 15:15:50,275 - Evaluate - INFO - ASR... Epoch: 2, Walltime: 1.747868 CPU time: 9.884719
2026-07-26 15:15:52,419 - Evaluate - INFO - ASR Module... Epoch: 2, RSS: 5.64 GB
2026-07-26 15:15:52,420 - Evaluate - INFO - ASR... Epoch: 2, Walltime: 2.140826 CPU time: 11.686854
2026-07-26 15:15:55,008 - Evaluate - INFO - ASR Module... Epoch: 2, RSS: 5.64 GB
2026-07-26 15:15:55,010 - Evaluate - INFO - ASR... Epoch: 2, Walltime: 2.584643 CPU time: 14.324226
2026-07-26 15:15:56,580 - Evaluate - INFO - ASR Module... Epoch: 2, RSS: 5.64 GB
2026-07-26 15:15:56,581 - Evaluate - INFO - ASR... Epoch: 2, Walltime: 1.567908 CPU time: 8.861685
2026-07-26 15:15:58,114 - Evaluate - INFO - ASR Module... Epoch: 2, RSS: 5.64 GB
2026-07-26 15:15:58,114 - Evaluate - INFO - ASR... Epoch: 2, Walltime: 1.529222 CPU time: 8.918670
2026-07-26 15:16:00,004 - Evaluate - INFO - ASR Module... Epoch: 2, RSS: 5.64 GB
2026-07-26 15:16:00,005 - Evaluate - INFO - ASR... Epoch: 2, Walltime: 1.886244 CPU time: 10.857848
2026-07-26 15:16:01,450 - Evaluate - INFO - ASR Module... Epoch: 2, RSS: 5.64 GB
2026-07-26 15:16:01,451 - Evaluate - INFO - ASR... Epoch: 2, Walltime: 1.442860 CPU time: 8.228575
2026-07-26 15:16:04,578 - Evaluate - INFO - ASR Module... Epoch: 2, RSS: 5.64 GB
2026-07-26 15:16:04,579 - Evaluate - INFO - ASR... Epoch: 2, Walltime: 3.122573 CPU time: 17.406287
2026-07-26 15:16:05,798 - Evaluate - INFO - ASR Module... Epoch: 2, RSS: 5.64 GB
2026-07-26 15:16:05,799 - Evaluate - INFO - ASR... Epoch: 2, Walltime: 1.216461 CPU time: 7.016310
2026-07-26 15:16:07,807 - Evaluate - INFO - ASR Module... Epoch: 2, RSS: 5.64 GB
2026-07-26 15:16:07,807 - Evaluate - INFO - ASR... Epoch: 2, Walltime: 2.004762 CPU time: 11.226806
2026-07-26 15:16:09,364 - Evaluate - INFO - ASR Module... Epoch: 2, RSS: 5.64 GB
2026-07-26 15:16:09,365 - Evaluate - INFO - ASR... Epoch: 2, Walltime: 1.553863 CPU time: 9.164702
2026-07-26 15:16:11,488 - Evaluate - INFO - ASR Module... Epoch: 2, RSS: 5.64 GB
2026-07-26 15:16:11,489 - Evaluate - INFO - ASR... Epoch: 2, Walltime: 2.119430 CPU time: 11.905698
2026-07-26 15:16:13,397 - Evaluate - INFO - ASR Module... Epoch: 2, RSS: 5.64 GB
2026-07-26 15:16:13,397 - Evaluate - INFO - ASR... Epoch: 2, Walltime: 1.904170 CPU time: 10.897106
2026-07-26 15:16:14,602 - Evaluate - INFO - ASR Module... Epoch: 2, RSS: 5.64 GB
2026-07-26 15:16:14,602 - Evaluate - INFO - ASR... Epoch: 2, Walltime: 1.202495 CPU time: 6.647607
2026-07-26 15:16:17,350 - Evaluate - INFO - ASR Module... Epoch: 2, RSS: 5.64 GB
2026-07-26 15:16:17,351 - Evaluate - INFO - ASR... Epoch: 2, Walltime: 2.743894 CPU time: 15.452633
2026-07-26 15:16:18,806 - Evaluate - INFO - ASR Module... Epoch: 2, RSS: 5.64 GB
2026-07-26 15:16:18,807 - Evaluate - INFO - ASR... Epoch: 2, Walltime: 1.452875 CPU time: 8.351543
2026-07-26 15:16:20,308 - Evaluate - INFO - ASR Module... Epoch: 2, RSS: 5.64 GB
2026-07-26 15:16:20,308 - Evaluate - INFO - ASR... Epoch: 2, Walltime: 1.498289 CPU time: 8.502685
2026-07-26 15:16:22,287 - Evaluate - INFO - ASR Module... Epoch: 2, RSS: 5.64 GB
2026-07-26 15:16:22,287 - Evaluate - INFO - ASR... Epoch: 2, Walltime: 1.975377 CPU time: 11.009070
2026-07-26 15:16:24,205 - Evaluate - INFO - ASR Module... Epoch: 2, RSS: 5.64 GB
2026-07-26 15:16:24,206 - Evaluate - INFO - ASR... Epoch: 2, Walltime: 1.915269 CPU time: 10.742961
2026-07-26 15:16:25,724 - Evaluate - INFO - ASR Module... Epoch: 2, RSS: 5.64 GB
2026-07-26 15:16:25,725 - Evaluate - INFO - ASR... Epoch: 2, Walltime: 1.515312 CPU time: 8.675975
2026-07-26 15:16:27,384 - Evaluate - INFO - ASR Module... Epoch: 2, RSS: 5.64 GB
2026-07-26 15:16:27,385 - Evaluate - INFO - ASR... Epoch: 2, Walltime: 1.656926 CPU time: 9.321578
2026-07-26 15:16:28,599 - Evaluate - INFO - ASR Module... Epoch: 2, RSS: 5.64 GB
2026-07-26 15:16:28,600 - Evaluate - INFO - ASR... Epoch: 2, Walltime: 1.212028 CPU time: 7.066815
2026-07-26 15:16:30,133 - Evaluate - INFO - ASR Module... Epoch: 2, RSS: 5.64 GB
2026-07-26 15:16:30,134 - Evaluate - INFO - ASR... Epoch: 2, Walltime: 1.531327 CPU time: 8.700535
2026-07-26 15:16:31,627 - Evaluate - INFO - ASR Module... Epoch: 2, RSS: 5.64 GB
2026-07-26 15:16:31,628 - Evaluate - INFO - ASR... Epoch: 2, Walltime: 1.491320 CPU time: 8.021911
2026-07-26 15:16:33,651 - Evaluate - INFO - ASR Module... Epoch: 2, RSS: 5.64 GB
2026-07-26 15:16:33,652 - Evaluate - INFO - ASR... Epoch: 2, Walltime: 2.017084 CPU time: 11.564924
2026-07-26 15:16:34,927 - Evaluate - INFO - ASR Module... Epoch: 2, RSS: 5.64 GB
2026-07-26 15:16:34,928 - Evaluate - INFO - ASR... Epoch: 2, Walltime: 1.272604 CPU time: 7.404814
2026-07-26 15:16:36,255 - Evaluate - INFO - ASR Module... Epoch: 2, RSS: 5.64 GB
2026-07-26 15:16:36,256 - Evaluate - INFO - ASR... Epoch: 2, Walltime: 1.325293 CPU time: 7.505583
2026-07-26 15:16:37,354 - Evaluate - INFO - ASR Module... Epoch: 2, RSS: 5.64 GB
2026-07-26 15:16:37,355 - Evaluate - INFO - ASR... Epoch: 2, Walltime: 1.096318 CPU time: 6.417777
2026-07-26 15:16:38,823 - Evaluate - INFO - ASR Module... Epoch: 2, RSS: 5.64 GB
2026-07-26 15:16:38,823 - Evaluate - INFO - ASR... Epoch: 2, Walltime: 1.465403 CPU time: 8.056143
2026-07-26 15:16:40,373 - Evaluate - INFO - ASR Module... Epoch: 2, RSS: 5.64 GB
2026-07-26 15:16:40,374 - Evaluate - INFO - ASR... Epoch: 2, Walltime: 1.547296 CPU time: 8.924867
2026-07-26 15:16:42,107 - Evaluate - INFO - ASR Module... Epoch: 2, RSS: 5.64 GB
2026-07-26 15:16:42,108 - Evaluate - INFO - ASR... Epoch: 2, Walltime: 1.730664 CPU time: 9.856710
2026-07-26 15:16:43,566 - Evaluate - INFO - ASR Module... Epoch: 2, RSS: 5.64 GB
2026-07-26 15:16:43,566 - Evaluate - INFO - ASR... Epoch: 2, Walltime: 1.455167 CPU time: 7.844873
2026-07-26 15:16:45,832 - Evaluate - INFO - ASR Module... Epoch: 2, RSS: 5.64 GB
2026-07-26 15:16:45,832 - Evaluate - INFO - ASR... Epoch: 2, Walltime: 2.262432 CPU time: 12.601765
2026-07-26 15:16:48,055 - Evaluate - INFO - ASR Module... Epoch: 2, RSS: 5.64 GB
2026-07-26 15:16:48,056 - Evaluate - INFO - ASR... Epoch: 2, Walltime: 2.219544 CPU time: 12.481655
2026-07-26 15:16:49,487 - Evaluate - INFO - ASR Module... Epoch: 2, RSS: 5.64 GB
2026-07-26 15:16:49,488 - Evaluate - INFO - ASR... Epoch: 2, Walltime: 1.427954 CPU time: 8.165453
2026-07-26 15:16:51,710 - Evaluate - INFO - ASR Module... Epoch: 2, RSS: 5.64 GB
2026-07-26 15:16:51,710 - Evaluate - INFO - ASR... Epoch: 2, Walltime: 2.218935 CPU time: 12.079740
2026-07-26 15:16:53,590 - Evaluate - INFO - ASR Module... Epoch: 2, RSS: 5.64 GB
2026-07-26 15:16:53,591 - Evaluate - INFO - ASR... Epoch: 2, Walltime: 1.875914 CPU time: 10.728117
2026-07-26 15:16:55,351 - Evaluate - INFO - ASR Module... Epoch: 2, RSS: 5.64 GB
2026-07-26 15:16:55,352 - Evaluate - INFO - ASR... Epoch: 2, Walltime: 1.757372 CPU time: 10.235568
2026-07-26 15:16:57,834 - Evaluate - INFO - ASR Module... Epoch: 2, RSS: 5.64 GB
2026-07-26 15:16:57,835 - Evaluate - INFO - ASR... Epoch: 2, Walltime: 2.476121 CPU time: 14.305580
2026-07-26 15:17:00,112 - Evaluate - INFO - ASR Module... Epoch: 2, RSS: 5.64 GB
2026-07-26 15:17:00,112 - Evaluate - INFO - ASR... Epoch: 2, Walltime: 2.272611 CPU time: 12.645857
2026-07-26 15:17:02,062 - Evaluate - INFO - ASR Module... Epoch: 2, RSS: 5.64 GB
2026-07-26 15:17:02,062 - Evaluate - INFO - ASR... Epoch: 2, Walltime: 1.945310 CPU time: 11.119997
2026-07-26 15:17:04,023 - Evaluate - INFO - ASR Module... Epoch: 2, RSS: 5.64 GB
2026-07-26 15:17:04,024 - Evaluate - INFO - ASR... Epoch: 2, Walltime: 1.957534 CPU time: 10.618033
2026-07-26 15:17:05,384 - Evaluate - INFO - ASR Module... Epoch: 2, RSS: 5.64 GB
2026-07-26 15:17:05,385 - Evaluate - INFO - ASR... Epoch: 2, Walltime: 1.357798 CPU time: 7.803858
2026-07-26 15:17:07,153 - Evaluate - INFO - ASR Module... Epoch: 2, RSS: 5.64 GB
2026-07-26 15:17:07,154 - Evaluate - INFO - ASR... Epoch: 2, Walltime: 1.764644 CPU time: 10.033761
2026-07-26 15:17:08,594 - Evaluate - INFO - ASR Module... Epoch: 2, RSS: 5.64 GB
2026-07-26 15:17:08,595 - Evaluate - INFO - ASR... Epoch: 2, Walltime: 1.437671 CPU time: 8.248901
2026-07-26 15:17:10,564 - Evaluate - INFO - ASR Module... Epoch: 2, RSS: 5.64 GB
2026-07-26 15:17:10,565 - Evaluate - INFO - ASR... Epoch: 2, Walltime: 1.965798 CPU time: 11.171774
2026-07-26 15:17:12,287 - Evaluate - INFO - ASR Module... Epoch: 2, RSS: 5.64 GB
2026-07-26 15:17:12,288 - Evaluate - INFO - ASR... Epoch: 2, Walltime: 1.720399 CPU time: 9.706960
2026-07-26 15:17:15,349 - Evaluate - INFO - ASR Module... Epoch: 2, RSS: 5.64 GB
2026-07-26 15:17:15,350 - Evaluate - INFO - ASR... Epoch: 2, Walltime: 3.056546 CPU time: 16.779793
2026-07-26 15:17:17,640 - Evaluate - INFO - ASR Module... Epoch: 2, RSS: 5.64 GB
2026-07-26 15:17:17,641 - Evaluate - INFO - ASR... Epoch: 2, Walltime: 2.286597 CPU time: 13.014108
2026-07-26 15:17:20,060 - Evaluate - INFO - ASR Module... Epoch: 2, RSS: 5.64 GB
2026-07-26 15:17:20,061 - Evaluate - INFO - ASR... Epoch: 2, Walltime: 2.416121 CPU time: 12.937956
2026-07-26 15:17:22,743 - Evaluate - INFO - ASR Module... Epoch: 2, RSS: 5.64 GB
2026-07-26 15:17:22,744 - Evaluate - INFO - ASR... Epoch: 2, Walltime: 2.677333 CPU time: 15.325930
2026-07-26 15:17:24,634 - Evaluate - INFO - ASR Module... Epoch: 2, RSS: 5.64 GB
2026-07-26 15:17:24,635 - Evaluate - INFO - ASR... Epoch: 2, Walltime: 1.887391 CPU time: 10.698418
2026-07-26 15:17:26,191 - Evaluate - INFO - ASR Module... Epoch: 2, RSS: 5.64 GB
2026-07-26 15:17:26,192 - Evaluate - INFO - ASR... Epoch: 2, Walltime: 1.553517 CPU time: 9.064281
2026-07-26 15:17:28,061 - Evaluate - INFO - ASR Module... Epoch: 2, RSS: 5.64 GB
2026-07-26 15:17:28,063 - Evaluate - INFO - ASR... Epoch: 2, Walltime: 1.866718 CPU time: 10.326556
2026-07-26 15:17:30,174 - Evaluate - INFO - ASR Module... Epoch: 2, RSS: 5.64 GB
2026-07-26 15:17:30,175 - Evaluate - INFO - ASR... Epoch: 2, Walltime: 2.108613 CPU time: 11.613495
2026-07-26 15:17:33,410 - Evaluate - INFO - ASR Module... Epoch: 2, RSS: 5.64 GB
2026-07-26 15:17:33,411 - Evaluate - INFO - ASR... Epoch: 2, Walltime: 3.229606 CPU time: 18.080310
2026-07-26 15:17:36,582 - Evaluate - INFO - ASR Module... Epoch: 2, RSS: 5.64 GB
2026-07-26 15:17:36,582 - Evaluate - INFO - ASR... Epoch: 2, Walltime: 3.166511 CPU time: 17.460745
2026-07-26 15:17:38,475 - Evaluate - INFO - ASR Module... Epoch: 2, RSS: 5.64 GB
2026-07-26 15:17:38,476 - Evaluate - INFO - ASR... Epoch: 2, Walltime: 1.889533 CPU time: 10.349102
2026-07-26 15:17:41,236 - Evaluate - INFO - ASR Module... Epoch: 2, RSS: 5.64 GB
2026-07-26 15:17:41,237 - Evaluate - INFO - ASR... Epoch: 2, Walltime: 2.756788 CPU time: 14.880575
2026-07-26 15:17:43,333 - Evaluate - INFO - ASR Module... Epoch: 2, RSS: 5.64 GB
2026-07-26 15:17:43,334 - Evaluate - INFO - ASR... Epoch: 2, Walltime: 2.092375 CPU time: 11.529821
2026-07-26 15:17:45,307 - Evaluate - INFO - ASR Module... Epoch: 2, RSS: 5.64 GB
2026-07-26 15:17:45,308 - Evaluate - INFO - ASR... Epoch: 2, Walltime: 1.970153 CPU time: 10.971991
2026-07-26 15:17:47,191 - Evaluate - INFO - ASR Module... Epoch: 2, RSS: 5.64 GB
2026-07-26 15:17:47,192 - Evaluate - INFO - ASR... Epoch: 2, Walltime: 1.880268 CPU time: 10.799782
2026-07-26 15:17:49,652 - Evaluate - INFO - ASR Module... Epoch: 2, RSS: 5.64 GB
2026-07-26 15:17:49,653 - Evaluate - INFO - ASR... Epoch: 2, Walltime: 2.456403 CPU time: 13.738138
2026-07-26 15:17:51,870 - Evaluate - INFO - ASR Module... Epoch: 2, RSS: 5.64 GB
2026-07-26 15:17:51,871 - Evaluate - INFO - ASR... Epoch: 2, Walltime: 2.213430 CPU time: 12.276345
2026-07-26 15:17:53,985 - Evaluate - INFO - ASR Module... Epoch: 2, RSS: 5.64 GB
2026-07-26 15:17:53,986 - Evaluate - INFO - ASR... Epoch: 2, Walltime: 2.109225 CPU time: 11.955765
2026-07-26 15:17:55,783 - Evaluate - INFO - ASR Module... Epoch: 2, RSS: 5.64 GB
2026-07-26 15:17:55,784 - Evaluate - INFO - ASR... Epoch: 2, Walltime: 1.794784 CPU time: 10.288648
2026-07-26 15:17:57,067 - Evaluate - INFO - ASR Module... Epoch: 2, RSS: 5.64 GB
2026-07-26 15:17:57,068 - Evaluate - INFO - ASR... Epoch: 2, Walltime: 1.279890 CPU time: 7.119664
2026-07-26 15:17:58,084 - Evaluate - INFO - ASR Module... Epoch: 2, RSS: 5.64 GB
2026-07-26 15:17:58,085 - Evaluate - INFO - ASR... Epoch: 2, Walltime: 1.013783 CPU time: 5.848800
2026-07-26 15:17:59,467 - Evaluate - INFO - ASR Module... Epoch: 2, RSS: 5.64 GB
2026-07-26 15:17:59,468 - Evaluate - INFO - ASR... Epoch: 2, Walltime: 1.379596 CPU time: 7.581587
2026-07-26 15:18:00,763 - Evaluate - INFO - ASR Module... Epoch: 2, RSS: 5.64 GB
2026-07-26 15:18:00,764 - Evaluate - INFO - ASR... Epoch: 2, Walltime: 1.293272 CPU time: 7.300875
2026-07-26 15:18:02,481 - Evaluate - INFO - ASR Module... Epoch: 2, RSS: 5.64 GB
2026-07-26 15:18:02,482 - Evaluate - INFO - ASR... Epoch: 2, Walltime: 1.714955 CPU time: 9.593545
2026-07-26 15:18:03,948 - Evaluate - INFO - ASR Module... Epoch: 2, RSS: 5.64 GB
2026-07-26 15:18:03,948 - Evaluate - INFO - ASR... Epoch: 2, Walltime: 1.462973 CPU time: 8.495122
2026-07-26 15:18:05,689 - Evaluate - INFO - ASR Module... Epoch: 2, RSS: 5.64 GB
2026-07-26 15:18:05,689 - Evaluate - INFO - ASR... Epoch: 2, Walltime: 1.737472 CPU time: 9.897807
2026-07-26 15:18:07,579 - Evaluate - INFO - ASR Module... Epoch: 2, RSS: 5.64 GB
2026-07-26 15:18:07,580 - Evaluate - INFO - ASR... Epoch: 2, Walltime: 1.886922 CPU time: 10.923018
2026-07-26 15:18:08,765 - Evaluate - INFO - ASR Module... Epoch: 2, RSS: 5.64 GB
2026-07-26 15:18:08,765 - Evaluate - INFO - ASR... Epoch: 2, Walltime: 1.182637 CPU time: 6.541671
2026-07-26 15:18:10,715 - Evaluate - INFO - ASR Module... Epoch: 2, RSS: 5.64 GB
2026-07-26 15:18:10,715 - Evaluate - INFO - ASR... Epoch: 2, Walltime: 1.946687 CPU time: 11.113392
2026-07-26 15:18:12,438 - Evaluate - INFO - ASR Module... Epoch: 2, RSS: 5.64 GB
2026-07-26 15:18:12,439 - Evaluate - INFO - ASR... Epoch: 2, Walltime: 1.720016 CPU time: 10.044943
2026-07-26 15:18:13,430 - Evaluate - INFO - ASR Module... Epoch: 2, RSS: 5.64 GB
2026-07-26 15:18:13,430 - Evaluate - INFO - ASR... Epoch: 2, Walltime: 0.988569 CPU time: 5.766216
2026-07-26 15:18:15,096 - Evaluate - INFO - ASR Module... Epoch: 2, RSS: 5.64 GB
2026-07-26 15:18:15,097 - Evaluate - INFO - ASR... Epoch: 2, Walltime: 1.663729 CPU time: 9.753340
2026-07-26 15:18:17,146 - Evaluate - INFO - ASR Module... Epoch: 2, RSS: 5.64 GB
2026-07-26 15:18:17,146 - Evaluate - INFO - ASR... Epoch: 2, Walltime: 2.045179 CPU time: 11.595090
2026-07-26 15:18:18,711 - Evaluate - INFO - ASR Module... Epoch: 2, RSS: 5.64 GB
2026-07-26 15:18:18,712 - Evaluate - INFO - ASR... Epoch: 2, Walltime: 1.562339 CPU time: 8.901630
2026-07-26 15:18:20,264 - Evaluate - INFO - ASR Module... Epoch: 2, RSS: 5.64 GB
2026-07-26 15:18:20,264 - Evaluate - INFO - ASR... Epoch: 2, Walltime: 1.548963 CPU time: 8.716663
2026-07-26 15:18:22,391 - Evaluate - INFO - ASR Module... Epoch: 2, RSS: 5.64 GB
2026-07-26 15:18:22,392 - Evaluate - INFO - ASR... Epoch: 2, Walltime: 2.123567 CPU time: 12.271578
2026-07-26 15:18:23,997 - Evaluate - INFO - ASR Module... Epoch: 2, RSS: 5.64 GB
2026-07-26 15:18:23,998 - Evaluate - INFO - ASR... Epoch: 2, Walltime: 1.602477 CPU time: 9.042677
2026-07-26 15:18:25,273 - Evaluate - INFO - ASR Module... Epoch: 2, RSS: 5.64 GB
2026-07-26 15:18:25,274 - Evaluate - INFO - ASR... Epoch: 2, Walltime: 1.272906 CPU time: 7.426007
2026-07-26 15:18:26,782 - Evaluate - INFO - ASR Module... Epoch: 2, RSS: 5.64 GB
2026-07-26 15:18:26,783 - Evaluate - INFO - ASR... Epoch: 2, Walltime: 1.505881 CPU time: 8.736602
2026-07-26 15:18:28,637 - Evaluate - INFO - ASR Module... Epoch: 2, RSS: 5.64 GB
2026-07-26 15:18:28,638 - Evaluate - INFO - ASR... Epoch: 2, Walltime: 1.851794 CPU time: 10.602812
2026-07-26 15:18:30,604 - Evaluate - INFO - ASR Module... Epoch: 2, RSS: 5.64 GB
2026-07-26 15:18:30,604 - Evaluate - INFO - ASR... Epoch: 2, Walltime: 1.962615 CPU time: 11.269078
2026-07-26 15:18:31,962 - Evaluate - INFO - ASR Module... Epoch: 2, RSS: 5.64 GB
2026-07-26 15:18:31,963 - Evaluate - INFO - ASR... Epoch: 2, Walltime: 1.354934 CPU time: 7.769452
2026-07-26 15:18:33,774 - Evaluate - INFO - ASR Module... Epoch: 2, RSS: 5.64 GB
2026-07-26 15:18:33,775 - Evaluate - INFO - ASR... Epoch: 2, Walltime: 1.808577 CPU time: 10.318036
2026-07-26 15:18:35,878 - Evaluate - INFO - ASR Module... Epoch: 2, RSS: 5.64 GB
2026-07-26 15:18:35,879 - Evaluate - INFO - ASR... Epoch: 2, Walltime: 2.100016 CPU time: 11.707993
2026-07-26 15:18:37,217 - Evaluate - INFO - ASR Module... Epoch: 2, RSS: 5.64 GB
2026-07-26 15:18:37,217 - Evaluate - INFO - ASR... Epoch: 2, Walltime: 1.334940 CPU time: 7.718142
2026-07-26 15:18:38,893 - Evaluate - INFO - ASR Module... Epoch: 2, RSS: 5.64 GB
2026-07-26 15:18:38,894 - Evaluate - INFO - ASR... Epoch: 2, Walltime: 1.673164 CPU time: 9.334260
2026-07-26 15:18:40,745 - Evaluate - INFO - ASR Module... Epoch: 2, RSS: 5.64 GB
2026-07-26 15:18:40,746 - Evaluate - INFO - ASR... Epoch: 2, Walltime: 1.848274 CPU time: 10.605016
2026-07-26 15:18:42,722 - Evaluate - INFO - ASR Module... Epoch: 2, RSS: 5.64 GB
2026-07-26 15:18:42,723 - Evaluate - INFO - ASR... Epoch: 2, Walltime: 1.972401 CPU time: 11.430952
2026-07-26 15:18:44,053 - Evaluate - INFO - ASR Module... Epoch: 2, RSS: 5.64 GB
2026-07-26 15:18:44,054 - Evaluate - INFO - ASR... Epoch: 2, Walltime: 1.328306 CPU time: 7.362369
2026-07-26 15:18:45,739 - Evaluate - INFO - ASR Module... Epoch: 2, RSS: 5.64 GB
2026-07-26 15:18:45,739 - Evaluate - INFO - ASR... Epoch: 2, Walltime: 1.681561 CPU time: 9.583648
2026-07-26 15:18:48,261 - Evaluate - INFO - ASR Module... Epoch: 2, RSS: 5.64 GB
2026-07-26 15:18:48,261 - Evaluate - INFO - ASR... Epoch: 2, Walltime: 2.517333 CPU time: 14.196880
2026-07-26 15:18:50,198 - Evaluate - INFO - ASR Module... Epoch: 2, RSS: 5.64 GB
2026-07-26 15:18:50,198 - Evaluate - INFO - ASR... Epoch: 2, Walltime: 1.933186 CPU time: 10.834526
2026-07-26 15:18:51,615 - Evaluate - INFO - ASR Module... Epoch: 2, RSS: 5.64 GB
2026-07-26 15:18:51,615 - Evaluate - INFO - ASR... Epoch: 2, Walltime: 1.413695 CPU time: 7.748819
2026-07-26 15:18:52,953 - Evaluate - INFO - ASR Module... Epoch: 2, RSS: 5.64 GB
2026-07-26 15:18:52,954 - Evaluate - INFO - ASR... Epoch: 2, Walltime: 1.335283 CPU time: 7.675371
2026-07-26 15:18:54,420 - Evaluate - INFO - ASR Module... Epoch: 2, RSS: 5.64 GB
2026-07-26 15:18:54,422 - Evaluate - INFO - ASR... Epoch: 2, Walltime: 1.463304 CPU time: 8.458585
2026-07-26 15:18:55,834 - Evaluate - INFO - ASR Module... Epoch: 2, RSS: 5.64 GB
2026-07-26 15:18:55,835 - Evaluate - INFO - ASR... Epoch: 2, Walltime: 1.409677 CPU time: 7.882589
2026-07-26 15:18:57,192 - Evaluate - INFO - ASR Module... Epoch: 2, RSS: 5.64 GB
2026-07-26 15:18:57,193 - Evaluate - INFO - ASR... Epoch: 2, Walltime: 1.354587 CPU time: 7.773927
2026-07-26 15:18:58,626 - Evaluate - INFO - ASR Module... Epoch: 2, RSS: 5.64 GB
2026-07-26 15:18:58,627 - Evaluate - INFO - ASR... Epoch: 2, Walltime: 1.430921 CPU time: 8.306941
2026-07-26 15:19:00,218 - Evaluate - INFO - ASR Module... Epoch: 2, RSS: 5.64 GB
2026-07-26 15:19:00,219 - Evaluate - INFO - ASR... Epoch: 2, Walltime: 1.587513 CPU time: 9.076372
2026-07-26 15:19:03,216 - Evaluate - INFO - ASR Module... Epoch: 2, RSS: 5.64 GB
2026-07-26 15:19:03,217 - Evaluate - INFO - ASR... Epoch: 2, Walltime: 2.993438 CPU time: 16.665482
2026-07-26 15:19:05,491 - Evaluate - INFO - ASR Module... Epoch: 2, RSS: 5.64 GB
2026-07-26 15:19:05,492 - Evaluate - INFO - ASR... Epoch: 2, Walltime: 2.269856 CPU time: 12.664412
2026-07-26 15:19:07,527 - Evaluate - INFO - ASR Module... Epoch: 2, RSS: 5.64 GB
2026-07-26 15:19:07,528 - Evaluate - INFO - ASR... Epoch: 2, Walltime: 2.031912 CPU time: 10.983345
2026-07-26 15:19:08,492 - Evaluate - INFO - ASR Module... Epoch: 2, RSS: 5.64 GB
2026-07-26 15:19:08,492 - Evaluate - INFO - ASR... Epoch: 2, Walltime: 0.962332 CPU time: 5.625231
2026-07-26 15:19:11,632 - Evaluate - INFO - ASR Module... Epoch: 2, RSS: 5.64 GB
2026-07-26 15:19:11,633 - Evaluate - INFO - ASR... Epoch: 2, Walltime: 3.137124 CPU time: 17.695622
2026-07-26 15:19:13,293 - Evaluate - INFO - ASR Module... Epoch: 2, RSS: 5.64 GB
2026-07-26 15:19:13,297 - Evaluate - INFO - ASR... Epoch: 2, Walltime: 1.657057 CPU time: 9.091596
2026-07-26 15:19:14,364 - Evaluate - INFO - ASR Module... Epoch: 2, RSS: 5.64 GB
2026-07-26 15:19:14,365 - Evaluate - INFO - ASR... Epoch: 2, Walltime: 1.064850 CPU time: 6.236405
2026-07-26 15:19:16,925 - Evaluate - INFO - ASR Module... Epoch: 2, RSS: 5.64 GB
2026-07-26 15:19:16,926 - Evaluate - INFO - ASR... Epoch: 2, Walltime: 2.557485 CPU time: 13.687476
2026-07-26 15:19:19,603 - Evaluate - INFO - ASR Module... Epoch: 2, RSS: 5.64 GB
2026-07-26 15:19:19,604 - Evaluate - INFO - ASR... Epoch: 2, Walltime: 2.673250 CPU time: 14.704452
2026-07-26 15:19:21,238 - Evaluate - INFO - ASR Module... Epoch: 2, RSS: 5.64 GB
2026-07-26 15:19:21,239 - Evaluate - INFO - ASR... Epoch: 2, Walltime: 1.631139 CPU time: 9.175230
2026-07-26 15:19:22,551 - Evaluate - INFO - ASR Module... Epoch: 2, RSS: 5.64 GB
2026-07-26 15:19:22,552 - Evaluate - INFO - ASR... Epoch: 2, Walltime: 1.309349 CPU time: 7.396022
2026-07-26 15:19:25,969 - Evaluate - INFO - ASR Module... Epoch: 2, RSS: 5.64 GB
2026-07-26 15:19:25,969 - Evaluate - INFO - ASR... Epoch: 2, Walltime: 3.413301 CPU time: 17.962530
2026-07-26 15:19:29,373 - Evaluate - INFO - ASR Module... Epoch: 2, RSS: 5.64 GB
2026-07-26 15:19:29,373 - Evaluate - INFO - ASR... Epoch: 2, Walltime: 3.399371 CPU time: 17.475733
2026-07-26 15:19:31,020 - Evaluate - INFO - ASR Module... Epoch: 2, RSS: 5.64 GB
2026-07-26 15:19:31,021 - Evaluate - INFO - ASR... Epoch: 2, Walltime: 1.643637 CPU time: 9.270934
2026-07-26 15:19:32,189 - Evaluate - INFO - ASR Module... Epoch: 2, RSS: 5.64 GB
2026-07-26 15:19:32,190 - Evaluate - INFO - ASR... Epoch: 2, Walltime: 1.165762 CPU time: 6.657684
2026-07-26 15:19:33,729 - Evaluate - INFO - ASR Module... Epoch: 2, RSS: 5.64 GB
2026-07-26 15:19:33,730 - Evaluate - INFO - ASR... Epoch: 2, Walltime: 1.536493 CPU time: 8.430339
2026-07-26 15:19:35,628 - Evaluate - INFO - ASR Module... Epoch: 2, RSS: 5.64 GB
2026-07-26 15:19:35,629 - Evaluate - INFO - ASR... Epoch: 2, Walltime: 1.895448 CPU time: 10.177129
2026-07-26 15:19:37,748 - Evaluate - INFO - ASR Module... Epoch: 2, RSS: 5.64 GB
2026-07-26 15:19:37,749 - Evaluate - INFO - ASR... Epoch: 2, Walltime: 2.116330 CPU time: 11.556617
2026-07-26 15:19:39,721 - Evaluate - INFO - ASR Module... Epoch: 2, RSS: 5.64 GB
2026-07-26 15:19:39,722 - Evaluate - INFO - ASR... Epoch: 2, Walltime: 1.968931 CPU time: 10.682576
2026-07-26 15:19:42,417 - Evaluate - INFO - ASR Module... Epoch: 2, RSS: 5.64 GB
2026-07-26 15:19:42,417 - Evaluate - INFO - ASR... Epoch: 2, Walltime: 2.689541 CPU time: 15.054927
2026-07-26 15:19:44,197 - Evaluate - INFO - ASR Module... Epoch: 2, RSS: 5.64 GB
2026-07-26 15:19:44,198 - Evaluate - INFO - ASR... Epoch: 2, Walltime: 1.776061 CPU time: 10.163749
2026-07-26 15:19:48,225 - Evaluate - INFO - ASR Module... Epoch: 2, RSS: 5.64 GB
2026-07-26 15:19:48,226 - Evaluate - INFO - ASR... Epoch: 2, Walltime: 4.022534 CPU time: 21.487068
2026-07-26 15:19:49,889 - Evaluate - INFO - ASR Module... Epoch: 2, RSS: 5.64 GB
2026-07-26 15:19:49,889 - Evaluate - INFO - ASR... Epoch: 2, Walltime: 1.659168 CPU time: 8.789348
2026-07-26 15:19:51,287 - Evaluate - INFO - ASR Module... Epoch: 2, RSS: 5.64 GB
2026-07-26 15:19:51,288 - Evaluate - INFO - ASR... Epoch: 2, Walltime: 1.396360 CPU time: 7.474862
2026-07-26 15:19:53,066 - Evaluate - INFO - ASR Module... Epoch: 2, RSS: 5.64 GB
2026-07-26 15:19:53,067 - Evaluate - INFO - ASR... Epoch: 2, Walltime: 1.773355 CPU time: 9.959654
2026-07-26 15:19:55,571 - Evaluate - INFO - ASR Module... Epoch: 2, RSS: 5.64 GB
2026-07-26 15:19:55,572 - Evaluate - INFO - ASR... Epoch: 2, Walltime: 2.500781 CPU time: 13.726865
2026-07-26 15:19:57,869 - Evaluate - INFO - ASR Module... Epoch: 2, RSS: 5.64 GB
2026-07-26 15:19:57,870 - Evaluate - INFO - ASR... Epoch: 2, Walltime: 2.293011 CPU time: 12.865733
2026-07-26 15:20:01,337 - Evaluate - INFO - ASR Module... Epoch: 2, RSS: 5.64 GB
2026-07-26 15:20:01,338 - Evaluate - INFO - ASR... Epoch: 2, Walltime: 3.462683 CPU time: 18.873059
2026-07-26 15:20:03,273 - Evaluate - INFO - ASR Module... Epoch: 2, RSS: 5.64 GB
2026-07-26 15:20:03,273 - Evaluate - INFO - ASR... Epoch: 2, Walltime: 1.930797 CPU time: 10.741374
2026-07-26 15:20:05,442 - Evaluate - INFO - ASR Module... Epoch: 2, RSS: 5.64 GB
2026-07-26 15:20:05,442 - Evaluate - INFO - ASR... Epoch: 2, Walltime: 2.165158 CPU time: 11.531423
2026-07-26 15:20:07,481 - Evaluate - INFO - ASR Module... Epoch: 2, RSS: 5.64 GB
2026-07-26 15:20:07,481 - Evaluate - INFO - ASR... Epoch: 2, Walltime: 2.035082 CPU time: 11.271395
2026-07-26 15:20:11,239 - Evaluate - INFO - ASR Module... Epoch: 2, RSS: 5.64 GB
2026-07-26 15:20:11,240 - Evaluate - INFO - ASR... Epoch: 2, Walltime: 3.753162 CPU time: 20.392876
2026-07-26 15:20:13,591 - Evaluate - INFO - ASR Module... Epoch: 2, RSS: 5.64 GB
2026-07-26 15:20:13,591 - Evaluate - INFO - ASR... Epoch: 2, Walltime: 2.346764 CPU time: 12.679434
2026-07-26 15:20:16,681 - Evaluate - INFO - ASR Module... Epoch: 2, RSS: 5.64 GB
2026-07-26 15:20:16,682 - Evaluate - INFO - ASR... Epoch: 2, Walltime: 3.085888 CPU time: 17.107446
2026-07-26 15:20:18,932 - Evaluate - INFO - ASR Module... Epoch: 2, RSS: 5.64 GB
2026-07-26 15:20:18,933 - Evaluate - INFO - ASR... Epoch: 2, Walltime: 2.246207 CPU time: 12.101029
2026-07-26 15:20:22,571 - Evaluate - INFO - ASR Module... Epoch: 2, RSS: 5.64 GB
2026-07-26 15:20:22,572 - Evaluate - INFO - ASR... Epoch: 2, Walltime: 3.633638 CPU time: 20.322455
2026-07-26 15:20:24,691 - Evaluate - INFO - ASR Module... Epoch: 2, RSS: 5.64 GB
2026-07-26 15:20:24,692 - Evaluate - INFO - ASR... Epoch: 2, Walltime: 2.115375 CPU time: 11.842059
2026-07-26 15:20:28,684 - Evaluate - INFO - ASR Module... Epoch: 2, RSS: 5.64 GB
2026-07-26 15:20:28,685 - Evaluate - INFO - ASR... Epoch: 2, Walltime: 3.986845 CPU time: 21.663938
2026-07-26 15:20:31,075 - Evaluate - INFO - ASR Module... Epoch: 2, RSS: 5.64 GB
2026-07-26 15:20:31,076 - Evaluate - INFO - ASR... Epoch: 2, Walltime: 2.385156 CPU time: 13.206115
2026-07-26 15:20:34,171 - Evaluate - INFO - ASR Module... Epoch: 2, RSS: 5.64 GB
2026-07-26 15:20:34,172 - Evaluate - INFO - ASR... Epoch: 2, Walltime: 3.089836 CPU time: 17.210564
2026-07-26 15:20:37,553 - Evaluate - INFO - ASR Module... Epoch: 2, RSS: 5.64 GB
2026-07-26 15:20:37,553 - Evaluate - INFO - ASR... Epoch: 2, Walltime: 3.375578 CPU time: 18.419732
2026-07-26 15:20:39,376 - Evaluate - INFO - ASR Module... Epoch: 2, RSS: 5.64 GB
2026-07-26 15:20:39,377 - Evaluate - INFO - ASR... Epoch: 2, Walltime: 1.819510 CPU time: 9.808926
2026-07-26 15:20:41,788 - Evaluate - INFO - ASR Module... Epoch: 2, RSS: 5.64 GB
2026-07-26 15:20:41,789 - Evaluate - INFO - ASR... Epoch: 2, Walltime: 2.407267 CPU time: 13.131465
2026-07-26 15:20:44,227 - Evaluate - INFO - ASR Module... Epoch: 2, RSS: 5.64 GB
2026-07-26 15:20:44,227 - Evaluate - INFO - ASR... Epoch: 2, Walltime: 2.433945 CPU time: 13.803412
2026-07-26 15:20:47,729 - Evaluate - INFO - ASR Module... Epoch: 2, RSS: 5.64 GB
2026-07-26 15:20:47,730 - Evaluate - INFO - ASR... Epoch: 2, Walltime: 3.496763 CPU time: 18.711735
2026-07-26 15:20:50,697 - Evaluate - INFO - ASR Module... Epoch: 2, RSS: 5.64 GB
2026-07-26 15:20:50,697 - Evaluate - INFO - ASR... Epoch: 2, Walltime: 2.961628 CPU time: 16.104605
2026-07-26 15:20:53,892 - Evaluate - INFO - ASR Module... Epoch: 2, RSS: 5.64 GB
2026-07-26 15:20:53,893 - Evaluate - INFO - ASR... Epoch: 2, Walltime: 3.190147 CPU time: 17.999304
2026-07-26 15:20:57,505 - Evaluate - INFO - ASR Module... Epoch: 2, RSS: 5.64 GB
2026-07-26 15:20:57,506 - Evaluate - INFO - ASR... Epoch: 2, Walltime: 3.606257 CPU time: 19.514266
2026-07-26 15:21:00,528 - Evaluate - INFO - ASR Module... Epoch: 2, RSS: 5.64 GB
2026-07-26 15:21:00,529 - Evaluate - INFO - ASR... Epoch: 2, Walltime: 3.017577 CPU time: 16.513243
2026-07-26 15:21:02,878 - Evaluate - INFO - ASR Module... Epoch: 2, RSS: 5.64 GB
2026-07-26 15:21:02,878 - Evaluate - INFO - ASR... Epoch: 2, Walltime: 2.344714 CPU time: 12.973884
2026-07-26 15:21:04,525 - Evaluate - INFO - ASR Module... Epoch: 2, RSS: 5.64 GB
2026-07-26 15:21:04,525 - Evaluate - INFO - ASR... Epoch: 2, Walltime: 1.643584 CPU time: 8.874567
2026-07-26 15:21:07,027 - Evaluate - INFO - ASR Module... Epoch: 2, RSS: 5.64 GB
2026-07-26 15:21:07,028 - Evaluate - INFO - ASR... Epoch: 2, Walltime: 2.498238 CPU time: 13.811151
2026-07-26 15:21:08,196 - Evaluate - INFO - ASR Module... Epoch: 2, RSS: 5.64 GB
2026-07-26 15:21:08,197 - Evaluate - INFO - ASR... Epoch: 2, Walltime: 1.166134 CPU time: 6.314544
2026-07-26 15:21:09,579 - Evaluate - INFO - ASR Module... Epoch: 2, RSS: 5.64 GB
2026-07-26 15:21:09,579 - Evaluate - INFO - ASR... Epoch: 2, Walltime: 1.379953 CPU time: 7.529723
2026-07-26 15:21:11,433 - Evaluate - INFO - ASR Module... Epoch: 2, RSS: 5.64 GB
2026-07-26 15:21:11,434 - Evaluate - INFO - ASR... Epoch: 2, Walltime: 1.851212 CPU time: 10.755785
2026-07-26 15:21:13,471 - Evaluate - INFO - ASR Module... Epoch: 2, RSS: 5.64 GB
2026-07-26 15:21:13,472 - Evaluate - INFO - ASR... Epoch: 2, Walltime: 2.034145 CPU time: 11.743015
2026-07-26 15:21:15,327 - Evaluate - INFO - ASR Module... Epoch: 2, RSS: 5.64 GB
2026-07-26 15:21:15,328 - Evaluate - INFO - ASR... Epoch: 2, Walltime: 1.851372 CPU time: 10.799431
2026-07-26 15:21:17,618 - Evaluate - INFO - ASR Module... Epoch: 2, RSS: 5.64 GB
2026-07-26 15:21:17,619 - Evaluate - INFO - ASR... Epoch: 2, Walltime: 2.287273 CPU time: 12.888644
2026-07-26 15:21:18,900 - Evaluate - INFO - ASR Module... Epoch: 2, RSS: 5.64 GB
2026-07-26 15:21:18,901 - Evaluate - INFO - ASR... Epoch: 2, Walltime: 1.278125 CPU time: 6.989238
2026-07-26 15:21:20,510 - Evaluate - INFO - ASR Module... Epoch: 2, RSS: 5.64 GB
2026-07-26 15:21:20,511 - Evaluate - INFO - ASR... Epoch: 2, Walltime: 1.606041 CPU time: 9.354545
2026-07-26 15:21:21,729 - Evaluate - INFO - ASR Module... Epoch: 2, RSS: 5.64 GB
2026-07-26 15:21:21,729 - Evaluate - INFO - ASR... Epoch: 2, Walltime: 1.216126 CPU time: 7.004998
2026-07-26 15:21:22,983 - Evaluate - INFO - ASR Module... Epoch: 2, RSS: 5.64 GB
2026-07-26 15:21:22,984 - Evaluate - INFO - ASR... Epoch: 2, Walltime: 1.251956 CPU time: 6.676250
2026-07-26 15:21:24,647 - Evaluate - INFO - ASR Module... Epoch: 2, RSS: 5.64 GB
2026-07-26 15:21:24,648 - Evaluate - INFO - ASR... Epoch: 2, Walltime: 1.660720 CPU time: 9.342568
2026-07-26 15:21:25,921 - Evaluate - INFO - ASR Module... Epoch: 2, RSS: 5.64 GB
2026-07-26 15:21:25,922 - Evaluate - INFO - ASR... Epoch: 2, Walltime: 1.271048 CPU time: 7.237670
2026-07-26 15:21:27,588 - Evaluate - INFO - ASR Module... Epoch: 2, RSS: 5.64 GB
2026-07-26 15:21:27,589 - Evaluate - INFO - ASR... Epoch: 2, Walltime: 1.659655 CPU time: 9.110009
2026-07-26 15:21:29,059 - Evaluate - INFO - ASR Module... Epoch: 2, RSS: 5.64 GB
2026-07-26 15:21:29,060 - Evaluate - INFO - ASR... Epoch: 2, Walltime: 1.467401 CPU time: 8.501948
2026-07-26 15:21:30,559 - Evaluate - INFO - ASR Module... Epoch: 2, RSS: 5.64 GB
2026-07-26 15:21:30,560 - Evaluate - INFO - ASR... Epoch: 2, Walltime: 1.496442 CPU time: 8.413725
2026-07-26 15:21:32,269 - Evaluate - INFO - ASR Module... Epoch: 2, RSS: 5.64 GB
2026-07-26 15:21:32,270 - Evaluate - INFO - ASR... Epoch: 2, Walltime: 1.706920 CPU time: 9.819642
2026-07-26 15:21:34,039 - Evaluate - INFO - ASR Module... Epoch: 2, RSS: 5.64 GB
2026-07-26 15:21:34,039 - Evaluate - INFO - ASR... Epoch: 2, Walltime: 1.764569 CPU time: 10.242067
2026-07-26 15:21:35,368 - Evaluate - INFO - ASR Module... Epoch: 2, RSS: 5.64 GB
2026-07-26 15:21:35,369 - Evaluate - INFO - ASR... Epoch: 2, Walltime: 1.326480 CPU time: 7.667504
2026-07-26 15:21:36,750 - Evaluate - INFO - ASR Module... Epoch: 2, RSS: 5.64 GB
2026-07-26 15:21:36,751 - Evaluate - INFO - ASR... Epoch: 2, Walltime: 1.378128 CPU time: 7.805872
2026-07-26 15:21:38,083 - Evaluate - INFO - ASR Module... Epoch: 2, RSS: 5.64 GB
2026-07-26 15:21:38,083 - Evaluate - INFO - ASR... Epoch: 2, Walltime: 1.328976 CPU time: 7.715745
2026-07-26 15:21:39,762 - Evaluate - INFO - ASR Module... Epoch: 2, RSS: 5.64 GB
2026-07-26 15:21:39,763 - Evaluate - INFO - ASR... Epoch: 2, Walltime: 1.676079 CPU time: 9.689159
2026-07-26 15:21:41,707 - Evaluate - INFO - ASR Module... Epoch: 2, RSS: 5.64 GB
2026-07-26 15:21:41,707 - Evaluate - INFO - ASR... Epoch: 2, Walltime: 1.941019 CPU time: 11.071182
2026-07-26 15:21:43,409 - Evaluate - INFO - ASR Module... Epoch: 2, RSS: 5.64 GB
2026-07-26 15:21:43,410 - Evaluate - INFO - ASR... Epoch: 2, Walltime: 1.699187 CPU time: 9.865290
2026-07-26 15:21:45,010 - Evaluate - INFO - ASR Module... Epoch: 2, RSS: 5.64 GB
2026-07-26 15:21:45,011 - Evaluate - INFO - ASR... Epoch: 2, Walltime: 1.597720 CPU time: 9.166178
2026-07-26 15:21:46,997 - Evaluate - INFO - ASR Module... Epoch: 2, RSS: 5.64 GB
2026-07-26 15:21:46,998 - Evaluate - INFO - ASR... Epoch: 2, Walltime: 1.982827 CPU time: 11.567645
2026-07-26 15:21:48,289 - Evaluate - INFO - ASR Module... Epoch: 2, RSS: 5.64 GB
2026-07-26 15:21:48,289 - Evaluate - INFO - ASR... Epoch: 2, Walltime: 1.288680 CPU time: 7.505268
2026-07-26 15:21:50,128 - Evaluate - INFO - ASR Module... Epoch: 2, RSS: 5.64 GB
2026-07-26 15:21:50,129 - Evaluate - INFO - ASR... Epoch: 2, Walltime: 1.835860 CPU time: 10.221479
2026-07-26 15:21:51,752 - Evaluate - INFO - ASR Module... Epoch: 2, RSS: 5.64 GB
2026-07-26 15:21:51,753 - Evaluate - INFO - ASR... Epoch: 2, Walltime: 1.620279 CPU time: 9.411145
2026-07-26 15:21:53,745 - Evaluate - INFO - ASR Module... Epoch: 2, RSS: 5.64 GB
2026-07-26 15:21:53,746 - Evaluate - INFO - ASR... Epoch: 2, Walltime: 1.989242 CPU time: 11.505999
2026-07-26 15:21:55,573 - Evaluate - INFO - ASR Module... Epoch: 2, RSS: 5.64 GB
2026-07-26 15:21:55,574 - Evaluate - INFO - ASR... Epoch: 2, Walltime: 1.824971 CPU time: 10.214110
2026-07-26 15:21:57,032 - Evaluate - INFO - ASR Module... Epoch: 2, RSS: 5.64 GB
2026-07-26 15:21:57,033 - Evaluate - INFO - ASR... Epoch: 2, Walltime: 1.455135 CPU time: 8.504213
2026-07-26 15:21:58,914 - Evaluate - INFO - ASR Module... Epoch: 2, RSS: 5.64 GB
2026-07-26 15:21:58,915 - Evaluate - INFO - ASR... Epoch: 2, Walltime: 1.876759 CPU time: 10.782492
2026-07-26 15:22:00,239 - Evaluate - INFO - ASR Module... Epoch: 2, RSS: 5.64 GB
2026-07-26 15:22:00,239 - Evaluate - INFO - ASR... Epoch: 2, Walltime: 1.320431 CPU time: 7.505274
2026-07-26 15:22:01,809 - Evaluate - INFO - ASR Module... Epoch: 2, RSS: 5.64 GB
2026-07-26 15:22:01,810 - Evaluate - INFO - ASR... Epoch: 2, Walltime: 1.566272 CPU time: 9.228531
2026-07-26 15:22:05,476 - Evaluate - INFO - ASR Module... Epoch: 2, RSS: 5.64 GB
2026-07-26 15:22:05,476 - Evaluate - INFO - ASR... Epoch: 2, Walltime: 3.661074 CPU time: 20.892002
2026-07-26 15:22:08,210 - Evaluate - INFO - ASR Module... Epoch: 2, RSS: 5.64 GB
2026-07-26 15:22:08,211 - Evaluate - INFO - ASR... Epoch: 2, Walltime: 2.728999 CPU time: 15.526250
2026-07-26 15:22:09,762 - Evaluate - INFO - ASR Module... Epoch: 2, RSS: 5.64 GB
2026-07-26 15:22:09,763 - Evaluate - INFO - ASR... Epoch: 2, Walltime: 1.548612 CPU time: 9.143196
2026-07-26 15:22:11,477 - Evaluate - INFO - ASR Module... Epoch: 2, RSS: 5.64 GB
2026-07-26 15:22:11,478 - Evaluate - INFO - ASR... Epoch: 2, Walltime: 1.711117 CPU time: 10.075012
2026-07-26 15:22:13,532 - Evaluate - INFO - ASR Module... Epoch: 2, RSS: 5.64 GB
2026-07-26 15:22:13,532 - Evaluate - INFO - ASR... Epoch: 2, Walltime: 2.050351 CPU time: 11.978638
2026-07-26 15:22:15,808 - Evaluate - INFO - ASR Module... Epoch: 2, RSS: 5.64 GB
2026-07-26 15:22:15,809 - Evaluate - INFO - ASR... Epoch: 2, Walltime: 2.272283 CPU time: 13.027104
2026-07-26 15:22:18,464 - Evaluate - INFO - ASR Module... Epoch: 2, RSS: 5.64 GB
2026-07-26 15:22:18,465 - Evaluate - INFO - ASR... Epoch: 2, Walltime: 2.651091 CPU time: 15.261360
2026-07-26 15:22:19,928 - Evaluate - INFO - ASR Module... Epoch: 2, RSS: 5.64 GB
2026-07-26 15:22:19,929 - Evaluate - INFO - ASR... Epoch: 2, Walltime: 1.460427 CPU time: 8.289847
2026-07-26 15:22:22,693 - Evaluate - INFO - ASR Module... Epoch: 2, RSS: 5.64 GB
2026-07-26 15:22:22,693 - Evaluate - INFO - ASR... Epoch: 2, Walltime: 2.758783 CPU time: 16.025073
2026-07-26 15:22:24,389 - Evaluate - INFO - ASR Module... Epoch: 2, RSS: 5.64 GB
2026-07-26 15:22:24,389 - Evaluate - INFO - ASR... Epoch: 2, Walltime: 1.691544 CPU time: 9.488969
2026-07-26 15:22:27,009 - Evaluate - INFO - ASR Module... Epoch: 2, RSS: 5.64 GB
2026-07-26 15:22:27,010 - Evaluate - INFO - ASR... Epoch: 2, Walltime: 2.615345 CPU time: 15.206015
2026-07-26 15:22:29,440 - Evaluate - INFO - ASR Module... Epoch: 2, RSS: 5.64 GB
2026-07-26 15:22:29,441 - Evaluate - INFO - ASR... Epoch: 2, Walltime: 2.426422 CPU time: 13.961235
2026-07-26 15:22:31,869 - Evaluate - INFO - ASR Module... Epoch: 2, RSS: 5.64 GB
2026-07-26 15:22:31,869 - Evaluate - INFO - ASR... Epoch: 2, Walltime: 2.422491 CPU time: 14.186170
2026-07-26 15:22:33,809 - Evaluate - INFO - ASR Module... Epoch: 2, RSS: 5.64 GB
2026-07-26 15:22:33,810 - Evaluate - INFO - ASR... Epoch: 2, Walltime: 1.936025 CPU time: 11.238035
2026-07-26 15:22:35,511 - Evaluate - INFO - ASR Module... Epoch: 2, RSS: 5.64 GB
2026-07-26 15:22:35,512 - Evaluate - INFO - ASR... Epoch: 2, Walltime: 1.698013 CPU time: 9.935747
2026-07-26 15:22:37,824 - Evaluate - INFO - ASR Module... Epoch: 2, RSS: 5.64 GB
2026-07-26 15:22:37,825 - Evaluate - INFO - ASR... Epoch: 2, Walltime: 2.308704 CPU time: 13.273630
2026-07-26 15:22:39,101 - Evaluate - INFO - ASR Module... Epoch: 2, RSS: 5.64 GB
2026-07-26 15:22:39,102 - Evaluate - INFO - ASR... Epoch: 2, Walltime: 1.274004 CPU time: 7.592266
2026-07-26 15:22:41,869 - Evaluate - INFO - ASR Module... Epoch: 2, RSS: 5.64 GB
2026-07-26 15:22:41,870 - Evaluate - INFO - ASR... Epoch: 2, Walltime: 2.763007 CPU time: 15.685309
2026-07-26 15:22:44,037 - Evaluate - INFO - ASR Module... Epoch: 2, RSS: 5.64 GB
2026-07-26 15:22:44,038 - Evaluate - INFO - ASR... Epoch: 2, Walltime: 2.163602 CPU time: 12.298922
2026-07-26 15:22:45,803 - Evaluate - INFO - ASR Module... Epoch: 2, RSS: 5.64 GB
2026-07-26 15:22:45,804 - Evaluate - INFO - ASR... Epoch: 2, Walltime: 1.761711 CPU time: 10.059515
2026-07-26 15:22:48,964 - Evaluate - INFO - ASR Module... Epoch: 2, RSS: 5.64 GB
2026-07-26 15:22:48,965 - Evaluate - INFO - ASR... Epoch: 2, Walltime: 3.156452 CPU time: 18.130446
2026-07-26 15:22:51,834 - Evaluate - INFO - ASR Module... Epoch: 2, RSS: 5.64 GB
2026-07-26 15:22:51,835 - Evaluate - INFO - ASR... Epoch: 2, Walltime: 2.864992 CPU time: 16.360061
2026-07-26 15:22:53,951 - Evaluate - INFO - ASR Module... Epoch: 2, RSS: 5.64 GB
2026-07-26 15:22:53,952 - Evaluate - INFO - ASR... Epoch: 2, Walltime: 2.113772 CPU time: 12.388853
2026-07-26 15:22:56,102 - Evaluate - INFO - ASR Module... Epoch: 2, RSS: 5.64 GB
2026-07-26 15:22:56,102 - Evaluate - INFO - ASR... Epoch: 2, Walltime: 2.147450 CPU time: 12.148291
2026-07-26 15:22:59,846 - Evaluate - INFO - ASR Module... Epoch: 2, RSS: 5.64 GB
2026-07-26 15:22:59,847 - Evaluate - INFO - ASR... Epoch: 2, Walltime: 3.739818 CPU time: 20.810973
2026-07-26 15:23:01,358 - Evaluate - INFO - ASR Module... Epoch: 2, RSS: 5.64 GB
2026-07-26 15:23:01,359 - Evaluate - INFO - ASR... Epoch: 2, Walltime: 1.508040 CPU time: 8.854414
2026-07-26 15:23:03,940 - Evaluate - INFO - ASR Module... Epoch: 2, RSS: 5.64 GB
2026-07-26 15:23:03,940 - Evaluate - INFO - ASR... Epoch: 2, Walltime: 2.577137 CPU time: 14.506411
2026-07-26 15:23:06,824 - Evaluate - INFO - ASR Module... Epoch: 2, RSS: 5.64 GB
2026-07-26 15:23:06,825 - Evaluate - INFO - ASR... Epoch: 2, Walltime: 2.879522 CPU time: 16.324393
2026-07-26 15:23:09,305 - Evaluate - INFO - ASR Module... Epoch: 2, RSS: 5.64 GB
2026-07-26 15:23:09,306 - Evaluate - INFO - ASR... Epoch: 2, Walltime: 2.475175 CPU time: 13.648245
2026-07-26 15:23:11,372 - Evaluate - INFO - ASR Module... Epoch: 2, RSS: 5.64 GB
2026-07-26 15:23:11,372 - Evaluate - INFO - ASR... Epoch: 2, Walltime: 2.061756 CPU time: 11.947037
2026-07-26 15:23:15,171 - Evaluate - INFO - ASR Module... Epoch: 2, RSS: 5.64 GB
2026-07-26 15:23:15,172 - Evaluate - INFO - ASR... Epoch: 2, Walltime: 3.788988 CPU time: 21.283808
2026-07-26 15:23:17,908 - Evaluate - INFO - ASR Module... Epoch: 2, RSS: 5.64 GB
2026-07-26 15:23:17,909 - Evaluate - INFO - ASR... Epoch: 2, Walltime: 2.731500 CPU time: 14.956567
2026-07-26 15:23:21,043 - Evaluate - INFO - ASR Module... Epoch: 2, RSS: 5.64 GB
2026-07-26 15:23:21,043 - Evaluate - INFO - ASR... Epoch: 2, Walltime: 3.128945 CPU time: 17.317371
2026-07-26 15:23:22,729 - Evaluate - INFO - ASR Module... Epoch: 2, RSS: 5.64 GB
2026-07-26 15:23:22,730 - Evaluate - INFO - ASR... Epoch: 2, Walltime: 1.682332 CPU time: 9.701200
2026-07-26 15:23:25,017 - Evaluate - INFO - ASR Module... Epoch: 2, RSS: 5.64 GB
2026-07-26 15:23:25,017 - Evaluate - INFO - ASR... Epoch: 2, Walltime: 2.282840 CPU time: 12.913255
2026-07-26 15:23:27,215 - Evaluate - INFO - ASR Module... Epoch: 2, RSS: 5.64 GB
2026-07-26 15:23:27,215 - Evaluate - INFO - ASR... Epoch: 2, Walltime: 2.193317 CPU time: 12.331771
2026-07-26 15:23:30,932 - Evaluate - INFO - ASR Module... Epoch: 2, RSS: 5.64 GB
2026-07-26 15:23:30,933 - Evaluate - INFO - ASR... Epoch: 2, Walltime: 3.711480 CPU time: 20.329043
2026-07-26 15:23:33,817 - Evaluate - INFO - ASR Module... Epoch: 2, RSS: 5.64 GB
2026-07-26 15:23:33,818 - Evaluate - INFO - ASR... Epoch: 2, Walltime: 2.880295 CPU time: 16.167142
2026-07-26 15:23:36,139 - Evaluate - INFO - ASR Module... Epoch: 2, RSS: 5.64 GB
2026-07-26 15:23:36,140 - Evaluate - INFO - ASR... Epoch: 2, Walltime: 2.317117 CPU time: 13.096191
2026-07-26 15:23:41,368 - Evaluate - INFO - ASR Module... Epoch: 2, RSS: 5.64 GB
2026-07-26 15:23:41,369 - Evaluate - INFO - ASR... Epoch: 2, Walltime: 5.222283 CPU time: 28.478647
2026-07-26 15:23:46,189 - Evaluate - INFO - ASR Module... Epoch: 2, RSS: 5.64 GB
2026-07-26 15:23:46,190 - Evaluate - INFO - ASR... Epoch: 2, Walltime: 4.813009 CPU time: 25.985667
2026-07-26 15:23:51,478 - Evaluate - INFO - ASR Module... Epoch: 2, RSS: 5.64 GB
2026-07-26 15:23:51,479 - Evaluate - INFO - ASR... Epoch: 2, Walltime: 5.280981 CPU time: 28.713291
2026-07-26 15:23:55,105 - Evaluate - INFO - ASR Module... Epoch: 2, RSS: 5.64 GB
2026-07-26 15:23:55,105 - Evaluate - INFO - ASR... Epoch: 2, Walltime: 3.620930 CPU time: 19.899635
2026-07-26 15:24:00,604 - Evaluate - INFO - ASR Module... Epoch: 2, RSS: 5.64 GB
2026-07-26 15:24:00,605 - Evaluate - INFO - ASR... Epoch: 2, Walltime: 5.492635 CPU time: 29.996084
2026-07-26 15:24:04,552 - Evaluate - INFO - ASR Module... Epoch: 2, RSS: 5.64 GB
2026-07-26 15:24:04,552 - Evaluate - INFO - ASR... Epoch: 2, Walltime: 3.940099 CPU time: 21.912207
2026-07-26 15:24:08,122 - Evaluate - INFO - ASR Module... Epoch: 2, RSS: 5.64 GB
2026-07-26 15:24:08,123 - Evaluate - INFO - ASR... Epoch: 2, Walltime: 3.563351 CPU time: 19.632157
2026-07-26 15:24:09,299 - Evaluate - INFO - ASR Module... Epoch: 2, RSS: 5.64 GB
2026-07-26 15:24:09,300 - Evaluate - INFO - ASR... Epoch: 2, Walltime: 1.173086 CPU time: 6.960499
2026-07-26 15:24:11,543 - Evaluate - INFO - ASR Module... Epoch: 2, RSS: 5.64 GB
2026-07-26 15:24:11,543 - Evaluate - INFO - ASR... Epoch: 2, Walltime: 2.238485 CPU time: 12.860071
2026-07-26 15:24:13,322 - Evaluate - INFO - ASR Module... Epoch: 2, RSS: 5.64 GB
2026-07-26 15:24:13,323 - Evaluate - INFO - ASR... Epoch: 2, Walltime: 1.774320 CPU time: 9.983005
2026-07-26 15:24:15,105 - Evaluate - INFO - ASR Module... Epoch: 2, RSS: 5.64 GB
2026-07-26 15:24:15,106 - Evaluate - INFO - ASR... Epoch: 2, Walltime: 1.779191 CPU time: 10.084249
2026-07-26 15:24:16,496 - Evaluate - INFO - ASR Module... Epoch: 2, RSS: 5.64 GB
2026-07-26 15:24:16,497 - Evaluate - INFO - ASR... Epoch: 2, Walltime: 1.387342 CPU time: 7.987543
2026-07-26 15:24:17,943 - Evaluate - INFO - ASR Module... Epoch: 2, RSS: 5.64 GB
2026-07-26 15:24:17,943 - Evaluate - INFO - ASR... Epoch: 2, Walltime: 1.443386 CPU time: 8.201718
2026-07-26 15:24:19,742 - Evaluate - INFO - ASR Module... Epoch: 2, RSS: 5.64 GB
2026-07-26 15:24:19,743 - Evaluate - INFO - ASR... Epoch: 2, Walltime: 1.796401 CPU time: 10.048944
2026-07-26 15:24:21,770 - Evaluate - INFO - ASR Module... Epoch: 2, RSS: 5.64 GB
2026-07-26 15:24:21,770 - Evaluate - INFO - ASR... Epoch: 2, Walltime: 2.023006 CPU time: 11.691295
2026-07-26 15:24:23,342 - Evaluate - INFO - ASR Module... Epoch: 2, RSS: 5.64 GB
2026-07-26 15:24:23,342 - Evaluate - INFO - ASR... Epoch: 2, Walltime: 1.568192 CPU time: 9.231920
2026-07-26 15:24:24,991 - Evaluate - INFO - ASR Module... Epoch: 2, RSS: 5.64 GB
2026-07-26 15:24:24,992 - Evaluate - INFO - ASR... Epoch: 2, Walltime: 1.646034 CPU time: 9.154482
2026-07-26 15:24:26,684 - Evaluate - INFO - ASR Module... Epoch: 2, RSS: 5.64 GB
2026-07-26 15:24:26,685 - Evaluate - INFO - ASR... Epoch: 2, Walltime: 1.689529 CPU time: 9.549253
2026-07-26 15:24:27,959 - Evaluate - INFO - ASR Module... Epoch: 2, RSS: 5.64 GB
2026-07-26 15:24:27,960 - Evaluate - INFO - ASR... Epoch: 2, Walltime: 1.272309 CPU time: 7.377404
2026-07-26 15:24:30,001 - Evaluate - INFO - ASR Module... Epoch: 2, RSS: 5.64 GB
2026-07-26 15:24:30,002 - Evaluate - INFO - ASR... Epoch: 2, Walltime: 2.038662 CPU time: 10.947977
2026-07-26 15:24:31,874 - Evaluate - INFO - ASR Module... Epoch: 2, RSS: 5.64 GB
2026-07-26 15:24:31,875 - Evaluate - INFO - ASR... Epoch: 2, Walltime: 1.869767 CPU time: 10.184042
2026-07-26 15:24:34,180 - Evaluate - INFO - ASR Module... Epoch: 2, RSS: 5.64 GB
2026-07-26 15:24:34,180 - Evaluate - INFO - ASR... Epoch: 2, Walltime: 2.301630 CPU time: 12.765027
2026-07-26 15:24:36,069 - Evaluate - INFO - ASR Module... Epoch: 2, RSS: 5.64 GB
2026-07-26 15:24:36,069 - Evaluate - INFO - ASR... Epoch: 2, Walltime: 1.885461 CPU time: 10.690532
2026-07-26 15:24:37,862 - Evaluate - INFO - ASR Module... Epoch: 2, RSS: 5.64 GB
2026-07-26 15:24:37,863 - Evaluate - INFO - ASR... Epoch: 2, Walltime: 1.789350 CPU time: 10.068130
2026-07-26 15:24:39,483 - Evaluate - INFO - ASR Module... Epoch: 2, RSS: 5.64 GB
2026-07-26 15:24:39,484 - Evaluate - INFO - ASR... Epoch: 2, Walltime: 1.617705 CPU time: 9.065668
2026-07-26 15:24:41,697 - Evaluate - INFO - ASR Module... Epoch: 2, RSS: 5.64 GB
2026-07-26 15:24:41,698 - Evaluate - INFO - ASR... Epoch: 2, Walltime: 2.210327 CPU time: 12.428219
2026-07-26 15:24:43,109 - Evaluate - INFO - ASR Module... Epoch: 2, RSS: 5.64 GB
2026-07-26 15:24:43,110 - Evaluate - INFO - ASR... Epoch: 2, Walltime: 1.409266 CPU time: 8.222716
2026-07-26 15:24:44,650 - Evaluate - INFO - ASR Module... Epoch: 2, RSS: 5.64 GB
2026-07-26 15:24:44,651 - Evaluate - INFO - ASR... Epoch: 2, Walltime: 1.537955 CPU time: 8.650033
2026-07-26 15:24:46,310 - Evaluate - INFO - ASR Module... Epoch: 2, RSS: 5.64 GB
2026-07-26 15:24:46,311 - Evaluate - INFO - ASR... Epoch: 2, Walltime: 1.655393 CPU time: 9.509992
2026-07-26 15:24:48,469 - Evaluate - INFO - ASR Module... Epoch: 2, RSS: 5.64 GB
2026-07-26 15:24:48,471 - Evaluate - INFO - ASR... Epoch: 2, Walltime: 2.154867 CPU time: 12.356586
2026-07-26 15:24:50,599 - Evaluate - INFO - ASR Module... Epoch: 2, RSS: 5.64 GB
2026-07-26 15:24:50,600 - Evaluate - INFO - ASR... Epoch: 2, Walltime: 2.122040 CPU time: 11.839664
2026-07-26 15:24:52,327 - Evaluate - INFO - ASR Module... Epoch: 2, RSS: 5.64 GB
2026-07-26 15:24:52,328 - Evaluate - INFO - ASR... Epoch: 2, Walltime: 1.724255 CPU time: 9.568800
2026-07-26 15:24:53,952 - Evaluate - INFO - ASR Module... Epoch: 2, RSS: 5.64 GB
2026-07-26 15:24:53,953 - Evaluate - INFO - ASR... Epoch: 2, Walltime: 1.620923 CPU time: 9.254387
2026-07-26 15:24:55,719 - Evaluate - INFO - ASR Module... Epoch: 2, RSS: 5.64 GB
2026-07-26 15:24:55,719 - Evaluate - INFO - ASR... Epoch: 2, Walltime: 1.762982 CPU time: 10.240330
2026-07-26 15:24:56,997 - Evaluate - INFO - ASR Module... Epoch: 2, RSS: 5.64 GB
2026-07-26 15:24:56,997 - Evaluate - INFO - ASR... Epoch: 2, Walltime: 1.274318 CPU time: 7.320927
2026-07-26 15:24:58,779 - Evaluate - INFO - ASR Module... Epoch: 2, RSS: 5.64 GB
2026-07-26 15:24:58,780 - Evaluate - INFO - ASR... Epoch: 2, Walltime: 1.779208 CPU time: 10.289271
2026-07-26 15:25:00,435 - Evaluate - INFO - ASR Module... Epoch: 2, RSS: 5.64 GB
2026-07-26 15:25:00,436 - Evaluate - INFO - ASR... Epoch: 2, Walltime: 1.651658 CPU time: 9.613687
2026-07-26 15:25:01,971 - Evaluate - INFO - ASR Module... Epoch: 2, RSS: 5.64 GB
2026-07-26 15:25:01,972 - Evaluate - INFO - ASR... Epoch: 2, Walltime: 1.532772 CPU time: 8.890791
2026-07-26 15:25:03,570 - Evaluate - INFO - ASR Module... Epoch: 2, RSS: 5.64 GB
2026-07-26 15:25:03,570 - Evaluate - INFO - ASR... Epoch: 2, Walltime: 1.595424 CPU time: 9.074916
2026-07-26 15:25:05,523 - Evaluate - INFO - ASR Module... Epoch: 2, RSS: 5.64 GB
2026-07-26 15:25:05,525 - Evaluate - INFO - ASR... Epoch: 2, Walltime: 1.949826 CPU time: 11.244089
2026-07-26 15:25:07,245 - Evaluate - INFO - ASR Module... Epoch: 2, RSS: 5.64 GB
2026-07-26 15:25:07,245 - Evaluate - INFO - ASR... Epoch: 2, Walltime: 1.716383 CPU time: 9.666980
2026-07-26 15:25:09,042 - Evaluate - INFO - ASR Module... Epoch: 2, RSS: 5.64 GB
2026-07-26 15:25:09,043 - Evaluate - INFO - ASR... Epoch: 2, Walltime: 1.793229 CPU time: 10.226512
2026-07-26 15:25:10,901 - Evaluate - INFO - ASR Module... Epoch: 2, RSS: 5.64 GB
2026-07-26 15:25:10,902 - Evaluate - INFO - ASR... Epoch: 2, Walltime: 1.854992 CPU time: 10.458555
2026-07-26 15:25:12,653 - Evaluate - INFO - ASR Module... Epoch: 2, RSS: 5.64 GB
2026-07-26 15:25:12,654 - Evaluate - INFO - ASR... Epoch: 2, Walltime: 1.748505 CPU time: 10.168460
2026-07-26 15:25:14,323 - Evaluate - INFO - ASR Module... Epoch: 2, RSS: 5.64 GB
2026-07-26 15:25:14,324 - Evaluate - INFO - ASR... Epoch: 2, Walltime: 1.666056 CPU time: 9.410028
2026-07-26 15:25:16,247 - Evaluate - INFO - ASR Module... Epoch: 2, RSS: 5.64 GB
2026-07-26 15:25:16,248 - Evaluate - INFO - ASR... Epoch: 2, Walltime: 1.920114 CPU time: 10.679273
2026-07-26 15:25:17,814 - Evaluate - INFO - ASR Module... Epoch: 2, RSS: 5.64 GB
2026-07-26 15:25:17,814 - Evaluate - INFO - ASR... Epoch: 2, Walltime: 1.563483 CPU time: 9.240971
2026-07-26 15:25:20,236 - Evaluate - INFO - ASR Module... Epoch: 2, RSS: 5.64 GB
2026-07-26 15:25:20,237 - Evaluate - INFO - ASR... Epoch: 2, Walltime: 2.418304 CPU time: 14.105518
2026-07-26 15:25:23,258 - Evaluate - INFO - ASR Module... Epoch: 2, RSS: 5.64 GB
2026-07-26 15:25:23,258 - Evaluate - INFO - ASR... Epoch: 2, Walltime: 3.016656 CPU time: 16.138618
2026-07-26 15:25:25,914 - Evaluate - INFO - ASR Module... Epoch: 2, RSS: 5.64 GB
2026-07-26 15:25:25,915 - Evaluate - INFO - ASR... Epoch: 2, Walltime: 2.651604 CPU time: 14.964045
2026-07-26 15:25:28,242 - Evaluate - INFO - ASR Module... Epoch: 2, RSS: 5.64 GB
2026-07-26 15:25:28,243 - Evaluate - INFO - ASR... Epoch: 2, Walltime: 2.324335 CPU time: 13.169194
2026-07-26 15:25:30,272 - Evaluate - INFO - ASR Module... Epoch: 2, RSS: 5.64 GB
2026-07-26 15:25:30,273 - Evaluate - INFO - ASR... Epoch: 2, Walltime: 2.026101 CPU time: 11.582066
2026-07-26 15:25:32,899 - Evaluate - INFO - ASR Module... Epoch: 2, RSS: 5.64 GB
2026-07-26 15:25:32,900 - Evaluate - INFO - ASR... Epoch: 2, Walltime: 2.620942 CPU time: 14.737372
2026-07-26 15:25:35,713 - Evaluate - INFO - ASR Module... Epoch: 2, RSS: 5.64 GB
2026-07-26 15:25:35,713 - Evaluate - INFO - ASR... Epoch: 2, Walltime: 2.809008 CPU time: 15.387272
2026-07-26 15:25:39,278 - Evaluate - INFO - ASR Module... Epoch: 2, RSS: 5.64 GB
2026-07-26 15:25:39,279 - Evaluate - INFO - ASR... Epoch: 2, Walltime: 3.558729 CPU time: 19.918380
2026-07-26 15:25:42,322 - Evaluate - INFO - ASR Module... Epoch: 2, RSS: 5.64 GB
2026-07-26 15:25:42,322 - Evaluate - INFO - ASR... Epoch: 2, Walltime: 3.035071 CPU time: 16.544300
2026-07-26 15:25:45,026 - Evaluate - INFO - ASR Module... Epoch: 2, RSS: 5.64 GB
2026-07-26 15:25:45,027 - Evaluate - INFO - ASR... Epoch: 2, Walltime: 2.699518 CPU time: 15.246444
2026-07-26 15:25:47,938 - Evaluate - INFO - ASR Module... Epoch: 2, RSS: 5.64 GB
2026-07-26 15:25:47,939 - Evaluate - INFO - ASR... Epoch: 2, Walltime: 2.906693 CPU time: 16.205714
2026-07-26 15:25:50,046 - Evaluate - INFO - ASR Module... Epoch: 2, RSS: 5.64 GB
2026-07-26 15:25:50,047 - Evaluate - INFO - ASR... Epoch: 2, Walltime: 2.103840 CPU time: 11.869694
2026-07-26 15:25:52,773 - Evaluate - INFO - ASR Module... Epoch: 2, RSS: 5.64 GB
2026-07-26 15:25:52,773 - Evaluate - INFO - ASR... Epoch: 2, Walltime: 2.720008 CPU time: 15.402993
2026-07-26 15:25:55,822 - Evaluate - INFO - ASR Module... Epoch: 2, RSS: 5.64 GB
2026-07-26 15:25:55,823 - Evaluate - INFO - ASR... Epoch: 2, Walltime: 3.042655 CPU time: 16.719700
2026-07-26 15:25:58,386 - Evaluate - INFO - ASR Module... Epoch: 2, RSS: 5.64 GB
2026-07-26 15:25:58,386 - Evaluate - INFO - ASR... Epoch: 2, Walltime: 2.558219 CPU time: 14.489673
2026-07-26 15:26:02,248 - Evaluate - INFO - ASR Module... Epoch: 2, RSS: 5.64 GB
2026-07-26 15:26:02,249 - Evaluate - INFO - ASR... Epoch: 2, Walltime: 3.856395 CPU time: 21.338524
2026-07-26 15:26:04,493 - Evaluate - INFO - ASR Module... Epoch: 2, RSS: 5.64 GB
2026-07-26 15:26:04,494 - Evaluate - INFO - ASR... Epoch: 2, Walltime: 2.238833 CPU time: 12.723320
2026-07-26 15:26:07,003 - Evaluate - INFO - ASR Module... Epoch: 2, RSS: 5.64 GB
2026-07-26 15:26:07,004 - Evaluate - INFO - ASR... Epoch: 2, Walltime: 2.504720 CPU time: 14.115282
2026-07-26 15:26:10,595 - Evaluate - INFO - ASR Module... Epoch: 2, RSS: 5.64 GB
2026-07-26 15:26:10,595 - Evaluate - INFO - ASR... Epoch: 2, Walltime: 3.585196 CPU time: 19.970293
2026-07-26 15:26:13,676 - Evaluate - INFO - ASR Module... Epoch: 2, RSS: 5.64 GB
2026-07-26 15:26:13,677 - Evaluate - INFO - ASR... Epoch: 2, Walltime: 3.075808 CPU time: 17.238873
2026-07-26 15:26:17,266 - Evaluate - INFO - ASR Module... Epoch: 2, RSS: 5.64 GB
2026-07-26 15:26:17,267 - Evaluate - INFO - ASR... Epoch: 2, Walltime: 3.584742 CPU time: 19.779979
2026-07-26 15:26:20,061 - Evaluate - INFO - ASR Module... Epoch: 2, RSS: 5.64 GB
2026-07-26 15:26:20,062 - Evaluate - INFO - ASR... Epoch: 2, Walltime: 2.789819 CPU time: 15.586275
2026-07-26 15:26:22,831 - Evaluate - INFO - ASR Module... Epoch: 2, RSS: 5.64 GB
2026-07-26 15:26:22,832 - Evaluate - INFO - ASR... Epoch: 2, Walltime: 2.764602 CPU time: 15.494870
2026-07-26 15:26:25,810 - Evaluate - INFO - ASR Module... Epoch: 2, RSS: 5.64 GB
2026-07-26 15:26:25,811 - Evaluate - INFO - ASR... Epoch: 2, Walltime: 2.974157 CPU time: 16.016811
2026-07-26 15:26:27,300 - Evaluate - INFO - ASR Module... Epoch: 2, RSS: 5.64 GB
2026-07-26 15:26:27,301 - Evaluate - INFO - ASR... Epoch: 2, Walltime: 1.484922 CPU time: 8.121679
2026-07-26 15:26:29,490 - Evaluate - INFO - ASR Module... Epoch: 2, RSS: 5.64 GB
2026-07-26 15:26:29,490 - Evaluate - INFO - ASR... Epoch: 2, Walltime: 2.184885 CPU time: 12.455173
2026-07-26 15:26:30,384 - Evaluate - INFO - ASR Module... Epoch: 2, RSS: 5.64 GB
2026-07-26 15:26:30,385 - Evaluate - INFO - ASR... Epoch: 2, Walltime: 0.891383 CPU time: 5.098213
2026-07-26 15:26:31,706 - Evaluate - INFO - ASR Module... Epoch: 2, RSS: 5.64 GB
2026-07-26 15:26:31,707 - Evaluate - INFO - ASR... Epoch: 2, Walltime: 1.319665 CPU time: 7.268899
2026-07-26 15:26:33,071 - Evaluate - INFO - ASR Module... Epoch: 2, RSS: 5.64 GB
2026-07-26 15:26:33,072 - Evaluate - INFO - ASR... Epoch: 2, Walltime: 1.361708 CPU time: 7.831312
2026-07-26 15:26:34,448 - Evaluate - INFO - ASR Module... Epoch: 2, RSS: 5.64 GB
2026-07-26 15:26:34,448 - Evaluate - INFO - ASR... Epoch: 2, Walltime: 1.373136 CPU time: 7.819269
2026-07-26 15:26:35,929 - Evaluate - INFO - ASR Module... Epoch: 2, RSS: 5.64 GB
2026-07-26 15:26:35,930 - Evaluate - INFO - ASR... Epoch: 2, Walltime: 1.477953 CPU time: 8.494714
2026-07-26 15:26:37,039 - Evaluate - INFO - ASR Module... Epoch: 2, RSS: 5.64 GB
2026-07-26 15:26:37,040 - Evaluate - INFO - ASR... Epoch: 2, Walltime: 1.107441 CPU time: 6.556362
2026-07-26 15:26:39,017 - Evaluate - INFO - ASR Module... Epoch: 2, RSS: 5.64 GB
2026-07-26 15:26:39,018 - Evaluate - INFO - ASR... Epoch: 2, Walltime: 1.974006 CPU time: 11.234051
2026-07-26 15:26:40,441 - Evaluate - INFO - ASR Module... Epoch: 2, RSS: 5.64 GB
2026-07-26 15:26:40,442 - Evaluate - INFO - ASR... Epoch: 2, Walltime: 1.419916 CPU time: 7.719674
2026-07-26 15:26:42,040 - Evaluate - INFO - ASR Module... Epoch: 2, RSS: 5.64 GB
2026-07-26 15:26:42,040 - Evaluate - INFO - ASR... Epoch: 2, Walltime: 1.594734 CPU time: 8.748333
2026-07-26 15:26:43,542 - Evaluate - INFO - ASR Module... Epoch: 2, RSS: 5.64 GB
2026-07-26 15:26:43,543 - Evaluate - INFO - ASR... Epoch: 2, Walltime: 1.498749 CPU time: 8.373921
2026-07-26 15:26:45,577 - Evaluate - INFO - ASR Module... Epoch: 2, RSS: 5.64 GB
2026-07-26 15:26:45,578 - Evaluate - INFO - ASR... Epoch: 2, Walltime: 2.030008 CPU time: 11.158746
2026-07-26 15:26:47,571 - Evaluate - INFO - ASR Module... Epoch: 2, RSS: 5.64 GB
2026-07-26 15:26:47,573 - Evaluate - INFO - ASR... Epoch: 2, Walltime: 1.988591 CPU time: 11.359160
2026-07-26 15:26:49,494 - Evaluate - INFO - ASR Module... Epoch: 2, RSS: 5.64 GB
2026-07-26 15:26:49,495 - Evaluate - INFO - ASR... Epoch: 2, Walltime: 1.917113 CPU time: 10.908720
2026-07-26 15:26:51,240 - Evaluate - INFO - ASR Module... Epoch: 2, RSS: 5.64 GB
2026-07-26 15:26:51,241 - Evaluate - INFO - ASR... Epoch: 2, Walltime: 1.742484 CPU time: 9.454686
2026-07-26 15:26:52,406 - Evaluate - INFO - ASR Module... Epoch: 2, RSS: 5.64 GB
2026-07-26 15:26:52,407 - Evaluate - INFO - ASR... Epoch: 2, Walltime: 1.163010 CPU time: 6.276373
2026-07-26 15:26:53,677 - Evaluate - INFO - ASR Module... Epoch: 2, RSS: 5.64 GB
2026-07-26 15:26:53,678 - Evaluate - INFO - ASR... Epoch: 2, Walltime: 1.267559 CPU time: 7.035928
2026-07-26 15:26:55,161 - Evaluate - INFO - ASR Module... Epoch: 2, RSS: 5.64 GB
2026-07-26 15:26:55,161 - Evaluate - INFO - ASR... Epoch: 2, Walltime: 1.480034 CPU time: 8.442336
2026-07-26 15:26:56,387 - Evaluate - INFO - ASR Module... Epoch: 2, RSS: 5.64 GB
2026-07-26 15:26:56,387 - Evaluate - INFO - ASR... Epoch: 2, Walltime: 1.222713 CPU time: 6.994019
2026-07-26 15:26:57,720 - Evaluate - INFO - ASR Module... Epoch: 2, RSS: 5.64 GB
2026-07-26 15:26:57,720 - Evaluate - INFO - ASR... Epoch: 2, Walltime: 1.329861 CPU time: 7.588247
2026-07-26 15:26:59,311 - Evaluate - INFO - ASR Module... Epoch: 2, RSS: 5.64 GB
2026-07-26 15:26:59,311 - Evaluate - INFO - ASR... Epoch: 2, Walltime: 1.588129 CPU time: 9.101654
2026-07-26 15:27:00,513 - Evaluate - INFO - ASR Module... Epoch: 2, RSS: 5.64 GB
2026-07-26 15:27:00,514 - Evaluate - INFO - ASR... Epoch: 2, Walltime: 1.198787 CPU time: 6.971983
2026-07-26 15:27:01,891 - Evaluate - INFO - ASR Module... Epoch: 2, RSS: 5.64 GB
2026-07-26 15:27:01,893 - Evaluate - INFO - ASR... Epoch: 2, Walltime: 1.374583 CPU time: 7.606859
2026-07-26 15:27:03,297 - Evaluate - INFO - ASR Module... Epoch: 2, RSS: 5.64 GB
2026-07-26 15:27:03,297 - Evaluate - INFO - ASR... Epoch: 2, Walltime: 1.400794 CPU time: 7.788429
2026-07-26 15:27:04,982 - Evaluate - INFO - ASR Module... Epoch: 2, RSS: 5.64 GB
2026-07-26 15:27:04,984 - Evaluate - INFO - ASR... Epoch: 2, Walltime: 1.681726 CPU time: 9.780737
2026-07-26 15:27:06,630 - Evaluate - INFO - ASR Module... Epoch: 2, RSS: 5.64 GB
2026-07-26 15:27:06,631 - Evaluate - INFO - ASR... Epoch: 2, Walltime: 1.644299 CPU time: 9.359864
2026-07-26 15:27:08,651 - Evaluate - INFO - ASR Module... Epoch: 2, RSS: 5.64 GB
2026-07-26 15:27:08,651 - Evaluate - INFO - ASR... Epoch: 2, Walltime: 2.016876 CPU time: 11.060176
2026-07-26 15:27:11,582 - Evaluate - INFO - ASR Module... Epoch: 2, RSS: 5.64 GB
2026-07-26 15:27:11,583 - Evaluate - INFO - ASR... Epoch: 2, Walltime: 2.926601 CPU time: 16.184405
2026-07-26 15:27:13,136 - Evaluate - INFO - ASR Module... Epoch: 2, RSS: 5.64 GB
2026-07-26 15:27:13,137 - Evaluate - INFO - ASR... Epoch: 2, Walltime: 1.550268 CPU time: 8.630829
2026-07-26 15:27:14,722 - Evaluate - INFO - ASR Module... Epoch: 2, RSS: 5.64 GB
2026-07-26 15:27:14,723 - Evaluate - INFO - ASR... Epoch: 2, Walltime: 1.582668 CPU time: 8.546206
2026-07-26 15:27:16,699 - Evaluate - INFO - ASR Module... Epoch: 2, RSS: 5.57 GB
2026-07-26 15:27:16,700 - Evaluate - INFO - ASR... Epoch: 2, Walltime: 1.973902 CPU time: 11.250382
2026-07-26 15:27:18,209 - Evaluate - INFO - ASR Module... Epoch: 2, RSS: 5.57 GB
2026-07-26 15:27:18,210 - Evaluate - INFO - ASR... Epoch: 2, Walltime: 1.505871 CPU time: 8.481323
2026-07-26 15:27:19,410 - Evaluate - INFO - ASR Module... Epoch: 2, RSS: 5.60 GB
2026-07-26 15:27:19,410 - Evaluate - INFO - ASR... Epoch: 2, Walltime: 1.196624 CPU time: 6.734135
2026-07-26 15:27:20,719 - Evaluate - INFO - ASR Module... Epoch: 2, RSS: 5.60 GB
2026-07-26 15:27:20,720 - Evaluate - INFO - ASR... Epoch: 2, Walltime: 1.305514 CPU time: 7.345504
2026-07-26 15:27:22,671 - Evaluate - INFO - ASR Module... Epoch: 2, RSS: 5.60 GB
2026-07-26 15:27:22,672 - Evaluate - INFO - ASR... Epoch: 2, Walltime: 1.948456 CPU time: 10.492918
2026-07-26 15:27:24,051 - Evaluate - INFO - ASR Module... Epoch: 2, RSS: 5.60 GB
2026-07-26 15:27:24,052 - Evaluate - INFO - ASR... Epoch: 2, Walltime: 1.377550 CPU time: 7.739281
2026-07-26 15:27:25,497 - Evaluate - INFO - ASR Module... Epoch: 2, RSS: 5.60 GB
2026-07-26 15:27:25,498 - Evaluate - INFO - ASR... Epoch: 2, Walltime: 1.442506 CPU time: 8.138670
2026-07-26 15:27:26,910 - Evaluate - INFO - ASR Module... Epoch: 2, RSS: 5.60 GB
2026-07-26 15:27:26,911 - Evaluate - INFO - ASR... Epoch: 2, Walltime: 1.409809 CPU time: 8.203687
2026-07-26 15:27:28,536 - Evaluate - INFO - ASR Module... Epoch: 2, RSS: 5.60 GB
2026-07-26 15:27:28,536 - Evaluate - INFO - ASR... Epoch: 2, Walltime: 1.622250 CPU time: 8.898398
2026-07-26 15:27:30,091 - Evaluate - INFO - ASR Module... Epoch: 2, RSS: 5.60 GB
2026-07-26 15:27:30,091 - Evaluate - INFO - ASR... Epoch: 2, Walltime: 1.551406 CPU time: 8.566731
2026-07-26 15:27:32,240 - Evaluate - INFO - ASR Module... Epoch: 2, RSS: 5.60 GB
2026-07-26 15:27:32,240 - Evaluate - INFO - ASR... Epoch: 2, Walltime: 2.144879 CPU time: 11.970645
2026-07-26 15:27:33,532 - Evaluate - INFO - ASR Module... Epoch: 2, RSS: 5.61 GB
2026-07-26 15:27:33,533 - Evaluate - INFO - ASR... Epoch: 2, Walltime: 1.289343 CPU time: 7.283417
2026-07-26 15:27:34,660 - Evaluate - INFO - ASR Module... Epoch: 2, RSS: 5.61 GB
2026-07-26 15:27:34,660 - Evaluate - INFO - ASR... Epoch: 2, Walltime: 1.124598 CPU time: 6.311348
2026-07-26 15:27:36,475 - Evaluate - INFO - ASR Module... Epoch: 2, RSS: 5.61 GB
2026-07-26 15:27:36,476 - Evaluate - INFO - ASR... Epoch: 2, Walltime: 1.811691 CPU time: 10.078348
2026-07-26 15:27:38,218 - Evaluate - INFO - ASR Module... Epoch: 2, RSS: 5.61 GB
2026-07-26 15:27:38,220 - Evaluate - INFO - ASR... Epoch: 2, Walltime: 1.736865 CPU time: 9.341898
2026-07-26 15:27:39,593 - Evaluate - INFO - ASR Module... Epoch: 2, RSS: 5.61 GB
2026-07-26 15:27:39,594 - Evaluate - INFO - ASR... Epoch: 2, Walltime: 1.370637 CPU time: 7.429995
2026-07-26 15:27:40,843 - Evaluate - INFO - ASR Module... Epoch: 2, RSS: 5.61 GB
2026-07-26 15:27:40,844 - Evaluate - INFO - ASR... Epoch: 2, Walltime: 1.245940 CPU time: 6.939095
2026-07-26 15:27:42,163 - Evaluate - INFO - ASR Module... Epoch: 2, RSS: 5.61 GB
2026-07-26 15:27:42,164 - Evaluate - INFO - ASR... Epoch: 2, Walltime: 1.317462 CPU time: 7.504953
2026-07-26 15:27:43,561 - Evaluate - INFO - ASR Module... Epoch: 2, RSS: 5.61 GB
2026-07-26 15:27:43,561 - Evaluate - INFO - ASR... Epoch: 2, Walltime: 1.393944 CPU time: 7.648078
2026-07-26 15:27:45,451 - Evaluate - INFO - ASR Module... Epoch: 2, RSS: 5.61 GB
2026-07-26 15:27:45,452 - Evaluate - INFO - ASR... Epoch: 2, Walltime: 1.886487 CPU time: 10.334124
2026-07-26 15:27:47,334 - Evaluate - INFO - ASR Module... Epoch: 2, RSS: 5.61 GB
2026-07-26 15:27:47,334 - Evaluate - INFO - ASR... Epoch: 2, Walltime: 1.879094 CPU time: 10.132883
2026-07-26 15:27:48,849 - Evaluate - INFO - ASR Module... Epoch: 2, RSS: 5.61 GB
2026-07-26 15:27:48,850 - Evaluate - INFO - ASR... Epoch: 2, Walltime: 1.511530 CPU time: 8.592321
2026-07-26 15:27:50,652 - Evaluate - INFO - ASR Module... Epoch: 2, RSS: 5.61 GB
2026-07-26 15:27:50,653 - Evaluate - INFO - ASR... Epoch: 2, Walltime: 1.799211 CPU time: 9.947333
2026-07-26 15:27:52,297 - Evaluate - INFO - ASR Module... Epoch: 2, RSS: 5.61 GB
2026-07-26 15:27:52,298 - Evaluate - INFO - ASR... Epoch: 2, Walltime: 1.641365 CPU time: 9.109446
2026-07-26 15:27:54,834 - Evaluate - INFO - ASR Module... Epoch: 2, RSS: 5.61 GB
2026-07-26 15:27:54,835 - Evaluate - INFO - ASR... Epoch: 2, Walltime: 2.532771 CPU time: 14.282687
2026-07-26 15:27:56,423 - Evaluate - INFO - ASR Module... Epoch: 2, RSS: 5.61 GB
2026-07-26 15:27:56,424 - Evaluate - INFO - ASR... Epoch: 2, Walltime: 1.585585 CPU time: 8.807574
2026-07-26 15:27:58,498 - Evaluate - INFO - ASR Module... Epoch: 2, RSS: 5.61 GB
2026-07-26 15:27:58,498 - Evaluate - INFO - ASR... Epoch: 2, Walltime: 2.070091 CPU time: 11.262686
2026-07-26 15:27:59,776 - Evaluate - INFO - ASR Module... Epoch: 2, RSS: 5.61 GB
2026-07-26 15:27:59,776 - Evaluate - INFO - ASR... Epoch: 2, Walltime: 1.275105 CPU time: 6.935531
2026-07-26 15:28:01,234 - Evaluate - INFO - ASR Module... Epoch: 2, RSS: 5.61 GB
2026-07-26 15:28:01,234 - Evaluate - INFO - ASR... Epoch: 2, Walltime: 1.455546 CPU time: 7.995817
2026-07-26 15:28:02,386 - Evaluate - INFO - ASR Module... Epoch: 2, RSS: 5.61 GB
2026-07-26 15:28:02,386 - Evaluate - INFO - ASR... Epoch: 2, Walltime: 1.149234 CPU time: 6.330113
2026-07-26 15:28:04,090 - Evaluate - INFO - ASR Module... Epoch: 2, RSS: 5.61 GB
2026-07-26 15:28:04,091 - Evaluate - INFO - ASR... Epoch: 2, Walltime: 1.701497 CPU time: 9.332096
2026-07-26 15:28:05,752 - Evaluate - INFO - ASR Module... Epoch: 2, RSS: 5.61 GB
2026-07-26 15:28:05,753 - Evaluate - INFO - ASR... Epoch: 2, Walltime: 1.658373 CPU time: 9.140623
2026-07-26 15:28:07,241 - Evaluate - INFO - ASR Module... Epoch: 2, RSS: 5.61 GB
2026-07-26 15:28:07,242 - Evaluate - INFO - ASR... Epoch: 2, Walltime: 1.485288 CPU time: 8.205107
2026-07-26 15:28:08,591 - Evaluate - INFO - ASR Module... Epoch: 2, RSS: 5.61 GB
2026-07-26 15:28:08,592 - Evaluate - INFO - ASR... Epoch: 2, Walltime: 1.346359 CPU time: 7.483593
2026-07-26 15:28:10,393 - Evaluate - INFO - ASR Module... Epoch: 2, RSS: 5.61 GB
2026-07-26 15:28:10,393 - Evaluate - INFO - ASR... Epoch: 2, Walltime: 1.798186 CPU time: 9.857598
2026-07-26 15:28:12,674 - Evaluate - INFO - ASR Module... Epoch: 2, RSS: 5.61 GB
2026-07-26 15:28:12,675 - Evaluate - INFO - ASR... Epoch: 2, Walltime: 2.277532 CPU time: 12.158379
2026-07-26 15:28:13,594 - Evaluate - INFO - ASR Module... Epoch: 2, RSS: 5.61 GB
2026-07-26 15:28:13,594 - Evaluate - INFO - ASR... Epoch: 2, Walltime: 0.916660 CPU time: 5.131032
2026-07-26 15:28:14,484 - Evaluate - INFO - ASR Module... Epoch: 2, RSS: 5.61 GB
2026-07-26 15:28:14,485 - Evaluate - INFO - ASR... Epoch: 2, Walltime: 0.888230 CPU time: 5.190543
2026-07-26 15:28:15,456 - Evaluate - INFO - ASR Module... Epoch: 2, RSS: 5.61 GB
2026-07-26 15:28:15,456 - Evaluate - INFO - ASR... Epoch: 2, Walltime: 0.969625 CPU time: 5.509561
2026-07-26 15:28:16,712 - Evaluate - INFO - ASR Module... Epoch: 2, RSS: 5.61 GB
2026-07-26 15:28:16,713 - Evaluate - INFO - ASR... Epoch: 2, Walltime: 1.253560 CPU time: 6.680659
2026-07-26 15:28:17,696 - Evaluate - INFO - ASR Module... Epoch: 2, RSS: 5.61 GB
2026-07-26 15:28:17,696 - Evaluate - INFO - ASR... Epoch: 2, Walltime: 0.981061 CPU time: 5.639460
2026-07-26 15:28:19,192 - Evaluate - INFO - ASR Module... Epoch: 2, RSS: 5.61 GB
2026-07-26 15:28:19,193 - Evaluate - INFO - ASR... Epoch: 2, Walltime: 1.492362 CPU time: 8.077741
2026-07-26 15:28:20,599 - Evaluate - INFO - ASR Module... Epoch: 2, RSS: 5.61 GB
2026-07-26 15:28:20,600 - Evaluate - INFO - ASR... Epoch: 2, Walltime: 1.403648 CPU time: 7.919891
2026-07-26 15:28:21,878 - Evaluate - INFO - ASR Module... Epoch: 2, RSS: 5.61 GB
2026-07-26 15:28:21,879 - Evaluate - INFO - ASR... Epoch: 2, Walltime: 1.275302 CPU time: 7.042220
2026-07-26 15:28:23,049 - Evaluate - INFO - ASR Module... Epoch: 2, RSS: 5.61 GB
2026-07-26 15:28:23,050 - Evaluate - INFO - ASR... Epoch: 2, Walltime: 1.167983 CPU time: 6.330847
2026-07-26 15:28:24,403 - Evaluate - INFO - ASR Module... Epoch: 2, RSS: 5.61 GB
2026-07-26 15:28:24,404 - Evaluate - INFO - ASR... Epoch: 2, Walltime: 1.351141 CPU time: 7.695240
2026-07-26 15:28:25,793 - Evaluate - INFO - ASR Module... Epoch: 2, RSS: 5.61 GB
2026-07-26 15:28:25,794 - Evaluate - INFO - ASR... Epoch: 2, Walltime: 1.386459 CPU time: 7.694998
2026-07-26 15:28:27,102 - Evaluate - INFO - ASR Module... Epoch: 2, RSS: 5.61 GB
2026-07-26 15:28:27,103 - Evaluate - INFO - ASR... Epoch: 2, Walltime: 1.305607 CPU time: 7.080339
2026-07-26 15:28:28,257 - Evaluate - INFO - ASR Module... Epoch: 2, RSS: 5.61 GB
2026-07-26 15:28:28,257 - Evaluate - INFO - ASR... Epoch: 2, Walltime: 1.151906 CPU time: 6.210602
2026-07-26 15:28:29,403 - Evaluate - INFO - ASR Module... Epoch: 2, RSS: 5.61 GB
2026-07-26 15:28:29,403 - Evaluate - INFO - ASR... Epoch: 2, Walltime: 1.142454 CPU time: 6.400343
2026-07-26 15:28:30,624 - Evaluate - INFO - ASR Module... Epoch: 2, RSS: 5.61 GB
2026-07-26 15:28:30,625 - Evaluate - INFO - ASR... Epoch: 2, Walltime: 1.217594 CPU time: 6.712304
2026-07-26 15:28:31,650 - Evaluate - INFO - ASR Module... Epoch: 2, RSS: 5.61 GB
2026-07-26 15:28:31,650 - Evaluate - INFO - ASR... Epoch: 2, Walltime: 1.022599 CPU time: 5.888253
2026-07-26 15:28:32,802 - Evaluate - INFO - ASR Module... Epoch: 2, RSS: 5.61 GB
2026-07-26 15:28:32,803 - Evaluate - INFO - ASR... Epoch: 2, Walltime: 1.149366 CPU time: 6.177201
2026-07-26 15:28:34,468 - Evaluate - INFO - ASR Module... Epoch: 2, RSS: 5.61 GB
2026-07-26 15:28:34,469 - Evaluate - INFO - ASR... Epoch: 2, Walltime: 1.661383 CPU time: 9.185242
2026-07-26 15:28:35,992 - Evaluate - INFO - ASR Module... Epoch: 2, RSS: 5.61 GB
2026-07-26 15:28:35,993 - Evaluate - INFO - ASR... Epoch: 2, Walltime: 1.519958 CPU time: 8.345556
2026-07-26 15:28:37,236 - Evaluate - INFO - ASR Module... Epoch: 2, RSS: 5.61 GB
2026-07-26 15:28:37,237 - Evaluate - INFO - ASR... Epoch: 2, Walltime: 1.240878 CPU time: 7.039668
2026-07-26 15:28:38,475 - Evaluate - INFO - ASR Module... Epoch: 2, RSS: 5.61 GB
2026-07-26 15:28:38,476 - Evaluate - INFO - ASR... Epoch: 2, Walltime: 1.235028 CPU time: 7.005180
2026-07-26 15:28:39,650 - Evaluate - INFO - ASR Module... Epoch: 2, RSS: 5.61 GB
2026-07-26 15:28:39,654 - Evaluate - INFO - ASR... Epoch: 2, Walltime: 1.170770 CPU time: 6.776130
2026-07-26 15:28:41,043 - Evaluate - INFO - ASR Module... Epoch: 2, RSS: 5.61 GB
2026-07-26 15:28:41,044 - Evaluate - INFO - ASR... Epoch: 2, Walltime: 1.386488 CPU time: 7.420382
2026-07-26 15:28:42,122 - Evaluate - INFO - ASR Module... Epoch: 2, RSS: 5.61 GB
2026-07-26 15:28:42,123 - Evaluate - INFO - ASR... Epoch: 2, Walltime: 1.075244 CPU time: 5.980602
2026-07-26 15:28:43,184 - Evaluate - INFO - ASR Module... Epoch: 2, RSS: 5.61 GB
2026-07-26 15:28:43,184 - Evaluate - INFO - ASR... Epoch: 2, Walltime: 1.058322 CPU time: 5.935131
2026-07-26 15:28:44,513 - Evaluate - INFO - ASR Module... Epoch: 2, RSS: 5.61 GB
2026-07-26 15:28:44,514 - Evaluate - INFO - ASR... Epoch: 2, Walltime: 1.326045 CPU time: 7.232399
2026-07-26 15:28:45,632 - Evaluate - INFO - ASR Module... Epoch: 2, RSS: 5.61 GB
2026-07-26 15:28:45,633 - Evaluate - INFO - ASR... Epoch: 2, Walltime: 1.115369 CPU time: 6.253206
2026-07-26 15:28:46,924 - Evaluate - INFO - ASR Module... Epoch: 2, RSS: 5.61 GB
2026-07-26 15:28:46,925 - Evaluate - INFO - ASR... Epoch: 2, Walltime: 1.288561 CPU time: 7.119589
2026-07-26 15:28:48,447 - Evaluate - INFO - ASR Module... Epoch: 2, RSS: 5.61 GB
2026-07-26 15:28:48,448 - Evaluate - INFO - ASR... Epoch: 2, Walltime: 1.519731 CPU time: 8.444422
2026-07-26 15:28:50,418 - Evaluate - INFO - ASR Module... Epoch: 2, RSS: 5.61 GB
2026-07-26 15:28:50,418 - Evaluate - INFO - ASR... Epoch: 2, Walltime: 1.967974 CPU time: 10.605936
2026-07-26 15:28:52,267 - Evaluate - INFO - ASR Module... Epoch: 2, RSS: 5.61 GB
2026-07-26 15:28:52,269 - Evaluate - INFO - ASR... Epoch: 2, Walltime: 1.846966 CPU time: 9.848129
2026-07-26 15:28:54,956 - Evaluate - INFO - ASR Module... Epoch: 2, RSS: 5.61 GB
2026-07-26 15:28:54,957 - Evaluate - INFO - ASR... Epoch: 2, Walltime: 2.684896 CPU time: 14.014852
2026-07-26 15:28:56,531 - Evaluate - INFO - ASR Module... Epoch: 2, RSS: 5.61 GB
2026-07-26 15:28:56,532 - Evaluate - INFO - ASR... Epoch: 2, Walltime: 1.572919 CPU time: 8.646315
2026-07-26 15:28:58,056 - Evaluate - INFO - ASR Module... Epoch: 2, RSS: 5.61 GB
2026-07-26 15:28:58,057 - Evaluate - INFO - ASR... Epoch: 2, Walltime: 1.521298 CPU time: 8.682103
2026-07-26 15:28:59,611 - Evaluate - INFO - ASR Module... Epoch: 2, RSS: 5.61 GB
2026-07-26 15:28:59,612 - Evaluate - INFO - ASR... Epoch: 2, Walltime: 1.551860 CPU time: 8.728672
2026-07-26 15:29:01,150 - Evaluate - INFO - ASR Module... Epoch: 2, RSS: 5.61 GB
2026-07-26 15:29:01,151 - Evaluate - INFO - ASR... Epoch: 2, Walltime: 1.535590 CPU time: 8.706737
2026-07-26 15:29:02,760 - Evaluate - INFO - ASR Module... Epoch: 2, RSS: 5.61 GB
2026-07-26 15:29:02,760 - Evaluate - INFO - ASR... Epoch: 2, Walltime: 1.606787 CPU time: 8.893784
2026-07-26 15:29:04,512 - Evaluate - INFO - ASR Module... Epoch: 2, RSS: 5.61 GB
2026-07-26 15:29:04,513 - Evaluate - INFO - ASR... Epoch: 2, Walltime: 1.749743 CPU time: 9.823597
2026-07-26 15:29:05,866 - Evaluate - INFO - ASR Module... Epoch: 2, RSS: 5.61 GB
2026-07-26 15:29:05,867 - Evaluate - INFO - ASR... Epoch: 2, Walltime: 1.351547 CPU time: 7.636381
2026-07-26 15:29:07,218 - Evaluate - INFO - ASR Module... Epoch: 2, RSS: 5.61 GB
2026-07-26 15:29:07,221 - Evaluate - INFO - ASR... Epoch: 2, Walltime: 1.347939 CPU time: 7.726030
2026-07-26 15:29:09,076 - Evaluate - INFO - ASR Module... Epoch: 2, RSS: 5.61 GB
2026-07-26 15:29:09,077 - Evaluate - INFO - ASR... Epoch: 2, Walltime: 1.853275 CPU time: 10.431660
2026-07-26 15:29:10,502 - Evaluate - INFO - ASR Module... Epoch: 2, RSS: 5.61 GB
2026-07-26 15:29:10,503 - Evaluate - INFO - ASR... Epoch: 2, Walltime: 1.422414 CPU time: 8.420442
2026-07-26 15:29:12,596 - Evaluate - INFO - ASR Module... Epoch: 2, RSS: 5.61 GB
2026-07-26 15:29:12,597 - Evaluate - INFO - ASR... Epoch: 2, Walltime: 2.088974 CPU time: 11.663710
2026-07-26 15:29:14,554 - Evaluate - INFO - ASR Module... Epoch: 2, RSS: 5.61 GB
2026-07-26 15:29:14,555 - Evaluate - INFO - ASR... Epoch: 2, Walltime: 1.954749 CPU time: 11.066911
2026-07-26 15:29:16,990 - Evaluate - INFO - ASR Module... Epoch: 2, RSS: 5.61 GB
2026-07-26 15:29:16,990 - Evaluate - INFO - ASR... Epoch: 2, Walltime: 2.431694 CPU time: 13.495588
2026-07-26 15:29:18,933 - Evaluate - INFO - ASR Module... Epoch: 2, RSS: 5.61 GB
2026-07-26 15:29:18,934 - Evaluate - INFO - ASR... Epoch: 2, Walltime: 1.940258 CPU time: 11.246635
2026-07-26 15:29:20,758 - Evaluate - INFO - ASR Module... Epoch: 2, RSS: 5.61 GB
2026-07-26 15:29:20,759 - Evaluate - INFO - ASR... Epoch: 2, Walltime: 1.820372 CPU time: 10.150558
2026-07-26 15:29:23,041 - Evaluate - INFO - ASR Module... Epoch: 2, RSS: 5.61 GB
2026-07-26 15:29:23,041 - Evaluate - INFO - ASR... Epoch: 2, Walltime: 2.277808 CPU time: 12.715840
2026-07-26 15:29:25,408 - Evaluate - INFO - ASR Module... Epoch: 2, RSS: 5.61 GB
2026-07-26 15:29:25,409 - Evaluate - INFO - ASR... Epoch: 2, Walltime: 2.362923 CPU time: 12.797261
2026-07-26 15:29:27,704 - Evaluate - INFO - ASR Module... Epoch: 2, RSS: 5.61 GB
2026-07-26 15:29:27,705 - Evaluate - INFO - ASR... Epoch: 2, Walltime: 2.291740 CPU time: 12.740804
2026-07-26 15:29:29,906 - Evaluate - INFO - ASR Module... Epoch: 2, RSS: 5.61 GB
2026-07-26 15:29:29,907 - Evaluate - INFO - ASR... Epoch: 2, Walltime: 2.197766 CPU time: 12.271045
2026-07-26 15:29:32,260 - Evaluate - INFO - ASR Module... Epoch: 2, RSS: 5.61 GB
2026-07-26 15:29:32,261 - Evaluate - INFO - ASR... Epoch: 2, Walltime: 2.350022 CPU time: 12.754873
2026-07-26 15:29:33,754 - Evaluate - INFO - ASR Module... Epoch: 2, RSS: 5.61 GB
2026-07-26 15:29:33,755 - Evaluate - INFO - ASR... Epoch: 2, Walltime: 1.490621 CPU time: 8.215600
2026-07-26 15:29:36,143 - Evaluate - INFO - ASR Module... Epoch: 2, RSS: 5.61 GB
2026-07-26 15:29:36,144 - Evaluate - INFO - ASR... Epoch: 2, Walltime: 2.383777 CPU time: 13.108487
2026-07-26 15:29:38,166 - Evaluate - INFO - ASR Module... Epoch: 2, RSS: 5.61 GB
2026-07-26 15:29:38,167 - Evaluate - INFO - ASR... Epoch: 2, Walltime: 2.019220 CPU time: 10.939711
2026-07-26 15:29:40,087 - Evaluate - INFO - ASR Module... Epoch: 2, RSS: 5.61 GB
2026-07-26 15:29:40,088 - Evaluate - INFO - ASR... Epoch: 2, Walltime: 1.917004 CPU time: 10.884470
2026-07-26 15:29:42,440 - Evaluate - INFO - ASR Module... Epoch: 2, RSS: 5.61 GB
2026-07-26 15:29:42,441 - Evaluate - INFO - ASR... Epoch: 2, Walltime: 2.348930 CPU time: 13.204495
2026-07-26 15:29:44,615 - Evaluate - INFO - ASR Module... Epoch: 2, RSS: 5.61 GB
2026-07-26 15:29:44,616 - Evaluate - INFO - ASR... Epoch: 2, Walltime: 2.167077 CPU time: 11.820068
2026-07-26 15:29:46,715 - Evaluate - INFO - ASR Module... Epoch: 2, RSS: 5.61 GB
2026-07-26 15:29:46,716 - Evaluate - INFO - ASR... Epoch: 2, Walltime: 2.096417 CPU time: 11.380297
2026-07-26 15:29:49,433 - Evaluate - INFO - ASR Module... Epoch: 2, RSS: 5.61 GB
2026-07-26 15:29:49,434 - Evaluate - INFO - ASR... Epoch: 2, Walltime: 2.713633 CPU time: 15.029287
2026-07-26 15:29:52,938 - Evaluate - INFO - ASR Module... Epoch: 2, RSS: 5.61 GB
2026-07-26 15:29:52,939 - Evaluate - INFO - ASR... Epoch: 2, Walltime: 3.499568 CPU time: 18.776622
2026-07-26 15:29:56,177 - Evaluate - INFO - ASR Module... Epoch: 2, RSS: 5.61 GB
2026-07-26 15:29:56,178 - Evaluate - INFO - ASR... Epoch: 2, Walltime: 3.234632 CPU time: 17.052124
2026-07-26 15:29:58,484 - Evaluate - INFO - ASR Module... Epoch: 2, RSS: 5.61 GB
2026-07-26 15:29:58,485 - Evaluate - INFO - ASR... Epoch: 2, Walltime: 2.303146 CPU time: 12.509708
2026-07-26 15:30:01,837 - Evaluate - INFO - ASR Module... Epoch: 2, RSS: 5.61 GB
2026-07-26 15:30:01,838 - Evaluate - INFO - ASR... Epoch: 2, Walltime: 3.347550 CPU time: 18.034536
2026-07-26 15:30:04,855 - Evaluate - INFO - ASR Module... Epoch: 2, RSS: 5.61 GB
2026-07-26 15:30:04,856 - Evaluate - INFO - ASR... Epoch: 2, Walltime: 3.013080 CPU time: 16.330865
2026-07-26 15:30:06,864 - Evaluate - INFO - ASR Module... Epoch: 2, RSS: 5.61 GB
2026-07-26 15:30:06,865 - Evaluate - INFO - ASR... Epoch: 2, Walltime: 2.005304 CPU time: 11.139129
2026-07-26 15:30:09,539 - Evaluate - INFO - ASR Module... Epoch: 2, RSS: 5.61 GB
2026-07-26 15:30:09,540 - Evaluate - INFO - ASR... Epoch: 2, Walltime: 2.670929 CPU time: 14.110252
2026-07-26 15:30:12,175 - Evaluate - INFO - ASR Module... Epoch: 2, RSS: 5.61 GB
2026-07-26 15:30:12,176 - Evaluate - INFO - ASR... Epoch: 2, Walltime: 2.631286 CPU time: 14.436218
2026-07-26 15:30:14,273 - Evaluate - INFO - ASR Module... Epoch: 2, RSS: 5.61 GB
2026-07-26 15:30:14,274 - Evaluate - INFO - ASR... Epoch: 2, Walltime: 2.094024 CPU time: 11.522527
2026-07-26 15:30:16,606 - Evaluate - INFO - ASR Module... Epoch: 2, RSS: 5.61 GB
2026-07-26 15:30:16,607 - Evaluate - INFO - ASR... Epoch: 2, Walltime: 2.328796 CPU time: 12.568065
2026-07-26 15:30:19,777 - Evaluate - INFO - ASR Module... Epoch: 2, RSS: 5.61 GB
2026-07-26 15:30:19,778 - Evaluate - INFO - ASR... Epoch: 2, Walltime: 3.165632 CPU time: 17.510759
2026-07-26 15:30:22,001 - Evaluate - INFO - ASR Module... Epoch: 2, RSS: 5.61 GB
2026-07-26 15:30:22,002 - Evaluate - INFO - ASR... Epoch: 2, Walltime: 2.219773 CPU time: 11.887158
2026-07-26 15:30:24,484 - Evaluate - INFO - ASR Module... Epoch: 2, RSS: 5.61 GB
2026-07-26 15:30:24,485 - Evaluate - INFO - ASR... Epoch: 2, Walltime: 2.478018 CPU time: 13.679421
2026-07-26 15:30:26,705 - Evaluate - INFO - ASR Module... Epoch: 2, RSS: 5.61 GB
2026-07-26 15:30:26,705 - Evaluate - INFO - ASR... Epoch: 2, Walltime: 2.215834 CPU time: 12.663144
2026-07-26 15:30:29,618 - Evaluate - INFO - ASR Module... Epoch: 2, RSS: 5.61 GB
2026-07-26 15:30:29,619 - Evaluate - INFO - ASR... Epoch: 2, Walltime: 2.907738 CPU time: 15.385276
2026-07-26 15:30:32,371 - Evaluate - INFO - ASR Module... Epoch: 2, RSS: 5.61 GB
2026-07-26 15:30:32,372 - Evaluate - INFO - ASR... Epoch: 2, Walltime: 2.748040 CPU time: 14.625015
2026-07-26 15:30:34,286 - Evaluate - INFO - ASR Module... Epoch: 2, RSS: 5.61 GB
2026-07-26 15:30:34,286 - Evaluate - INFO - ASR... Epoch: 2, Walltime: 1.911036 CPU time: 10.356137
2026-07-26 15:30:35,870 - Evaluate - INFO - ASR Module... Epoch: 2, RSS: 5.61 GB
2026-07-26 15:30:35,871 - Evaluate - INFO - ASR... Epoch: 2, Walltime: 1.580901 CPU time: 8.957528
2026-07-26 15:30:38,415 - Evaluate - INFO - ASR Module... Epoch: 2, RSS: 5.61 GB
2026-07-26 15:30:38,417 - Evaluate - INFO - ASR... Epoch: 2, Walltime: 2.540368 CPU time: 13.838286
2026-07-26 15:30:40,754 - Evaluate - INFO - ASR Module... Epoch: 2, RSS: 5.61 GB
2026-07-26 15:30:40,754 - Evaluate - INFO - ASR... Epoch: 2, Walltime: 2.333530 CPU time: 12.558817
2026-07-26 15:30:42,775 - Evaluate - INFO - ASR Module... Epoch: 2, RSS: 5.61 GB
2026-07-26 15:30:42,776 - Evaluate - INFO - ASR... Epoch: 2, Walltime: 2.018228 CPU time: 10.773533
2026-07-26 15:30:44,739 - Evaluate - INFO - ASR Module... Epoch: 2, RSS: 5.61 GB
2026-07-26 15:30:44,740 - Evaluate - INFO - ASR... Epoch: 2, Walltime: 1.959529 CPU time: 11.274774
2026-07-26 15:30:47,115 - Evaluate - INFO - ASR Module... Epoch: 2, RSS: 5.61 GB
2026-07-26 15:30:47,115 - Evaluate - INFO - ASR... Epoch: 2, Walltime: 2.371939 CPU time: 13.265891
2026-07-26 15:30:48,778 - Evaluate - INFO - ASR Module... Epoch: 2, RSS: 5.61 GB
2026-07-26 15:30:48,780 - Evaluate - INFO - ASR... Epoch: 2, Walltime: 1.660126 CPU time: 9.330917
2026-07-26 15:30:51,162 - Evaluate - INFO - ASR Module... Epoch: 2, RSS: 5.61 GB
2026-07-26 15:30:51,162 - Evaluate - INFO - ASR... Epoch: 2, Walltime: 2.378269 CPU time: 12.425281
2026-07-26 15:30:53,234 - Evaluate - INFO - ASR Module... Epoch: 2, RSS: 5.61 GB
2026-07-26 15:30:53,235 - Evaluate - INFO - ASR... Epoch: 2, Walltime: 2.068844 CPU time: 11.297465
2026-07-26 15:30:54,969 - Evaluate - INFO - ASR Module... Epoch: 2, RSS: 5.61 GB
2026-07-26 15:30:54,970 - Evaluate - INFO - ASR... Epoch: 2, Walltime: 1.731177 CPU time: 9.208003
2026-07-26 15:30:56,680 - Evaluate - INFO - ASR Module... Epoch: 2, RSS: 5.61 GB
2026-07-26 15:30:56,680 - Evaluate - INFO - ASR... Epoch: 2, Walltime: 1.707052 CPU time: 9.844653
2026-07-26 15:30:58,837 - Evaluate - INFO - ASR Module... Epoch: 2, RSS: 5.61 GB
2026-07-26 15:30:58,838 - Evaluate - INFO - ASR... Epoch: 2, Walltime: 2.154512 CPU time: 12.071457
2026-07-26 15:31:00,415 - Evaluate - INFO - ASR Module... Epoch: 2, RSS: 5.61 GB
2026-07-26 15:31:00,416 - Evaluate - INFO - ASR... Epoch: 2, Walltime: 1.574567 CPU time: 8.249386
2026-07-26 15:31:02,675 - Evaluate - INFO - ASR Module... Epoch: 2, RSS: 5.61 GB
2026-07-26 15:31:02,675 - Evaluate - INFO - ASR... Epoch: 2, Walltime: 2.255984 CPU time: 12.911947
2026-07-26 15:31:04,963 - Evaluate - INFO - ASR Module... Epoch: 2, RSS: 5.63 GB
2026-07-26 15:31:04,963 - Evaluate - INFO - ASR... Epoch: 2, Walltime: 2.284285 CPU time: 12.401328
2026-07-26 15:31:07,628 - Evaluate - INFO - ASR Module... Epoch: 2, RSS: 5.63 GB
2026-07-26 15:31:07,629 - Evaluate - INFO - ASR... Epoch: 2, Walltime: 2.661932 CPU time: 14.936509
2026-07-26 15:31:09,615 - Evaluate - INFO - ASR Module... Epoch: 2, RSS: 5.63 GB
2026-07-26 15:31:09,616 - Evaluate - INFO - ASR... Epoch: 2, Walltime: 1.982791 CPU time: 10.902358
2026-07-26 15:31:11,805 - Evaluate - INFO - ASR Module... Epoch: 2, RSS: 5.63 GB
2026-07-26 15:31:11,807 - Evaluate - INFO - ASR... Epoch: 2, Walltime: 2.185821 CPU time: 12.022047
2026-07-26 15:31:13,875 - Evaluate - INFO - ASR Module... Epoch: 2, RSS: 5.63 GB
2026-07-26 15:31:13,876 - Evaluate - INFO - ASR... Epoch: 2, Walltime: 2.064815 CPU time: 11.008953
2026-07-26 15:31:15,785 - Evaluate - INFO - ASR Module... Epoch: 2, RSS: 5.63 GB
2026-07-26 15:31:15,786 - Evaluate - INFO - ASR... Epoch: 2, Walltime: 1.905757 CPU time: 10.494938
2026-07-26 15:31:17,989 - Evaluate - INFO - ASR Module... Epoch: 2, RSS: 5.63 GB
2026-07-26 15:31:17,989 - Evaluate - INFO - ASR... Epoch: 2, Walltime: 2.199065 CPU time: 11.956875
2026-07-26 15:31:20,253 - Evaluate - INFO - ASR Module... Epoch: 2, RSS: 5.63 GB
2026-07-26 15:31:20,254 - Evaluate - INFO - ASR... Epoch: 2, Walltime: 2.260371 CPU time: 12.153910
2026-07-26 15:31:22,487 - Evaluate - INFO - ASR Module... Epoch: 2, RSS: 5.63 GB
2026-07-26 15:31:22,488 - Evaluate - INFO - ASR... Epoch: 2, Walltime: 2.229468 CPU time: 12.080181
2026-07-26 15:31:24,409 - Evaluate - INFO - ASR Module... Epoch: 2, RSS: 5.63 GB
2026-07-26 15:31:24,410 - Evaluate - INFO - ASR... Epoch: 2, Walltime: 1.918506 CPU time: 10.720897
2026-07-26 15:31:26,995 - Evaluate - INFO - ASR Module... Epoch: 2, RSS: 5.63 GB
2026-07-26 15:31:26,996 - Evaluate - INFO - ASR... Epoch: 2, Walltime: 2.581337 CPU time: 13.734902
2026-07-26 15:31:29,234 - Evaluate - INFO - ASR Module... Epoch: 2, RSS: 5.63 GB
2026-07-26 15:31:29,235 - Evaluate - INFO - ASR... Epoch: 2, Walltime: 2.235090 CPU time: 12.354683
2026-07-26 15:31:31,267 - Evaluate - INFO - ASR Module... Epoch: 2, RSS: 5.64 GB
2026-07-26 15:31:31,268 - Evaluate - INFO - ASR... Epoch: 2, Walltime: 2.029281 CPU time: 10.817610
2026-07-26 15:31:32,920 - Evaluate - INFO - ASR Module... Epoch: 2, RSS: 5.64 GB
2026-07-26 15:31:32,921 - Evaluate - INFO - ASR... Epoch: 2, Walltime: 1.649891 CPU time: 9.210870
2026-07-26 15:31:34,268 - Evaluate - INFO - ASR Module... Epoch: 2, RSS: 5.64 GB
2026-07-26 15:31:34,269 - Evaluate - INFO - ASR... Epoch: 2, Walltime: 1.345093 CPU time: 7.679169
2026-07-26 15:31:36,240 - Evaluate - INFO - ASR Module... Epoch: 2, RSS: 5.64 GB
2026-07-26 15:31:36,240 - Evaluate - INFO - ASR... Epoch: 2, Walltime: 1.968380 CPU time: 10.909460
2026-07-26 15:31:37,769 - Evaluate - INFO - ASR Module... Epoch: 2, RSS: 5.64 GB
2026-07-26 15:31:37,769 - Evaluate - INFO - ASR... Epoch: 2, Walltime: 1.526262 CPU time: 8.822316
2026-07-26 15:31:39,435 - Evaluate - INFO - ASR Module... Epoch: 2, RSS: 5.64 GB
2026-07-26 15:31:39,436 - Evaluate - INFO - ASR... Epoch: 2, Walltime: 1.663239 CPU time: 8.907841
2026-07-26 15:31:41,200 - Evaluate - INFO - ASR Module... Epoch: 2, RSS: 5.64 GB
2026-07-26 15:31:41,201 - Evaluate - INFO - ASR... Epoch: 2, Walltime: 1.760875 CPU time: 9.981637
2026-07-26 15:31:42,998 - Evaluate - INFO - ASR Module... Epoch: 2, RSS: 5.64 GB
2026-07-26 15:31:42,999 - Evaluate - INFO - ASR... Epoch: 2, Walltime: 1.795057 CPU time: 10.005672
2026-07-26 15:31:44,904 - Evaluate - INFO - ASR Module... Epoch: 2, RSS: 5.64 GB
2026-07-26 15:31:44,905 - Evaluate - INFO - ASR... Epoch: 2, Walltime: 1.902214 CPU time: 10.364865
2026-07-26 15:31:46,470 - Evaluate - INFO - ASR Module... Epoch: 2, RSS: 5.64 GB
2026-07-26 15:31:46,471 - Evaluate - INFO - ASR... Epoch: 2, Walltime: 1.562820 CPU time: 8.525395
2026-07-26 15:31:48,350 - Evaluate - INFO - ASR Module... Epoch: 2, RSS: 5.64 GB
2026-07-26 15:31:48,351 - Evaluate - INFO - ASR... Epoch: 2, Walltime: 1.876233 CPU time: 10.044892
2026-07-26 15:31:50,054 - Evaluate - INFO - ASR Module... Epoch: 2, RSS: 5.64 GB
2026-07-26 15:31:50,055 - Evaluate - INFO - ASR... Epoch: 2, Walltime: 1.700948 CPU time: 8.857455
2026-07-26 15:31:52,377 - Evaluate - INFO - ASR Module... Epoch: 2, RSS: 5.64 GB
2026-07-26 15:31:52,378 - Evaluate - INFO - ASR... Epoch: 2, Walltime: 2.318030 CPU time: 13.114010
2026-07-26 15:31:55,912 - Evaluate - INFO - ASR Module... Epoch: 2, RSS: 5.64 GB
2026-07-26 15:31:55,913 - Evaluate - INFO - ASR... Epoch: 2, Walltime: 3.529044 CPU time: 19.692978
2026-07-26 15:31:59,521 - Evaluate - INFO - ASR Module... Epoch: 2, RSS: 5.64 GB
2026-07-26 15:31:59,522 - Evaluate - INFO - ASR... Epoch: 2, Walltime: 3.601964 CPU time: 19.291637
2026-07-26 15:32:02,941 - Evaluate - INFO - ASR Module... Epoch: 2, RSS: 5.64 GB
2026-07-26 15:32:02,942 - Evaluate - INFO - ASR... Epoch: 2, Walltime: 3.413205 CPU time: 18.612298
2026-07-26 15:32:06,373 - Evaluate - INFO - ASR Module... Epoch: 2, RSS: 5.57 GB
2026-07-26 15:32:06,374 - Evaluate - INFO - ASR... Epoch: 2, Walltime: 3.426832 CPU time: 18.236902
2026-07-26 15:32:09,790 - Evaluate - INFO - ASR Module... Epoch: 2, RSS: 5.57 GB
2026-07-26 15:32:09,791 - Evaluate - INFO - ASR... Epoch: 2, Walltime: 3.411082 CPU time: 18.805486
2026-07-26 15:32:15,546 - Evaluate - INFO - ASR Module... Epoch: 2, RSS: 5.63 GB
2026-07-26 15:32:15,547 - Evaluate - INFO - ASR... Epoch: 2, Walltime: 5.746174 CPU time: 31.887809
2026-07-26 15:32:19,709 - Evaluate - INFO - ASR Module... Epoch: 2, RSS: 5.57 GB
2026-07-26 15:32:19,710 - Evaluate - INFO - ASR... Epoch: 2, Walltime: 4.153871 CPU time: 22.390409
2026-07-26 15:32:23,631 - Evaluate - INFO - ASR Module... Epoch: 2, RSS: 5.57 GB
2026-07-26 15:32:23,632 - Evaluate - INFO - ASR... Epoch: 2, Walltime: 3.915027 CPU time: 21.230446
2026-07-26 15:32:28,890 - Evaluate - INFO - ASR Module... Epoch: 2, RSS: 5.63 GB
2026-07-26 15:32:28,890 - Evaluate - INFO - ASR... Epoch: 2, Walltime: 5.249392 CPU time: 28.874571
2026-07-26 15:32:30,924 - Evaluate - INFO - ASR Module... Epoch: 2, RSS: 5.63 GB
2026-07-26 15:32:30,925 - Evaluate - INFO - ASR... Epoch: 2, Walltime: 2.030057 CPU time: 10.476997
2026-07-26 15:32:37,519 - Evaluate - INFO - ASR Module... Epoch: 2, RSS: 5.63 GB
2026-07-26 15:32:37,519 - Evaluate - INFO - ASR... Epoch: 2, Walltime: 6.586858 CPU time: 36.321269
2026-07-26 15:32:43,665 - Evaluate - INFO - ASR Module... Epoch: 2, RSS: 5.63 GB
2026-07-26 15:32:43,666 - Evaluate - INFO - ASR... Epoch: 2, Walltime: 6.137964 CPU time: 33.898762
2026-07-26 15:32:48,301 - Evaluate - INFO - ASR Module... Epoch: 2, RSS: 5.57 GB
2026-07-26 15:32:48,302 - Evaluate - INFO - ASR... Epoch: 2, Walltime: 4.628776 CPU time: 25.358550
2026-07-26 15:32:52,828 - Evaluate - INFO - ASR Module... Epoch: 2, RSS: 5.63 GB
2026-07-26 15:32:52,828 - Evaluate - INFO - ASR... Epoch: 2, Walltime: 4.517693 CPU time: 24.723410
2026-07-26 15:32:58,010 - Evaluate - INFO - ASR Module... Epoch: 2, RSS: 5.64 GB
2026-07-26 15:32:58,011 - Evaluate - INFO - ASR... Epoch: 2, Walltime: 5.175109 CPU time: 28.440595
2026-07-26 15:32:59,843 - Evaluate - INFO - ASR Module... Epoch: 2, RSS: 5.64 GB
2026-07-26 15:32:59,844 - Evaluate - INFO - ASR... Epoch: 2, Walltime: 1.827351 CPU time: 10.474051
2026-07-26 15:33:02,342 - Evaluate - INFO - ASR Module... Epoch: 2, RSS: 5.64 GB
2026-07-26 15:33:02,343 - Evaluate - INFO - ASR... Epoch: 2, Walltime: 2.494765 CPU time: 14.092027
2026-07-26 15:33:03,807 - Evaluate - INFO - ASR Module... Epoch: 2, RSS: 5.64 GB
2026-07-26 15:33:03,807 - Evaluate - INFO - ASR... Epoch: 2, Walltime: 1.460216 CPU time: 8.202174
2026-07-26 15:33:07,019 - Evaluate - INFO - ASR Module... Epoch: 2, RSS: 5.57 GB
2026-07-26 15:33:07,020 - Evaluate - INFO - ASR... Epoch: 2, Walltime: 3.207163 CPU time: 17.648257
2026-07-26 15:33:09,809 - Evaluate - INFO - ASR Module... Epoch: 2, RSS: 5.60 GB
2026-07-26 15:33:09,810 - Evaluate - INFO - ASR... Epoch: 2, Walltime: 2.783871 CPU time: 15.651300
2026-07-26 15:33:11,317 - Evaluate - INFO - ASR Module... Epoch: 2, RSS: 5.60 GB
2026-07-26 15:33:11,318 - Evaluate - INFO - ASR... Epoch: 2, Walltime: 1.503881 CPU time: 8.647746
2026-07-26 15:33:13,788 - Evaluate - INFO - ASR Module... Epoch: 2, RSS: 5.57 GB
2026-07-26 15:33:13,789 - Evaluate - INFO - ASR... Epoch: 2, Walltime: 2.466164 CPU time: 14.039727
2026-07-26 15:33:16,662 - Evaluate - INFO - ASR Module... Epoch: 2, RSS: 5.57 GB
2026-07-26 15:33:16,663 - Evaluate - INFO - ASR... Epoch: 2, Walltime: 2.869413 CPU time: 16.311050
2026-07-26 15:33:19,982 - Evaluate - INFO - ASR Module... Epoch: 2, RSS: 5.57 GB
2026-07-26 15:33:19,982 - Evaluate - INFO - ASR... Epoch: 2, Walltime: 3.314029 CPU time: 18.672356
2026-07-26 15:33:23,353 - Evaluate - INFO - ASR Module... Epoch: 2, RSS: 5.57 GB
2026-07-26 15:33:23,354 - Evaluate - INFO - ASR... Epoch: 2, Walltime: 3.365348 CPU time: 18.728838
2026-07-26 15:33:25,938 - Evaluate - INFO - ASR Module... Epoch: 2, RSS: 5.63 GB
2026-07-26 15:33:25,939 - Evaluate - INFO - ASR... Epoch: 2, Walltime: 2.578738 CPU time: 14.958798
2026-07-26 15:33:27,434 - Evaluate - INFO - ASR Module... Epoch: 2, RSS: 5.63 GB
2026-07-26 15:33:27,435 - Evaluate - INFO - ASR... Epoch: 2, Walltime: 1.492457 CPU time: 8.523598
2026-07-26 15:33:29,816 - Evaluate - INFO - ASR Module... Epoch: 2, RSS: 5.64 GB
2026-07-26 15:33:29,817 - Evaluate - INFO - ASR... Epoch: 2, Walltime: 2.377162 CPU time: 13.035191
2026-07-26 15:33:32,787 - Evaluate - INFO - ASR Module... Epoch: 2, RSS: 5.64 GB
2026-07-26 15:33:32,788 - Evaluate - INFO - ASR... Epoch: 2, Walltime: 2.966820 CPU time: 16.401278
2026-07-26 15:33:33,987 - Evaluate - INFO - ASR Module... Epoch: 2, RSS: 5.64 GB
2026-07-26 15:33:33,988 - Evaluate - INFO - ASR... Epoch: 2, Walltime: 1.195851 CPU time: 6.911431
2026-07-26 15:33:36,660 - Evaluate - INFO - ASR Module... Epoch: 2, RSS: 5.64 GB
2026-07-26 15:33:36,661 - Evaluate - INFO - ASR... Epoch: 2, Walltime: 2.669362 CPU time: 14.824913
2026-07-26 15:33:38,416 - Evaluate - INFO - ASR Module... Epoch: 2, RSS: 5.64 GB
2026-07-26 15:33:38,417 - Evaluate - INFO - ASR... Epoch: 2, Walltime: 1.751871 CPU time: 9.932533
2026-07-26 15:33:41,913 - Evaluate - INFO - ASR Module... Epoch: 2, RSS: 5.64 GB
2026-07-26 15:33:41,914 - Evaluate - INFO - ASR... Epoch: 2, Walltime: 3.491425 CPU time: 19.587805
2026-07-26 15:33:45,106 - Evaluate - INFO - ASR Module... Epoch: 2, RSS: 5.64 GB
2026-07-26 15:33:45,107 - Evaluate - INFO - ASR... Epoch: 2, Walltime: 3.186293 CPU time: 17.666097
2026-07-26 15:33:47,816 - Evaluate - INFO - ASR Module... Epoch: 2, RSS: 5.64 GB
2026-07-26 15:33:47,817 - Evaluate - INFO - ASR... Epoch: 2, Walltime: 2.704597 CPU time: 15.193230
2026-07-26 15:33:50,127 - Evaluate - INFO - ASR Module... Epoch: 2, RSS: 5.57 GB
2026-07-26 15:33:50,128 - Evaluate - INFO - ASR... Epoch: 2, Walltime: 2.307347 CPU time: 12.697835
2026-07-26 15:33:52,831 - Evaluate - INFO - ASR Module... Epoch: 2, RSS: 5.63 GB
2026-07-26 15:33:52,831 - Evaluate - INFO - ASR... Epoch: 2, Walltime: 2.698947 CPU time: 15.451195
2026-07-26 15:33:54,911 - Evaluate - INFO - ASR Module... Epoch: 2, RSS: 5.63 GB
2026-07-26 15:33:54,912 - Evaluate - INFO - ASR... Epoch: 2, Walltime: 2.076546 CPU time: 11.877511
2026-07-26 15:33:56,997 - Evaluate - INFO - ASR Module... Epoch: 2, RSS: 5.63 GB
2026-07-26 15:33:56,998 - Evaluate - INFO - ASR... Epoch: 2, Walltime: 2.081261 CPU time: 11.742028
2026-07-26 15:33:59,062 - Evaluate - INFO - ASR Module... Epoch: 2, RSS: 5.63 GB
2026-07-26 15:33:59,062 - Evaluate - INFO - ASR... Epoch: 2, Walltime: 2.060008 CPU time: 11.582680
2026-07-26 15:34:02,202 - Evaluate - INFO - ASR Module... Epoch: 2, RSS: 5.63 GB
2026-07-26 15:34:02,203 - Evaluate - INFO - ASR... Epoch: 2, Walltime: 3.134268 CPU time: 17.687368
2026-07-26 15:34:05,388 - Evaluate - INFO - ASR Module... Epoch: 2, RSS: 5.63 GB
2026-07-26 15:34:05,389 - Evaluate - INFO - ASR... Epoch: 2, Walltime: 3.179532 CPU time: 18.010863
2026-07-26 15:34:08,003 - Evaluate - INFO - ASR Module... Epoch: 2, RSS: 5.63 GB
2026-07-26 15:34:08,004 - Evaluate - INFO - ASR... Epoch: 2, Walltime: 2.609615 CPU time: 14.827103
2026-07-26 15:34:10,043 - Evaluate - INFO - ASR Module... Epoch: 2, RSS: 5.63 GB
2026-07-26 15:34:10,043 - Evaluate - INFO - ASR... Epoch: 2, Walltime: 2.035287 CPU time: 11.424975
2026-07-26 15:34:13,439 - Evaluate - INFO - ASR Module... Epoch: 2, RSS: 5.63 GB
2026-07-26 15:34:13,441 - Evaluate - INFO - ASR... Epoch: 2, Walltime: 3.391824 CPU time: 19.034966
2026-07-26 15:34:17,176 - Evaluate - INFO - ASR Module... Epoch: 2, RSS: 5.63 GB
2026-07-26 15:34:17,176 - Evaluate - INFO - ASR... Epoch: 2, Walltime: 3.730226 CPU time: 21.112005
2026-07-26 15:34:19,521 - Evaluate - INFO - ASR Module... Epoch: 2, RSS: 5.63 GB
2026-07-26 15:34:19,521 - Evaluate - INFO - ASR... Epoch: 2, Walltime: 2.340266 CPU time: 13.070229
2026-07-26 15:34:22,549 - Evaluate - INFO - ASR Module... Epoch: 2, RSS: 5.63 GB
2026-07-26 15:34:22,550 - Evaluate - INFO - ASR... Epoch: 2, Walltime: 3.023294 CPU time: 16.659437
2026-07-26 15:34:26,367 - Evaluate - INFO - ASR Module... Epoch: 2, RSS: 5.60 GB
2026-07-26 15:34:26,368 - Evaluate - INFO - ASR... Epoch: 2, Walltime: 3.812460 CPU time: 21.052712
2026-07-26 15:34:29,027 - Evaluate - INFO - ASR Module... Epoch: 2, RSS: 5.60 GB
2026-07-26 15:34:29,027 - Evaluate - INFO - ASR... Epoch: 2, Walltime: 2.654419 CPU time: 15.151180
2026-07-26 15:34:32,143 - Evaluate - INFO - ASR Module... Epoch: 2, RSS: 5.60 GB
2026-07-26 15:34:32,144 - Evaluate - INFO - ASR... Epoch: 2, Walltime: 3.111091 CPU time: 17.332505
2026-07-26 15:34:35,229 - Evaluate - INFO - ASR Module... Epoch: 2, RSS: 5.63 GB
2026-07-26 15:34:35,229 - Evaluate - INFO - ASR... Epoch: 2, Walltime: 3.079945 CPU time: 17.587860
2026-07-26 15:34:41,110 - Evaluate - INFO - ASR Module... Epoch: 2, RSS: 5.63 GB
2026-07-26 15:34:41,110 - Evaluate - INFO - ASR... Epoch: 2, Walltime: 5.873135 CPU time: 32.565495
2026-07-26 15:34:45,230 - Evaluate - INFO - ASR Module... Epoch: 2, RSS: 5.57 GB
2026-07-26 15:34:45,231 - Evaluate - INFO - ASR... Epoch: 2, Walltime: 4.113672 CPU time: 22.920161
2026-07-26 15:34:48,736 - Evaluate - INFO - ASR Module... Epoch: 2, RSS: 5.57 GB
2026-07-26 15:34:48,737 - Evaluate - INFO - ASR... Epoch: 2, Walltime: 3.500072 CPU time: 19.078708
2026-07-26 15:34:52,680 - Evaluate - INFO - ASR Module... Epoch: 2, RSS: 5.64 GB
2026-07-26 15:34:52,681 - Evaluate - INFO - ASR... Epoch: 2, Walltime: 3.936388 CPU time: 22.057536
2026-07-26 15:34:54,586 - Evaluate - INFO - ASR Module... Epoch: 2, RSS: 5.57 GB
2026-07-26 15:34:54,587 - Evaluate - INFO - ASR... Epoch: 2, Walltime: 1.901713 CPU time: 10.598862
2026-07-26 15:34:56,458 - Evaluate - INFO - ASR Module... Epoch: 2, RSS: 5.57 GB
2026-07-26 15:34:56,459 - Evaluate - INFO - ASR... Epoch: 2, Walltime: 1.867828 CPU time: 10.721045
2026-07-26 15:34:58,548 - Evaluate - INFO - ASR Module... Epoch: 2, RSS: 5.57 GB
2026-07-26 15:34:58,549 - Evaluate - INFO - ASR... Epoch: 2, Walltime: 2.085737 CPU time: 11.805722
2026-07-26 15:35:00,263 - Evaluate - INFO - ASR Module... Epoch: 2, RSS: 5.57 GB
2026-07-26 15:35:00,263 - Evaluate - INFO - ASR... Epoch: 2, Walltime: 1.710846 CPU time: 9.710801
2026-07-26 15:35:01,324 - Evaluate - INFO - ASR Module... Epoch: 2, RSS: 5.57 GB
2026-07-26 15:35:01,325 - Evaluate - INFO - ASR... Epoch: 2, Walltime: 1.058166 CPU time: 5.831232
2026-07-26 15:35:03,438 - Evaluate - INFO - ASR Module... Epoch: 2, RSS: 5.57 GB
2026-07-26 15:35:03,439 - Evaluate - INFO - ASR... Epoch: 2, Walltime: 2.110352 CPU time: 12.088541
2026-07-26 15:35:05,028 - Evaluate - INFO - ASR Module... Epoch: 2, RSS: 5.57 GB
2026-07-26 15:35:05,029 - Evaluate - INFO - ASR... Epoch: 2, Walltime: 1.585839 CPU time: 9.108703
2026-07-26 15:35:07,068 - Evaluate - INFO - ASR Module... Epoch: 2, RSS: 5.63 GB
2026-07-26 15:35:07,069 - Evaluate - INFO - ASR... Epoch: 2, Walltime: 2.036208 CPU time: 11.806744
2026-07-26 15:35:09,753 - Evaluate - INFO - ASR Module... Epoch: 2, RSS: 5.63 GB
2026-07-26 15:35:09,754 - Evaluate - INFO - ASR... Epoch: 2, Walltime: 2.679080 CPU time: 15.468851
2026-07-26 15:35:12,608 - Evaluate - INFO - ASR Module... Epoch: 2, RSS: 5.63 GB
2026-07-26 15:35:12,609 - Evaluate - INFO - ASR... Epoch: 2, Walltime: 2.849510 CPU time: 16.257725
2026-07-26 15:35:15,092 - Evaluate - INFO - ASR Module... Epoch: 2, RSS: 5.64 GB
2026-07-26 15:35:15,093 - Evaluate - INFO - ASR... Epoch: 2, Walltime: 2.479436 CPU time: 13.429850
2026-07-26 15:35:16,671 - Evaluate - INFO - ASR Module... Epoch: 2, RSS: 5.64 GB
2026-07-26 15:35:16,672 - Evaluate - INFO - ASR... Epoch: 2, Walltime: 1.575367 CPU time: 9.238597
2026-07-26 15:35:18,801 - Evaluate - INFO - ASR Module... Epoch: 2, RSS: 5.64 GB
2026-07-26 15:35:18,802 - Evaluate - INFO - ASR... Epoch: 2, Walltime: 2.124923 CPU time: 12.139285
2026-07-26 15:35:20,412 - Evaluate - INFO - ASR Module... Epoch: 2, RSS: 5.64 GB
2026-07-26 15:35:20,412 - Evaluate - INFO - ASR... Epoch: 2, Walltime: 1.606801 CPU time: 8.747890
2026-07-26 15:35:22,748 - Evaluate - INFO - ASR Module... Epoch: 2, RSS: 5.63 GB
2026-07-26 15:35:22,749 - Evaluate - INFO - ASR... Epoch: 2, Walltime: 2.332031 CPU time: 12.905636
2026-07-26 15:35:24,832 - Evaluate - INFO - ASR Module... Epoch: 2, RSS: 5.63 GB
2026-07-26 15:35:24,833 - Evaluate - INFO - ASR... Epoch: 2, Walltime: 2.079748 CPU time: 12.151726
2026-07-26 15:35:27,554 - Evaluate - INFO - ASR Module... Epoch: 2, RSS: 5.63 GB
2026-07-26 15:35:27,555 - Evaluate - INFO - ASR... Epoch: 2, Walltime: 2.717741 CPU time: 15.463931
2026-07-26 15:35:31,331 - Evaluate - INFO - ASR Module... Epoch: 2, RSS: 5.63 GB
2026-07-26 15:35:31,331 - Evaluate - INFO - ASR... Epoch: 2, Walltime: 3.770823 CPU time: 20.967119
2026-07-26 15:35:33,681 - Evaluate - INFO - ASR Module... Epoch: 2, RSS: 5.63 GB
2026-07-26 15:35:33,682 - Evaluate - INFO - ASR... Epoch: 2, Walltime: 2.346187 CPU time: 13.259073
2026-07-26 15:35:37,743 - Evaluate - INFO - ASR Module... Epoch: 2, RSS: 5.63 GB
2026-07-26 15:35:37,744 - Evaluate - INFO - ASR... Epoch: 2, Walltime: 4.056276 CPU time: 22.363644
2026-07-26 15:35:40,046 - Evaluate - INFO - ASR Module... Epoch: 2, RSS: 5.63 GB
2026-07-26 15:35:40,047 - Evaluate - INFO - ASR... Epoch: 2, Walltime: 2.297128 CPU time: 13.036088
2026-07-26 15:35:41,904 - Evaluate - INFO - ASR Module... Epoch: 2, RSS: 5.63 GB
2026-07-26 15:35:41,904 - Evaluate - INFO - ASR... Epoch: 2, Walltime: 1.853855 CPU time: 10.583130
2026-07-26 15:35:43,256 - Evaluate - INFO - ASR Module... Epoch: 2, RSS: 5.63 GB
2026-07-26 15:35:43,257 - Evaluate - INFO - ASR... Epoch: 2, Walltime: 1.349349 CPU time: 7.759113
2026-07-26 15:35:44,804 - Evaluate - INFO - ASR Module... Epoch: 2, RSS: 5.63 GB
2026-07-26 15:35:44,804 - Evaluate - INFO - ASR... Epoch: 2, Walltime: 1.543970 CPU time: 8.837807
2026-07-26 15:35:46,878 - Evaluate - INFO - ASR Module... Epoch: 2, RSS: 5.63 GB
2026-07-26 15:35:46,878 - Evaluate - INFO - ASR... Epoch: 2, Walltime: 2.069575 CPU time: 11.145392
2026-07-26 15:35:48,268 - Evaluate - INFO - ASR Module... Epoch: 2, RSS: 5.63 GB
2026-07-26 15:35:48,269 - Evaluate - INFO - ASR... Epoch: 2, Walltime: 1.386995 CPU time: 7.821566
2026-07-26 15:35:49,706 - Evaluate - INFO - ASR Module... Epoch: 2, RSS: 5.63 GB
2026-07-26 15:35:49,707 - Evaluate - INFO - ASR... Epoch: 2, Walltime: 1.434263 CPU time: 7.519449
2026-07-26 15:35:51,222 - Evaluate - INFO - ASR Module... Epoch: 2, RSS: 5.63 GB
2026-07-26 15:35:51,223 - Evaluate - INFO - ASR... Epoch: 2, Walltime: 1.512892 CPU time: 8.354845
2026-07-26 15:35:52,975 - Evaluate - INFO - ASR Module... Epoch: 2, RSS: 5.63 GB
2026-07-26 15:35:52,976 - Evaluate - INFO - ASR... Epoch: 2, Walltime: 1.749313 CPU time: 9.725073
2026-07-26 15:35:54,447 - Evaluate - INFO - ASR Module... Epoch: 2, RSS: 5.63 GB
2026-07-26 15:35:54,448 - Evaluate - INFO - ASR... Epoch: 2, Walltime: 1.467891 CPU time: 8.377353
2026-07-26 15:35:56,125 - Evaluate - INFO - ASR Module... Epoch: 2, RSS: 5.63 GB
2026-07-26 15:35:56,126 - Evaluate - INFO - ASR... Epoch: 2, Walltime: 1.674694 CPU time: 9.400177
2026-07-26 15:35:57,537 - Evaluate - INFO - ASR Module... Epoch: 2, RSS: 5.63 GB
2026-07-26 15:35:57,538 - Evaluate - INFO - ASR... Epoch: 2, Walltime: 1.409030 CPU time: 7.989479
2026-07-26 15:35:59,442 - Evaluate - INFO - ASR Module... Epoch: 2, RSS: 5.63 GB
2026-07-26 15:35:59,443 - Evaluate - INFO - ASR... Epoch: 2, Walltime: 1.901126 CPU time: 10.515530
2026-07-26 15:36:01,124 - Evaluate - INFO - ASR Module... Epoch: 2, RSS: 5.63 GB
2026-07-26 15:36:01,125 - Evaluate - INFO - ASR... Epoch: 2, Walltime: 1.679028 CPU time: 9.573635
2026-07-26 15:36:02,991 - Evaluate - INFO - ASR Module... Epoch: 2, RSS: 5.63 GB
2026-07-26 15:36:02,992 - Evaluate - INFO - ASR... Epoch: 2, Walltime: 1.862941 CPU time: 10.652911
2026-07-26 15:36:04,809 - Evaluate - INFO - ASR Module... Epoch: 2, RSS: 5.63 GB
2026-07-26 15:36:04,810 - Evaluate - INFO - ASR... Epoch: 2, Walltime: 1.814907 CPU time: 10.299415
2026-07-26 15:36:06,282 - Evaluate - INFO - ASR Module... Epoch: 2, RSS: 5.63 GB
2026-07-26 15:36:06,283 - Evaluate - INFO - ASR... Epoch: 2, Walltime: 1.468863 CPU time: 8.085462
2026-07-26 15:36:07,664 - Evaluate - INFO - ASR Module... Epoch: 2, RSS: 5.63 GB
2026-07-26 15:36:07,665 - Evaluate - INFO - ASR... Epoch: 2, Walltime: 1.379264 CPU time: 7.950675
2026-07-26 15:36:09,607 - Evaluate - INFO - ASR Module... Epoch: 2, RSS: 5.63 GB
2026-07-26 15:36:09,608 - Evaluate - INFO - ASR... Epoch: 2, Walltime: 1.940118 CPU time: 10.542802
2026-07-26 15:36:11,105 - Evaluate - INFO - ASR Module... Epoch: 2, RSS: 5.63 GB
2026-07-26 15:36:11,106 - Evaluate - INFO - ASR... Epoch: 2, Walltime: 1.493896 CPU time: 8.401954
2026-07-26 15:36:12,683 - Evaluate - INFO - ASR Module... Epoch: 2, RSS: 5.63 GB
2026-07-26 15:36:12,683 - Evaluate - INFO - ASR... Epoch: 2, Walltime: 1.574835 CPU time: 8.824648
2026-07-26 15:36:14,139 - Evaluate - INFO - ASR Module... Epoch: 2, RSS: 5.63 GB
2026-07-26 15:36:14,140 - Evaluate - INFO - ASR... Epoch: 2, Walltime: 1.453971 CPU time: 8.052469
2026-07-26 15:36:15,466 - Evaluate - INFO - ASR Module... Epoch: 2, RSS: 5.63 GB
2026-07-26 15:36:15,467 - Evaluate - INFO - ASR... Epoch: 2, Walltime: 1.323579 CPU time: 7.522447
2026-07-26 15:36:16,733 - Evaluate - INFO - ASR Module... Epoch: 2, RSS: 5.63 GB
2026-07-26 15:36:16,734 - Evaluate - INFO - ASR... Epoch: 2, Walltime: 1.264441 CPU time: 7.071972
2026-07-26 15:36:18,260 - Evaluate - INFO - ASR Module... Epoch: 2, RSS: 5.63 GB
2026-07-26 15:36:18,261 - Evaluate - INFO - ASR... Epoch: 2, Walltime: 1.523298 CPU time: 8.677261
2026-07-26 15:36:20,296 - Evaluate - INFO - ASR Module... Epoch: 2, RSS: 5.63 GB
2026-07-26 15:36:20,297 - Evaluate - INFO - ASR... Epoch: 2, Walltime: 2.032574 CPU time: 11.287355
2026-07-26 15:36:22,350 - Evaluate - INFO - ASR Module... Epoch: 2, RSS: 5.63 GB
2026-07-26 15:36:22,351 - Evaluate - INFO - ASR... Epoch: 2, Walltime: 2.050394 CPU time: 10.962095
2026-07-26 15:36:23,969 - Evaluate - INFO - ASR Module... Epoch: 2, RSS: 5.63 GB
2026-07-26 15:36:23,969 - Evaluate - INFO - ASR... Epoch: 2, Walltime: 1.614304 CPU time: 9.354579
2026-07-26 15:36:25,230 - Evaluate - INFO - ASR Module... Epoch: 2, RSS: 5.63 GB
2026-07-26 15:36:25,231 - Evaluate - INFO - ASR... Epoch: 2, Walltime: 1.258861 CPU time: 6.912996
2026-07-26 15:36:27,068 - Evaluate - INFO - ASR Module... Epoch: 2, RSS: 5.63 GB
2026-07-26 15:36:27,068 - Evaluate - INFO - ASR... Epoch: 2, Walltime: 1.833936 CPU time: 10.333348
2026-07-26 15:36:28,551 - Evaluate - INFO - ASR Module... Epoch: 2, RSS: 5.63 GB
2026-07-26 15:36:28,551 - Evaluate - INFO - ASR... Epoch: 2, Walltime: 1.480063 CPU time: 8.082482
2026-07-26 15:36:30,143 - Evaluate - INFO - ASR Module... Epoch: 2, RSS: 5.63 GB
2026-07-26 15:36:30,144 - Evaluate - INFO - ASR... Epoch: 2, Walltime: 1.589242 CPU time: 9.077032
2026-07-26 15:36:31,932 - Evaluate - INFO - ASR Module... Epoch: 2, RSS: 5.63 GB
2026-07-26 15:36:31,933 - Evaluate - INFO - ASR... Epoch: 2, Walltime: 1.785823 CPU time: 10.146720
2026-07-26 15:36:33,269 - Evaluate - INFO - ASR Module... Epoch: 2, RSS: 5.63 GB
2026-07-26 15:36:33,270 - Evaluate - INFO - ASR... Epoch: 2, Walltime: 1.333310 CPU time: 7.386577
2026-07-26 15:36:34,642 - Evaluate - INFO - ASR Module... Epoch: 2, RSS: 5.63 GB
2026-07-26 15:36:34,643 - Evaluate - INFO - ASR... Epoch: 2, Walltime: 1.369874 CPU time: 7.520419
2026-07-26 15:36:35,989 - Evaluate - INFO - ASR Module... Epoch: 2, RSS: 5.63 GB
2026-07-26 15:36:35,990 - Evaluate - INFO - ASR... Epoch: 2, Walltime: 1.343679 CPU time: 7.391587
2026-07-26 15:36:37,534 - Evaluate - INFO - ASR Module... Epoch: 2, RSS: 5.63 GB
2026-07-26 15:36:37,534 - Evaluate - INFO - ASR... Epoch: 2, Walltime: 1.541189 CPU time: 8.967347
2026-07-26 15:36:39,084 - Evaluate - INFO - ASR Module... Epoch: 2, RSS: 5.63 GB
2026-07-26 15:36:39,085 - Evaluate - INFO - ASR... Epoch: 2, Walltime: 1.547038 CPU time: 8.720852
2026-07-26 15:36:40,725 - Evaluate - INFO - ASR Module... Epoch: 2, RSS: 5.63 GB
2026-07-26 15:36:40,726 - Evaluate - INFO - ASR... Epoch: 2, Walltime: 1.637246 CPU time: 9.085899
2026-07-26 15:36:41,984 - Evaluate - INFO - ASR Module... Epoch: 2, RSS: 5.63 GB
2026-07-26 15:36:41,984 - Evaluate - INFO - ASR... Epoch: 2, Walltime: 1.255636 CPU time: 7.256867
2026-07-26 15:36:44,038 - Evaluate - INFO - ASR Module... Epoch: 2, RSS: 5.63 GB
2026-07-26 15:36:44,039 - Evaluate - INFO - ASR... Epoch: 2, Walltime: 2.050336 CPU time: 11.383546
2026-07-26 15:36:46,079 - Evaluate - INFO - ASR Module... Epoch: 2, RSS: 5.63 GB
2026-07-26 15:36:46,080 - Evaluate - INFO - ASR... Epoch: 2, Walltime: 2.036839 CPU time: 11.278069
2026-07-26 15:36:47,601 - Evaluate - INFO - ASR Module... Epoch: 2, RSS: 5.63 GB
2026-07-26 15:36:47,602 - Evaluate - INFO - ASR... Epoch: 2, Walltime: 1.517352 CPU time: 8.472912
2026-07-26 15:36:49,312 - Evaluate - INFO - ASR Module... Epoch: 2, RSS: 5.63 GB
2026-07-26 15:36:49,313 - Evaluate - INFO - ASR... Epoch: 2, Walltime: 1.707618 CPU time: 9.556728
2026-07-26 15:36:50,815 - Evaluate - INFO - ASR Module... Epoch: 2, RSS: 5.63 GB
2026-07-26 15:36:50,816 - Evaluate - INFO - ASR... Epoch: 2, Walltime: 1.498516 CPU time: 8.254025
2026-07-26 15:36:52,560 - Evaluate - INFO - ASR Module... Epoch: 2, RSS: 5.63 GB
2026-07-26 15:36:52,561 - Evaluate - INFO - ASR... Epoch: 2, Walltime: 1.740840 CPU time: 9.899030
2026-07-26 15:36:54,318 - Evaluate - INFO - ASR Module... Epoch: 2, RSS: 5.63 GB
2026-07-26 15:36:54,319 - Evaluate - INFO - ASR... Epoch: 2, Walltime: 1.754331 CPU time: 10.021693
2026-07-26 15:36:55,744 - Evaluate - INFO - ASR Module... Epoch: 2, RSS: 5.63 GB
2026-07-26 15:36:55,745 - Evaluate - INFO - ASR... Epoch: 2, Walltime: 1.422346 CPU time: 7.956616
2026-07-26 15:36:57,366 - Evaluate - INFO - ASR Module... Epoch: 2, RSS: 5.63 GB
2026-07-26 15:36:57,367 - Evaluate - INFO - ASR... Epoch: 2, Walltime: 1.618571 CPU time: 9.103079
2026-07-26 15:36:59,094 - Evaluate - INFO - ASR Module... Epoch: 2, RSS: 5.63 GB
2026-07-26 15:36:59,095 - Evaluate - INFO - ASR... Epoch: 2, Walltime: 1.723931 CPU time: 9.823740
2026-07-26 15:37:00,806 - Evaluate - INFO - ASR Module... Epoch: 2, RSS: 5.63 GB
2026-07-26 15:37:00,806 - Evaluate - INFO - ASR... Epoch: 2, Walltime: 1.708144 CPU time: 9.660754
2026-07-26 15:37:02,701 - Evaluate - INFO - ASR Module... Epoch: 2, RSS: 5.63 GB
2026-07-26 15:37:02,702 - Evaluate - INFO - ASR... Epoch: 2, Walltime: 1.891764 CPU time: 10.067529
2026-07-26 15:37:04,145 - Evaluate - INFO - ASR Module... Epoch: 2, RSS: 5.63 GB
2026-07-26 15:37:04,147 - Evaluate - INFO - ASR... Epoch: 2, Walltime: 1.441090 CPU time: 8.414085
2026-07-26 15:37:05,389 - Evaluate - INFO - ASR Module... Epoch: 2, RSS: 5.63 GB
2026-07-26 15:37:05,390 - Evaluate - INFO - ASR... Epoch: 2, Walltime: 1.240063 CPU time: 7.253060
2026-07-26 15:37:07,203 - Evaluate - INFO - ASR Module... Epoch: 2, RSS: 5.63 GB
2026-07-26 15:37:07,204 - Evaluate - INFO - ASR... Epoch: 2, Walltime: 1.811128 CPU time: 9.823344
2026-07-26 15:37:08,990 - Evaluate - INFO - ASR Module... Epoch: 2, RSS: 5.63 GB
2026-07-26 15:37:08,991 - Evaluate - INFO - ASR... Epoch: 2, Walltime: 1.782800 CPU time: 9.995075
2026-07-26 15:37:10,642 - Evaluate - INFO - ASR Module... Epoch: 2, RSS: 5.63 GB
2026-07-26 15:37:10,643 - Evaluate - INFO - ASR... Epoch: 2, Walltime: 1.648397 CPU time: 9.519089
2026-07-26 15:37:12,133 - Evaluate - INFO - ASR Module... Epoch: 2, RSS: 5.63 GB
2026-07-26 15:37:12,133 - Evaluate - INFO - ASR... Epoch: 2, Walltime: 1.485882 CPU time: 8.087835
2026-07-26 15:37:15,680 - Evaluate - INFO - ASR Module... Epoch: 2, RSS: 5.63 GB
2026-07-26 15:37:15,681 - Evaluate - INFO - ASR... Epoch: 2, Walltime: 3.542171 CPU time: 20.130251
2026-07-26 15:37:20,099 - Evaluate - INFO - ASR Module... Epoch: 2, RSS: 5.63 GB
2026-07-26 15:37:20,100 - Evaluate - INFO - ASR... Epoch: 2, Walltime: 4.412274 CPU time: 25.123291
2026-07-26 15:37:23,777 - Evaluate - INFO - ASR Module... Epoch: 2, RSS: 5.63 GB
2026-07-26 15:37:23,778 - Evaluate - INFO - ASR... Epoch: 2, Walltime: 3.670264 CPU time: 21.002763
2026-07-26 15:37:27,599 - Evaluate - INFO - ASR Module... Epoch: 2, RSS: 5.63 GB
2026-07-26 15:37:27,600 - Evaluate - INFO - ASR... Epoch: 2, Walltime: 3.815757 CPU time: 21.428861
2026-07-26 15:37:28,780 - Evaluate - INFO - ASR Module... Epoch: 2, RSS: 5.63 GB
2026-07-26 15:37:28,781 - Evaluate - INFO - ASR... Epoch: 2, Walltime: 1.177248 CPU time: 7.009436
2026-07-26 15:37:33,107 - Evaluate - INFO - ASR Module... Epoch: 2, RSS: 5.63 GB
2026-07-26 15:37:33,108 - Evaluate - INFO - ASR... Epoch: 2, Walltime: 4.320566 CPU time: 24.384405
2026-07-26 15:37:37,140 - Evaluate - INFO - ASR Module... Epoch: 2, RSS: 5.63 GB
2026-07-26 15:37:37,141 - Evaluate - INFO - ASR... Epoch: 2, Walltime: 4.024708 CPU time: 23.144852
2026-07-26 15:37:41,795 - Evaluate - INFO - ASR Module... Epoch: 2, RSS: 5.63 GB
2026-07-26 15:37:41,796 - Evaluate - INFO - ASR... Epoch: 2, Walltime: 4.646902 CPU time: 26.062847
2026-07-26 15:37:46,683 - Evaluate - INFO - ASR Module... Epoch: 2, RSS: 5.63 GB
2026-07-26 15:37:46,683 - Evaluate - INFO - ASR... Epoch: 2, Walltime: 4.879281 CPU time: 26.559110
2026-07-26 15:37:50,520 - Evaluate - INFO - ASR Module... Epoch: 2, RSS: 5.63 GB
2026-07-26 15:37:50,521 - Evaluate - INFO - ASR... Epoch: 2, Walltime: 3.827887 CPU time: 21.322797
2026-07-26 15:37:53,040 - Evaluate - INFO - ASR Module... Epoch: 2, RSS: 5.63 GB
2026-07-26 15:37:53,041 - Evaluate - INFO - ASR... Epoch: 2, Walltime: 2.514100 CPU time: 14.289905
2026-07-26 15:37:54,893 - Evaluate - INFO - ASR Module... Epoch: 2, RSS: 5.63 GB
2026-07-26 15:37:54,894 - Evaluate - INFO - ASR... Epoch: 2, Walltime: 1.849039 CPU time: 10.409592
2026-07-26 15:37:58,132 - Evaluate - INFO - ASR Module... Epoch: 2, RSS: 5.63 GB
2026-07-26 15:37:58,134 - Evaluate - INFO - ASR... Epoch: 2, Walltime: 3.232479 CPU time: 18.486483
2026-07-26 15:38:01,604 - Evaluate - INFO - ASR Module... Epoch: 2, RSS: 5.63 GB
2026-07-26 15:38:01,605 - Evaluate - INFO - ASR... Epoch: 2, Walltime: 3.464708 CPU time: 20.092449
2026-07-26 15:38:05,610 - Evaluate - INFO - ASR Module... Epoch: 2, RSS: 5.63 GB
2026-07-26 15:38:05,611 - Evaluate - INFO - ASR... Epoch: 2, Walltime: 3.998062 CPU time: 22.355010
2026-07-26 15:38:08,623 - Evaluate - INFO - ASR Module... Epoch: 2, RSS: 5.63 GB
2026-07-26 15:38:08,624 - Evaluate - INFO - ASR... Epoch: 2, Walltime: 3.007351 CPU time: 16.774622
2026-07-26 15:38:10,285 - Evaluate - INFO - ASR Module... Epoch: 2, RSS: 5.63 GB
2026-07-26 15:38:10,286 - Evaluate - INFO - ASR... Epoch: 2, Walltime: 1.657887 CPU time: 9.503704
2026-07-26 15:38:13,530 - Evaluate - INFO - ASR Module... Epoch: 2, RSS: 5.63 GB
2026-07-26 15:38:13,531 - Evaluate - INFO - ASR... Epoch: 2, Walltime: 3.236963 CPU time: 18.533599
2026-07-26 15:38:16,984 - Evaluate - INFO - ASR Module... Epoch: 2, RSS: 5.63 GB
2026-07-26 15:38:16,984 - Evaluate - INFO - ASR... Epoch: 2, Walltime: 3.446513 CPU time: 19.712279
2026-07-26 15:38:18,988 - Evaluate - INFO - ASR Module... Epoch: 2, RSS: 5.63 GB
2026-07-26 15:38:18,989 - Evaluate - INFO - ASR... Epoch: 2, Walltime: 1.999813 CPU time: 11.356467
2026-07-26 15:38:20,626 - Evaluate - INFO - ASR Module... Epoch: 2, RSS: 5.63 GB
2026-07-26 15:38:20,627 - Evaluate - INFO - ASR... Epoch: 2, Walltime: 1.634149 CPU time: 9.479895
2026-07-26 15:38:22,700 - Evaluate - INFO - ASR Module... Epoch: 2, RSS: 5.63 GB
2026-07-26 15:38:22,701 - Evaluate - INFO - ASR... Epoch: 2, Walltime: 2.069865 CPU time: 11.891025
2026-07-26 15:38:24,156 - Evaluate - INFO - ASR Module... Epoch: 2, RSS: 5.63 GB
2026-07-26 15:38:24,157 - Evaluate - INFO - ASR... Epoch: 2, Walltime: 1.450942 CPU time: 8.134868
2026-07-26 15:38:26,725 - Evaluate - INFO - ASR Module... Epoch: 2, RSS: 5.63 GB
2026-07-26 15:38:26,726 - Evaluate - INFO - ASR... Epoch: 2, Walltime: 2.564170 CPU time: 14.469573
2026-07-26 15:38:27,953 - Evaluate - INFO - ASR Module... Epoch: 2, RSS: 5.63 GB
2026-07-26 15:38:27,954 - Evaluate - INFO - ASR... Epoch: 2, Walltime: 1.223614 CPU time: 7.051723
2026-07-26 15:38:30,418 - Evaluate - INFO - ASR Module... Epoch: 2, RSS: 5.63 GB
2026-07-26 15:38:30,419 - Evaluate - INFO - ASR... Epoch: 2, Walltime: 2.459907 CPU time: 14.360555
2026-07-26 15:38:32,851 - Evaluate - INFO - ASR Module... Epoch: 2, RSS: 5.63 GB
2026-07-26 15:38:32,852 - Evaluate - INFO - ASR... Epoch: 2, Walltime: 2.428896 CPU time: 14.121289
2026-07-26 15:38:35,899 - Evaluate - INFO - ASR Module... Epoch: 2, RSS: 5.60 GB
2026-07-26 15:38:35,900 - Evaluate - INFO - ASR... Epoch: 2, Walltime: 3.040623 CPU time: 17.123476
2026-07-26 15:38:37,425 - Evaluate - INFO - ASR Module... Epoch: 2, RSS: 5.60 GB
2026-07-26 15:38:37,426 - Evaluate - INFO - ASR... Epoch: 2, Walltime: 1.522166 CPU time: 8.567157
2026-07-26 15:38:38,916 - Evaluate - INFO - ASR Module... Epoch: 2, RSS: 5.60 GB
2026-07-26 15:38:38,917 - Evaluate - INFO - ASR... Epoch: 2, Walltime: 1.486692 CPU time: 8.622533
2026-07-26 15:38:40,972 - Evaluate - INFO - ASR Module... Epoch: 2, RSS: 5.60 GB
2026-07-26 15:38:40,973 - Evaluate - INFO - ASR... Epoch: 2, Walltime: 2.051631 CPU time: 12.118735
2026-07-26 15:38:43,845 - Evaluate - INFO - ASR Module... Epoch: 2, RSS: 5.60 GB
2026-07-26 15:38:43,846 - Evaluate - INFO - ASR... Epoch: 2, Walltime: 2.865808 CPU time: 16.744007
2026-07-26 15:38:46,421 - Evaluate - INFO - ASR Module... Epoch: 2, RSS: 5.60 GB
2026-07-26 15:38:46,421 - Evaluate - INFO - ASR... Epoch: 2, Walltime: 2.571405 CPU time: 14.596302
2026-07-26 15:38:50,130 - Evaluate - INFO - ASR Module... Epoch: 2, RSS: 5.60 GB
2026-07-26 15:38:50,131 - Evaluate - INFO - ASR... Epoch: 2, Walltime: 3.702939 CPU time: 20.274510
2026-07-26 15:38:53,703 - Evaluate - INFO - ASR Module... Epoch: 2, RSS: 5.60 GB
2026-07-26 15:38:53,704 - Evaluate - INFO - ASR... Epoch: 2, Walltime: 3.567218 CPU time: 20.328953
2026-07-26 15:38:56,390 - Evaluate - INFO - ASR Module... Epoch: 2, RSS: 5.60 GB
2026-07-26 15:38:56,391 - Evaluate - INFO - ASR... Epoch: 2, Walltime: 2.682187 CPU time: 15.554820
2026-07-26 15:38:58,985 - Evaluate - INFO - ASR Module... Epoch: 2, RSS: 5.63 GB
2026-07-26 15:38:58,986 - Evaluate - INFO - ASR... Epoch: 2, Walltime: 2.588926 CPU time: 15.026772
2026-07-26 15:39:01,442 - Evaluate - INFO - ASR Module... Epoch: 2, RSS: 5.63 GB
2026-07-26 15:39:01,443 - Evaluate - INFO - ASR... Epoch: 2, Walltime: 2.451403 CPU time: 14.428280
2026-07-26 15:39:03,568 - Evaluate - INFO - ASR Module... Epoch: 2, RSS: 5.63 GB
2026-07-26 15:39:03,569 - Evaluate - INFO - ASR... Epoch: 2, Walltime: 2.121081 CPU time: 12.103853
2026-07-26 15:39:05,613 - Evaluate - INFO - ASR Module... Epoch: 2, RSS: 5.64 GB
2026-07-26 15:39:05,614 - Evaluate - INFO - ASR... Epoch: 2, Walltime: 2.040544 CPU time: 11.719221
2026-07-26 15:39:07,193 - Evaluate - INFO - ASR Module... Epoch: 2, RSS: 5.64 GB
2026-07-26 15:39:07,194 - Evaluate - INFO - ASR... Epoch: 2, Walltime: 1.575415 CPU time: 8.904220
2026-07-26 15:39:09,286 - Evaluate - INFO - ASR Module... Epoch: 2, RSS: 5.64 GB
2026-07-26 15:39:09,287 - Evaluate - INFO - ASR... Epoch: 2, Walltime: 2.087345 CPU time: 12.161051
2026-07-26 15:39:10,116 - Evaluate - INFO - ASR Module... Epoch: 2, RSS: 5.64 GB
2026-07-26 15:39:10,116 - Evaluate - INFO - ASR... Epoch: 2, Walltime: 0.826641 CPU time: 4.659611
2026-07-26 15:39:11,367 - Evaluate - INFO - ASR Module... Epoch: 2, RSS: 5.64 GB
2026-07-26 15:39:11,368 - Evaluate - INFO - ASR... Epoch: 2, Walltime: 1.248567 CPU time: 7.036979
2026-07-26 15:39:13,582 - Evaluate - INFO - ASR Module... Epoch: 2, RSS: 5.64 GB
2026-07-26 15:39:13,583 - Evaluate - INFO - ASR... Epoch: 2, Walltime: 2.209414 CPU time: 13.024546
2026-07-26 15:39:15,474 - Evaluate - INFO - ASR Module... Epoch: 2, RSS: 5.64 GB
2026-07-26 15:39:15,475 - Evaluate - INFO - ASR... Epoch: 2, Walltime: 1.887131 CPU time: 10.894545
2026-07-26 15:39:17,289 - Evaluate - INFO - ASR Module... Epoch: 2, RSS: 5.64 GB
2026-07-26 15:39:17,289 - Evaluate - INFO - ASR... Epoch: 2, Walltime: 1.810092 CPU time: 10.361096
2026-07-26 15:39:18,413 - Evaluate - INFO - ASR Module... Epoch: 2, RSS: 5.64 GB
2026-07-26 15:39:18,414 - Evaluate - INFO - ASR... Epoch: 2, Walltime: 1.121522 CPU time: 6.620920
2026-07-26 15:39:19,849 - Evaluate - INFO - ASR Module... Epoch: 2, RSS: 5.57 GB
2026-07-26 15:39:19,850 - Evaluate - INFO - ASR... Epoch: 2, Walltime: 1.433072 CPU time: 8.079288
2026-07-26 15:39:22,424 - Evaluate - INFO - ASR Module... Epoch: 2, RSS: 5.57 GB
2026-07-26 15:39:22,425 - Evaluate - INFO - ASR... Epoch: 2, Walltime: 2.568672 CPU time: 14.915647
2026-07-26 15:39:23,852 - Evaluate - INFO - ASR Module... Epoch: 2, RSS: 5.60 GB
2026-07-26 15:39:23,853 - Evaluate - INFO - ASR... Epoch: 2, Walltime: 1.423887 CPU time: 8.335746
2026-07-26 15:39:26,888 - Evaluate - INFO - ASR Module... Epoch: 2, RSS: 5.60 GB
2026-07-26 15:39:26,889 - Evaluate - INFO - ASR... Epoch: 2, Walltime: 3.030092 CPU time: 17.410316
2026-07-26 15:39:28,549 - Evaluate - INFO - ASR Module... Epoch: 2, RSS: 5.60 GB
2026-07-26 15:39:28,550 - Evaluate - INFO - ASR... Epoch: 2, Walltime: 1.655799 CPU time: 9.753902
2026-07-26 15:39:31,666 - Evaluate - INFO - ASR Module... Epoch: 2, RSS: 5.57 GB
2026-07-26 15:39:31,667 - Evaluate - INFO - ASR... Epoch: 2, Walltime: 3.110748 CPU time: 17.843275
2026-07-26 15:39:34,921 - Evaluate - INFO - ASR Module... Epoch: 2, RSS: 5.60 GB
2026-07-26 15:39:34,922 - Evaluate - INFO - ASR... Epoch: 2, Walltime: 3.248728 CPU time: 18.999394
2026-07-26 15:39:38,530 - Evaluate - INFO - ASR Module... Epoch: 2, RSS: 5.60 GB
2026-07-26 15:39:38,531 - Evaluate - INFO - ASR... Epoch: 2, Walltime: 3.602004 CPU time: 20.693458
2026-07-26 15:39:40,652 - Evaluate - INFO - ASR Module... Epoch: 2, RSS: 5.60 GB
2026-07-26 15:39:40,653 - Evaluate - INFO - ASR... Epoch: 2, Walltime: 2.117053 CPU time: 12.343111
2026-07-26 15:39:43,819 - Evaluate - INFO - ASR Module... Epoch: 2, RSS: 5.57 GB
2026-07-26 15:39:43,820 - Evaluate - INFO - ASR... Epoch: 2, Walltime: 3.161960 CPU time: 18.274637
2026-07-26 15:39:46,564 - Evaluate - INFO - ASR Module... Epoch: 2, RSS: 5.57 GB
2026-07-26 15:39:46,565 - Evaluate - INFO - ASR... Epoch: 2, Walltime: 2.739612 CPU time: 15.917013
2026-07-26 15:39:49,683 - Evaluate - INFO - ASR Module... Epoch: 2, RSS: 5.57 GB
2026-07-26 15:39:49,684 - Evaluate - INFO - ASR... Epoch: 2, Walltime: 3.111794 CPU time: 17.936545
2026-07-26 15:39:53,108 - Evaluate - INFO - ASR Module... Epoch: 2, RSS: 5.60 GB
2026-07-26 15:39:53,109 - Evaluate - INFO - ASR... Epoch: 2, Walltime: 3.418230 CPU time: 19.970406
2026-07-26 15:39:58,241 - Evaluate - INFO - ASR Module... Epoch: 2, RSS: 5.60 GB
2026-07-26 15:39:58,242 - Evaluate - INFO - ASR... Epoch: 2, Walltime: 5.126646 CPU time: 27.906920
2026-07-26 15:40:02,985 - Evaluate - INFO - ASR Module... Epoch: 2, RSS: 5.57 GB
2026-07-26 15:40:02,985 - Evaluate - INFO - ASR... Epoch: 2, Walltime: 4.735282 CPU time: 26.280733
2026-07-26 15:40:05,466 - Evaluate - INFO - ASR Module... Epoch: 2, RSS: 5.57 GB
2026-07-26 15:40:05,467 - Evaluate - INFO - ASR... Epoch: 2, Walltime: 2.476287 CPU time: 14.122554
2026-07-26 15:40:08,535 - Evaluate - INFO - ASR Module... Epoch: 2, RSS: 5.63 GB
2026-07-26 15:40:08,536 - Evaluate - INFO - ASR... Epoch: 2, Walltime: 3.063097 CPU time: 17.687435
2026-07-26 15:40:11,670 - Evaluate - INFO - ASR Module... Epoch: 2, RSS: 5.64 GB
2026-07-26 15:40:11,671 - Evaluate - INFO - ASR... Epoch: 2, Walltime: 3.128774 CPU time: 18.323878
2026-07-26 15:40:14,764 - Evaluate - INFO - ASR Module... Epoch: 2, RSS: 5.64 GB
2026-07-26 15:40:14,765 - Evaluate - INFO - ASR... Epoch: 2, Walltime: 3.088801 CPU time: 17.724262
2026-07-26 15:40:18,512 - Evaluate - INFO - ASR Module... Epoch: 2, RSS: 5.57 GB
2026-07-26 15:40:18,512 - Evaluate - INFO - ASR... Epoch: 2, Walltime: 3.741158 CPU time: 21.525588
2026-07-26 15:40:22,261 - Evaluate - INFO - ASR Module... Epoch: 2, RSS: 5.57 GB
2026-07-26 15:40:22,262 - Evaluate - INFO - ASR... Epoch: 2, Walltime: 3.741695 CPU time: 21.051458
2026-07-26 15:40:25,305 - Evaluate - INFO - ASR Module... Epoch: 2, RSS: 5.57 GB
2026-07-26 15:40:25,305 - Evaluate - INFO - ASR... Epoch: 2, Walltime: 3.037740 CPU time: 17.362877
2026-07-26 15:40:28,422 - Evaluate - INFO - ASR Module... Epoch: 2, RSS: 5.57 GB
2026-07-26 15:40:28,423 - Evaluate - INFO - ASR... Epoch: 2, Walltime: 3.110845 CPU time: 17.859135
2026-07-26 15:40:31,450 - Evaluate - INFO - ASR Module... Epoch: 2, RSS: 5.57 GB
2026-07-26 15:40:31,451 - Evaluate - INFO - ASR... Epoch: 2, Walltime: 3.022006 CPU time: 17.339405
2026-07-26 15:40:34,333 - Evaluate - INFO - ASR Module... Epoch: 2, RSS: 5.57 GB
2026-07-26 15:40:34,334 - Evaluate - INFO - ASR... Epoch: 2, Walltime: 2.875743 CPU time: 16.319739
2026-07-26 15:40:36,978 - Evaluate - INFO - ASR Module... Epoch: 2, RSS: 5.63 GB
2026-07-26 15:40:36,978 - Evaluate - INFO - ASR... Epoch: 2, Walltime: 2.638377 CPU time: 14.964190
2026-07-26 15:40:40,106 - Evaluate - INFO - ASR Module... Epoch: 2, RSS: 5.64 GB
2026-07-26 15:40:40,107 - Evaluate - INFO - ASR... Epoch: 2, Walltime: 3.121219 CPU time: 18.049037
2026-07-26 15:40:43,393 - Evaluate - INFO - ASR Module... Epoch: 2, RSS: 5.64 GB
2026-07-26 15:40:43,394 - Evaluate - INFO - ASR... Epoch: 2, Walltime: 3.281205 CPU time: 19.041262
2026-07-26 15:40:46,262 - Evaluate - INFO - ASR Module... Epoch: 2, RSS: 5.64 GB
2026-07-26 15:40:46,263 - Evaluate - INFO - ASR... Epoch: 2, Walltime: 2.863430 CPU time: 16.424669
2026-07-26 15:40:48,878 - Evaluate - INFO - ASR Module... Epoch: 2, RSS: 5.57 GB
2026-07-26 15:40:48,879 - Evaluate - INFO - ASR... Epoch: 2, Walltime: 2.610784 CPU time: 14.443861
2026-07-26 15:40:50,187 - Evaluate - INFO - ASR Module... Epoch: 2, RSS: 5.60 GB
2026-07-26 15:40:50,187 - Evaluate - INFO - ASR... Epoch: 2, Walltime: 1.305233 CPU time: 6.995343
2026-07-26 15:40:51,713 - Evaluate - INFO - ASR Module... Epoch: 2, RSS: 5.60 GB
2026-07-26 15:40:51,714 - Evaluate - INFO - ASR... Epoch: 2, Walltime: 1.523355 CPU time: 8.398304
2026-07-26 15:40:53,216 - Evaluate - INFO - ASR Module... Epoch: 2, RSS: 5.60 GB
2026-07-26 15:40:53,217 - Evaluate - INFO - ASR... Epoch: 2, Walltime: 1.500199 CPU time: 8.451998
2026-07-26 15:40:54,611 - Evaluate - INFO - ASR Module... Epoch: 2, RSS: 5.60 GB
2026-07-26 15:40:54,612 - Evaluate - INFO - ASR... Epoch: 2, Walltime: 1.391850 CPU time: 7.663296
2026-07-26 15:40:56,306 - Evaluate - INFO - ASR Module... Epoch: 2, RSS: 5.60 GB
2026-07-26 15:40:56,306 - Evaluate - INFO - ASR... Epoch: 2, Walltime: 1.690739 CPU time: 8.998929
2026-07-26 15:40:57,630 - Evaluate - INFO - ASR Module... Epoch: 2, RSS: 5.60 GB
2026-07-26 15:40:57,631 - Evaluate - INFO - ASR... Epoch: 2, Walltime: 1.321099 CPU time: 7.391065
2026-07-26 15:40:59,363 - Evaluate - INFO - ASR Module... Epoch: 2, RSS: 5.63 GB
2026-07-26 15:40:59,364 - Evaluate - INFO - ASR... Epoch: 2, Walltime: 1.729046 CPU time: 9.115480
2026-07-26 15:41:01,083 - Evaluate - INFO - ASR Module... Epoch: 2, RSS: 5.63 GB
2026-07-26 15:41:01,084 - Evaluate - INFO - ASR... Epoch: 2, Walltime: 1.715596 CPU time: 8.918007
2026-07-26 15:41:02,874 - Evaluate - INFO - ASR Module... Epoch: 2, RSS: 5.63 GB
2026-07-26 15:41:02,875 - Evaluate - INFO - ASR... Epoch: 2, Walltime: 1.787676 CPU time: 9.923945
2026-07-26 15:41:04,314 - Evaluate - INFO - ASR Module... Epoch: 2, RSS: 5.63 GB
2026-07-26 15:41:04,314 - Evaluate - INFO - ASR... Epoch: 2, Walltime: 1.436014 CPU time: 7.556730
2026-07-26 15:41:05,769 - Evaluate - INFO - ASR Module... Epoch: 2, RSS: 5.63 GB
2026-07-26 15:41:05,770 - Evaluate - INFO - ASR... Epoch: 2, Walltime: 1.451895 CPU time: 7.981845
2026-07-26 15:41:07,410 - Evaluate - INFO - ASR Module... Epoch: 2, RSS: 5.63 GB
2026-07-26 15:41:07,411 - Evaluate - INFO - ASR... Epoch: 2, Walltime: 1.636605 CPU time: 8.677282
2026-07-26 15:41:08,802 - Evaluate - INFO - ASR Module... Epoch: 2, RSS: 5.63 GB
2026-07-26 15:41:08,803 - Evaluate - INFO - ASR... Epoch: 2, Walltime: 1.388998 CPU time: 7.527052
2026-07-26 15:41:10,539 - Evaluate - INFO - ASR Module... Epoch: 2, RSS: 5.63 GB
2026-07-26 15:41:10,540 - Evaluate - INFO - ASR... Epoch: 2, Walltime: 1.733485 CPU time: 9.287274
2026-07-26 15:41:11,986 - Evaluate - INFO - ASR Module... Epoch: 2, RSS: 5.63 GB
2026-07-26 15:41:11,986 - Evaluate - INFO - ASR... Epoch: 2, Walltime: 1.442892 CPU time: 7.620424
2026-07-26 15:41:13,389 - Evaluate - INFO - ASR Module... Epoch: 2, RSS: 5.63 GB
2026-07-26 15:41:13,389 - Evaluate - INFO - ASR... Epoch: 2, Walltime: 1.399810 CPU time: 7.422243
2026-07-26 15:41:14,874 - Evaluate - INFO - ASR Module... Epoch: 2, RSS: 5.63 GB
2026-07-26 15:41:14,875 - Evaluate - INFO - ASR... Epoch: 2, Walltime: 1.482316 CPU time: 8.205460
2026-07-26 15:41:16,511 - Evaluate - INFO - ASR Module... Epoch: 2, RSS: 5.64 GB
2026-07-26 15:41:16,512 - Evaluate - INFO - ASR... Epoch: 2, Walltime: 1.633563 CPU time: 8.816154
2026-07-26 15:41:18,310 - Evaluate - INFO - ASR Module... Epoch: 2, RSS: 5.64 GB
2026-07-26 15:41:18,311 - Evaluate - INFO - ASR... Epoch: 2, Walltime: 1.795072 CPU time: 9.211452
2026-07-26 15:41:19,749 - Evaluate - INFO - ASR Module... Epoch: 2, RSS: 5.64 GB
2026-07-26 15:41:19,749 - Evaluate - INFO - ASR... Epoch: 2, Walltime: 1.434814 CPU time: 7.659217
2026-07-26 15:41:21,249 - Evaluate - INFO - ASR Module... Epoch: 2, RSS: 5.64 GB
2026-07-26 15:41:21,250 - Evaluate - INFO - ASR... Epoch: 2, Walltime: 1.498459 CPU time: 8.099982
2026-07-26 15:41:22,792 - Evaluate - INFO - ASR Module... Epoch: 2, RSS: 5.64 GB
2026-07-26 15:41:22,793 - Evaluate - INFO - ASR... Epoch: 2, Walltime: 1.538988 CPU time: 8.503140
2026-07-26 15:41:24,391 - Evaluate - INFO - ASR Module... Epoch: 2, RSS: 5.64 GB
2026-07-26 15:41:24,392 - Evaluate - INFO - ASR... Epoch: 2, Walltime: 1.594864 CPU time: 8.724234
2026-07-26 15:41:26,072 - Evaluate - INFO - ASR Module... Epoch: 2, RSS: 5.64 GB
2026-07-26 15:41:26,073 - Evaluate - INFO - ASR... Epoch: 2, Walltime: 1.677095 CPU time: 8.920449
2026-07-26 15:41:27,657 - Evaluate - INFO - ASR Module... Epoch: 2, RSS: 5.64 GB
2026-07-26 15:41:27,658 - Evaluate - INFO - ASR... Epoch: 2, Walltime: 1.581588 CPU time: 8.424907
2026-07-26 15:41:29,187 - Evaluate - INFO - ASR Module... Epoch: 2, RSS: 5.64 GB
2026-07-26 15:41:29,188 - Evaluate - INFO - ASR... Epoch: 2, Walltime: 1.526543 CPU time: 7.951032
2026-07-26 15:41:30,706 - Evaluate - INFO - ASR Module... Epoch: 2, RSS: 5.64 GB
2026-07-26 15:41:30,707 - Evaluate - INFO - ASR... Epoch: 2, Walltime: 1.515265 CPU time: 8.385793
2026-07-26 15:41:32,468 - Evaluate - INFO - ASR Module... Epoch: 2, RSS: 5.64 GB
2026-07-26 15:41:32,469 - Evaluate - INFO - ASR... Epoch: 2, Walltime: 1.758559 CPU time: 9.513681
2026-07-26 15:41:34,140 - Evaluate - INFO - ASR Module... Epoch: 2, RSS: 5.64 GB
2026-07-26 15:41:34,140 - Evaluate - INFO - ASR... Epoch: 2, Walltime: 1.667730 CPU time: 8.676809
2026-07-26 15:41:35,928 - Evaluate - INFO - ASR Module... Epoch: 2, RSS: 5.64 GB
2026-07-26 15:41:35,929 - Evaluate - INFO - ASR... Epoch: 2, Walltime: 1.784852 CPU time: 9.380656
2026-07-26 15:41:37,495 - Evaluate - INFO - ASR Module... Epoch: 2, RSS: 5.64 GB
2026-07-26 15:41:37,496 - Evaluate - INFO - ASR... Epoch: 2, Walltime: 1.563918 CPU time: 8.614572
2026-07-26 15:41:39,950 - Evaluate - INFO - ASR Module... Epoch: 2, RSS: 5.64 GB
2026-07-26 15:41:39,951 - Evaluate - INFO - ASR... Epoch: 2, Walltime: 2.450546 CPU time: 12.968341
2026-07-26 15:41:41,641 - Evaluate - INFO - ASR Module... Epoch: 2, RSS: 5.64 GB
2026-07-26 15:41:41,643 - Evaluate - INFO - ASR... Epoch: 2, Walltime: 1.687724 CPU time: 9.419351
2026-07-26 15:41:43,249 - Evaluate - INFO - ASR Module... Epoch: 2, RSS: 5.64 GB
2026-07-26 15:41:43,250 - Evaluate - INFO - ASR... Epoch: 2, Walltime: 1.604319 CPU time: 8.902522
2026-07-26 15:41:44,984 - Evaluate - INFO - ASR Module... Epoch: 2, RSS: 5.64 GB
2026-07-26 15:41:44,985 - Evaluate - INFO - ASR... Epoch: 2, Walltime: 1.731429 CPU time: 9.162273
2026-07-26 15:41:46,373 - Evaluate - INFO - ASR Module... Epoch: 2, RSS: 5.64 GB
2026-07-26 15:41:46,374 - Evaluate - INFO - ASR... Epoch: 2, Walltime: 1.385780 CPU time: 7.716034
2026-07-26 15:41:48,123 - Evaluate - INFO - ASR Module... Epoch: 2, RSS: 5.64 GB
2026-07-26 15:41:48,124 - Evaluate - INFO - ASR... Epoch: 2, Walltime: 1.746583 CPU time: 9.236085
2026-07-26 15:41:49,643 - Evaluate - INFO - ASR Module... Epoch: 2, RSS: 5.64 GB
2026-07-26 15:41:49,644 - Evaluate - INFO - ASR... Epoch: 2, Walltime: 1.516720 CPU time: 8.297848
2026-07-26 15:41:51,581 - Evaluate - INFO - ASR Module... Epoch: 2, RSS: 5.64 GB
2026-07-26 15:41:51,581 - Evaluate - INFO - ASR... Epoch: 2, Walltime: 1.934080 CPU time: 10.475247
2026-07-26 15:41:53,033 - Evaluate - INFO - ASR Module... Epoch: 2, RSS: 5.64 GB
2026-07-26 15:41:53,034 - Evaluate - INFO - ASR... Epoch: 2, Walltime: 1.448824 CPU time: 7.850326
2026-07-26 15:41:54,843 - Evaluate - INFO - ASR Module... Epoch: 2, RSS: 5.64 GB
2026-07-26 15:41:54,844 - Evaluate - INFO - ASR... Epoch: 2, Walltime: 1.807127 CPU time: 9.524286
2026-07-26 15:41:56,986 - Evaluate - INFO - ASR Module... Epoch: 2, RSS: 5.64 GB
2026-07-26 15:41:56,987 - Evaluate - INFO - ASR... Epoch: 2, Walltime: 2.138802 CPU time: 11.203151
2026-07-26 15:41:58,592 - Evaluate - INFO - ASR Module... Epoch: 2, RSS: 5.64 GB
2026-07-26 15:41:58,593 - Evaluate - INFO - ASR... Epoch: 2, Walltime: 1.602405 CPU time: 9.059933
2026-07-26 15:42:00,237 - Evaluate - INFO - ASR Module... Epoch: 2, RSS: 5.64 GB
2026-07-26 15:42:00,238 - Evaluate - INFO - ASR... Epoch: 2, Walltime: 1.640991 CPU time: 9.171401
2026-07-26 15:42:01,763 - Evaluate - INFO - ASR Module... Epoch: 2, RSS: 5.64 GB
2026-07-26 15:42:01,764 - Evaluate - INFO - ASR... Epoch: 2, Walltime: 1.522460 CPU time: 8.084240
2026-07-26 15:42:03,226 - Evaluate - INFO - ASR Module... Epoch: 2, RSS: 5.64 GB
2026-07-26 15:42:03,227 - Evaluate - INFO - ASR... Epoch: 2, Walltime: 1.459866 CPU time: 8.052150
2026-07-26 15:42:05,043 - Evaluate - INFO - ASR Module... Epoch: 2, RSS: 5.64 GB
2026-07-26 15:42:05,044 - Evaluate - INFO - ASR... Epoch: 2, Walltime: 1.813421 CPU time: 10.082913
2026-07-26 15:42:06,686 - Evaluate - INFO - ASR Module... Epoch: 2, RSS: 5.64 GB
2026-07-26 15:42:06,687 - Evaluate - INFO - ASR... Epoch: 2, Walltime: 1.638523 CPU time: 9.178448
2026-07-26 15:42:08,729 - Evaluate - INFO - ASR Module... Epoch: 2, RSS: 5.64 GB
2026-07-26 15:42:08,729 - Evaluate - INFO - ASR... Epoch: 2, Walltime: 2.038940 CPU time: 11.091736
2026-07-26 15:42:10,369 - Evaluate - INFO - ASR Module... Epoch: 2, RSS: 5.64 GB
2026-07-26 15:42:10,370 - Evaluate - INFO - ASR... Epoch: 2, Walltime: 1.636634 CPU time: 9.114371
2026-07-26 15:42:12,187 - Evaluate - INFO - ASR Module... Epoch: 2, RSS: 5.64 GB
2026-07-26 15:42:12,188 - Evaluate - INFO - ASR... Epoch: 2, Walltime: 1.814776 CPU time: 9.647873
2026-07-26 15:42:13,988 - Evaluate - INFO - ASR Module... Epoch: 2, RSS: 5.64 GB
2026-07-26 15:42:13,989 - Evaluate - INFO - ASR... Epoch: 2, Walltime: 1.796405 CPU time: 9.630237
2026-07-26 15:42:16,094 - Evaluate - INFO - ASR Module... Epoch: 2, RSS: 5.64 GB
2026-07-26 15:42:16,094 - Evaluate - INFO - ASR... Epoch: 2, Walltime: 2.101415 CPU time: 11.258620
2026-07-26 15:42:18,343 - Evaluate - INFO - ASR Module... Epoch: 2, RSS: 5.57 GB
2026-07-26 15:42:18,344 - Evaluate - INFO - ASR... Epoch: 2, Walltime: 2.245404 CPU time: 11.795094
2026-07-26 15:42:19,999 - Evaluate - INFO - ASR Module... Epoch: 2, RSS: 5.57 GB
2026-07-26 15:42:20,000 - Evaluate - INFO - ASR... Epoch: 2, Walltime: 1.652173 CPU time: 8.789353
2026-07-26 15:42:21,565 - Evaluate - INFO - ASR Module... Epoch: 2, RSS: 5.57 GB
2026-07-26 15:42:21,565 - Evaluate - INFO - ASR... Epoch: 2, Walltime: 1.562788 CPU time: 8.641651
2026-07-26 15:42:22,995 - Evaluate - INFO - ASR Module... Epoch: 2, RSS: 5.57 GB
2026-07-26 15:42:22,996 - Evaluate - INFO - ASR... Epoch: 2, Walltime: 1.428336 CPU time: 7.915157
2026-07-26 15:42:24,751 - Evaluate - INFO - ASR Module... Epoch: 2, RSS: 5.57 GB
2026-07-26 15:42:24,752 - Evaluate - INFO - ASR... Epoch: 2, Walltime: 1.751915 CPU time: 9.419344
2026-07-26 15:42:26,716 - Evaluate - INFO - ASR Module... Epoch: 2, RSS: 5.57 GB
2026-07-26 15:42:26,717 - Evaluate - INFO - ASR... Epoch: 2, Walltime: 1.960850 CPU time: 10.475093
2026-07-26 15:42:27,842 - Evaluate - INFO - ASR Module... Epoch: 2, RSS: 5.57 GB
2026-07-26 15:42:27,843 - Evaluate - INFO - ASR... Epoch: 2, Walltime: 1.122702 CPU time: 6.332350
2026-07-26 15:42:28,992 - Evaluate - INFO - ASR Module... Epoch: 2, RSS: 5.57 GB
2026-07-26 15:42:28,992 - Evaluate - INFO - ASR... Epoch: 2, Walltime: 1.147054 CPU time: 6.289328
2026-07-26 15:42:30,542 - Evaluate - INFO - ASR Module... Epoch: 2, RSS: 5.57 GB
2026-07-26 15:42:30,543 - Evaluate - INFO - ASR... Epoch: 2, Walltime: 1.546895 CPU time: 8.583738
2026-07-26 15:42:32,227 - Evaluate - INFO - ASR Module... Epoch: 2, RSS: 5.57 GB
2026-07-26 15:42:32,227 - Evaluate - INFO - ASR... Epoch: 2, Walltime: 1.680645 CPU time: 9.104400
2026-07-26 15:42:34,025 - Evaluate - INFO - ASR Module... Epoch: 2, RSS: 5.57 GB
2026-07-26 15:42:34,026 - Evaluate - INFO - ASR... Epoch: 2, Walltime: 1.794756 CPU time: 9.305066
2026-07-26 15:42:35,617 - Evaluate - INFO - ASR Module... Epoch: 2, RSS: 5.57 GB
2026-07-26 15:42:35,619 - Evaluate - INFO - ASR... Epoch: 2, Walltime: 1.588730 CPU time: 8.254848
2026-07-26 15:42:37,525 - Evaluate - INFO - ASR Module... Epoch: 2, RSS: 5.57 GB
2026-07-26 15:42:37,526 - Evaluate - INFO - ASR... Epoch: 2, Walltime: 1.903651 CPU time: 10.889711
2026-07-26 15:42:39,185 - Evaluate - INFO - ASR Module... Epoch: 2, RSS: 5.57 GB
2026-07-26 15:42:39,186 - Evaluate - INFO - ASR... Epoch: 2, Walltime: 1.656156 CPU time: 8.956860
2026-07-26 15:42:40,781 - Evaluate - INFO - ASR Module... Epoch: 2, RSS: 5.57 GB
2026-07-26 15:42:40,782 - Evaluate - INFO - ASR... Epoch: 2, Walltime: 1.592478 CPU time: 8.351835
2026-07-26 15:42:43,562 - Evaluate - INFO - ASR Module... Epoch: 2, RSS: 5.57 GB
2026-07-26 15:42:43,562 - Evaluate - INFO - ASR... Epoch: 2, Walltime: 2.776018 CPU time: 14.490363
2026-07-26 15:42:45,257 - Evaluate - INFO - ASR Module... Epoch: 2, RSS: 5.57 GB
2026-07-26 15:42:45,258 - Evaluate - INFO - ASR... Epoch: 2, Walltime: 1.691170 CPU time: 9.348216
2026-07-26 15:42:47,179 - Evaluate - INFO - ASR Module... Epoch: 2, RSS: 5.57 GB
2026-07-26 15:42:47,180 - Evaluate - INFO - ASR... Epoch: 2, Walltime: 1.918521 CPU time: 10.175648
2026-07-26 15:42:49,389 - Evaluate - INFO - ASR Module... Epoch: 2, RSS: 5.57 GB
2026-07-26 15:42:49,389 - Evaluate - INFO - ASR... Epoch: 2, Walltime: 2.205009 CPU time: 11.664673
2026-07-26 15:42:50,863 - Evaluate - INFO - ASR Module... Epoch: 2, RSS: 5.57 GB
2026-07-26 15:42:50,864 - Evaluate - INFO - ASR... Epoch: 2, Walltime: 1.470889 CPU time: 7.742794
2026-07-26 15:42:52,210 - Evaluate - INFO - ASR Module... Epoch: 2, RSS: 5.57 GB
2026-07-26 15:42:52,210 - Evaluate - INFO - ASR... Epoch: 2, Walltime: 1.343889 CPU time: 7.410036
2026-07-26 15:42:53,932 - Evaluate - INFO - ASR Module... Epoch: 2, RSS: 5.57 GB
2026-07-26 15:42:53,932 - Evaluate - INFO - ASR... Epoch: 2, Walltime: 1.719294 CPU time: 9.309880
2026-07-26 15:42:55,967 - Evaluate - INFO - ASR Module... Epoch: 2, RSS: 5.57 GB
2026-07-26 15:42:55,968 - Evaluate - INFO - ASR... Epoch: 2, Walltime: 2.031746 CPU time: 10.624159
2026-07-26 15:42:58,029 - Evaluate - INFO - ASR Module... Epoch: 2, RSS: 5.57 GB
2026-07-26 15:42:58,030 - Evaluate - INFO - ASR... Epoch: 2, Walltime: 2.057432 CPU time: 10.703678
2026-07-26 15:42:59,664 - Evaluate - INFO - ASR Module... Epoch: 2, RSS: 5.57 GB
2026-07-26 15:42:59,665 - Evaluate - INFO - ASR... Epoch: 2, Walltime: 1.631661 CPU time: 8.691283
2026-07-26 15:43:01,158 - Evaluate - INFO - ASR Module... Epoch: 2, RSS: 5.57 GB
2026-07-26 15:43:01,159 - Evaluate - INFO - ASR... Epoch: 2, Walltime: 1.490276 CPU time: 8.006145
2026-07-26 15:43:03,130 - Evaluate - INFO - ASR Module... Epoch: 2, RSS: 5.57 GB
2026-07-26 15:43:03,131 - Evaluate - INFO - ASR... Epoch: 2, Walltime: 1.967842 CPU time: 10.253055
2026-07-26 15:43:04,811 - Evaluate - INFO - ASR Module... Epoch: 2, RSS: 5.57 GB
2026-07-26 15:43:04,812 - Evaluate - INFO - ASR... Epoch: 2, Walltime: 1.677197 CPU time: 9.283417
2026-07-26 15:43:06,696 - Evaluate - INFO - ASR Module... Epoch: 2, RSS: 5.57 GB
2026-07-26 15:43:06,696 - Evaluate - INFO - ASR... Epoch: 2, Walltime: 1.880622 CPU time: 9.886805
2026-07-26 15:43:08,435 - Evaluate - INFO - ASR Module... Epoch: 2, RSS: 5.57 GB
2026-07-26 15:43:08,436 - Evaluate - INFO - ASR... Epoch: 2, Walltime: 1.735585 CPU time: 9.238683
2026-07-26 15:43:09,807 - Evaluate - INFO - ASR Module... Epoch: 2, RSS: 5.57 GB
2026-07-26 15:43:09,808 - Evaluate - INFO - ASR... Epoch: 2, Walltime: 1.368875 CPU time: 7.473986
2026-07-26 15:43:11,359 - Evaluate - INFO - ASR Module... Epoch: 2, RSS: 5.57 GB
2026-07-26 15:43:11,360 - Evaluate - INFO - ASR... Epoch: 2, Walltime: 1.548130 CPU time: 8.367441
2026-07-26 15:43:13,115 - Evaluate - INFO - ASR Module... Epoch: 2, RSS: 5.57 GB
2026-07-26 15:43:13,116 - Evaluate - INFO - ASR... Epoch: 2, Walltime: 1.752890 CPU time: 9.516770
2026-07-26 15:43:14,597 - Evaluate - INFO - ASR Module... Epoch: 2, RSS: 5.57 GB
2026-07-26 15:43:14,599 - Evaluate - INFO - ASR... Epoch: 2, Walltime: 1.478479 CPU time: 7.950607
2026-07-26 15:43:16,067 - Evaluate - INFO - ASR Module... Epoch: 2, RSS: 5.57 GB
2026-07-26 15:43:16,068 - Evaluate - INFO - ASR... Epoch: 2, Walltime: 1.466065 CPU time: 8.068263
2026-07-26 15:43:18,006 - Evaluate - INFO - ASR Module... Epoch: 2, RSS: 5.57 GB
2026-07-26 15:43:18,007 - Evaluate - INFO - ASR... Epoch: 2, Walltime: 1.935815 CPU time: 10.330203
2026-07-26 15:43:21,252 - Evaluate - INFO - ASR Module... Epoch: 2, RSS: 5.57 GB
2026-07-26 15:43:21,253 - Evaluate - INFO - ASR... Epoch: 2, Walltime: 3.240762 CPU time: 17.742645
2026-07-26 15:43:23,689 - Evaluate - INFO - ASR Module... Epoch: 2, RSS: 5.57 GB
2026-07-26 15:43:23,690 - Evaluate - INFO - ASR... Epoch: 2, Walltime: 2.432720 CPU time: 12.709693
2026-07-26 15:43:25,737 - Evaluate - INFO - ASR Module... Epoch: 2, RSS: 5.57 GB
2026-07-26 15:43:25,738 - Evaluate - INFO - ASR... Epoch: 2, Walltime: 2.043668 CPU time: 10.684684
2026-07-26 15:43:27,459 - Evaluate - INFO - ASR Module... Epoch: 2, RSS: 5.57 GB
2026-07-26 15:43:27,460 - Evaluate - INFO - ASR... Epoch: 2, Walltime: 1.718421 CPU time: 9.094281
2026-07-26 15:43:29,018 - Evaluate - INFO - ASR Module... Epoch: 2, RSS: 5.57 GB
2026-07-26 15:43:29,019 - Evaluate - INFO - ASR... Epoch: 2, Walltime: 1.555684 CPU time: 8.407851
2026-07-26 15:43:31,080 - Evaluate - INFO - ASR Module... Epoch: 2, RSS: 5.57 GB
2026-07-26 15:43:31,080 - Evaluate - INFO - ASR... Epoch: 2, Walltime: 2.057248 CPU time: 11.014266
2026-07-26 15:43:33,316 - Evaluate - INFO - ASR Module... Epoch: 2, RSS: 5.57 GB
2026-07-26 15:43:33,317 - Evaluate - INFO - ASR... Epoch: 2, Walltime: 2.232333 CPU time: 12.416513
2026-07-26 15:43:34,741 - Evaluate - INFO - ASR Module... Epoch: 2, RSS: 5.57 GB
2026-07-26 15:43:34,742 - Evaluate - INFO - ASR... Epoch: 2, Walltime: 1.420693 CPU time: 7.820058
2026-07-26 15:43:37,409 - Evaluate - INFO - ASR Module... Epoch: 2, RSS: 5.57 GB
2026-07-26 15:43:37,410 - Evaluate - INFO - ASR... Epoch: 2, Walltime: 2.663741 CPU time: 14.404994
2026-07-26 15:43:39,277 - Evaluate - INFO - ASR Module... Epoch: 2, RSS: 5.61 GB
2026-07-26 15:43:39,278 - Evaluate - INFO - ASR... Epoch: 2, Walltime: 1.864224 CPU time: 10.414150
2026-07-26 15:43:41,045 - Evaluate - INFO - ASR Module... Epoch: 2, RSS: 5.61 GB
2026-07-26 15:43:41,046 - Evaluate - INFO - ASR... Epoch: 2, Walltime: 1.764184 CPU time: 9.351961
2026-07-26 15:43:43,537 - Evaluate - INFO - ASR Module... Epoch: 2, RSS: 5.61 GB
2026-07-26 15:43:43,538 - Evaluate - INFO - ASR... Epoch: 2, Walltime: 2.488522 CPU time: 13.175221
2026-07-26 15:43:45,252 - Evaluate - INFO - ASR Module... Epoch: 2, RSS: 5.61 GB
2026-07-26 15:43:45,253 - Evaluate - INFO - ASR... Epoch: 2, Walltime: 1.711247 CPU time: 9.267076
2026-07-26 15:43:47,712 - Evaluate - INFO - ASR Module... Epoch: 2, RSS: 5.61 GB
2026-07-26 15:43:47,713 - Evaluate - INFO - ASR... Epoch: 2, Walltime: 2.455772 CPU time: 13.141650
2026-07-26 15:43:48,735 - Evaluate - INFO - ASR Module... Epoch: 2, RSS: 5.61 GB
2026-07-26 15:43:48,736 - Evaluate - INFO - ASR... Epoch: 2, Walltime: 1.019393 CPU time: 5.925241
2026-07-26 15:43:50,155 - Evaluate - INFO - ASR Module... Epoch: 2, RSS: 5.61 GB
2026-07-26 15:43:50,156 - Evaluate - INFO - ASR... Epoch: 2, Walltime: 1.416313 CPU time: 7.602125
2026-07-26 15:43:52,351 - Evaluate - INFO - ASR Module... Epoch: 2, RSS: 5.61 GB
2026-07-26 15:43:52,351 - Evaluate - INFO - ASR... Epoch: 2, Walltime: 2.192056 CPU time: 11.100582
2026-07-26 15:43:55,288 - Evaluate - INFO - ASR Module... Epoch: 2, RSS: 5.61 GB
2026-07-26 15:43:55,289 - Evaluate - INFO - ASR... Epoch: 2, Walltime: 2.931954 CPU time: 15.023256
2026-07-26 15:43:56,812 - Evaluate - INFO - ASR Module... Epoch: 2, RSS: 5.61 GB
2026-07-26 15:43:56,813 - Evaluate - INFO - ASR... Epoch: 2, Walltime: 1.519328 CPU time: 7.899915
2026-07-26 15:43:58,708 - Evaluate - INFO - ASR Module... Epoch: 2, RSS: 5.61 GB
2026-07-26 15:43:58,709 - Evaluate - INFO - ASR... Epoch: 2, Walltime: 1.891913 CPU time: 10.373052
2026-07-26 15:44:02,649 - Evaluate - INFO - ASR Module... Epoch: 2, RSS: 5.61 GB
2026-07-26 15:44:02,650 - Evaluate - INFO - ASR... Epoch: 2, Walltime: 3.934561 CPU time: 20.757469
2026-07-26 15:44:03,871 - Evaluate - INFO - ASR Module... Epoch: 2, RSS: 5.61 GB
2026-07-26 15:44:03,872 - Evaluate - INFO - ASR... Epoch: 2, Walltime: 1.218014 CPU time: 6.825876
2026-07-26 15:44:05,080 - Evaluate - INFO - ASR Module... Epoch: 2, RSS: 5.61 GB
2026-07-26 15:44:05,081 - Evaluate - INFO - ASR... Epoch: 2, Walltime: 1.205635 CPU time: 7.062543
2026-07-26 15:44:06,829 - Evaluate - INFO - ASR Module... Epoch: 2, RSS: 5.61 GB
2026-07-26 15:44:06,829 - Evaluate - INFO - ASR... Epoch: 2, Walltime: 1.743848 CPU time: 9.903987
2026-07-26 15:44:08,382 - Evaluate - INFO - ASR Module... Epoch: 2, RSS: 5.61 GB
2026-07-26 15:44:08,383 - Evaluate - INFO - ASR... Epoch: 2, Walltime: 1.549335 CPU time: 8.908375
2026-07-26 15:44:09,735 - Evaluate - INFO - ASR Module... Epoch: 2, RSS: 5.61 GB
2026-07-26 15:44:09,736 - Evaluate - INFO - ASR... Epoch: 2, Walltime: 1.349714 CPU time: 7.924862
2026-07-26 15:44:11,286 - Evaluate - INFO - ASR Module... Epoch: 2, RSS: 5.61 GB
2026-07-26 15:44:11,287 - Evaluate - INFO - ASR... Epoch: 2, Walltime: 1.548182 CPU time: 9.096021
2026-07-26 15:44:12,829 - Evaluate - INFO - ASR Module... Epoch: 2, RSS: 5.61 GB
2026-07-26 15:44:12,829 - Evaluate - INFO - ASR... Epoch: 2, Walltime: 1.539467 CPU time: 8.870830
2026-07-26 15:44:14,288 - Evaluate - INFO - ASR Module... Epoch: 2, RSS: 5.61 GB
2026-07-26 15:44:14,289 - Evaluate - INFO - ASR... Epoch: 2, Walltime: 1.456608 CPU time: 8.300565
2026-07-26 15:44:15,610 - Evaluate - INFO - ASR Module... Epoch: 2, RSS: 5.61 GB
2026-07-26 15:44:15,611 - Evaluate - INFO - ASR... Epoch: 2, Walltime: 1.319023 CPU time: 7.762477
2026-07-26 15:44:17,380 - Evaluate - INFO - ASR Module... Epoch: 2, RSS: 5.61 GB
2026-07-26 15:44:17,380 - Evaluate - INFO - ASR... Epoch: 2, Walltime: 1.766027 CPU time: 9.903473
2026-07-26 15:44:18,590 - Evaluate - INFO - ASR Module... Epoch: 2, RSS: 5.61 GB
2026-07-26 15:44:18,590 - Evaluate - INFO - ASR... Epoch: 2, Walltime: 1.207141 CPU time: 6.783496
2026-07-26 15:44:20,213 - Evaluate - INFO - ASR Module... Epoch: 2, RSS: 5.61 GB
2026-07-26 15:44:20,214 - Evaluate - INFO - ASR... Epoch: 2, Walltime: 1.620364 CPU time: 9.432702
2026-07-26 15:44:21,883 - Evaluate - INFO - ASR Module... Epoch: 2, RSS: 5.61 GB
2026-07-26 15:44:21,883 - Evaluate - INFO - ASR... Epoch: 2, Walltime: 1.666621 CPU time: 9.754414
2026-07-26 15:44:23,487 - Evaluate - INFO - ASR Module... Epoch: 2, RSS: 5.61 GB
2026-07-26 15:44:23,488 - Evaluate - INFO - ASR... Epoch: 2, Walltime: 1.600788 CPU time: 9.446952
2026-07-26 15:44:25,045 - Evaluate - INFO - ASR Module... Epoch: 2, RSS: 5.61 GB
2026-07-26 15:44:25,046 - Evaluate - INFO - ASR... Epoch: 2, Walltime: 1.553562 CPU time: 9.104866
2026-07-26 15:44:26,493 - Evaluate - INFO - ASR Module... Epoch: 2, RSS: 5.61 GB
2026-07-26 15:44:26,494 - Evaluate - INFO - ASR... Epoch: 2, Walltime: 1.444318 CPU time: 8.425777
2026-07-26 15:44:27,786 - Evaluate - INFO - ASR Module... Epoch: 2, RSS: 5.61 GB
2026-07-26 15:44:27,786 - Evaluate - INFO - ASR... Epoch: 2, Walltime: 1.288530 CPU time: 7.589868
2026-07-26 15:44:29,359 - Evaluate - INFO - ASR Module... Epoch: 2, RSS: 5.61 GB
2026-07-26 15:44:29,360 - Evaluate - INFO - ASR... Epoch: 2, Walltime: 1.569726 CPU time: 9.114001
2026-07-26 15:44:31,060 - Evaluate - INFO - ASR Module... Epoch: 2, RSS: 5.61 GB
2026-07-26 15:44:31,061 - Evaluate - INFO - ASR... Epoch: 2, Walltime: 1.697762 CPU time: 9.676704
2026-07-26 15:44:32,659 - Evaluate - INFO - ASR Module... Epoch: 2, RSS: 5.61 GB
2026-07-26 15:44:32,660 - Evaluate - INFO - ASR... Epoch: 2, Walltime: 1.594688 CPU time: 9.088572
2026-07-26 15:44:34,137 - Evaluate - INFO - ASR Module... Epoch: 2, RSS: 5.61 GB
2026-07-26 15:44:34,137 - Evaluate - INFO - ASR... Epoch: 2, Walltime: 1.474658 CPU time: 8.148446
2026-07-26 15:44:35,429 - Evaluate - INFO - ASR Module... Epoch: 2, RSS: 5.61 GB
2026-07-26 15:44:35,430 - Evaluate - INFO - ASR... Epoch: 2, Walltime: 1.289334 CPU time: 7.714946
2026-07-26 15:44:37,050 - Evaluate - INFO - ASR Module... Epoch: 2, RSS: 5.61 GB
2026-07-26 15:44:37,051 - Evaluate - INFO - ASR... Epoch: 2, Walltime: 1.616726 CPU time: 9.157243
2026-07-26 15:44:38,585 - Evaluate - INFO - ASR Module... Epoch: 2, RSS: 5.61 GB
2026-07-26 15:44:38,586 - Evaluate - INFO - ASR... Epoch: 2, Walltime: 1.531720 CPU time: 8.991300
2026-07-26 15:44:39,985 - Evaluate - INFO - ASR Module... Epoch: 2, RSS: 5.61 GB
2026-07-26 15:44:39,986 - Evaluate - INFO - ASR... Epoch: 2, Walltime: 1.396435 CPU time: 8.184591
2026-07-26 15:44:41,594 - Evaluate - INFO - ASR Module... Epoch: 2, RSS: 5.61 GB
2026-07-26 15:44:41,594 - Evaluate - INFO - ASR... Epoch: 2, Walltime: 1.605416 CPU time: 9.407491
2026-07-26 15:44:43,128 - Evaluate - INFO - ASR Module... Epoch: 2, RSS: 5.61 GB
2026-07-26 15:44:43,129 - Evaluate - INFO - ASR... Epoch: 2, Walltime: 1.531271 CPU time: 8.789789
2026-07-26 15:44:44,783 - Evaluate - INFO - ASR Module... Epoch: 2, RSS: 5.61 GB
2026-07-26 15:44:44,783 - Evaluate - INFO - ASR... Epoch: 2, Walltime: 1.650661 CPU time: 9.619343
2026-07-26 15:44:46,335 - Evaluate - INFO - ASR Module... Epoch: 2, RSS: 5.61 GB
2026-07-26 15:44:46,336 - Evaluate - INFO - ASR... Epoch: 2, Walltime: 1.548533 CPU time: 8.996095
2026-07-26 15:44:47,919 - Evaluate - INFO - ASR Module... Epoch: 2, RSS: 5.61 GB
2026-07-26 15:44:47,919 - Evaluate - INFO - ASR... Epoch: 2, Walltime: 1.579967 CPU time: 9.013514
2026-07-26 15:44:49,657 - Evaluate - INFO - ASR Module... Epoch: 2, RSS: 5.61 GB
2026-07-26 15:44:49,658 - Evaluate - INFO - ASR... Epoch: 2, Walltime: 1.735226 CPU time: 10.206707
2026-07-26 15:44:50,910 - Evaluate - INFO - ASR Module... Epoch: 2, RSS: 5.61 GB
2026-07-26 15:44:50,911 - Evaluate - INFO - ASR... Epoch: 2, Walltime: 1.248491 CPU time: 7.458912
2026-07-26 15:44:52,490 - Evaluate - INFO - ASR Module... Epoch: 2, RSS: 5.61 GB
2026-07-26 15:44:52,490 - Evaluate - INFO - ASR... Epoch: 2, Walltime: 1.576171 CPU time: 9.339604
2026-07-26 15:44:54,239 - Evaluate - INFO - ASR Module... Epoch: 2, RSS: 5.61 GB
2026-07-26 15:44:54,239 - Evaluate - INFO - ASR... Epoch: 2, Walltime: 1.745006 CPU time: 10.215109
2026-07-26 15:44:55,767 - Evaluate - INFO - ASR Module... Epoch: 2, RSS: 5.61 GB
2026-07-26 15:44:55,768 - Evaluate - INFO - ASR... Epoch: 2, Walltime: 1.525070 CPU time: 8.631850
2026-07-26 15:44:57,797 - Evaluate - INFO - ASR Module... Epoch: 2, RSS: 5.61 GB
2026-07-26 15:44:57,798 - Evaluate - INFO - ASR... Epoch: 2, Walltime: 2.025303 CPU time: 11.408920
2026-07-26 15:44:59,369 - Evaluate - INFO - ASR Module... Epoch: 2, RSS: 5.61 GB
2026-07-26 15:44:59,370 - Evaluate - INFO - ASR... Epoch: 2, Walltime: 1.568912 CPU time: 9.224886
2026-07-26 15:45:01,027 - Evaluate - INFO - ASR Module... Epoch: 2, RSS: 5.61 GB
2026-07-26 15:45:01,028 - Evaluate - INFO - ASR... Epoch: 2, Walltime: 1.654142 CPU time: 9.746639
2026-07-26 15:45:02,600 - Evaluate - INFO - ASR Module... Epoch: 2, RSS: 5.61 GB
2026-07-26 15:45:02,601 - Evaluate - INFO - ASR... Epoch: 2, Walltime: 1.569191 CPU time: 9.123539
2026-07-26 15:45:03,914 - Evaluate - INFO - ASR Module... Epoch: 2, RSS: 5.61 GB
2026-07-26 15:45:03,915 - Evaluate - INFO - ASR... Epoch: 2, Walltime: 1.310061 CPU time: 7.607290
2026-07-26 15:45:05,372 - Evaluate - INFO - ASR Module... Epoch: 2, RSS: 5.61 GB
2026-07-26 15:45:05,373 - Evaluate - INFO - ASR... Epoch: 2, Walltime: 1.454563 CPU time: 8.468344
2026-07-26 15:45:06,989 - Evaluate - INFO - ASR Module... Epoch: 2, RSS: 5.61 GB
2026-07-26 15:45:06,990 - Evaluate - INFO - ASR... Epoch: 2, Walltime: 1.613508 CPU time: 9.516666
2026-07-26 15:45:08,874 - Evaluate - INFO - ASR Module... Epoch: 2, RSS: 5.61 GB
2026-07-26 15:45:08,875 - Evaluate - INFO - ASR... Epoch: 2, Walltime: 1.880783 CPU time: 10.919716
2026-07-26 15:45:10,671 - Evaluate - INFO - ASR Module... Epoch: 2, RSS: 5.61 GB
2026-07-26 15:45:10,672 - Evaluate - INFO - ASR... Epoch: 2, Walltime: 1.792869 CPU time: 10.416846
2026-07-26 15:45:12,256 - Evaluate - INFO - ASR Module... Epoch: 2, RSS: 5.61 GB
2026-07-26 15:45:12,257 - Evaluate - INFO - ASR... Epoch: 2, Walltime: 1.581147 CPU time: 9.156429
2026-07-26 15:45:13,891 - Evaluate - INFO - ASR Module... Epoch: 2, RSS: 5.61 GB
2026-07-26 15:45:13,892 - Evaluate - INFO - ASR... Epoch: 2, Walltime: 1.630599 CPU time: 9.179385
2026-07-26 15:45:15,521 - Evaluate - INFO - ASR Module... Epoch: 2, RSS: 5.61 GB
2026-07-26 15:45:15,522 - Evaluate - INFO - ASR... Epoch: 2, Walltime: 1.626218 CPU time: 9.263977
2026-07-26 15:45:17,125 - Evaluate - INFO - ASR Module... Epoch: 2, RSS: 5.61 GB
2026-07-26 15:45:17,126 - Evaluate - INFO - ASR... Epoch: 2, Walltime: 1.599591 CPU time: 9.167032
2026-07-26 15:45:18,792 - Evaluate - INFO - ASR Module... Epoch: 2, RSS: 5.61 GB
2026-07-26 15:45:18,793 - Evaluate - INFO - ASR... Epoch: 2, Walltime: 1.662692 CPU time: 9.391934
2026-07-26 15:45:20,098 - Evaluate - INFO - ASR Module... Epoch: 2, RSS: 5.61 GB
2026-07-26 15:45:20,098 - Evaluate - INFO - ASR... Epoch: 2, Walltime: 1.301283 CPU time: 7.649684
2026-07-26 15:45:23,537 - Evaluate - INFO - ASR Module... Epoch: 2, RSS: 5.61 GB
2026-07-26 15:45:23,537 - Evaluate - INFO - ASR... Epoch: 2, Walltime: 3.433178 CPU time: 18.946431
2026-07-26 15:45:26,438 - Evaluate - INFO - ASR Module... Epoch: 2, RSS: 5.61 GB
2026-07-26 15:45:26,439 - Evaluate - INFO - ASR... Epoch: 2, Walltime: 2.895752 CPU time: 16.012036
2026-07-26 15:45:28,452 - Evaluate - INFO - ASR Module... Epoch: 2, RSS: 5.61 GB
2026-07-26 15:45:28,453 - Evaluate - INFO - ASR... Epoch: 2, Walltime: 2.009365 CPU time: 11.237102
2026-07-26 15:45:30,224 - Evaluate - INFO - ASR Module... Epoch: 2, RSS: 5.61 GB
2026-07-26 15:45:30,225 - Evaluate - INFO - ASR... Epoch: 2, Walltime: 1.766226 CPU time: 10.116315
2026-07-26 15:45:33,377 - Evaluate - INFO - ASR Module... Epoch: 2, RSS: 5.61 GB
2026-07-26 15:45:33,378 - Evaluate - INFO - ASR... Epoch: 2, Walltime: 3.146623 CPU time: 17.300875
2026-07-26 15:45:36,056 - Evaluate - INFO - ASR Module... Epoch: 2, RSS: 5.61 GB
2026-07-26 15:45:36,057 - Evaluate - INFO - ASR... Epoch: 2, Walltime: 2.673298 CPU time: 15.184702
2026-07-26 15:45:38,743 - Evaluate - INFO - ASR Module... Epoch: 2, RSS: 5.61 GB
2026-07-26 15:45:38,744 - Evaluate - INFO - ASR... Epoch: 2, Walltime: 2.680408 CPU time: 14.771276
2026-07-26 15:45:41,045 - Evaluate - INFO - ASR Module... Epoch: 2, RSS: 5.61 GB
2026-07-26 15:45:41,046 - Evaluate - INFO - ASR... Epoch: 2, Walltime: 2.295641 CPU time: 12.688135
2026-07-26 15:45:42,842 - Evaluate - INFO - ASR Module... Epoch: 2, RSS: 5.61 GB
2026-07-26 15:45:42,843 - Evaluate - INFO - ASR... Epoch: 2, Walltime: 1.791792 CPU time: 9.936162
2026-07-26 15:45:45,866 - Evaluate - INFO - ASR Module... Epoch: 2, RSS: 5.61 GB
2026-07-26 15:45:45,867 - Evaluate - INFO - ASR... Epoch: 2, Walltime: 3.017788 CPU time: 16.574964
2026-07-26 15:45:48,365 - Evaluate - INFO - ASR Module... Epoch: 2, RSS: 5.61 GB
2026-07-26 15:45:48,366 - Evaluate - INFO - ASR... Epoch: 2, Walltime: 2.493664 CPU time: 14.004437
2026-07-26 15:45:51,190 - Evaluate - INFO - ASR Module... Epoch: 2, RSS: 5.61 GB
2026-07-26 15:45:51,190 - Evaluate - INFO - ASR... Epoch: 2, Walltime: 2.818335 CPU time: 15.931701
2026-07-26 15:45:53,770 - Evaluate - INFO - ASR Module... Epoch: 2, RSS: 5.61 GB
2026-07-26 15:45:53,771 - Evaluate - INFO - ASR... Epoch: 2, Walltime: 2.574427 CPU time: 14.431019
2026-07-26 15:45:56,474 - Evaluate - INFO - ASR Module... Epoch: 2, RSS: 5.61 GB
2026-07-26 15:45:56,474 - Evaluate - INFO - ASR... Epoch: 2, Walltime: 2.696600 CPU time: 15.328937
2026-07-26 15:45:59,280 - Evaluate - INFO - ASR Module... Epoch: 2, RSS: 5.61 GB
2026-07-26 15:45:59,281 - Evaluate - INFO - ASR... Epoch: 2, Walltime: 2.800350 CPU time: 15.647796
2026-07-26 15:46:00,345 - Evaluate - INFO - ASR Module... Epoch: 2, RSS: 5.61 GB
2026-07-26 15:46:00,346 - Evaluate - INFO - ASR... Epoch: 2, Walltime: 1.060041 CPU time: 6.179942
2026-07-26 15:46:01,616 - Evaluate - INFO - ASR Module... Epoch: 2, RSS: 5.61 GB
2026-07-26 15:46:01,617 - Evaluate - INFO - ASR... Epoch: 2, Walltime: 1.267070 CPU time: 7.117445
2026-07-26 15:46:03,757 - Evaluate - INFO - ASR Module... Epoch: 2, RSS: 5.61 GB
2026-07-26 15:46:03,758 - Evaluate - INFO - ASR... Epoch: 2, Walltime: 2.136490 CPU time: 11.661445
2026-07-26 15:46:05,423 - Evaluate - INFO - ASR Module... Epoch: 2, RSS: 5.61 GB
2026-07-26 15:46:05,424 - Evaluate - INFO - ASR... Epoch: 2, Walltime: 1.662307 CPU time: 8.937778
2026-07-26 15:46:06,816 - Evaluate - INFO - ASR Module... Epoch: 2, RSS: 5.61 GB
2026-07-26 15:46:06,817 - Evaluate - INFO - ASR... Epoch: 2, Walltime: 1.388852 CPU time: 7.991766
2026-07-26 15:46:08,259 - Evaluate - INFO - ASR Module... Epoch: 2, RSS: 5.61 GB
2026-07-26 15:46:08,260 - Evaluate - INFO - ASR... Epoch: 2, Walltime: 1.438275 CPU time: 8.229289
2026-07-26 15:46:10,042 - Evaluate - INFO - ASR Module... Epoch: 2, RSS: 5.61 GB
2026-07-26 15:46:10,043 - Evaluate - INFO - ASR... Epoch: 2, Walltime: 1.779237 CPU time: 9.557850
2026-07-26 15:46:11,871 - Evaluate - INFO - ASR Module... Epoch: 2, RSS: 5.61 GB
2026-07-26 15:46:11,872 - Evaluate - INFO - ASR... Epoch: 2, Walltime: 1.824317 CPU time: 10.041906
2026-07-26 15:46:13,082 - Evaluate - INFO - ASR Module... Epoch: 2, RSS: 5.61 GB
2026-07-26 15:46:13,082 - Evaluate - INFO - ASR... Epoch: 2, Walltime: 1.207032 CPU time: 6.828350
2026-07-26 15:46:14,631 - Evaluate - INFO - ASR Module... Epoch: 2, RSS: 5.61 GB
2026-07-26 15:46:14,632 - Evaluate - INFO - ASR... Epoch: 2, Walltime: 1.546636 CPU time: 8.316296
2026-07-26 15:46:16,102 - Evaluate - INFO - ASR Module... Epoch: 2, RSS: 5.61 GB
2026-07-26 15:46:16,103 - Evaluate - INFO - ASR... Epoch: 2, Walltime: 1.467795 CPU time: 8.142745
2026-07-26 15:46:18,688 - Evaluate - INFO - ASR Module... Epoch: 2, RSS: 5.61 GB
2026-07-26 15:46:18,689 - Evaluate - INFO - ASR... Epoch: 2, Walltime: 2.581650 CPU time: 14.073152
2026-07-26 15:46:20,744 - Evaluate - INFO - ASR Module... Epoch: 2, RSS: 5.61 GB
2026-07-26 15:46:20,745 - Evaluate - INFO - ASR... Epoch: 2, Walltime: 2.051896 CPU time: 11.291481
2026-07-26 15:46:22,835 - Evaluate - INFO - ASR Module... Epoch: 2, RSS: 5.61 GB
2026-07-26 15:46:22,836 - Evaluate - INFO - ASR... Epoch: 2, Walltime: 2.086465 CPU time: 11.593867
2026-07-26 15:46:24,384 - Evaluate - INFO - ASR Module... Epoch: 2, RSS: 5.61 GB
2026-07-26 15:46:24,385 - Evaluate - INFO - ASR... Epoch: 2, Walltime: 1.545246 CPU time: 8.798321
2026-07-26 15:46:26,586 - Evaluate - INFO - ASR Module... Epoch: 2, RSS: 5.61 GB
2026-07-26 15:46:26,586 - Evaluate - INFO - ASR... Epoch: 2, Walltime: 2.198102 CPU time: 12.554949
2026-07-26 15:46:28,699 - Evaluate - INFO - ASR Module... Epoch: 2, RSS: 5.61 GB
2026-07-26 15:46:28,700 - Evaluate - INFO - ASR... Epoch: 2, Walltime: 2.109891 CPU time: 11.830440
2026-07-26 15:46:29,951 - Evaluate - INFO - ASR Module... Epoch: 2, RSS: 5.61 GB
2026-07-26 15:46:29,952 - Evaluate - INFO - ASR... Epoch: 2, Walltime: 1.248459 CPU time: 7.216193
2026-07-26 15:46:32,082 - Evaluate - INFO - ASR Module... Epoch: 2, RSS: 5.61 GB
2026-07-26 15:46:32,082 - Evaluate - INFO - ASR... Epoch: 2, Walltime: 2.125794 CPU time: 11.567791
2026-07-26 15:46:33,827 - Evaluate - INFO - ASR Module... Epoch: 2, RSS: 5.61 GB
2026-07-26 15:46:33,827 - Evaluate - INFO - ASR... Epoch: 2, Walltime: 1.740765 CPU time: 9.665725
2026-07-26 15:46:36,021 - Evaluate - INFO - ASR Module... Epoch: 2, RSS: 5.61 GB
2026-07-26 15:46:36,022 - Evaluate - INFO - ASR... Epoch: 2, Walltime: 2.190174 CPU time: 12.052532
2026-07-26 15:46:39,201 - Evaluate - INFO - ASR Module... Epoch: 2, RSS: 5.61 GB
2026-07-26 15:46:39,201 - Evaluate - INFO - ASR... Epoch: 2, Walltime: 3.174260 CPU time: 16.463654
2026-07-26 15:46:40,940 - Evaluate - INFO - ASR Module... Epoch: 2, RSS: 5.61 GB
2026-07-26 15:46:40,941 - Evaluate - INFO - ASR... Epoch: 2, Walltime: 1.734821 CPU time: 9.960590
2026-07-26 15:46:42,293 - Evaluate - INFO - ASR Module... Epoch: 2, RSS: 5.61 GB
2026-07-26 15:46:42,294 - Evaluate - INFO - ASR... Epoch: 2, Walltime: 1.349611 CPU time: 7.965768
2026-07-26 15:46:44,605 - Evaluate - INFO - ASR Module... Epoch: 2, RSS: 5.61 GB
2026-07-26 15:46:44,606 - Evaluate - INFO - ASR... Epoch: 2, Walltime: 2.306125 CPU time: 13.316862
2026-07-26 15:46:46,656 - Evaluate - INFO - ASR Module... Epoch: 2, RSS: 5.61 GB
2026-07-26 15:46:46,657 - Evaluate - INFO - ASR... Epoch: 2, Walltime: 2.045724 CPU time: 11.590183
2026-07-26 15:46:49,113 - Evaluate - INFO - ASR Module... Epoch: 2, RSS: 5.61 GB
2026-07-26 15:46:49,114 - Evaluate - INFO - ASR... Epoch: 2, Walltime: 2.453083 CPU time: 13.930309
2026-07-26 15:46:51,505 - Evaluate - INFO - ASR Module... Epoch: 2, RSS: 5.61 GB
2026-07-26 15:46:51,506 - Evaluate - INFO - ASR... Epoch: 2, Walltime: 2.387175 CPU time: 13.538079
2026-07-26 15:46:53,656 - Evaluate - INFO - ASR Module... Epoch: 2, RSS: 5.61 GB
2026-07-26 15:46:53,657 - Evaluate - INFO - ASR... Epoch: 2, Walltime: 2.147105 CPU time: 12.375622
2026-07-26 15:46:55,936 - Evaluate - INFO - ASR Module... Epoch: 2, RSS: 5.61 GB
2026-07-26 15:46:55,937 - Evaluate - INFO - ASR... Epoch: 2, Walltime: 2.276596 CPU time: 13.080898
2026-07-26 15:46:57,520 - Evaluate - INFO - ASR Module... Epoch: 2, RSS: 5.61 GB
2026-07-26 15:46:57,520 - Evaluate - INFO - ASR... Epoch: 2, Walltime: 1.580236 CPU time: 9.028597
2026-07-26 15:46:59,319 - Evaluate - INFO - ASR Module... Epoch: 2, RSS: 5.61 GB
2026-07-26 15:46:59,320 - Evaluate - INFO - ASR... Epoch: 2, Walltime: 1.796382 CPU time: 10.246817
2026-07-26 15:47:01,443 - Evaluate - INFO - ASR Module... Epoch: 2, RSS: 5.61 GB
2026-07-26 15:47:01,444 - Evaluate - INFO - ASR... Epoch: 2, Walltime: 2.120419 CPU time: 12.232864
2026-07-26 15:47:02,654 - Evaluate - INFO - ASR Module... Epoch: 2, RSS: 5.61 GB
2026-07-26 15:47:02,655 - Evaluate - INFO - ASR... Epoch: 2, Walltime: 1.207531 CPU time: 7.037116
2026-07-26 15:47:05,074 - Evaluate - INFO - ASR Module... Epoch: 2, RSS: 5.61 GB
2026-07-26 15:47:05,075 - Evaluate - INFO - ASR... Epoch: 2, Walltime: 2.416357 CPU time: 13.855487
2026-07-26 15:47:06,808 - Evaluate - INFO - ASR Module... Epoch: 2, RSS: 5.61 GB
2026-07-26 15:47:06,810 - Evaluate - INFO - ASR... Epoch: 2, Walltime: 1.730280 CPU time: 9.848178
2026-07-26 15:47:08,535 - Evaluate - INFO - ASR Module... Epoch: 2, RSS: 5.61 GB
2026-07-26 15:47:08,535 - Evaluate - INFO - ASR... Epoch: 2, Walltime: 1.722662 CPU time: 9.616046
2026-07-26 15:47:11,272 - Evaluate - INFO - ASR Module... Epoch: 2, RSS: 5.61 GB
2026-07-26 15:47:11,273 - Evaluate - INFO - ASR... Epoch: 2, Walltime: 2.733664 CPU time: 15.349983
2026-07-26 15:47:12,678 - Evaluate - INFO - ASR Module... Epoch: 2, RSS: 5.61 GB
2026-07-26 15:47:12,679 - Evaluate - INFO - ASR... Epoch: 2, Walltime: 1.401873 CPU time: 7.886565
2026-07-26 15:47:13,882 - Evaluate - INFO - ASR Module... Epoch: 2, RSS: 5.61 GB
2026-07-26 15:47:13,883 - Evaluate - INFO - ASR... Epoch: 2, Walltime: 1.200796 CPU time: 7.068408
2026-07-26 15:47:15,936 - Evaluate - INFO - ASR Module... Epoch: 2, RSS: 5.61 GB
2026-07-26 15:47:15,936 - Evaluate - INFO - ASR... Epoch: 2, Walltime: 2.048588 CPU time: 11.661389
2026-07-26 15:47:17,848 - Evaluate - INFO - ASR Module... Epoch: 2, RSS: 5.61 GB
2026-07-26 15:47:17,849 - Evaluate - INFO - ASR... Epoch: 2, Walltime: 1.908581 CPU time: 10.639076
2026-07-26 15:47:20,200 - Evaluate - INFO - ASR Module... Epoch: 2, RSS: 5.61 GB
2026-07-26 15:47:20,201 - Evaluate - INFO - ASR... Epoch: 2, Walltime: 2.347532 CPU time: 13.113425
2026-07-26 15:47:22,974 - Evaluate - INFO - ASR Module... Epoch: 2, RSS: 5.61 GB
2026-07-26 15:47:22,975 - Evaluate - INFO - ASR... Epoch: 2, Walltime: 2.769210 CPU time: 14.908776
2026-07-26 15:47:24,794 - Evaluate - INFO - ASR Module... Epoch: 2, RSS: 5.61 GB
2026-07-26 15:47:24,794 - Evaluate - INFO - ASR... Epoch: 2, Walltime: 1.815591 CPU time: 10.634776
2026-07-26 15:47:27,351 - Evaluate - INFO - ASR Module... Epoch: 2, RSS: 5.61 GB
2026-07-26 15:47:27,352 - Evaluate - INFO - ASR... Epoch: 2, Walltime: 2.552180 CPU time: 14.374275
2026-07-26 15:47:29,047 - Evaluate - INFO - ASR Module... Epoch: 2, RSS: 5.61 GB
2026-07-26 15:47:29,048 - Evaluate - INFO - ASR... Epoch: 2, Walltime: 1.690882 CPU time: 9.496437
2026-07-26 15:47:31,551 - Evaluate - INFO - ASR Module... Epoch: 2, RSS: 5.61 GB
2026-07-26 15:47:31,551 - Evaluate - INFO - ASR... Epoch: 2, Walltime: 2.499478 CPU time: 14.148623
2026-07-26 15:47:33,486 - Evaluate - INFO - ASR Module... Epoch: 2, RSS: 5.61 GB
2026-07-26 15:47:33,486 - Evaluate - INFO - ASR... Epoch: 2, Walltime: 1.930457 CPU time: 11.198191
2026-07-26 15:47:35,594 - Evaluate - INFO - ASR Module... Epoch: 2, RSS: 5.61 GB
2026-07-26 15:47:35,595 - Evaluate - INFO - ASR... Epoch: 2, Walltime: 2.104495 CPU time: 11.623043
2026-07-26 15:47:37,377 - Evaluate - INFO - ASR Module... Epoch: 2, RSS: 5.61 GB
2026-07-26 15:47:37,378 - Evaluate - INFO - ASR... Epoch: 2, Walltime: 1.779077 CPU time: 10.429387
2026-07-26 15:47:39,753 - Evaluate - INFO - ASR Module... Epoch: 2, RSS: 5.61 GB
2026-07-26 15:47:39,753 - Evaluate - INFO - ASR... Epoch: 2, Walltime: 2.371239 CPU time: 13.590432
2026-07-26 15:47:43,579 - Evaluate - INFO - ASR Module... Epoch: 2, RSS: 5.61 GB
2026-07-26 15:47:43,580 - Evaluate - INFO - ASR... Epoch: 2, Walltime: 3.820502 CPU time: 21.596930
2026-07-26 15:47:46,044 - Evaluate - INFO - ASR Module... Epoch: 2, RSS: 5.61 GB
2026-07-26 15:47:46,045 - Evaluate - INFO - ASR... Epoch: 2, Walltime: 2.460078 CPU time: 13.829956
2026-07-26 15:47:49,413 - Evaluate - INFO - ASR Module... Epoch: 2, RSS: 5.61 GB
2026-07-26 15:47:49,414 - Evaluate - INFO - ASR... Epoch: 2, Walltime: 3.363262 CPU time: 18.967817
2026-07-26 15:47:52,658 - Evaluate - INFO - ASR Module... Epoch: 2, RSS: 5.61 GB
2026-07-26 15:47:52,659 - Evaluate - INFO - ASR... Epoch: 2, Walltime: 3.239499 CPU time: 17.696594
2026-07-26 15:47:55,194 - Evaluate - INFO - ASR Module... Epoch: 2, RSS: 5.61 GB
2026-07-26 15:47:55,195 - Evaluate - INFO - ASR... Epoch: 2, Walltime: 2.531415 CPU time: 14.288742
2026-07-26 15:47:57,347 - Evaluate - INFO - ASR Module... Epoch: 2, RSS: 5.61 GB
2026-07-26 15:47:57,348 - Evaluate - INFO - ASR... Epoch: 2, Walltime: 2.148311 CPU time: 12.280824
2026-07-26 15:48:00,480 - Evaluate - INFO - ASR Module... Epoch: 2, RSS: 5.61 GB
2026-07-26 15:48:00,481 - Evaluate - INFO - ASR... Epoch: 2, Walltime: 3.127107 CPU time: 17.516910
2026-07-26 15:48:03,332 - Evaluate - INFO - ASR Module... Epoch: 2, RSS: 5.61 GB
2026-07-26 15:48:03,333 - Evaluate - INFO - ASR... Epoch: 2, Walltime: 2.847035 CPU time: 15.996729
2026-07-26 15:48:05,974 - Evaluate - INFO - ASR Module... Epoch: 2, RSS: 5.61 GB
2026-07-26 15:48:05,974 - Evaluate - INFO - ASR... Epoch: 2, Walltime: 2.636978 CPU time: 14.756755
2026-07-26 15:48:08,790 - Evaluate - INFO - ASR Module... Epoch: 2, RSS: 5.61 GB
2026-07-26 15:48:08,791 - Evaluate - INFO - ASR... Epoch: 2, Walltime: 2.811442 CPU time: 15.781284
2026-07-26 15:48:12,825 - Evaluate - INFO - ASR Module... Epoch: 2, RSS: 5.61 GB
2026-07-26 15:48:12,826 - Evaluate - INFO - ASR... Epoch: 2, Walltime: 4.028970 CPU time: 22.977908
2026-07-26 15:48:16,201 - Evaluate - INFO - ASR Module... Epoch: 2, RSS: 5.61 GB
2026-07-26 15:48:16,202 - Evaluate - INFO - ASR... Epoch: 2, Walltime: 3.369947 CPU time: 19.294569
2026-07-26 15:48:19,284 - Evaluate - INFO - ASR Module... Epoch: 2, RSS: 5.61 GB
2026-07-26 15:48:19,285 - Evaluate - INFO - ASR... Epoch: 2, Walltime: 3.076020 CPU time: 17.361947
2026-07-26 15:48:22,846 - Evaluate - INFO - ASR Module... Epoch: 2, RSS: 5.61 GB
2026-07-26 15:48:22,847 - Evaluate - INFO - ASR... Epoch: 2, Walltime: 3.555844 CPU time: 20.242919
2026-07-26 15:48:26,327 - Evaluate - INFO - ASR Module... Epoch: 2, RSS: 5.64 GB
2026-07-26 15:48:26,328 - Evaluate - INFO - ASR... Epoch: 2, Walltime: 3.473222 CPU time: 19.639879
2026-07-26 15:48:29,733 - Evaluate - INFO - ASR Module... Epoch: 2, RSS: 5.64 GB
2026-07-26 15:48:29,733 - Evaluate - INFO - ASR... Epoch: 2, Walltime: 3.399869 CPU time: 19.404770
2026-07-26 15:48:32,172 - Evaluate - INFO - ASR Module... Epoch: 2, RSS: 5.64 GB
2026-07-26 15:48:32,173 - Evaluate - INFO - ASR... Epoch: 2, Walltime: 2.434775 CPU time: 13.947514
2026-07-26 15:48:34,985 - Evaluate - INFO - ASR Module... Epoch: 2, RSS: 5.63 GB
2026-07-26 15:48:34,986 - Evaluate - INFO - ASR... Epoch: 2, Walltime: 2.805904 CPU time: 16.098253
2026-07-26 15:48:37,493 - Evaluate - INFO - ASR Module... Epoch: 2, RSS: 5.57 GB
2026-07-26 15:48:37,494 - Evaluate - INFO - ASR... Epoch: 2, Walltime: 2.503121 CPU time: 14.059792
2026-07-26 15:48:40,039 - Evaluate - INFO - ASR Module... Epoch: 2, RSS: 5.57 GB
2026-07-26 15:48:40,039 - Evaluate - INFO - ASR... Epoch: 2, Walltime: 2.540214 CPU time: 14.492924
2026-07-26 15:48:44,164 - Evaluate - INFO - ASR Module... Epoch: 2, RSS: 5.63 GB
2026-07-26 15:48:44,165 - Evaluate - INFO - ASR... Epoch: 2, Walltime: 4.118998 CPU time: 23.285474
2026-07-26 15:48:47,566 - Evaluate - INFO - ASR Module... Epoch: 2, RSS: 5.63 GB
2026-07-26 15:48:47,567 - Evaluate - INFO - ASR... Epoch: 2, Walltime: 3.395782 CPU time: 19.111979
2026-07-26 15:48:49,878 - Evaluate - INFO - ASR Module... Epoch: 2, RSS: 5.57 GB
2026-07-26 15:48:49,879 - Evaluate - INFO - ASR... Epoch: 2, Walltime: 2.307782 CPU time: 13.343602
2026-07-26 15:48:53,541 - Evaluate - INFO - ASR Module... Epoch: 2, RSS: 5.60 GB
2026-07-26 15:48:53,543 - Evaluate - INFO - ASR... Epoch: 2, Walltime: 3.656391 CPU time: 20.382549
2026-07-26 15:48:56,517 - Evaluate - INFO - ASR Module... Epoch: 2, RSS: 5.60 GB
2026-07-26 15:48:56,518 - Evaluate - INFO - ASR... Epoch: 2, Walltime: 2.969709 CPU time: 16.848597
2026-07-26 15:49:00,844 - Evaluate - INFO - ASR Module... Epoch: 2, RSS: 5.60 GB
2026-07-26 15:49:00,844 - Evaluate - INFO - ASR... Epoch: 2, Walltime: 4.320588 CPU time: 23.774130
2026-07-26 15:49:05,050 - Evaluate - INFO - ASR Module... Epoch: 2, RSS: 5.63 GB
2026-07-26 15:49:05,051 - Evaluate - INFO - ASR... Epoch: 2, Walltime: 4.200020 CPU time: 23.493298
2026-07-26 15:49:08,322 - Evaluate - INFO - ASR Module... Epoch: 2, RSS: 5.63 GB
2026-07-26 15:49:08,323 - Evaluate - INFO - ASR... Epoch: 2, Walltime: 3.265839 CPU time: 18.686157
2026-07-26 15:49:10,906 - Evaluate - INFO - ASR Module... Epoch: 2, RSS: 5.63 GB
2026-07-26 15:49:10,907 - Evaluate - INFO - ASR... Epoch: 2, Walltime: 2.578933 CPU time: 14.767054
2026-07-26 15:49:13,036 - Evaluate - INFO - ASR Module... Epoch: 2, RSS: 5.63 GB
2026-07-26 15:49:13,037 - Evaluate - INFO - ASR... Epoch: 2, Walltime: 2.125523 CPU time: 12.298624
2026-07-26 15:49:16,815 - Evaluate - INFO - ASR Module... Epoch: 2, RSS: 5.63 GB
2026-07-26 15:49:16,816 - Evaluate - INFO - ASR... Epoch: 2, Walltime: 3.772461 CPU time: 21.072793
2026-07-26 15:49:19,314 - Evaluate - INFO - ASR Module... Epoch: 2, RSS: 5.63 GB
2026-07-26 15:49:19,315 - Evaluate - INFO - ASR... Epoch: 2, Walltime: 2.493065 CPU time: 14.058623
2026-07-26 15:49:22,207 - Evaluate - INFO - ASR Module... Epoch: 2, RSS: 5.63 GB
2026-07-26 15:49:22,209 - Evaluate - INFO - ASR... Epoch: 2, Walltime: 2.887978 CPU time: 15.939895
2026-07-26 15:49:24,107 - Evaluate - INFO - ASR Module... Epoch: 2, RSS: 5.63 GB
2026-07-26 15:49:24,108 - Evaluate - INFO - ASR... Epoch: 2, Walltime: 1.895295 CPU time: 10.855535
2026-07-26 15:49:25,607 - Evaluate - INFO - ASR Module... Epoch: 2, RSS: 5.63 GB
2026-07-26 15:49:25,607 - Evaluate - INFO - ASR... Epoch: 2, Walltime: 1.496244 CPU time: 8.473477
2026-07-26 15:49:27,636 - Evaluate - INFO - ASR Module... Epoch: 2, RSS: 5.63 GB
2026-07-26 15:49:27,637 - Evaluate - INFO - ASR... Epoch: 2, Walltime: 2.025549 CPU time: 11.436332
2026-07-26 15:49:28,972 - Evaluate - INFO - ASR Module... Epoch: 2, RSS: 5.63 GB
2026-07-26 15:49:28,973 - Evaluate - INFO - ASR... Epoch: 2, Walltime: 1.331997 CPU time: 7.166207
2026-07-26 15:49:32,810 - Evaluate - INFO - ASR Module... Epoch: 2, RSS: 5.63 GB
2026-07-26 15:49:32,811 - Evaluate - INFO - ASR... Epoch: 2, Walltime: 3.834536 CPU time: 19.584349
2026-07-26 15:49:34,874 - Evaluate - INFO - ASR Module... Epoch: 2, RSS: 5.63 GB
2026-07-26 15:49:34,875 - Evaluate - INFO - ASR... Epoch: 2, Walltime: 2.060166 CPU time: 11.148291
2026-07-26 15:49:37,167 - Evaluate - INFO - ASR Module... Epoch: 2, RSS: 5.63 GB
2026-07-26 15:49:37,168 - Evaluate - INFO - ASR... Epoch: 2, Walltime: 2.289627 CPU time: 12.117455
2026-07-26 15:49:39,591 - Evaluate - INFO - ASR Module... Epoch: 2, RSS: 5.63 GB
2026-07-26 15:49:39,592 - Evaluate - INFO - ASR... Epoch: 2, Walltime: 2.419082 CPU time: 13.457502
2026-07-26 15:49:41,718 - Evaluate - INFO - ASR Module... Epoch: 2, RSS: 5.63 GB
2026-07-26 15:49:41,719 - Evaluate - INFO - ASR... Epoch: 2, Walltime: 2.122875 CPU time: 11.929288
2026-07-26 15:49:43,891 - Evaluate - INFO - ASR Module... Epoch: 2, RSS: 5.63 GB
2026-07-26 15:49:43,892 - Evaluate - INFO - ASR... Epoch: 2, Walltime: 2.168822 CPU time: 11.338351
2026-07-26 15:49:45,893 - Evaluate - INFO - ASR Module... Epoch: 2, RSS: 5.63 GB
2026-07-26 15:49:45,894 - Evaluate - INFO - ASR... Epoch: 2, Walltime: 1.997590 CPU time: 10.887707
2026-07-26 15:49:47,479 - Evaluate - INFO - ASR Module... Epoch: 2, RSS: 5.63 GB
2026-07-26 15:49:47,479 - Evaluate - INFO - ASR... Epoch: 2, Walltime: 1.581421 CPU time: 8.646476
2026-07-26 15:49:48,936 - Evaluate - INFO - ASR Module... Epoch: 2, RSS: 5.63 GB
2026-07-26 15:49:48,937 - Evaluate - INFO - ASR... Epoch: 2, Walltime: 1.453393 CPU time: 8.016773
2026-07-26 15:49:50,388 - Evaluate - INFO - ASR Module... Epoch: 2, RSS: 5.63 GB
2026-07-26 15:49:50,389 - Evaluate - INFO - ASR... Epoch: 2, Walltime: 1.448442 CPU time: 8.294339
2026-07-26 15:49:52,558 - Evaluate - INFO - ASR Module... Epoch: 2, RSS: 5.63 GB
2026-07-26 15:49:52,559 - Evaluate - INFO - ASR... Epoch: 2, Walltime: 2.165520 CPU time: 11.884509
2026-07-26 15:49:54,143 - Evaluate - INFO - ASR Module... Epoch: 2, RSS: 5.63 GB
2026-07-26 15:49:54,145 - Evaluate - INFO - ASR... Epoch: 2, Walltime: 1.580700 CPU time: 9.171451
2026-07-26 15:49:55,944 - Evaluate - INFO - ASR Module... Epoch: 2, RSS: 5.63 GB
2026-07-26 15:49:55,945 - Evaluate - INFO - ASR... Epoch: 2, Walltime: 1.795628 CPU time: 9.967226
2026-07-26 15:49:57,608 - Evaluate - INFO - ASR Module... Epoch: 2, RSS: 5.63 GB
2026-07-26 15:49:57,609 - Evaluate - INFO - ASR... Epoch: 2, Walltime: 1.660834 CPU time: 9.330766
2026-07-26 15:49:59,414 - Evaluate - INFO - ASR Module... Epoch: 2, RSS: 5.63 GB
2026-07-26 15:49:59,415 - Evaluate - INFO - ASR... Epoch: 2, Walltime: 1.801964 CPU time: 10.071652
2026-07-26 15:50:00,757 - Evaluate - INFO - ASR Module... Epoch: 2, RSS: 5.63 GB
2026-07-26 15:50:00,758 - Evaluate - INFO - ASR... Epoch: 2, Walltime: 1.339083 CPU time: 7.102518
2026-07-26 15:50:02,532 - Evaluate - INFO - ASR Module... Epoch: 2, RSS: 5.63 GB
2026-07-26 15:50:02,532 - Evaluate - INFO - ASR... Epoch: 2, Walltime: 1.771145 CPU time: 9.593707
2026-07-26 15:50:04,010 - Evaluate - INFO - ASR Module... Epoch: 2, RSS: 5.63 GB
2026-07-26 15:50:04,011 - Evaluate - INFO - ASR... Epoch: 2, Walltime: 1.475226 CPU time: 8.361526
2026-07-26 15:50:05,552 - Evaluate - INFO - ASR Module... Epoch: 2, RSS: 5.63 GB
2026-07-26 15:50:05,553 - Evaluate - INFO - ASR... Epoch: 2, Walltime: 1.538651 CPU time: 8.371177
2026-07-26 15:50:07,327 - Evaluate - INFO - ASR Module... Epoch: 2, RSS: 5.63 GB
2026-07-26 15:50:07,327 - Evaluate - INFO - ASR... Epoch: 2, Walltime: 1.771041 CPU time: 9.721665
2026-07-26 15:50:09,376 - Evaluate - INFO - ASR Module... Epoch: 2, RSS: 5.63 GB
2026-07-26 15:50:09,377 - Evaluate - INFO - ASR... Epoch: 2, Walltime: 2.045151 CPU time: 11.319821
2026-07-26 15:50:11,506 - Evaluate - INFO - ASR Module... Epoch: 2, RSS: 5.63 GB
2026-07-26 15:50:11,507 - Evaluate - INFO - ASR... Epoch: 2, Walltime: 2.125600 CPU time: 11.951487
2026-07-26 15:50:12,808 - Evaluate - INFO - ASR Module... Epoch: 2, RSS: 5.63 GB
2026-07-26 15:50:12,809 - Evaluate - INFO - ASR... Epoch: 2, Walltime: 1.297767 CPU time: 7.396956
2026-07-26 15:50:14,182 - Evaluate - INFO - ASR Module... Epoch: 2, RSS: 5.63 GB
2026-07-26 15:50:14,183 - Evaluate - INFO - ASR... Epoch: 2, Walltime: 1.370285 CPU time: 7.619924
2026-07-26 15:50:15,921 - Evaluate - INFO - ASR Module... Epoch: 2, RSS: 5.63 GB
2026-07-26 15:50:15,922 - Evaluate - INFO - ASR... Epoch: 2, Walltime: 1.735385 CPU time: 9.537016
2026-07-26 15:50:17,658 - Evaluate - INFO - ASR Module... Epoch: 2, RSS: 5.63 GB
2026-07-26 15:50:17,659 - Evaluate - INFO - ASR... Epoch: 2, Walltime: 1.733303 CPU time: 9.476556
2026-07-26 15:50:19,057 - Evaluate - INFO - ASR Module... Epoch: 2, RSS: 5.63 GB
2026-07-26 15:50:19,058 - Evaluate - INFO - ASR... Epoch: 2, Walltime: 1.395378 CPU time: 7.735537
2026-07-26 15:50:20,355 - Evaluate - INFO - ASR Module... Epoch: 2, RSS: 5.63 GB
2026-07-26 15:50:20,356 - Evaluate - INFO - ASR... Epoch: 2, Walltime: 1.295026 CPU time: 7.229531
2026-07-26 15:50:22,606 - Evaluate - INFO - ASR Module... Epoch: 2, RSS: 5.63 GB
2026-07-26 15:50:22,607 - Evaluate - INFO - ASR... Epoch: 2, Walltime: 2.248137 CPU time: 11.908895
2026-07-26 15:50:24,324 - Evaluate - INFO - ASR Module... Epoch: 2, RSS: 5.63 GB
2026-07-26 15:50:24,324 - Evaluate - INFO - ASR... Epoch: 2, Walltime: 1.714617 CPU time: 9.376483
2026-07-26 15:50:25,986 - Evaluate - INFO - ASR Module... Epoch: 2, RSS: 5.63 GB
2026-07-26 15:50:25,987 - Evaluate - INFO - ASR... Epoch: 2, Walltime: 1.659528 CPU time: 9.156076
2026-07-26 15:50:27,602 - Evaluate - INFO - ASR Module... Epoch: 2, RSS: 5.63 GB
2026-07-26 15:50:27,603 - Evaluate - INFO - ASR... Epoch: 2, Walltime: 1.611871 CPU time: 8.969719
2026-07-26 15:50:29,247 - Evaluate - INFO - ASR Module... Epoch: 2, RSS: 5.63 GB
2026-07-26 15:50:29,248 - Evaluate - INFO - ASR... Epoch: 2, Walltime: 1.642018 CPU time: 9.395399
2026-07-26 15:50:30,977 - Evaluate - INFO - ASR Module... Epoch: 2, RSS: 5.63 GB
2026-07-26 15:50:30,978 - Evaluate - INFO - ASR... Epoch: 2, Walltime: 1.725822 CPU time: 9.254007
2026-07-26 15:50:32,818 - Evaluate - INFO - ASR Module... Epoch: 2, RSS: 5.63 GB
2026-07-26 15:50:32,818 - Evaluate - INFO - ASR... Epoch: 2, Walltime: 1.837978 CPU time: 10.495360
2026-07-26 15:50:34,625 - Evaluate - INFO - ASR Module... Epoch: 2, RSS: 5.63 GB
2026-07-26 15:50:34,626 - Evaluate - INFO - ASR... Epoch: 2, Walltime: 1.804236 CPU time: 10.374807
2026-07-26 15:50:36,221 - Evaluate - INFO - ASR Module... Epoch: 2, RSS: 5.63 GB
2026-07-26 15:50:36,222 - Evaluate - INFO - ASR... Epoch: 2, Walltime: 1.592274 CPU time: 8.708441
2026-07-26 15:50:37,534 - Evaluate - INFO - ASR Module... Epoch: 2, RSS: 5.63 GB
2026-07-26 15:50:37,534 - Evaluate - INFO - ASR... Epoch: 2, Walltime: 1.309885 CPU time: 6.915653
2026-07-26 15:50:39,328 - Evaluate - INFO - ASR Module... Epoch: 2, RSS: 5.63 GB
2026-07-26 15:50:39,329 - Evaluate - INFO - ASR... Epoch: 2, Walltime: 1.791001 CPU time: 9.555375
2026-07-26 15:50:41,275 - Evaluate - INFO - ASR Module... Epoch: 2, RSS: 5.63 GB
2026-07-26 15:50:41,276 - Evaluate - INFO - ASR... Epoch: 2, Walltime: 1.943208 CPU time: 10.914055
2026-07-26 15:50:43,251 - Evaluate - INFO - ASR Module... Epoch: 2, RSS: 5.63 GB
2026-07-26 15:50:43,252 - Evaluate - INFO - ASR... Epoch: 2, Walltime: 1.971829 CPU time: 10.514191
2026-07-26 15:50:44,582 - Evaluate - INFO - ASR Module... Epoch: 2, RSS: 5.63 GB
2026-07-26 15:50:44,583 - Evaluate - INFO - ASR... Epoch: 2, Walltime: 1.327458 CPU time: 7.237654
2026-07-26 15:50:46,508 - Evaluate - INFO - ASR Module... Epoch: 2, RSS: 5.63 GB
2026-07-26 15:50:46,508 - Evaluate - INFO - ASR... Epoch: 2, Walltime: 1.922277 CPU time: 10.085793
2026-07-26 15:50:48,182 - Evaluate - INFO - ASR Module... Epoch: 2, RSS: 5.63 GB
2026-07-26 15:50:48,183 - Evaluate - INFO - ASR... Epoch: 2, Walltime: 1.670768 CPU time: 9.252047
2026-07-26 15:50:49,638 - Evaluate - INFO - ASR Module... Epoch: 2, RSS: 5.63 GB
2026-07-26 15:50:49,639 - Evaluate - INFO - ASR... Epoch: 2, Walltime: 1.453110 CPU time: 7.970294
2026-07-26 15:50:51,020 - Evaluate - INFO - ASR Module... Epoch: 2, RSS: 5.63 GB
2026-07-26 15:50:51,020 - Evaluate - INFO - ASR... Epoch: 2, Walltime: 1.377985 CPU time: 7.699610
2026-07-26 15:50:53,460 - Evaluate - INFO - ASR Module... Epoch: 2, RSS: 5.63 GB
2026-07-26 15:50:53,461 - Evaluate - INFO - ASR... Epoch: 2, Walltime: 2.436630 CPU time: 13.689272
2026-07-26 15:50:55,375 - Evaluate - INFO - ASR Module... Epoch: 2, RSS: 5.63 GB
2026-07-26 15:50:55,377 - Evaluate - INFO - ASR... Epoch: 2, Walltime: 1.911350 CPU time: 10.244096
2026-07-26 15:50:57,774 - Evaluate - INFO - ASR Module... Epoch: 2, RSS: 5.63 GB
2026-07-26 15:50:57,775 - Evaluate - INFO - ASR... Epoch: 2, Walltime: 2.393908 CPU time: 12.873248
2026-07-26 15:50:59,508 - Evaluate - INFO - ASR Module... Epoch: 2, RSS: 5.63 GB
2026-07-26 15:50:59,508 - Evaluate - INFO - ASR... Epoch: 2, Walltime: 1.728582 CPU time: 9.861236
2026-07-26 15:51:01,753 - Evaluate - INFO - ASR Module... Epoch: 2, RSS: 5.63 GB
2026-07-26 15:51:01,754 - Evaluate - INFO - ASR... Epoch: 2, Walltime: 2.240332 CPU time: 12.422806
2026-07-26 15:51:04,897 - Evaluate - INFO - ASR Module... Epoch: 2, RSS: 5.63 GB
2026-07-26 15:51:04,898 - Evaluate - INFO - ASR... Epoch: 2, Walltime: 3.138056 CPU time: 17.182940
2026-07-26 15:51:06,717 - Evaluate - INFO - ASR Module... Epoch: 2, RSS: 5.63 GB
2026-07-26 15:51:06,717 - Evaluate - INFO - ASR... Epoch: 2, Walltime: 1.814958 CPU time: 9.748393
2026-07-26 15:51:08,980 - Evaluate - INFO - ASR Module... Epoch: 2, RSS: 5.63 GB
2026-07-26 15:51:08,981 - Evaluate - INFO - ASR... Epoch: 2, Walltime: 2.259392 CPU time: 11.727730
2026-07-26 15:51:10,844 - Evaluate - INFO - ASR Module... Epoch: 2, RSS: 5.63 GB
2026-07-26 15:51:10,845 - Evaluate - INFO - ASR... Epoch: 2, Walltime: 1.859965 CPU time: 10.715288
2026-07-26 15:51:14,124 - Evaluate - INFO - ASR Module... Epoch: 2, RSS: 5.63 GB
2026-07-26 15:51:14,125 - Evaluate - INFO - ASR... Epoch: 2, Walltime: 3.273020 CPU time: 17.793933
2026-07-26 15:51:16,803 - Evaluate - INFO - ASR Module... Epoch: 2, RSS: 5.63 GB
2026-07-26 15:51:16,803 - Evaluate - INFO - ASR... Epoch: 2, Walltime: 2.673678 CPU time: 14.443579
2026-07-26 15:51:19,108 - Evaluate - INFO - ASR Module... Epoch: 2, RSS: 5.63 GB
2026-07-26 15:51:19,109 - Evaluate - INFO - ASR... Epoch: 2, Walltime: 2.300581 CPU time: 12.321581
2026-07-26 15:51:21,289 - Evaluate - INFO - ASR Module... Epoch: 2, RSS: 5.63 GB
2026-07-26 15:51:21,290 - Evaluate - INFO - ASR... Epoch: 2, Walltime: 2.177650 CPU time: 11.706824
2026-07-26 15:51:22,816 - Evaluate - INFO - ASR Module... Epoch: 2, RSS: 5.63 GB
2026-07-26 15:51:22,817 - Evaluate - INFO - ASR... Epoch: 2, Walltime: 1.523583 CPU time: 8.586147
2026-07-26 15:51:23,888 - Evaluate - INFO - ASR Module... Epoch: 2, RSS: 5.63 GB
2026-07-26 15:51:23,888 - Evaluate - INFO - ASR... Epoch: 2, Walltime: 1.069270 CPU time: 6.040180
2026-07-26 15:51:26,881 - Evaluate - INFO - ASR Module... Epoch: 2, RSS: 5.63 GB
2026-07-26 15:51:26,882 - Evaluate - INFO - ASR... Epoch: 2, Walltime: 2.989563 CPU time: 15.727186
2026-07-26 15:51:29,432 - Evaluate - INFO - ASR Module... Epoch: 2, RSS: 5.63 GB
2026-07-26 15:51:29,433 - Evaluate - INFO - ASR... Epoch: 2, Walltime: 2.545555 CPU time: 13.820489
2026-07-26 15:51:32,141 - Evaluate - INFO - ASR Module... Epoch: 2, RSS: 5.63 GB
2026-07-26 15:51:32,142 - Evaluate - INFO - ASR... Epoch: 2, Walltime: 2.704225 CPU time: 13.966006
2026-07-26 15:51:33,780 - Evaluate - INFO - ASR Module... Epoch: 2, RSS: 5.63 GB
2026-07-26 15:51:33,780 - Evaluate - INFO - ASR... Epoch: 2, Walltime: 1.634434 CPU time: 9.239037
2026-07-26 15:51:36,846 - Evaluate - INFO - ASR Module... Epoch: 2, RSS: 5.63 GB
2026-07-26 15:51:36,847 - Evaluate - INFO - ASR... Epoch: 2, Walltime: 3.062549 CPU time: 16.627656
2026-07-26 15:51:39,515 - Evaluate - INFO - ASR Module... Epoch: 2, RSS: 5.63 GB
2026-07-26 15:51:39,517 - Evaluate - INFO - ASR... Epoch: 2, Walltime: 2.664457 CPU time: 15.109962
2026-07-26 15:51:42,569 - Evaluate - INFO - ASR Module... Epoch: 2, RSS: 5.63 GB
2026-07-26 15:51:42,570 - Evaluate - INFO - ASR... Epoch: 2, Walltime: 3.047447 CPU time: 17.512587
2026-07-26 15:51:44,685 - Evaluate - INFO - ASR Module... Epoch: 2, RSS: 5.63 GB
2026-07-26 15:51:44,686 - Evaluate - INFO - ASR... Epoch: 2, Walltime: 2.112420 CPU time: 11.653648
2026-07-26 15:51:46,789 - Evaluate - INFO - ASR Module... Epoch: 2, RSS: 5.63 GB
2026-07-26 15:51:46,789 - Evaluate - INFO - ASR... Epoch: 2, Walltime: 2.097979 CPU time: 12.022570
2026-07-26 15:51:49,533 - Evaluate - INFO - ASR Module... Epoch: 2, RSS: 5.63 GB
2026-07-26 15:51:49,534 - Evaluate - INFO - ASR... Epoch: 2, Walltime: 2.740082 CPU time: 15.162837
2026-07-26 15:51:51,804 - Evaluate - INFO - ASR Module... Epoch: 2, RSS: 5.63 GB
2026-07-26 15:51:51,805 - Evaluate - INFO - ASR... Epoch: 2, Walltime: 2.267157 CPU time: 12.720562
2026-07-26 15:51:56,058 - Evaluate - INFO - ASR Module... Epoch: 2, RSS: 5.63 GB
2026-07-26 15:51:56,059 - Evaluate - INFO - ASR... Epoch: 2, Walltime: 4.247624 CPU time: 23.194577
2026-07-26 15:51:59,071 - Evaluate - INFO - ASR Module... Epoch: 2, RSS: 5.63 GB
2026-07-26 15:51:59,072 - Evaluate - INFO - ASR... Epoch: 2, Walltime: 3.005803 CPU time: 17.349836
2026-07-26 15:52:02,763 - Evaluate - INFO - ASR Module... Epoch: 2, RSS: 5.63 GB
2026-07-26 15:52:02,764 - Evaluate - INFO - ASR... Epoch: 2, Walltime: 3.683671 CPU time: 20.921872
2026-07-26 15:52:05,782 - Evaluate - INFO - ASR Module... Epoch: 2, RSS: 5.63 GB
2026-07-26 15:52:05,782 - Evaluate - INFO - ASR... Epoch: 2, Walltime: 3.012277 CPU time: 17.166854
2026-07-26 15:52:08,180 - Evaluate - INFO - ASR Module... Epoch: 2, RSS: 5.63 GB
2026-07-26 15:52:08,181 - Evaluate - INFO - ASR... Epoch: 2, Walltime: 2.391227 CPU time: 13.634874
2026-07-26 15:52:12,222 - Evaluate - INFO - ASR Module... Epoch: 2, RSS: 5.63 GB
2026-07-26 15:52:12,223 - Evaluate - INFO - ASR... Epoch: 2, Walltime: 4.034903 CPU time: 23.379742
2026-07-26 15:52:14,195 - Evaluate - INFO - ASR Module... Epoch: 2, RSS: 5.63 GB
2026-07-26 15:52:14,195 - Evaluate - INFO - ASR... Epoch: 2, Walltime: 1.967443 CPU time: 11.400373
2026-07-26 15:52:17,539 - Evaluate - INFO - ASR Module... Epoch: 2, RSS: 5.63 GB
2026-07-26 15:52:17,540 - Evaluate - INFO - ASR... Epoch: 2, Walltime: 3.339417 CPU time: 18.885481
2026-07-26 15:52:19,698 - Evaluate - INFO - ASR Module... Epoch: 2, RSS: 5.63 GB
2026-07-26 15:52:19,699 - Evaluate - INFO - ASR... Epoch: 2, Walltime: 2.154254 CPU time: 12.551669
2026-07-26 15:52:22,228 - Evaluate - INFO - ASR Module... Epoch: 2, RSS: 5.63 GB
2026-07-26 15:52:22,229 - Evaluate - INFO - ASR... Epoch: 2, Walltime: 2.526161 CPU time: 14.327209
2026-07-26 15:52:23,712 - Evaluate - INFO - ASR Module... Epoch: 2, RSS: 5.63 GB
2026-07-26 15:52:23,713 - Evaluate - INFO - ASR... Epoch: 2, Walltime: 1.480492 CPU time: 8.468879
2026-07-26 15:52:25,397 - Evaluate - INFO - ASR Module... Epoch: 2, RSS: 5.63 GB
2026-07-26 15:52:25,398 - Evaluate - INFO - ASR... Epoch: 2, Walltime: 1.681008 CPU time: 9.438450
2026-07-26 15:52:27,055 - Evaluate - INFO - ASR Module... Epoch: 2, RSS: 5.63 GB
2026-07-26 15:52:27,056 - Evaluate - INFO - ASR... Epoch: 2, Walltime: 1.653471 CPU time: 9.239558
2026-07-26 15:52:29,186 - Evaluate - INFO - ASR Module... Epoch: 2, RSS: 5.63 GB
2026-07-26 15:52:29,187 - Evaluate - INFO - ASR... Epoch: 2, Walltime: 2.125800 CPU time: 11.825838
2026-07-26 15:52:32,018 - Evaluate - INFO - ASR Module... Epoch: 2, RSS: 5.63 GB
2026-07-26 15:52:32,019 - Evaluate - INFO - ASR... Epoch: 2, Walltime: 2.826271 CPU time: 16.174706
2026-07-26 15:52:34,843 - Evaluate - INFO - ASR Module... Epoch: 2, RSS: 5.63 GB
2026-07-26 15:52:34,844 - Evaluate - INFO - ASR... Epoch: 2, Walltime: 2.819953 CPU time: 15.734007
2026-07-26 15:52:38,597 - Evaluate - INFO - ASR Module... Epoch: 2, RSS: 5.63 GB
2026-07-26 15:52:38,598 - Evaluate - INFO - ASR... Epoch: 2, Walltime: 3.746026 CPU time: 21.525805
2026-07-26 15:52:41,505 - Evaluate - INFO - ASR Module... Epoch: 2, RSS: 5.63 GB
2026-07-26 15:52:41,506 - Evaluate - INFO - ASR... Epoch: 2, Walltime: 2.899761 CPU time: 17.065767
2026-07-26 15:52:44,411 - Evaluate - INFO - ASR Module... Epoch: 2, RSS: 5.63 GB
2026-07-26 15:52:44,412 - Evaluate - INFO - ASR... Epoch: 2, Walltime: 2.901003 CPU time: 16.736847
2026-07-26 15:52:46,824 - Evaluate - INFO - ASR Module... Epoch: 2, RSS: 5.63 GB
2026-07-26 15:52:46,824 - Evaluate - INFO - ASR... Epoch: 2, Walltime: 2.407115 CPU time: 13.907559
2026-07-26 15:52:48,720 - Evaluate - INFO - ASR Module... Epoch: 2, RSS: 5.64 GB
2026-07-26 15:52:48,720 - Evaluate - INFO - ASR... Epoch: 2, Walltime: 1.891528 CPU time: 10.672306
2026-07-26 15:52:50,378 - Evaluate - INFO - ASR Module... Epoch: 2, RSS: 5.64 GB
2026-07-26 15:52:50,379 - Evaluate - INFO - ASR... Epoch: 2, Walltime: 1.654246 CPU time: 9.320063
2026-07-26 15:52:52,304 - Evaluate - INFO - ASR Module... Epoch: 2, RSS: 5.64 GB
2026-07-26 15:52:52,305 - Evaluate - INFO - ASR... Epoch: 2, Walltime: 1.921941 CPU time: 10.379023
2026-07-26 15:52:53,842 - Evaluate - INFO - ASR Module... Epoch: 2, RSS: 5.64 GB
2026-07-26 15:52:53,843 - Evaluate - INFO - ASR... Epoch: 2, Walltime: 1.533736 CPU time: 8.698895
2026-07-26 15:52:55,133 - Evaluate - INFO - ASR Module... Epoch: 2, RSS: 5.64 GB
2026-07-26 15:52:55,134 - Evaluate - INFO - ASR... Epoch: 2, Walltime: 1.286981 CPU time: 7.353134
2026-07-26 15:52:56,927 - Evaluate - INFO - ASR Module... Epoch: 2, RSS: 5.64 GB
2026-07-26 15:52:56,928 - Evaluate - INFO - ASR... Epoch: 2, Walltime: 1.790549 CPU time: 10.022528
2026-07-26 15:52:58,666 - Evaluate - INFO - ASR Module... Epoch: 2, RSS: 5.64 GB
2026-07-26 15:52:58,667 - Evaluate - INFO - ASR... Epoch: 2, Walltime: 1.734659 CPU time: 9.932747
2026-07-26 15:52:59,961 - Evaluate - INFO - ASR Module... Epoch: 2, RSS: 5.64 GB
2026-07-26 15:52:59,962 - Evaluate - INFO - ASR... Epoch: 2, Walltime: 1.291426 CPU time: 7.176221
2026-07-26 15:53:01,178 - Evaluate - INFO - ASR Module... Epoch: 2, RSS: 5.64 GB
2026-07-26 15:53:01,178 - Evaluate - INFO - ASR... Epoch: 2, Walltime: 1.212902 CPU time: 7.052749
2026-07-26 15:53:03,499 - Evaluate - INFO - ASR Module... Epoch: 2, RSS: 5.64 GB
2026-07-26 15:53:03,500 - Evaluate - INFO - ASR... Epoch: 2, Walltime: 2.315990 CPU time: 13.311707
2026-07-26 15:53:06,915 - Evaluate - INFO - ASR Module... Epoch: 2, RSS: 5.64 GB
2026-07-26 15:53:06,916 - Evaluate - INFO - ASR... Epoch: 2, Walltime: 3.410566 CPU time: 18.450450
2026-07-26 15:53:08,082 - Evaluate - INFO - ASR Module... Epoch: 2, RSS: 5.64 GB
2026-07-26 15:53:08,082 - Evaluate - INFO - ASR... Epoch: 2, Walltime: 1.162768 CPU time: 6.763022
2026-07-26 15:53:11,398 - Evaluate - INFO - ASR Module... Epoch: 2, RSS: 5.64 GB
2026-07-26 15:53:11,399 - Evaluate - INFO - ASR... Epoch: 2, Walltime: 3.311623 CPU time: 19.162501
2026-07-26 15:53:13,170 - Evaluate - INFO - ASR Module... Epoch: 2, RSS: 5.64 GB
2026-07-26 15:53:13,171 - Evaluate - INFO - ASR... Epoch: 2, Walltime: 1.767682 CPU time: 9.989416
2026-07-26 15:53:14,325 - Evaluate - INFO - ASR Module... Epoch: 2, RSS: 5.64 GB
2026-07-26 15:53:14,326 - Evaluate - INFO - ASR... Epoch: 2, Walltime: 1.152119 CPU time: 6.675983
2026-07-26 15:53:15,630 - Evaluate - INFO - ASR Module... Epoch: 2, RSS: 5.64 GB
2026-07-26 15:53:15,631 - Evaluate - INFO - ASR... Epoch: 2, Walltime: 1.301752 CPU time: 7.380431
2026-07-26 15:53:17,258 - Evaluate - INFO - ASR Module... Epoch: 2, RSS: 5.64 GB
2026-07-26 15:53:17,259 - Evaluate - INFO - ASR... Epoch: 2, Walltime: 1.623184 CPU time: 9.512271
2026-07-26 15:53:20,030 - Evaluate - INFO - ASR Module... Epoch: 2, RSS: 5.64 GB
2026-07-26 15:53:20,031 - Evaluate - INFO - ASR... Epoch: 2, Walltime: 2.766659 CPU time: 15.732661
2026-07-26 15:53:22,345 - Evaluate - INFO - ASR Module... Epoch: 2, RSS: 5.64 GB
2026-07-26 15:53:22,346 - Evaluate - INFO - ASR... Epoch: 2, Walltime: 2.310015 CPU time: 13.239597
2026-07-26 15:53:24,338 - Evaluate - INFO - ASR Module... Epoch: 2, RSS: 5.64 GB
2026-07-26 15:53:24,339 - Evaluate - INFO - ASR... Epoch: 2, Walltime: 1.989766 CPU time: 11.073610
2026-07-26 15:53:26,812 - Evaluate - INFO - ASR Module... Epoch: 2, RSS: 5.64 GB
2026-07-26 15:53:26,812 - Evaluate - INFO - ASR... Epoch: 2, Walltime: 2.468660 CPU time: 13.675305
2026-07-26 15:53:29,528 - Evaluate - INFO - ASR Module... Epoch: 2, RSS: 5.64 GB
2026-07-26 15:53:29,529 - Evaluate - INFO - ASR... Epoch: 2, Walltime: 2.711996 CPU time: 15.232667
2026-07-26 15:53:32,095 - Evaluate - INFO - ASR Module... Epoch: 2, RSS: 5.64 GB
2026-07-26 15:53:32,096 - Evaluate - INFO - ASR... Epoch: 2, Walltime: 2.562352 CPU time: 14.644031
2026-07-26 15:53:34,340 - Evaluate - INFO - ASR Module... Epoch: 2, RSS: 5.64 GB
2026-07-26 15:53:34,341 - Evaluate - INFO - ASR... Epoch: 2, Walltime: 2.239775 CPU time: 12.923360
2026-07-26 15:53:36,939 - Evaluate - INFO - ASR Module... Epoch: 2, RSS: 5.64 GB
2026-07-26 15:53:36,939 - Evaluate - INFO - ASR... Epoch: 2, Walltime: 2.594583 CPU time: 14.936524
2026-07-26 15:53:38,625 - Evaluate - INFO - ASR Module... Epoch: 2, RSS: 5.64 GB
2026-07-26 15:53:38,626 - Evaluate - INFO - ASR... Epoch: 2, Walltime: 1.683171 CPU time: 9.265747
2026-07-26 15:53:39,866 - Evaluate - INFO - ASR Module... Epoch: 2, RSS: 5.64 GB
2026-07-26 15:53:39,867 - Evaluate - INFO - ASR... Epoch: 2, Walltime: 1.237507 CPU time: 7.210113
2026-07-26 15:53:42,210 - Evaluate - INFO - ASR Module... Epoch: 2, RSS: 5.64 GB
2026-07-26 15:53:42,212 - Evaluate - INFO - ASR... Epoch: 2, Walltime: 2.339691 CPU time: 12.828593
2026-07-26 15:53:43,919 - Evaluate - INFO - ASR Module... Epoch: 2, RSS: 5.64 GB
2026-07-26 15:53:43,920 - Evaluate - INFO - ASR... Epoch: 2, Walltime: 1.704562 CPU time: 9.354385
2026-07-26 15:53:45,731 - Evaluate - INFO - ASR Module... Epoch: 2, RSS: 5.64 GB
2026-07-26 15:53:45,731 - Evaluate - INFO - ASR... Epoch: 2, Walltime: 1.806585 CPU time: 9.924049
2026-07-26 15:53:47,329 - Evaluate - INFO - ASR Module... Epoch: 2, RSS: 5.64 GB
2026-07-26 15:53:47,330 - Evaluate - INFO - ASR... Epoch: 2, Walltime: 1.594723 CPU time: 8.679941
2026-07-26 15:53:49,177 - Evaluate - INFO - ASR Module... Epoch: 2, RSS: 5.64 GB
2026-07-26 15:53:49,177 - Evaluate - INFO - ASR... Epoch: 2, Walltime: 1.843269 CPU time: 10.228223
2026-07-26 15:53:51,002 - Evaluate - INFO - ASR Module... Epoch: 2, RSS: 5.64 GB
2026-07-26 15:53:51,002 - Evaluate - INFO - ASR... Epoch: 2, Walltime: 1.821253 CPU time: 10.150470
2026-07-26 15:53:54,152 - Evaluate - INFO - ASR Module... Epoch: 2, RSS: 5.64 GB
2026-07-26 15:53:54,153 - Evaluate - INFO - ASR... Epoch: 2, Walltime: 3.145191 CPU time: 17.047347
2026-07-26 15:53:56,225 - Evaluate - INFO - ASR Module... Epoch: 2, RSS: 5.64 GB
2026-07-26 15:53:56,226 - Evaluate - INFO - ASR... Epoch: 2, Walltime: 2.068825 CPU time: 11.678776
2026-07-26 15:53:58,515 - Evaluate - INFO - ASR Module... Epoch: 2, RSS: 5.64 GB
2026-07-26 15:53:58,516 - Evaluate - INFO - ASR... Epoch: 2, Walltime: 2.285435 CPU time: 12.384817
2026-07-26 15:54:00,105 - Evaluate - INFO - ASR Module... Epoch: 2, RSS: 5.64 GB
2026-07-26 15:54:00,105 - Evaluate - INFO - ASR... Epoch: 2, Walltime: 1.586020 CPU time: 8.829660
2026-07-26 15:54:02,051 - Evaluate - INFO - ASR Module... Epoch: 2, RSS: 5.64 GB
2026-07-26 15:54:02,051 - Evaluate - INFO - ASR... Epoch: 2, Walltime: 1.942753 CPU time: 10.666628
2026-07-26 15:54:04,541 - Evaluate - INFO - ASR Module... Epoch: 2, RSS: 5.64 GB
2026-07-26 15:54:04,542 - Evaluate - INFO - ASR... Epoch: 2, Walltime: 2.486162 CPU time: 13.400904
2026-07-26 15:54:06,188 - Evaluate - INFO - ASR Module... Epoch: 2, RSS: 5.64 GB
2026-07-26 15:54:06,188 - Evaluate - INFO - ASR... Epoch: 2, Walltime: 1.642963 CPU time: 9.248373
2026-07-26 15:54:07,851 - Evaluate - INFO - ASR Module... Epoch: 2, RSS: 5.64 GB
2026-07-26 15:54:07,851 - Evaluate - INFO - ASR... Epoch: 2, Walltime: 1.660163 CPU time: 9.302801
2026-07-26 15:54:09,414 - Evaluate - INFO - ASR Module... Epoch: 2, RSS: 5.64 GB
2026-07-26 15:54:09,415 - Evaluate - INFO - ASR... Epoch: 2, Walltime: 1.560550 CPU time: 8.939776
2026-07-26 15:54:11,155 - Evaluate - INFO - ASR Module... Epoch: 2, RSS: 5.64 GB
2026-07-26 15:54:11,156 - Evaluate - INFO - ASR... Epoch: 2, Walltime: 1.736923 CPU time: 9.460480
2026-07-26 15:54:13,568 - Evaluate - INFO - ASR Module... Epoch: 2, RSS: 5.64 GB
2026-07-26 15:54:13,569 - Evaluate - INFO - ASR... Epoch: 2, Walltime: 2.408520 CPU time: 13.508162
2026-07-26 15:54:15,132 - Evaluate - INFO - ASR Module... Epoch: 2, RSS: 5.64 GB
2026-07-26 15:54:15,133 - Evaluate - INFO - ASR... Epoch: 2, Walltime: 1.560392 CPU time: 8.625298
2026-07-26 15:54:17,330 - Evaluate - INFO - ASR Module... Epoch: 2, RSS: 5.64 GB
2026-07-26 15:54:17,331 - Evaluate - INFO - ASR... Epoch: 2, Walltime: 2.194423 CPU time: 12.350918
2026-07-26 15:54:18,589 - Evaluate - INFO - ASR Module... Epoch: 2, RSS: 5.64 GB
2026-07-26 15:54:18,590 - Evaluate - INFO - ASR... Epoch: 2, Walltime: 1.256270 CPU time: 7.096501
2026-07-26 15:54:21,063 - Evaluate - INFO - ASR Module... Epoch: 2, RSS: 5.64 GB
2026-07-26 15:54:21,063 - Evaluate - INFO - ASR... Epoch: 2, Walltime: 2.468966 CPU time: 13.763886
2026-07-26 15:54:23,117 - Evaluate - INFO - ASR Module... Epoch: 2, RSS: 5.64 GB
2026-07-26 15:54:23,118 - Evaluate - INFO - ASR... Epoch: 2, Walltime: 2.049961 CPU time: 11.274600
2026-07-26 15:54:25,113 - Evaluate - INFO - ASR Module... Epoch: 2, RSS: 5.64 GB
2026-07-26 15:54:25,114 - Evaluate - INFO - ASR... Epoch: 2, Walltime: 1.992016 CPU time: 11.063953
2026-07-26 15:54:27,084 - Evaluate - INFO - ASR Module... Epoch: 2, RSS: 5.64 GB
2026-07-26 15:54:27,085 - Evaluate - INFO - ASR... Epoch: 2, Walltime: 1.967360 CPU time: 10.533199
2026-07-26 15:54:29,098 - Evaluate - INFO - ASR Module... Epoch: 2, RSS: 5.64 GB
2026-07-26 15:54:29,099 - Evaluate - INFO - ASR... Epoch: 2, Walltime: 2.010155 CPU time: 10.837456
2026-07-26 15:54:31,251 - Evaluate - INFO - ASR Module... Epoch: 2, RSS: 5.64 GB
2026-07-26 15:54:31,252 - Evaluate - INFO - ASR... Epoch: 2, Walltime: 2.146744 CPU time: 11.949390
2026-07-26 15:54:34,955 - Evaluate - INFO - ASR Module... Epoch: 2, RSS: 5.61 GB
2026-07-26 15:54:34,956 - Evaluate - INFO - ASR... Epoch: 2, Walltime: 3.697211 CPU time: 20.344633
2026-07-26 15:54:36,378 - Evaluate - INFO - ASR Module... Epoch: 2, RSS: 5.61 GB
2026-07-26 15:54:36,379 - Evaluate - INFO - ASR... Epoch: 2, Walltime: 1.418773 CPU time: 7.966108
2026-07-26 15:54:38,207 - Evaluate - INFO - ASR Module... Epoch: 2, RSS: 5.61 GB
2026-07-26 15:54:38,207 - Evaluate - INFO - ASR... Epoch: 2, Walltime: 1.825558 CPU time: 10.375360
2026-07-26 15:54:41,189 - Evaluate - INFO - ASR Module... Epoch: 2, RSS: 5.64 GB
2026-07-26 15:54:41,190 - Evaluate - INFO - ASR... Epoch: 2, Walltime: 2.977121 CPU time: 16.396922
2026-07-26 15:54:42,590 - Evaluate - INFO - ASR Module... Epoch: 2, RSS: 5.64 GB
2026-07-26 15:54:42,591 - Evaluate - INFO - ASR... Epoch: 2, Walltime: 1.397616 CPU time: 8.054420
2026-07-26 15:54:44,170 - Evaluate - INFO - ASR Module... Epoch: 2, RSS: 5.64 GB
2026-07-26 15:54:44,171 - Evaluate - INFO - ASR... Epoch: 2, Walltime: 1.576669 CPU time: 8.946672
2026-07-26 15:54:46,394 - Evaluate - INFO - ASR Module... Epoch: 2, RSS: 5.64 GB
2026-07-26 15:54:46,394 - Evaluate - INFO - ASR... Epoch: 2, Walltime: 2.219734 CPU time: 12.421498
2026-07-26 15:54:47,430 - Evaluate - INFO - ASR Module... Epoch: 2, RSS: 5.64 GB
2026-07-26 15:54:47,431 - Evaluate - INFO - ASR... Epoch: 2, Walltime: 1.033358 CPU time: 6.028437
2026-07-26 15:54:49,713 - Evaluate - INFO - ASR Module... Epoch: 2, RSS: 5.64 GB
2026-07-26 15:54:49,713 - Evaluate - INFO - ASR... Epoch: 2, Walltime: 2.279223 CPU time: 11.865437
2026-07-26 15:54:53,958 - Evaluate - INFO - ASR Module... Epoch: 2, RSS: 5.60 GB
2026-07-26 15:54:53,959 - Evaluate - INFO - ASR... Epoch: 2, Walltime: 4.238817 CPU time: 22.792802
2026-07-26 15:54:56,335 - Evaluate - INFO - ASR Module... Epoch: 2, RSS: 5.60 GB
2026-07-26 15:54:56,335 - Evaluate - INFO - ASR... Epoch: 2, Walltime: 2.371970 CPU time: 12.992432
2026-07-26 15:54:59,427 - Evaluate - INFO - ASR Module... Epoch: 2, RSS: 5.64 GB
2026-07-26 15:54:59,428 - Evaluate - INFO - ASR... Epoch: 2, Walltime: 3.088200 CPU time: 16.629886
2026-07-26 15:55:01,460 - Evaluate - INFO - ASR Module... Epoch: 2, RSS: 5.64 GB
2026-07-26 15:55:01,460 - Evaluate - INFO - ASR... Epoch: 2, Walltime: 2.028272 CPU time: 11.232127
2026-07-26 15:55:04,131 - Evaluate - INFO - ASR Module... Epoch: 2, RSS: 5.64 GB
2026-07-26 15:55:04,131 - Evaluate - INFO - ASR... Epoch: 2, Walltime: 2.667378 CPU time: 14.716043
2026-07-26 15:55:05,142 - Evaluate - INFO - ASR Module... Epoch: 2, RSS: 5.64 GB
2026-07-26 15:55:05,143 - Evaluate - INFO - ASR... Epoch: 2, Walltime: 1.009004 CPU time: 5.560984
2026-07-26 15:55:07,025 - Evaluate - INFO - ASR Module... Epoch: 2, RSS: 5.64 GB
2026-07-26 15:55:07,026 - Evaluate - INFO - ASR... Epoch: 2, Walltime: 1.878382 CPU time: 10.478100
2026-07-26 15:55:10,494 - Evaluate - INFO - ASR Module... Epoch: 2, RSS: 5.64 GB
2026-07-26 15:55:10,496 - Evaluate - INFO - ASR... Epoch: 2, Walltime: 3.463618 CPU time: 18.927958
2026-07-26 15:55:13,299 - Evaluate - INFO - ASR Module... Epoch: 2, RSS: 5.63 GB
2026-07-26 15:55:13,300 - Evaluate - INFO - ASR... Epoch: 2, Walltime: 2.799579 CPU time: 15.342652
2026-07-26 15:55:14,972 - Evaluate - INFO - ASR Module... Epoch: 2, RSS: 5.63 GB
2026-07-26 15:55:14,973 - Evaluate - INFO - ASR... Epoch: 2, Walltime: 1.669713 CPU time: 9.262706
2026-07-26 15:55:17,346 - Evaluate - INFO - ASR Module... Epoch: 2, RSS: 5.63 GB
2026-07-26 15:55:17,346 - Evaluate - INFO - ASR... Epoch: 2, Walltime: 2.369248 CPU time: 13.036307
2026-07-26 15:55:19,474 - Evaluate - INFO - ASR Module... Epoch: 2, RSS: 5.63 GB
2026-07-26 15:55:19,475 - Evaluate - INFO - ASR... Epoch: 2, Walltime: 2.124461 CPU time: 11.893983
2026-07-26 15:55:21,694 - Evaluate - INFO - ASR Module... Epoch: 2, RSS: 5.63 GB
2026-07-26 15:55:21,694 - Evaluate - INFO - ASR... Epoch: 2, Walltime: 2.215304 CPU time: 11.932412
2026-07-26 15:55:25,025 - Evaluate - INFO - ASR Module... Epoch: 2, RSS: 5.63 GB
2026-07-26 15:55:25,026 - Evaluate - INFO - ASR... Epoch: 2, Walltime: 3.326430 CPU time: 18.183348
2026-07-26 15:55:27,699 - Evaluate - INFO - ASR Module... Epoch: 2, RSS: 5.63 GB
2026-07-26 15:55:27,700 - Evaluate - INFO - ASR... Epoch: 2, Walltime: 2.668228 CPU time: 14.746438
2026-07-26 15:55:29,290 - Evaluate - INFO - ASR Module... Epoch: 2, RSS: 5.63 GB
2026-07-26 15:55:29,291 - Evaluate - INFO - ASR... Epoch: 2, Walltime: 1.586872 CPU time: 8.724858
2026-07-26 15:55:31,869 - Evaluate - INFO - ASR Module... Epoch: 2, RSS: 5.63 GB
2026-07-26 15:55:31,870 - Evaluate - INFO - ASR... Epoch: 2, Walltime: 2.575032 CPU time: 14.014311
2026-07-26 15:55:33,530 - Evaluate - INFO - ASR Module... Epoch: 2, RSS: 5.63 GB
2026-07-26 15:55:33,530 - Evaluate - INFO - ASR... Epoch: 2, Walltime: 1.656530 CPU time: 8.868780
2026-07-26 15:55:34,929 - Evaluate - INFO - ASR Module... Epoch: 2, RSS: 5.63 GB
2026-07-26 15:55:34,930 - Evaluate - INFO - ASR... Epoch: 2, Walltime: 1.396588 CPU time: 7.864971
2026-07-26 15:55:37,132 - Evaluate - INFO - ASR Module... Epoch: 2, RSS: 5.63 GB
2026-07-26 15:55:37,133 - Evaluate - INFO - ASR... Epoch: 2, Walltime: 2.199281 CPU time: 12.671680
2026-07-26 15:55:39,597 - Evaluate - INFO - ASR Module... Epoch: 2, RSS: 5.63 GB
2026-07-26 15:55:39,597 - Evaluate - INFO - ASR... Epoch: 2, Walltime: 2.459782 CPU time: 13.378607
2026-07-26 15:55:41,468 - Evaluate - INFO - ASR Module... Epoch: 2, RSS: 5.63 GB
2026-07-26 15:55:41,469 - Evaluate - INFO - ASR... Epoch: 2, Walltime: 1.868563 CPU time: 10.358055
2026-07-26 15:55:44,232 - Evaluate - INFO - ASR Module... Epoch: 2, RSS: 5.63 GB
2026-07-26 15:55:44,233 - Evaluate - INFO - ASR... Epoch: 2, Walltime: 2.757473 CPU time: 15.339483
2026-07-26 15:55:45,423 - Evaluate - INFO - ASR Module... Epoch: 2, RSS: 5.63 GB
2026-07-26 15:55:45,423 - Evaluate - INFO - ASR... Epoch: 2, Walltime: 1.187663 CPU time: 6.734435
2026-07-26 15:55:46,954 - Evaluate - INFO - ASR Module... Epoch: 2, RSS: 5.63 GB
2026-07-26 15:55:46,954 - Evaluate - INFO - ASR... Epoch: 2, Walltime: 1.528290 CPU time: 8.472091
2026-07-26 15:55:48,349 - Evaluate - INFO - ASR Module... Epoch: 2, RSS: 5.63 GB
2026-07-26 15:55:48,350 - Evaluate - INFO - ASR... Epoch: 2, Walltime: 1.393038 CPU time: 7.528358
2026-07-26 15:55:50,019 - Evaluate - INFO - ASR Module... Epoch: 2, RSS: 5.63 GB
2026-07-26 15:55:50,020 - Evaluate - INFO - ASR... Epoch: 2, Walltime: 1.666964 CPU time: 8.692905
2026-07-26 15:55:51,588 - Evaluate - INFO - ASR Module... Epoch: 2, RSS: 5.63 GB
2026-07-26 15:55:51,588 - Evaluate - INFO - ASR... Epoch: 2, Walltime: 1.565276 CPU time: 9.056996
2026-07-26 15:55:53,326 - Evaluate - INFO - ASR Module... Epoch: 2, RSS: 5.63 GB
2026-07-26 15:55:53,327 - Evaluate - INFO - ASR... Epoch: 2, Walltime: 1.735552 CPU time: 9.750007
2026-07-26 15:55:55,500 - Evaluate - INFO - ASR Module... Epoch: 2, RSS: 5.63 GB
2026-07-26 15:55:55,502 - Evaluate - INFO - ASR... Epoch: 2, Walltime: 2.170708 CPU time: 11.900960
2026-07-26 15:55:56,613 - Evaluate - INFO - ASR Module... Epoch: 2, RSS: 5.63 GB
2026-07-26 15:55:56,613 - Evaluate - INFO - ASR... Epoch: 2, Walltime: 1.108192 CPU time: 6.335865
2026-07-26 15:55:57,904 - Evaluate - INFO - ASR Module... Epoch: 2, RSS: 5.63 GB
2026-07-26 15:55:57,904 - Evaluate - INFO - ASR... Epoch: 2, Walltime: 1.287582 CPU time: 7.590598
2026-07-26 15:56:00,215 - Evaluate - INFO - ASR Module... Epoch: 2, RSS: 5.63 GB
2026-07-26 15:56:00,216 - Evaluate - INFO - ASR... Epoch: 2, Walltime: 2.308041 CPU time: 12.791019
2026-07-26 15:56:02,458 - Evaluate - INFO - ASR Module... Epoch: 2, RSS: 5.63 GB
2026-07-26 15:56:02,458 - Evaluate - INFO - ASR... Epoch: 2, Walltime: 2.237218 CPU time: 12.262442
2026-07-26 15:56:04,337 - Evaluate - INFO - ASR Module... Epoch: 2, RSS: 5.63 GB
2026-07-26 15:56:04,337 - Evaluate - INFO - ASR... Epoch: 2, Walltime: 1.875507 CPU time: 10.448628
2026-07-26 15:56:06,604 - Evaluate - INFO - ASR Module... Epoch: 2, RSS: 5.63 GB
2026-07-26 15:56:06,605 - Evaluate - INFO - ASR... Epoch: 2, Walltime: 2.263818 CPU time: 12.518646
2026-07-26 15:56:08,439 - Evaluate - INFO - ASR Module... Epoch: 2, RSS: 5.63 GB
2026-07-26 15:56:08,440 - Evaluate - INFO - ASR... Epoch: 2, Walltime: 1.830584 CPU time: 10.183183
2026-07-26 15:56:10,182 - Evaluate - INFO - ASR Module... Epoch: 2, RSS: 5.63 GB
2026-07-26 15:56:10,182 - Evaluate - INFO - ASR... Epoch: 2, Walltime: 1.739571 CPU time: 9.616820
2026-07-26 15:56:11,343 - Evaluate - INFO - ASR Module... Epoch: 2, RSS: 5.63 GB
2026-07-26 15:56:11,344 - Evaluate - INFO - ASR... Epoch: 2, Walltime: 1.158695 CPU time: 6.459495
2026-07-26 15:56:12,898 - Evaluate - INFO - ASR Module... Epoch: 2, RSS: 5.63 GB
2026-07-26 15:56:12,899 - Evaluate - INFO - ASR... Epoch: 2, Walltime: 1.551562 CPU time: 8.927831
2026-07-26 15:56:14,690 - Evaluate - INFO - ASR Module... Epoch: 2, RSS: 5.63 GB
2026-07-26 15:56:14,691 - Evaluate - INFO - ASR... Epoch: 2, Walltime: 1.788071 CPU time: 9.714927
2026-07-26 15:56:16,565 - Evaluate - INFO - ASR Module... Epoch: 2, RSS: 5.63 GB
2026-07-26 15:56:16,566 - Evaluate - INFO - ASR... Epoch: 2, Walltime: 1.871762 CPU time: 9.984667
2026-07-26 15:56:20,016 - Evaluate - INFO - ASR Module... Epoch: 2, RSS: 5.63 GB
2026-07-26 15:56:20,017 - Evaluate - INFO - ASR... Epoch: 2, Walltime: 3.446447 CPU time: 18.503735
2026-07-26 15:56:22,144 - Evaluate - INFO - ASR Module... Epoch: 2, RSS: 5.63 GB
2026-07-26 15:56:22,145 - Evaluate - INFO - ASR... Epoch: 2, Walltime: 2.122805 CPU time: 11.869544
2026-07-26 15:56:23,573 - Evaluate - INFO - ASR Module... Epoch: 2, RSS: 5.63 GB
2026-07-26 15:56:23,574 - Evaluate - INFO - ASR... Epoch: 2, Walltime: 1.424559 CPU time: 8.260396
2026-07-26 15:56:25,135 - Evaluate - INFO - ASR Module... Epoch: 2, RSS: 5.63 GB
2026-07-26 15:56:25,137 - Evaluate - INFO - ASR... Epoch: 2, Walltime: 1.559423 CPU time: 8.862039
2026-07-26 15:56:26,790 - Evaluate - INFO - ASR Module... Epoch: 2, RSS: 5.63 GB
2026-07-26 15:56:26,791 - Evaluate - INFO - ASR... Epoch: 2, Walltime: 1.650459 CPU time: 9.234356
2026-07-26 15:56:28,191 - Evaluate - INFO - ASR Module... Epoch: 2, RSS: 5.63 GB
2026-07-26 15:56:28,192 - Evaluate - INFO - ASR... Epoch: 2, Walltime: 1.397628 CPU time: 7.959197
2026-07-26 15:56:29,945 - Evaluate - INFO - ASR Module... Epoch: 2, RSS: 5.63 GB
2026-07-26 15:56:29,946 - Evaluate - INFO - ASR... Epoch: 2, Walltime: 1.750833 CPU time: 9.648690
2026-07-26 15:56:31,606 - Evaluate - INFO - ASR Module... Epoch: 2, RSS: 5.63 GB
2026-07-26 15:56:31,607 - Evaluate - INFO - ASR... Epoch: 2, Walltime: 1.657044 CPU time: 9.472232
2026-07-26 15:56:33,420 - Evaluate - INFO - ASR Module... Epoch: 2, RSS: 5.63 GB
2026-07-26 15:56:33,421 - Evaluate - INFO - ASR... Epoch: 2, Walltime: 1.810190 CPU time: 9.975403
2026-07-26 15:56:35,051 - Evaluate - INFO - ASR Module... Epoch: 2, RSS: 5.63 GB
2026-07-26 15:56:35,052 - Evaluate - INFO - ASR... Epoch: 2, Walltime: 1.627347 CPU time: 9.265184
2026-07-26 15:56:37,026 - Evaluate - INFO - ASR Module... Epoch: 2, RSS: 5.64 GB
2026-07-26 15:56:37,027 - Evaluate - INFO - ASR... Epoch: 2, Walltime: 1.970818 CPU time: 10.953690
2026-07-26 15:56:38,779 - Evaluate - INFO - ASR Module... Epoch: 2, RSS: 5.64 GB
2026-07-26 15:56:38,780 - Evaluate - INFO - ASR... Epoch: 2, Walltime: 1.749281 CPU time: 9.805116
2026-07-26 15:56:40,944 - Evaluate - INFO - ASR Module... Epoch: 2, RSS: 5.64 GB
2026-07-26 15:56:40,944 - Evaluate - INFO - ASR... Epoch: 2, Walltime: 2.161343 CPU time: 11.710376
2026-07-26 15:56:42,052 - Evaluate - INFO - ASR Module... Epoch: 2, RSS: 5.64 GB
2026-07-26 15:56:42,053 - Evaluate - INFO - ASR... Epoch: 2, Walltime: 1.106391 CPU time: 6.174335
2026-07-26 15:56:43,739 - Evaluate - INFO - ASR Module... Epoch: 2, RSS: 5.64 GB
2026-07-26 15:56:43,740 - Evaluate - INFO - ASR... Epoch: 2, Walltime: 1.683437 CPU time: 9.364848
2026-07-26 15:56:45,661 - Evaluate - INFO - ASR Module... Epoch: 2, RSS: 5.64 GB
2026-07-26 15:56:45,661 - Evaluate - INFO - ASR... Epoch: 2, Walltime: 1.918521 CPU time: 10.245488
2026-07-26 15:56:47,418 - Evaluate - INFO - ASR Module... Epoch: 2, RSS: 5.64 GB
2026-07-26 15:56:47,419 - Evaluate - INFO - ASR... Epoch: 2, Walltime: 1.754006 CPU time: 9.728204
2026-07-26 15:56:49,468 - Evaluate - INFO - ASR Module... Epoch: 2, RSS: 5.64 GB
2026-07-26 15:56:49,469 - Evaluate - INFO - ASR... Epoch: 2, Walltime: 2.046390 CPU time: 11.390233
2026-07-26 15:56:50,563 - Evaluate - INFO - ASR Module... Epoch: 2, RSS: 5.64 GB
2026-07-26 15:56:50,563 - Evaluate - INFO - ASR... Epoch: 2, Walltime: 1.091157 CPU time: 6.214252
2026-07-26 15:56:52,103 - Evaluate - INFO - ASR Module... Epoch: 2, RSS: 5.64 GB
2026-07-26 15:56:52,104 - Evaluate - INFO - ASR... Epoch: 2, Walltime: 1.536740 CPU time: 8.616224
2026-07-26 15:56:54,208 - Evaluate - INFO - ASR Module... Epoch: 2, RSS: 5.64 GB
2026-07-26 15:56:54,209 - Evaluate - INFO - ASR... Epoch: 2, Walltime: 2.101154 CPU time: 11.642708
2026-07-26 15:56:55,869 - Evaluate - INFO - ASR Module... Epoch: 2, RSS: 5.64 GB
2026-07-26 15:56:55,870 - Evaluate - INFO - ASR... Epoch: 2, Walltime: 1.657327 CPU time: 9.300455
2026-07-26 15:56:58,853 - Evaluate - INFO - ASR Module... Epoch: 2, RSS: 5.64 GB
2026-07-26 15:56:58,853 - Evaluate - INFO - ASR... Epoch: 2, Walltime: 2.977860 CPU time: 16.216420
2026-07-26 15:57:00,672 - Evaluate - INFO - ASR Module... Epoch: 2, RSS: 5.64 GB
2026-07-26 15:57:00,673 - Evaluate - INFO - ASR... Epoch: 2, Walltime: 1.815352 CPU time: 9.657401
2026-07-26 15:57:03,105 - Evaluate - INFO - ASR Module... Epoch: 2, RSS: 5.64 GB
2026-07-26 15:57:03,106 - Evaluate - INFO - ASR... Epoch: 2, Walltime: 2.428011 CPU time: 13.386161
2026-07-26 15:57:04,805 - Evaluate - INFO - ASR Module... Epoch: 2, RSS: 5.64 GB
2026-07-26 15:57:04,806 - Evaluate - INFO - ASR... Epoch: 2, Walltime: 1.695981 CPU time: 9.627428
2026-07-26 15:57:06,932 - Evaluate - INFO - ASR Module... Epoch: 2, RSS: 5.64 GB
2026-07-26 15:57:06,933 - Evaluate - INFO - ASR... Epoch: 2, Walltime: 2.122755 CPU time: 11.967498
2026-07-26 15:57:08,609 - Evaluate - INFO - ASR Module... Epoch: 2, RSS: 5.64 GB
2026-07-26 15:57:08,610 - Evaluate - INFO - ASR... Epoch: 2, Walltime: 1.672960 CPU time: 9.154695
2026-07-26 15:57:10,020 - Evaluate - INFO - ASR Module... Epoch: 2, RSS: 5.64 GB
2026-07-26 15:57:10,021 - Evaluate - INFO - ASR... Epoch: 2, Walltime: 1.408253 CPU time: 7.921973
2026-07-26 15:57:12,537 - Evaluate - INFO - ASR Module... Epoch: 2, RSS: 5.64 GB
2026-07-26 15:57:12,537 - Evaluate - INFO - ASR... Epoch: 2, Walltime: 2.511515 CPU time: 13.708574
2026-07-26 15:57:14,579 - Evaluate - INFO - ASR Module... Epoch: 2, RSS: 5.64 GB
2026-07-26 15:57:14,580 - Evaluate - INFO - ASR... Epoch: 2, Walltime: 2.039123 CPU time: 11.466656
2026-07-26 15:57:16,272 - Evaluate - INFO - ASR Module... Epoch: 2, RSS: 5.64 GB
2026-07-26 15:57:16,273 - Evaluate - INFO - ASR... Epoch: 2, Walltime: 1.689379 CPU time: 9.585928
2026-07-26 15:57:18,707 - Evaluate - INFO - ASR Module... Epoch: 2, RSS: 5.64 GB
2026-07-26 15:57:18,708 - Evaluate - INFO - ASR... Epoch: 2, Walltime: 2.430039 CPU time: 13.301309
2026-07-26 15:57:20,079 - Evaluate - INFO - ASR Module... Epoch: 2, RSS: 5.64 GB
2026-07-26 15:57:20,080 - Evaluate - INFO - ASR... Epoch: 2, Walltime: 1.367784 CPU time: 7.515118
2026-07-26 15:57:22,312 - Evaluate - INFO - ASR Module... Epoch: 2, RSS: 5.64 GB
2026-07-26 15:57:22,313 - Evaluate - INFO - ASR... Epoch: 2, Walltime: 2.229278 CPU time: 12.373964
2026-07-26 15:57:23,915 - Evaluate - INFO - ASR Module... Epoch: 2, RSS: 5.64 GB
2026-07-26 15:57:23,916 - Evaluate - INFO - ASR... Epoch: 2, Walltime: 1.599118 CPU time: 8.597987
2026-07-26 15:57:25,432 - Evaluate - INFO - ASR Module... Epoch: 2, RSS: 5.64 GB
2026-07-26 15:57:25,433 - Evaluate - INFO - ASR... Epoch: 2, Walltime: 1.513607 CPU time: 8.800351
2026-07-26 15:57:26,818 - Evaluate - INFO - ASR Module... Epoch: 2, RSS: 5.64 GB
2026-07-26 15:57:26,819 - Evaluate - INFO - ASR... Epoch: 2, Walltime: 1.382685 CPU time: 8.051597
2026-07-26 15:57:29,081 - Evaluate - INFO - ASR Module... Epoch: 2, RSS: 5.57 GB
2026-07-26 15:57:29,082 - Evaluate - INFO - ASR... Epoch: 2, Walltime: 2.258275 CPU time: 12.416697
2026-07-26 15:57:30,749 - Evaluate - INFO - ASR Module... Epoch: 2, RSS: 5.63 GB
2026-07-26 15:57:30,750 - Evaluate - INFO - ASR... Epoch: 2, Walltime: 1.664115 CPU time: 9.120566
2026-07-26 15:57:32,147 - Evaluate - INFO - ASR Module... Epoch: 2, RSS: 5.63 GB
2026-07-26 15:57:32,147 - Evaluate - INFO - ASR... Epoch: 2, Walltime: 1.394176 CPU time: 8.043967
2026-07-26 15:57:33,540 - Evaluate - INFO - ASR Module... Epoch: 2, RSS: 5.63 GB
2026-07-26 15:57:33,541 - Evaluate - INFO - ASR... Epoch: 2, Walltime: 1.390896 CPU time: 7.673669
2026-07-26 15:57:35,218 - Evaluate - INFO - ASR Module... Epoch: 2, RSS: 5.63 GB
2026-07-26 15:57:35,219 - Evaluate - INFO - ASR... Epoch: 2, Walltime: 1.674043 CPU time: 9.051697
2026-07-26 15:57:36,474 - Evaluate - INFO - ASR Module... Epoch: 2, RSS: 5.63 GB
2026-07-26 15:57:36,474 - Evaluate - INFO - ASR... Epoch: 2, Walltime: 1.252681 CPU time: 6.988470
2026-07-26 15:57:38,477 - Evaluate - INFO - ASR Module... Epoch: 2, RSS: 5.63 GB
2026-07-26 15:57:38,478 - Evaluate - INFO - ASR... Epoch: 2, Walltime: 1.999579 CPU time: 11.484294
2026-07-26 15:57:40,380 - Evaluate - INFO - ASR Module... Epoch: 2, RSS: 5.63 GB
2026-07-26 15:57:40,381 - Evaluate - INFO - ASR... Epoch: 2, Walltime: 1.899320 CPU time: 10.364447
2026-07-26 15:57:42,230 - Evaluate - INFO - ASR Module... Epoch: 2, RSS: 5.63 GB
2026-07-26 15:57:42,231 - Evaluate - INFO - ASR... Epoch: 2, Walltime: 1.846964 CPU time: 10.193136
2026-07-26 15:57:44,327 - Evaluate - INFO - ASR Module... Epoch: 2, RSS: 5.63 GB
2026-07-26 15:57:44,328 - Evaluate - INFO - ASR... Epoch: 2, Walltime: 2.092338 CPU time: 11.395840
2026-07-26 15:57:46,151 - Evaluate - INFO - ASR Module... Epoch: 2, RSS: 5.63 GB
2026-07-26 15:57:46,153 - Evaluate - INFO - ASR... Epoch: 2, Walltime: 1.820715 CPU time: 10.126144
2026-07-26 15:57:47,698 - Evaluate - INFO - ASR Module... Epoch: 2, RSS: 5.63 GB
2026-07-26 15:57:47,698 - Evaluate - INFO - ASR... Epoch: 2, Walltime: 1.542115 CPU time: 8.575893
2026-07-26 15:57:49,097 - Evaluate - INFO - ASR Module... Epoch: 2, RSS: 5.63 GB
2026-07-26 15:57:49,098 - Evaluate - INFO - ASR... Epoch: 2, Walltime: 1.396517 CPU time: 8.032704
2026-07-26 15:57:51,111 - Evaluate - INFO - ASR Module... Epoch: 2, RSS: 5.63 GB
2026-07-26 15:57:51,111 - Evaluate - INFO - ASR... Epoch: 2, Walltime: 2.010305 CPU time: 11.253513
2026-07-26 15:57:52,239 - Evaluate - INFO - ASR Module... Epoch: 2, RSS: 5.63 GB
2026-07-26 15:57:52,240 - Evaluate - INFO - ASR... Epoch: 2, Walltime: 1.125172 CPU time: 6.636863
2026-07-26 15:57:53,278 - Evaluate - INFO - ASR Module... Epoch: 2, RSS: 5.63 GB
2026-07-26 15:57:53,279 - Evaluate - INFO - ASR... Epoch: 2, Walltime: 1.035610 CPU time: 5.971011
2026-07-26 15:57:54,254 - Evaluate - INFO - ASR Module... Epoch: 2, RSS: 5.63 GB
2026-07-26 15:57:54,254 - Evaluate - INFO - ASR... Epoch: 2, Walltime: 0.973323 CPU time: 5.685942
2026-07-26 15:57:55,496 - Evaluate - INFO - ASR Module... Epoch: 2, RSS: 5.63 GB
2026-07-26 15:57:55,497 - Evaluate - INFO - ASR... Epoch: 2, Walltime: 1.239821 CPU time: 6.964495
2026-07-26 15:57:56,977 - Evaluate - INFO - ASR Module... Epoch: 2, RSS: 5.63 GB
2026-07-26 15:57:56,978 - Evaluate - INFO - ASR... Epoch: 2, Walltime: 1.477246 CPU time: 8.484792
2026-07-26 15:57:58,191 - Evaluate - INFO - ASR Module... Epoch: 2, RSS: 5.63 GB
2026-07-26 15:57:58,192 - Evaluate - INFO - ASR... Epoch: 2, Walltime: 1.210167 CPU time: 6.984962
2026-07-26 15:58:00,011 - Evaluate - INFO - ASR Module... Epoch: 2, RSS: 5.63 GB
2026-07-26 15:58:00,012 - Evaluate - INFO - ASR... Epoch: 2, Walltime: 1.816382 CPU time: 10.010513
2026-07-26 15:58:01,377 - Evaluate - INFO - ASR Module... Epoch: 2, RSS: 5.63 GB
2026-07-26 15:58:01,378 - Evaluate - INFO - ASR... Epoch: 2, Walltime: 1.362949 CPU time: 7.553006
2026-07-26 15:58:02,812 - Evaluate - INFO - ASR Module... Epoch: 2, RSS: 5.63 GB
2026-07-26 15:58:02,813 - Evaluate - INFO - ASR... Epoch: 2, Walltime: 1.431765 CPU time: 8.292701
2026-07-26 15:58:03,952 - Evaluate - INFO - ASR Module... Epoch: 2, RSS: 5.63 GB
2026-07-26 15:58:03,953 - Evaluate - INFO - ASR... Epoch: 2, Walltime: 1.136638 CPU time: 6.390872
2026-07-26 15:58:05,076 - Evaluate - INFO - ASR Module... Epoch: 2, RSS: 5.63 GB
2026-07-26 15:58:05,077 - Evaluate - INFO - ASR... Epoch: 2, Walltime: 1.120798 CPU time: 6.361222
2026-07-26 15:58:06,522 - Evaluate - INFO - ASR Module... Epoch: 2, RSS: 5.63 GB
2026-07-26 15:58:06,522 - Evaluate - INFO - ASR... Epoch: 2, Walltime: 1.442684 CPU time: 8.032169
2026-07-26 15:58:07,816 - Evaluate - INFO - ASR Module... Epoch: 2, RSS: 5.63 GB
2026-07-26 15:58:07,817 - Evaluate - INFO - ASR... Epoch: 2, Walltime: 1.291527 CPU time: 7.176687
2026-07-26 15:58:09,412 - Evaluate - INFO - ASR Module... Epoch: 2, RSS: 5.63 GB
2026-07-26 15:58:09,414 - Evaluate - INFO - ASR... Epoch: 2, Walltime: 1.592940 CPU time: 8.457141
2026-07-26 15:58:11,067 - Evaluate - INFO - ASR Module... Epoch: 2, RSS: 5.63 GB
2026-07-26 15:58:11,068 - Evaluate - INFO - ASR... Epoch: 2, Walltime: 1.650968 CPU time: 8.931232
2026-07-26 15:58:11,978 - Evaluate - INFO - ASR Module... Epoch: 2, RSS: 5.63 GB
2026-07-26 15:58:11,978 - Evaluate - INFO - ASR... Epoch: 2, Walltime: 0.907667 CPU time: 5.251690
2026-07-26 15:58:12,977 - Evaluate - INFO - ASR Module... Epoch: 2, RSS: 5.63 GB
2026-07-26 15:58:12,978 - Evaluate - INFO - ASR... Epoch: 2, Walltime: 0.996560 CPU time: 5.682714
2026-07-26 15:58:14,066 - Evaluate - INFO - ASR Module... Epoch: 2, RSS: 5.63 GB
2026-07-26 15:58:14,067 - Evaluate - INFO - ASR... Epoch: 2, Walltime: 1.085432 CPU time: 5.907095
2026-07-26 15:58:15,142 - Evaluate - INFO - ASR Module... Epoch: 2, RSS: 5.63 GB
2026-07-26 15:58:15,143 - Evaluate - INFO - ASR... Epoch: 2, Walltime: 1.073674 CPU time: 5.962410
2026-07-26 15:58:15,887 - Evaluate - INFO - ASR Module... Epoch: 2, RSS: 5.63 GB
2026-07-26 15:58:15,887 - Evaluate - INFO - ASR... Epoch: 2, Walltime: 0.741366 CPU time: 4.302084
2026-07-26 15:58:16,688 - Evaluate - INFO - ASR Module... Epoch: 2, RSS: 5.63 GB
2026-07-26 15:58:16,689 - Evaluate - INFO - ASR... Epoch: 2, Walltime: 0.799972 CPU time: 4.678028
2026-07-26 15:58:17,852 - Evaluate - INFO - ASR Module... Epoch: 2, RSS: 5.63 GB
2026-07-26 15:58:17,853 - Evaluate - INFO - ASR... Epoch: 2, Walltime: 1.159851 CPU time: 6.740540
2026-07-26 15:58:19,352 - Evaluate - INFO - ASR Module... Epoch: 2, RSS: 5.63 GB
2026-07-26 15:58:19,353 - Evaluate - INFO - ASR... Epoch: 2, Walltime: 1.496986 CPU time: 8.259172
2026-07-26 15:58:20,801 - Evaluate - INFO - ASR Module... Epoch: 2, RSS: 5.63 GB
2026-07-26 15:58:20,802 - Evaluate - INFO - ASR... Epoch: 2, Walltime: 1.444789 CPU time: 7.927054
2026-07-26 15:58:22,264 - Evaluate - INFO - ASR Module... Epoch: 2, RSS: 5.63 GB
2026-07-26 15:58:22,265 - Evaluate - INFO - ASR... Epoch: 2, Walltime: 1.459383 CPU time: 8.287981
2026-07-26 15:58:23,918 - Evaluate - INFO - ASR Module... Epoch: 2, RSS: 5.63 GB
2026-07-26 15:58:23,918 - Evaluate - INFO - ASR... Epoch: 2, Walltime: 1.650501 CPU time: 8.821310
2026-07-26 15:58:25,140 - Evaluate - INFO - ASR Module... Epoch: 2, RSS: 5.63 GB
2026-07-26 15:58:25,141 - Evaluate - INFO - ASR... Epoch: 2, Walltime: 1.219028 CPU time: 7.093742
2026-07-26 15:58:25,902 - Evaluate - INFO - ASR Module... Epoch: 2, RSS: 5.63 GB
2026-07-26 15:58:25,903 - Evaluate - INFO - ASR... Epoch: 2, Walltime: 0.760007 CPU time: 4.508627
2026-07-26 15:58:27,154 - Evaluate - INFO - ASR Module... Epoch: 2, RSS: 5.63 GB
2026-07-26 15:58:27,155 - Evaluate - INFO - ASR... Epoch: 2, Walltime: 1.249097 CPU time: 7.060773
2026-07-26 15:58:28,627 - Evaluate - INFO - ASR Module... Epoch: 2, RSS: 5.63 GB
2026-07-26 15:58:28,628 - Evaluate - INFO - ASR... Epoch: 2, Walltime: 1.469655 CPU time: 7.837055
2026-07-26 15:58:30,203 - Evaluate - INFO - ASR Module... Epoch: 2, RSS: 5.63 GB
2026-07-26 15:58:30,204 - Evaluate - INFO - ASR... Epoch: 2, Walltime: 1.572827 CPU time: 8.714447
2026-07-26 15:58:31,356 - Evaluate - INFO - ASR Module... Epoch: 2, RSS: 5.63 GB
2026-07-26 15:58:31,358 - Evaluate - INFO - ASR... Epoch: 2, Walltime: 1.149906 CPU time: 6.708694
2026-07-26 15:58:32,623 - Evaluate - INFO - ASR Module... Epoch: 2, RSS: 5.63 GB
2026-07-26 15:58:32,624 - Evaluate - INFO - ASR... Epoch: 2, Walltime: 1.263333 CPU time: 7.093732
2026-07-26 15:58:33,909 - Evaluate - INFO - ASR Module... Epoch: 2, RSS: 5.63 GB
2026-07-26 15:58:33,911 - Evaluate - INFO - ASR... Epoch: 2, Walltime: 1.283414 CPU time: 6.926783
2026-07-26 15:58:36,437 - Evaluate - INFO - ASR Module... Epoch: 2, RSS: 5.63 GB
2026-07-26 15:58:36,438 - Evaluate - INFO - ASR... Epoch: 2, Walltime: 2.523551 CPU time: 13.192026
2026-07-26 15:58:38,493 - Evaluate - INFO - ASR Module... Epoch: 2, RSS: 5.63 GB
2026-07-26 15:58:38,495 - Evaluate - INFO - ASR... Epoch: 2, Walltime: 2.052316 CPU time: 10.833530
2026-07-26 15:58:40,935 - Evaluate - INFO - ASR Module... Epoch: 2, RSS: 5.63 GB
2026-07-26 15:58:40,936 - Evaluate - INFO - ASR... Epoch: 2, Walltime: 2.437136 CPU time: 12.696594
2026-07-26 15:58:43,195 - Evaluate - INFO - ASR Module... Epoch: 2, RSS: 5.63 GB
2026-07-26 15:58:43,196 - Evaluate - INFO - ASR... Epoch: 2, Walltime: 2.256398 CPU time: 11.740503
2026-07-26 15:58:44,769 - Evaluate - INFO - ASR Module... Epoch: 2, RSS: 5.63 GB
2026-07-26 15:58:44,770 - Evaluate - INFO - ASR... Epoch: 2, Walltime: 1.570231 CPU time: 8.691526
2026-07-26 15:58:46,002 - Evaluate - INFO - ASR Module... Epoch: 2, RSS: 5.63 GB
2026-07-26 15:58:46,003 - Evaluate - INFO - ASR... Epoch: 2, Walltime: 1.229593 CPU time: 7.221973
2026-07-26 15:58:47,912 - Evaluate - INFO - ASR Module... Epoch: 2, RSS: 5.63 GB
2026-07-26 15:58:47,913 - Evaluate - INFO - ASR... Epoch: 2, Walltime: 1.906530 CPU time: 10.512518
2026-07-26 15:58:49,999 - Evaluate - INFO - ASR Module... Epoch: 2, RSS: 5.63 GB
2026-07-26 15:58:50,000 - Evaluate - INFO - ASR... Epoch: 2, Walltime: 2.083186 CPU time: 11.068627
2026-07-26 15:58:51,128 - Evaluate - INFO - ASR Module... Epoch: 2, RSS: 5.63 GB
2026-07-26 15:58:51,129 - Evaluate - INFO - ASR... Epoch: 2, Walltime: 1.125087 CPU time: 6.484059
2026-07-26 15:58:53,050 - Evaluate - INFO - ASR Module... Epoch: 2, RSS: 5.63 GB
2026-07-26 15:58:53,051 - Evaluate - INFO - ASR... Epoch: 2, Walltime: 1.918204 CPU time: 10.274222
2026-07-26 15:58:54,322 - Evaluate - INFO - ASR Module... Epoch: 2, RSS: 5.63 GB
2026-07-26 15:58:54,323 - Evaluate - INFO - ASR... Epoch: 2, Walltime: 1.268580 CPU time: 6.921593
2026-07-26 15:58:56,030 - Evaluate - INFO - ASR Module... Epoch: 2, RSS: 5.63 GB
2026-07-26 15:58:56,030 - Evaluate - INFO - ASR... Epoch: 2, Walltime: 1.703742 CPU time: 9.228874
2026-07-26 15:58:57,340 - Evaluate - INFO - ASR Module... Epoch: 2, RSS: 5.63 GB
2026-07-26 15:58:57,341 - Evaluate - INFO - ASR... Epoch: 2, Walltime: 1.306872 CPU time: 7.495277
2026-07-26 15:58:58,643 - Evaluate - INFO - ASR Module... Epoch: 2, RSS: 5.63 GB
2026-07-26 15:58:58,644 - Evaluate - INFO - ASR... Epoch: 2, Walltime: 1.299908 CPU time: 7.580294
2026-07-26 15:59:00,347 - Evaluate - INFO - ASR Module... Epoch: 2, RSS: 5.63 GB
2026-07-26 15:59:00,348 - Evaluate - INFO - ASR... Epoch: 2, Walltime: 1.700790 CPU time: 9.737811
2026-07-26 15:59:02,032 - Evaluate - INFO - ASR Module... Epoch: 2, RSS: 5.63 GB
2026-07-26 15:59:02,032 - Evaluate - INFO - ASR... Epoch: 2, Walltime: 1.680722 CPU time: 9.366113
2026-07-26 15:59:03,554 - Evaluate - INFO - ASR Module... Epoch: 2, RSS: 5.63 GB
2026-07-26 15:59:03,555 - Evaluate - INFO - ASR... Epoch: 2, Walltime: 1.518616 CPU time: 8.701830
2026-07-26 15:59:05,469 - Evaluate - INFO - ASR Module... Epoch: 2, RSS: 5.63 GB
2026-07-26 15:59:05,470 - Evaluate - INFO - ASR... Epoch: 2, Walltime: 1.910799 CPU time: 10.333838
2026-07-26 15:59:06,912 - Evaluate - INFO - ASR Module... Epoch: 2, RSS: 5.63 GB
2026-07-26 15:59:06,913 - Evaluate - INFO - ASR... Epoch: 2, Walltime: 1.439613 CPU time: 7.822669
2026-07-26 15:59:07,872 - Evaluate - INFO - ASR Module... Epoch: 2, RSS: 5.63 GB
2026-07-26 15:59:07,872 - Evaluate - INFO - ASR... Epoch: 2, Walltime: 0.956683 CPU time: 5.515279
2026-07-26 15:59:09,207 - Evaluate - INFO - ASR Module... Epoch: 2, RSS: 5.63 GB
2026-07-26 15:59:09,207 - Evaluate - INFO - ASR... Epoch: 2, Walltime: 1.332197 CPU time: 7.515436
2026-07-26 15:59:10,669 - Evaluate - INFO - ASR Module... Epoch: 2, RSS: 5.63 GB
2026-07-26 15:59:10,670 - Evaluate - INFO - ASR... Epoch: 2, Walltime: 1.459373 CPU time: 8.178174
2026-07-26 15:59:11,930 - Evaluate - INFO - ASR Module... Epoch: 2, RSS: 5.63 GB
2026-07-26 15:59:11,931 - Evaluate - INFO - ASR... Epoch: 2, Walltime: 1.258028 CPU time: 7.038736
2026-07-26 15:59:13,083 - Evaluate - INFO - ASR Module... Epoch: 2, RSS: 5.63 GB
2026-07-26 15:59:13,084 - Evaluate - INFO - ASR... Epoch: 2, Walltime: 1.149534 CPU time: 6.720505
2026-07-26 15:59:14,086 - Evaluate - INFO - ASR Module... Epoch: 2, RSS: 5.63 GB
2026-07-26 15:59:14,087 - Evaluate - INFO - ASR... Epoch: 2, Walltime: 0.999419 CPU time: 5.763002
2026-07-26 15:59:15,414 - Evaluate - INFO - ASR Module... Epoch: 2, RSS: 5.63 GB
2026-07-26 15:59:15,414 - Evaluate - INFO - ASR... Epoch: 2, Walltime: 1.323905 CPU time: 7.699776
2026-07-26 15:59:16,956 - Evaluate - INFO - ASR Module... Epoch: 2, RSS: 5.63 GB
2026-07-26 15:59:16,957 - Evaluate - INFO - ASR... Epoch: 2, Walltime: 1.539189 CPU time: 8.745341
2026-07-26 15:59:18,267 - Evaluate - INFO - ASR Module... Epoch: 2, RSS: 5.63 GB
2026-07-26 15:59:18,268 - Evaluate - INFO - ASR... Epoch: 2, Walltime: 1.308552 CPU time: 7.556557
2026-07-26 15:59:20,175 - Evaluate - INFO - ASR Module... Epoch: 2, RSS: 5.63 GB
2026-07-26 15:59:20,176 - Evaluate - INFO - ASR... Epoch: 2, Walltime: 1.904440 CPU time: 10.505614
2026-07-26 15:59:21,707 - Evaluate - INFO - ASR Module... Epoch: 2, RSS: 5.63 GB
2026-07-26 15:59:21,708 - Evaluate - INFO - ASR... Epoch: 2, Walltime: 1.528778 CPU time: 8.540707
2026-07-26 15:59:22,730 - Evaluate - INFO - ASR Module... Epoch: 2, RSS: 5.63 GB
2026-07-26 15:59:22,731 - Evaluate - INFO - ASR... Epoch: 2, Walltime: 1.020098 CPU time: 5.866152
2026-07-26 15:59:24,568 - Evaluate - INFO - ASR Module... Epoch: 2, RSS: 5.63 GB
2026-07-26 15:59:24,569 - Evaluate - INFO - ASR... Epoch: 2, Walltime: 1.833986 CPU time: 10.089328
2026-07-26 15:59:26,206 - Evaluate - INFO - ASR Module... Epoch: 2, RSS: 5.63 GB
2026-07-26 15:59:26,207 - Evaluate - INFO - ASR... Epoch: 2, Walltime: 1.634757 CPU time: 9.250216
2026-07-26 15:59:28,210 - Evaluate - INFO - ASR Module... Epoch: 2, RSS: 5.63 GB
2026-07-26 15:59:28,211 - Evaluate - INFO - ASR... Epoch: 2, Walltime: 2.000415 CPU time: 10.601485
2026-07-26 15:59:30,391 - Evaluate - INFO - ASR Module... Epoch: 2, RSS: 5.63 GB
2026-07-26 15:59:30,391 - Evaluate - INFO - ASR... Epoch: 2, Walltime: 2.176028 CPU time: 11.734740
2026-07-26 15:59:31,610 - Evaluate - INFO - ASR Module... Epoch: 2, RSS: 5.63 GB
2026-07-26 15:59:31,611 - Evaluate - INFO - ASR... Epoch: 2, Walltime: 1.216416 CPU time: 6.994261
2026-07-26 15:59:32,705 - Evaluate - INFO - ASR Module... Epoch: 2, RSS: 5.63 GB
2026-07-26 15:59:32,706 - Evaluate - INFO - ASR... Epoch: 2, Walltime: 1.092609 CPU time: 6.436432
2026-07-26 15:59:35,262 - Evaluate - INFO - ASR Module... Epoch: 2, RSS: 5.63 GB
2026-07-26 15:59:35,264 - Evaluate - INFO - ASR... Epoch: 2, Walltime: 2.552343 CPU time: 14.524917
2026-07-26 15:59:38,105 - Evaluate - INFO - ASR Module... Epoch: 2, RSS: 5.63 GB
2026-07-26 15:59:38,106 - Evaluate - INFO - ASR... Epoch: 2, Walltime: 2.836915 CPU time: 16.293979
2026-07-26 15:59:41,416 - Evaluate - INFO - ASR Module... Epoch: 2, RSS: 5.63 GB
2026-07-26 15:59:41,416 - Evaluate - INFO - ASR... Epoch: 2, Walltime: 3.305899 CPU time: 18.897346
2026-07-26 15:59:45,032 - Evaluate - INFO - ASR Module... Epoch: 2, RSS: 5.63 GB
2026-07-26 15:59:45,033 - Evaluate - INFO - ASR... Epoch: 2, Walltime: 3.611094 CPU time: 20.128476
2026-07-26 15:59:48,159 - Evaluate - INFO - ASR Module... Epoch: 2, RSS: 5.63 GB
2026-07-26 15:59:48,160 - Evaluate - INFO - ASR... Epoch: 2, Walltime: 3.121508 CPU time: 17.777004
2026-07-26 15:59:51,308 - Evaluate - INFO - ASR Module... Epoch: 2, RSS: 5.63 GB
2026-07-26 15:59:51,309 - Evaluate - INFO - ASR... Epoch: 2, Walltime: 3.143787 CPU time: 18.007245
2026-07-26 15:59:53,853 - Evaluate - INFO - ASR Module... Epoch: 2, RSS: 5.63 GB
2026-07-26 15:59:53,854 - Evaluate - INFO - ASR... Epoch: 2, Walltime: 2.540008 CPU time: 14.598257
2026-07-26 15:59:56,428 - Evaluate - INFO - ASR Module... Epoch: 2, RSS: 5.63 GB
2026-07-26 15:59:56,429 - Evaluate - INFO - ASR... Epoch: 2, Walltime: 2.569938 CPU time: 14.515262
2026-07-26 15:59:59,878 - Evaluate - INFO - ASR Module... Epoch: 2, RSS: 5.63 GB
2026-07-26 15:59:59,879 - Evaluate - INFO - ASR... Epoch: 2, Walltime: 3.442664 CPU time: 19.717912
2026-07-26 16:00:03,442 - Evaluate - INFO - ASR Module... Epoch: 2, RSS: 5.63 GB
2026-07-26 16:00:03,443 - Evaluate - INFO - ASR... Epoch: 2, Walltime: 3.556733 CPU time: 20.041772
2026-07-26 16:00:05,710 - Evaluate - INFO - ASR Module... Epoch: 2, RSS: 5.63 GB
2026-07-26 16:00:05,711 - Evaluate - INFO - ASR... Epoch: 2, Walltime: 2.262591 CPU time: 12.262168
2026-07-26 16:00:08,103 - Evaluate - INFO - ASR Module... Epoch: 2, RSS: 5.63 GB
2026-07-26 16:00:08,104 - Evaluate - INFO - ASR... Epoch: 2, Walltime: 2.388309 CPU time: 13.627339
2026-07-26 16:00:10,499 - Evaluate - INFO - ASR Module... Epoch: 2, RSS: 5.63 GB
2026-07-26 16:00:10,500 - Evaluate - INFO - ASR... Epoch: 2, Walltime: 2.390541 CPU time: 13.681418
2026-07-26 16:00:12,916 - Evaluate - INFO - ASR Module... Epoch: 2, RSS: 5.63 GB
2026-07-26 16:00:12,917 - Evaluate - INFO - ASR... Epoch: 2, Walltime: 2.411463 CPU time: 13.327862
2026-07-26 16:00:15,975 - Evaluate - INFO - ASR Module... Epoch: 2, RSS: 5.63 GB
2026-07-26 16:00:15,975 - Evaluate - INFO - ASR... Epoch: 2, Walltime: 3.053736 CPU time: 17.629856
2026-07-26 16:00:19,434 - Evaluate - INFO - ASR Module... Epoch: 2, RSS: 5.63 GB
2026-07-26 16:00:19,434 - Evaluate - INFO - ASR... Epoch: 2, Walltime: 3.452142 CPU time: 19.359246
2026-07-26 16:00:22,296 - Evaluate - INFO - ASR Module... Epoch: 2, RSS: 5.63 GB
2026-07-26 16:00:22,297 - Evaluate - INFO - ASR... Epoch: 2, Walltime: 2.857069 CPU time: 16.147384
2026-07-26 16:00:25,178 - Evaluate - INFO - ASR Module... Epoch: 2, RSS: 5.63 GB
2026-07-26 16:00:25,178 - Evaluate - INFO - ASR... Epoch: 2, Walltime: 2.875691 CPU time: 15.578342
2026-07-26 16:00:27,560 - Evaluate - INFO - ASR Module... Epoch: 2, RSS: 5.63 GB
2026-07-26 16:00:27,561 - Evaluate - INFO - ASR... Epoch: 2, Walltime: 2.378573 CPU time: 12.621317
2026-07-26 16:00:29,958 - Evaluate - INFO - ASR Module... Epoch: 2, RSS: 5.63 GB
2026-07-26 16:00:29,959 - Evaluate - INFO - ASR... Epoch: 2, Walltime: 2.393209 CPU time: 12.879076
2026-07-26 16:00:32,793 - Evaluate - INFO - ASR Module... Epoch: 2, RSS: 5.63 GB
2026-07-26 16:00:32,794 - Evaluate - INFO - ASR... Epoch: 2, Walltime: 2.830438 CPU time: 15.913292
2026-07-26 16:00:34,676 - Evaluate - INFO - ASR Module... Epoch: 2, RSS: 5.63 GB
2026-07-26 16:00:34,677 - Evaluate - INFO - ASR... Epoch: 2, Walltime: 1.878473 CPU time: 10.207437
2026-07-26 16:00:36,475 - Evaluate - INFO - ASR Module... Epoch: 2, RSS: 5.63 GB
2026-07-26 16:00:36,476 - Evaluate - INFO - ASR... Epoch: 2, Walltime: 1.795144 CPU time: 10.127253
2026-07-26 16:00:38,152 - Evaluate - INFO - ASR Module... Epoch: 2, RSS: 5.63 GB
2026-07-26 16:00:38,153 - Evaluate - INFO - ASR... Epoch: 2, Walltime: 1.672860 CPU time: 8.993039
2026-07-26 16:00:40,948 - Evaluate - INFO - ASR Module... Epoch: 2, RSS: 5.63 GB
2026-07-26 16:00:40,949 - Evaluate - INFO - ASR... Epoch: 2, Walltime: 2.791208 CPU time: 15.142725
2026-07-26 16:00:42,102 - Evaluate - INFO - ASR Module... Epoch: 2, RSS: 5.63 GB
2026-07-26 16:00:42,103 - Evaluate - INFO - ASR... Epoch: 2, Walltime: 1.150612 CPU time: 6.626425
2026-07-26 16:00:43,688 - Evaluate - INFO - ASR Module... Epoch: 2, RSS: 5.63 GB
2026-07-26 16:00:43,689 - Evaluate - INFO - ASR... Epoch: 2, Walltime: 1.581815 CPU time: 8.820889
2026-07-26 16:00:45,197 - Evaluate - INFO - ASR Module... Epoch: 2, RSS: 5.63 GB
2026-07-26 16:00:45,198 - Evaluate - INFO - ASR... Epoch: 2, Walltime: 1.505493 CPU time: 8.079483
2026-07-26 16:00:47,001 - Evaluate - INFO - ASR Module... Epoch: 2, RSS: 5.63 GB
2026-07-26 16:00:47,001 - Evaluate - INFO - ASR... Epoch: 2, Walltime: 1.800067 CPU time: 10.174192
2026-07-26 16:00:49,556 - Evaluate - INFO - ASR Module... Epoch: 2, RSS: 5.63 GB
2026-07-26 16:00:49,557 - Evaluate - INFO - ASR... Epoch: 2, Walltime: 2.550702 CPU time: 14.088228
2026-07-26 16:00:52,050 - Evaluate - INFO - ASR Module... Epoch: 2, RSS: 5.63 GB
2026-07-26 16:00:52,050 - Evaluate - INFO - ASR... Epoch: 2, Walltime: 2.488387 CPU time: 14.345775
2026-07-26 16:00:53,386 - Evaluate - INFO - ASR Module... Epoch: 2, RSS: 5.63 GB
2026-07-26 16:00:53,387 - Evaluate - INFO - ASR... Epoch: 2, Walltime: 1.332653 CPU time: 7.923799
2026-07-26 16:00:56,245 - Evaluate - INFO - ASR Module... Epoch: 2, RSS: 5.63 GB
2026-07-26 16:00:56,246 - Evaluate - INFO - ASR... Epoch: 2, Walltime: 2.852880 CPU time: 16.202317
2026-07-26 16:00:58,308 - Evaluate - INFO - ASR Module... Epoch: 2, RSS: 5.63 GB
2026-07-26 16:00:58,309 - Evaluate - INFO - ASR... Epoch: 2, Walltime: 2.058086 CPU time: 11.815596
2026-07-26 16:01:00,788 - Evaluate - INFO - ASR Module... Epoch: 2, RSS: 5.63 GB
2026-07-26 16:01:00,789 - Evaluate - INFO - ASR... Epoch: 2, Walltime: 2.475387 CPU time: 14.147305
2026-07-26 16:01:02,940 - Evaluate - INFO - ASR Module... Epoch: 2, RSS: 5.63 GB
2026-07-26 16:01:02,941 - Evaluate - INFO - ASR... Epoch: 2, Walltime: 2.147011 CPU time: 12.274152
2026-07-26 16:01:04,657 - Evaluate - INFO - ASR Module... Epoch: 2, RSS: 5.64 GB
2026-07-26 16:01:04,658 - Evaluate - INFO - ASR... Epoch: 2, Walltime: 1.712207 CPU time: 9.710553
2026-07-26 16:01:06,708 - Evaluate - INFO - ASR Module... Epoch: 2, RSS: 5.64 GB
2026-07-26 16:01:06,709 - Evaluate - INFO - ASR... Epoch: 2, Walltime: 2.046783 CPU time: 11.322313
2026-07-26 16:01:08,084 - Evaluate - INFO - ASR Module... Epoch: 2, RSS: 5.64 GB
2026-07-26 16:01:08,085 - Evaluate - INFO - ASR... Epoch: 2, Walltime: 1.372938 CPU time: 7.802855
2026-07-26 16:01:09,266 - Evaluate - INFO - ASR Module... Epoch: 2, RSS: 5.64 GB
2026-07-26 16:01:09,267 - Evaluate - INFO - ASR... Epoch: 2, Walltime: 1.178406 CPU time: 6.687187
2026-07-26 16:01:12,329 - Evaluate - INFO - ASR Module... Epoch: 2, RSS: 5.64 GB
2026-07-26 16:01:12,330 - Evaluate - INFO - ASR... Epoch: 2, Walltime: 3.057585 CPU time: 17.343611
2026-07-26 16:01:14,485 - Evaluate - INFO - ASR Module... Epoch: 2, RSS: 5.64 GB
2026-07-26 16:01:14,486 - Evaluate - INFO - ASR... Epoch: 2, Walltime: 2.151508 CPU time: 12.383634
2026-07-26 16:01:16,206 - Evaluate - INFO - ASR Module... Epoch: 2, RSS: 5.64 GB
2026-07-26 16:01:16,207 - Evaluate - INFO - ASR... Epoch: 2, Walltime: 1.717373 CPU time: 9.736500
2026-07-26 16:01:17,493 - Evaluate - INFO - ASR Module... Epoch: 2, RSS: 5.64 GB
2026-07-26 16:01:17,493 - Evaluate - INFO - ASR... Epoch: 2, Walltime: 1.283819 CPU time: 6.784186
2026-07-26 16:01:18,568 - Evaluate - INFO - ASR Module... Epoch: 2, RSS: 5.64 GB
2026-07-26 16:01:18,569 - Evaluate - INFO - ASR... Epoch: 2, Walltime: 1.073425 CPU time: 5.639352
2026-07-26 16:01:21,045 - Evaluate - INFO - ASR Module... Epoch: 2, RSS: 5.64 GB
2026-07-26 16:01:21,046 - Evaluate - INFO - ASR... Epoch: 2, Walltime: 2.472315 CPU time: 13.976707
2026-07-26 16:01:23,098 - Evaluate - INFO - ASR Module... Epoch: 2, RSS: 5.64 GB
2026-07-26 16:01:23,099 - Evaluate - INFO - ASR... Epoch: 2, Walltime: 2.048598 CPU time: 11.814336
2026-07-26 16:01:26,081 - Evaluate - INFO - ASR Module... Epoch: 2, RSS: 5.64 GB
2026-07-26 16:01:26,082 - Evaluate - INFO - ASR... Epoch: 2, Walltime: 2.977759 CPU time: 17.128903
2026-07-26 16:01:28,196 - Evaluate - INFO - ASR Module... Epoch: 2, RSS: 5.64 GB
2026-07-26 16:01:28,197 - Evaluate - INFO - ASR... Epoch: 2, Walltime: 2.110278 CPU time: 12.097369
2026-07-26 16:01:30,522 - Evaluate - INFO - ASR Module... Epoch: 2, RSS: 5.64 GB
2026-07-26 16:01:30,523 - Evaluate - INFO - ASR... Epoch: 2, Walltime: 2.322049 CPU time: 13.400390
2026-07-26 16:01:32,577 - Evaluate - INFO - ASR Module... Epoch: 2, RSS: 5.64 GB
2026-07-26 16:01:32,577 - Evaluate - INFO - ASR... Epoch: 2, Walltime: 2.050117 CPU time: 11.761384
2026-07-26 16:01:35,549 - Evaluate - INFO - ASR Module... Epoch: 2, RSS: 5.64 GB
2026-07-26 16:01:35,550 - Evaluate - INFO - ASR... Epoch: 2, Walltime: 2.967811 CPU time: 16.192720
2026-07-26 16:01:36,840 - Evaluate - INFO - ASR Module... Epoch: 2, RSS: 5.64 GB
2026-07-26 16:01:36,841 - Evaluate - INFO - ASR... Epoch: 2, Walltime: 1.287442 CPU time: 7.435744
2026-07-26 16:01:38,325 - Evaluate - INFO - ASR Module... Epoch: 2, RSS: 5.64 GB
2026-07-26 16:01:38,326 - Evaluate - INFO - ASR... Epoch: 2, Walltime: 1.481790 CPU time: 8.648876
2026-07-26 16:01:40,171 - Evaluate - INFO - ASR Module... Epoch: 2, RSS: 5.64 GB
2026-07-26 16:01:40,172 - Evaluate - INFO - ASR... Epoch: 2, Walltime: 1.840743 CPU time: 10.089793
2026-07-26 16:01:41,776 - Evaluate - INFO - ASR Module... Epoch: 2, RSS: 5.64 GB
2026-07-26 16:01:41,777 - Evaluate - INFO - ASR... Epoch: 2, Walltime: 1.601632 CPU time: 9.014311
2026-07-26 16:01:43,745 - Evaluate - INFO - ASR Module... Epoch: 2, RSS: 5.64 GB
2026-07-26 16:01:43,746 - Evaluate - INFO - ASR... Epoch: 2, Walltime: 1.964238 CPU time: 11.125580
2026-07-26 16:01:45,603 - Evaluate - INFO - ASR Module... Epoch: 2, RSS: 5.64 GB
2026-07-26 16:01:45,604 - Evaluate - INFO - ASR... Epoch: 2, Walltime: 1.853639 CPU time: 10.172033
2026-07-26 16:01:47,540 - Evaluate - INFO - ASR Module... Epoch: 2, RSS: 5.64 GB
2026-07-26 16:01:47,541 - Evaluate - INFO - ASR... Epoch: 2, Walltime: 1.932975 CPU time: 11.231390
2026-07-26 16:01:49,360 - Evaluate - INFO - ASR Module... Epoch: 2, RSS: 5.64 GB
2026-07-26 16:01:49,362 - Evaluate - INFO - ASR... Epoch: 2, Walltime: 1.816075 CPU time: 9.962197
2026-07-26 16:01:51,015 - Evaluate - INFO - ASR Module... Epoch: 2, RSS: 5.64 GB
2026-07-26 16:01:51,015 - Evaluate - INFO - ASR... Epoch: 2, Walltime: 1.650698 CPU time: 9.490488
2026-07-26 16:01:52,822 - Evaluate - INFO - ASR Module... Epoch: 2, RSS: 5.64 GB
2026-07-26 16:01:52,823 - Evaluate - INFO - ASR... Epoch: 2, Walltime: 1.804200 CPU time: 10.007235
2026-07-26 16:01:54,729 - Evaluate - INFO - ASR Module... Epoch: 2, RSS: 5.64 GB
2026-07-26 16:01:54,730 - Evaluate - INFO - ASR... Epoch: 2, Walltime: 1.901743 CPU time: 10.979310
2026-07-26 16:01:56,113 - Evaluate - INFO - ASR Module... Epoch: 2, RSS: 5.64 GB
2026-07-26 16:01:56,114 - Evaluate - INFO - ASR... Epoch: 2, Walltime: 1.379419 CPU time: 7.896145
2026-07-26 16:01:58,288 - Evaluate - INFO - ASR Module... Epoch: 2, RSS: 5.64 GB
2026-07-26 16:01:58,289 - Evaluate - INFO - ASR... Epoch: 2, Walltime: 2.170787 CPU time: 12.468483
2026-07-26 16:02:00,323 - Evaluate - INFO - ASR Module... Epoch: 2, RSS: 5.64 GB
2026-07-26 16:02:00,324 - Evaluate - INFO - ASR... Epoch: 2, Walltime: 2.030390 CPU time: 11.471421
2026-07-26 16:02:01,642 - Evaluate - INFO - ASR Module... Epoch: 2, RSS: 5.64 GB
2026-07-26 16:02:01,643 - Evaluate - INFO - ASR... Epoch: 2, Walltime: 1.315388 CPU time: 7.206553
2026-07-26 16:02:03,354 - Evaluate - INFO - ASR Module... Epoch: 2, RSS: 5.64 GB
2026-07-26 16:02:03,354 - Evaluate - INFO - ASR... Epoch: 2, Walltime: 1.708673 CPU time: 9.282228
2026-07-26 16:02:05,075 - Evaluate - INFO - ASR Module... Epoch: 2, RSS: 5.64 GB
2026-07-26 16:02:05,076 - Evaluate - INFO - ASR... Epoch: 2, Walltime: 1.717665 CPU time: 9.767968
2026-07-26 16:02:06,919 - Evaluate - INFO - ASR Module... Epoch: 2, RSS: 5.64 GB
2026-07-26 16:02:06,920 - Evaluate - INFO - ASR... Epoch: 2, Walltime: 1.839940 CPU time: 10.109597
2026-07-26 16:02:08,700 - Evaluate - INFO - ASR Module... Epoch: 2, RSS: 5.64 GB
2026-07-26 16:02:08,701 - Evaluate - INFO - ASR... Epoch: 2, Walltime: 1.777772 CPU time: 9.831517
2026-07-26 16:02:10,964 - Evaluate - INFO - ASR Module... Epoch: 2, RSS: 5.64 GB
2026-07-26 16:02:10,964 - Evaluate - INFO - ASR... Epoch: 2, Walltime: 2.260281 CPU time: 12.411314
2026-07-26 16:02:12,975 - Evaluate - INFO - ASR Module... Epoch: 2, RSS: 5.64 GB
2026-07-26 16:02:12,976 - Evaluate - INFO - ASR... Epoch: 2, Walltime: 2.007539 CPU time: 11.567914
2026-07-26 16:02:14,394 - Evaluate - INFO - ASR Module... Epoch: 2, RSS: 5.64 GB
2026-07-26 16:02:14,394 - Evaluate - INFO - ASR... Epoch: 2, Walltime: 1.415103 CPU time: 7.790684
2026-07-26 16:02:16,053 - Evaluate - INFO - ASR Module... Epoch: 2, RSS: 5.64 GB
2026-07-26 16:02:16,054 - Evaluate - INFO - ASR... Epoch: 2, Walltime: 1.656737 CPU time: 9.516549
2026-07-26 16:02:17,493 - Evaluate - INFO - ASR Module... Epoch: 2, RSS: 5.64 GB
2026-07-26 16:02:17,494 - Evaluate - INFO - ASR... Epoch: 2, Walltime: 1.436707 CPU time: 8.142504
2026-07-26 16:02:19,166 - Evaluate - INFO - ASR Module... Epoch: 2, RSS: 5.64 GB
2026-07-26 16:02:19,166 - Evaluate - INFO - ASR... Epoch: 2, Walltime: 1.669398 CPU time: 9.778396
2026-07-26 16:02:21,167 - Evaluate - INFO - ASR Module... Epoch: 2, RSS: 5.64 GB
2026-07-26 16:02:21,168 - Evaluate - INFO - ASR... Epoch: 2, Walltime: 1.998567 CPU time: 11.024555
2026-07-26 16:02:26,257 - Evaluate - INFO - ASR Module... Epoch: 2, RSS: 5.57 GB
2026-07-26 16:02:26,259 - Evaluate - INFO - ASR... Epoch: 2, Walltime: 5.082318 CPU time: 29.167124
2026-07-26 16:02:29,259 - Evaluate - INFO - ASR Module... Epoch: 2, RSS: 5.57 GB
2026-07-26 16:02:29,259 - Evaluate - INFO - ASR... Epoch: 2, Walltime: 2.994830 CPU time: 16.711441
2026-07-26 16:02:32,502 - Evaluate - INFO - ASR Module... Epoch: 2, RSS: 5.60 GB
2026-07-26 16:02:32,503 - Evaluate - INFO - ASR... Epoch: 2, Walltime: 3.237777 CPU time: 17.296990
2026-07-26 16:02:34,806 - Evaluate - INFO - ASR Module... Epoch: 2, RSS: 5.60 GB
2026-07-26 16:02:34,807 - Evaluate - INFO - ASR... Epoch: 2, Walltime: 2.299068 CPU time: 12.660902
2026-07-26 16:02:38,257 - Evaluate - INFO - ASR Module... Epoch: 2, RSS: 5.60 GB
2026-07-26 16:02:38,258 - Evaluate - INFO - ASR... Epoch: 2, Walltime: 3.443783 CPU time: 18.962112
2026-07-26 16:02:41,506 - Evaluate - INFO - ASR Module... Epoch: 2, RSS: 5.60 GB
2026-07-26 16:02:41,506 - Evaluate - INFO - ASR... Epoch: 2, Walltime: 3.241794 CPU time: 18.100460
2026-07-26 16:02:43,696 - Evaluate - INFO - ASR Module... Epoch: 2, RSS: 5.63 GB
2026-07-26 16:02:43,697 - Evaluate - INFO - ASR... Epoch: 2, Walltime: 2.185542 CPU time: 11.973349
2026-07-26 16:02:45,301 - Evaluate - INFO - ASR Module... Epoch: 2, RSS: 5.63 GB
2026-07-26 16:02:45,302 - Evaluate - INFO - ASR... Epoch: 2, Walltime: 1.601197 CPU time: 9.036911
2026-07-26 16:02:47,769 - Evaluate - INFO - ASR Module... Epoch: 2, RSS: 5.63 GB
2026-07-26 16:02:47,769 - Evaluate - INFO - ASR... Epoch: 2, Walltime: 2.462628 CPU time: 13.629941
2026-07-26 16:02:50,120 - Evaluate - INFO - ASR Module... Epoch: 2, RSS: 5.63 GB
2026-07-26 16:02:50,120 - Evaluate - INFO - ASR... Epoch: 2, Walltime: 2.346805 CPU time: 12.936399
2026-07-26 16:02:54,424 - Evaluate - INFO - ASR Module... Epoch: 2, RSS: 5.63 GB
2026-07-26 16:02:54,425 - Evaluate - INFO - ASR... Epoch: 2, Walltime: 4.298385 CPU time: 23.429858
2026-07-26 16:02:59,515 - Evaluate - INFO - ASR Module... Epoch: 2, RSS: 5.63 GB
2026-07-26 16:02:59,516 - Evaluate - INFO - ASR... Epoch: 2, Walltime: 5.083089 CPU time: 28.383999
2026-07-26 16:03:01,752 - Evaluate - INFO - ASR Module... Epoch: 2, RSS: 5.57 GB
2026-07-26 16:03:01,753 - Evaluate - INFO - ASR... Epoch: 2, Walltime: 2.231092 CPU time: 12.500387
2026-07-26 16:03:04,813 - Evaluate - INFO - ASR Module... Epoch: 2, RSS: 5.57 GB
2026-07-26 16:03:04,814 - Evaluate - INFO - ASR... Epoch: 2, Walltime: 3.056484 CPU time: 16.831056
2026-07-26 16:03:07,968 - Evaluate - INFO - ASR Module... Epoch: 2, RSS: 5.60 GB
2026-07-26 16:03:07,969 - Evaluate - INFO - ASR... Epoch: 2, Walltime: 3.148462 CPU time: 17.254437
2026-07-26 16:03:11,203 - Evaluate - INFO - ASR Module... Epoch: 2, RSS: 5.60 GB
2026-07-26 16:03:11,204 - Evaluate - INFO - ASR... Epoch: 2, Walltime: 3.229255 CPU time: 17.388698
2026-07-26 16:03:15,098 - Evaluate - INFO - ASR Module... Epoch: 2, RSS: 5.60 GB
2026-07-26 16:03:15,099 - Evaluate - INFO - ASR... Epoch: 2, Walltime: 3.888172 CPU time: 21.727786
2026-07-26 16:03:18,988 - Evaluate - INFO - ASR Module... Epoch: 2, RSS: 5.60 GB
2026-07-26 16:03:18,988 - Evaluate - INFO - ASR... Epoch: 2, Walltime: 3.881668 CPU time: 20.857882
2026-07-26 16:03:22,217 - Evaluate - INFO - ASR Module... Epoch: 2, RSS: 5.60 GB
2026-07-26 16:03:22,218 - Evaluate - INFO - ASR... Epoch: 2, Walltime: 3.224631 CPU time: 17.923876
2026-07-26 16:03:25,414 - Evaluate - INFO - ASR Module... Epoch: 2, RSS: 5.60 GB
2026-07-26 16:03:25,415 - Evaluate - INFO - ASR... Epoch: 2, Walltime: 3.190381 CPU time: 17.314643
2026-07-26 16:03:27,089 - Evaluate - INFO - ASR Module... Epoch: 2, RSS: 5.60 GB
2026-07-26 16:03:27,089 - Evaluate - INFO - ASR... Epoch: 2, Walltime: 1.670653 CPU time: 9.468725
2026-07-26 16:03:30,302 - Evaluate - INFO - ASR Module... Epoch: 2, RSS: 5.60 GB
2026-07-26 16:03:30,303 - Evaluate - INFO - ASR... Epoch: 2, Walltime: 3.208092 CPU time: 18.182228
2026-07-26 16:03:31,578 - Evaluate - INFO - ASR Module... Epoch: 2, RSS: 5.60 GB
2026-07-26 16:03:31,579 - Evaluate - INFO - ASR... Epoch: 2, Walltime: 1.271701 CPU time: 7.352643
2026-07-26 16:03:34,773 - Evaluate - INFO - ASR Module... Epoch: 2, RSS: 5.64 GB
2026-07-26 16:03:34,774 - Evaluate - INFO - ASR... Epoch: 2, Walltime: 3.189350 CPU time: 17.725778
2026-07-26 16:03:37,120 - Evaluate - INFO - ASR Module... Epoch: 2, RSS: 5.64 GB
2026-07-26 16:03:37,121 - Evaluate - INFO - ASR... Epoch: 2, Walltime: 2.340627 CPU time: 12.937813
2026-07-26 16:03:39,611 - Evaluate - INFO - ASR Module... Epoch: 2, RSS: 5.64 GB
2026-07-26 16:03:39,612 - Evaluate - INFO - ASR... Epoch: 2, Walltime: 2.486404 CPU time: 14.269403
2026-07-26 16:03:40,971 - Evaluate - INFO - ASR Module... Epoch: 2, RSS: 5.64 GB
2026-07-26 16:03:40,971 - Evaluate - INFO - ASR... Epoch: 2, Walltime: 1.356579 CPU time: 7.839926
2026-07-26 16:03:43,199 - Evaluate - INFO - ASR Module... Epoch: 2, RSS: 5.64 GB
2026-07-26 16:03:43,200 - Evaluate - INFO - ASR... Epoch: 2, Walltime: 2.224439 CPU time: 12.293847
2026-07-26 16:03:46,064 - Evaluate - INFO - ASR Module... Epoch: 2, RSS: 5.64 GB
2026-07-26 16:03:46,065 - Evaluate - INFO - ASR... Epoch: 2, Walltime: 2.858955 CPU time: 15.837222
2026-07-26 16:03:49,338 - Evaluate - INFO - ASR Module... Epoch: 2, RSS: 5.64 GB
2026-07-26 16:03:49,339 - Evaluate - INFO - ASR... Epoch: 2, Walltime: 3.268725 CPU time: 17.828431
2026-07-26 16:03:51,313 - Evaluate - INFO - ASR Module... Epoch: 2, RSS: 5.64 GB
2026-07-26 16:03:51,313 - Evaluate - INFO - ASR... Epoch: 2, Walltime: 1.970152 CPU time: 10.940934
2026-07-26 16:03:54,525 - Evaluate - INFO - ASR Module... Epoch: 2, RSS: 5.64 GB
2026-07-26 16:03:54,526 - Evaluate - INFO - ASR... Epoch: 2, Walltime: 3.206685 CPU time: 18.452573
2026-07-26 16:03:57,647 - Evaluate - INFO - ASR Module... Epoch: 2, RSS: 5.64 GB
2026-07-26 16:03:57,648 - Evaluate - INFO - ASR... Epoch: 2, Walltime: 3.116792 CPU time: 17.304725
2026-07-26 16:04:00,175 - Evaluate - INFO - ASR Module... Epoch: 2, RSS: 5.64 GB
2026-07-26 16:04:00,176 - Evaluate - INFO - ASR... Epoch: 2, Walltime: 2.523260 CPU time: 13.654535
2026-07-26 16:04:03,369 - Evaluate - INFO - ASR Module... Epoch: 2, RSS: 5.64 GB
2026-07-26 16:04:03,369 - Evaluate - INFO - ASR... Epoch: 2, Walltime: 3.188492 CPU time: 17.851788
2026-07-26 16:04:05,574 - Evaluate - INFO - ASR Module... Epoch: 2, RSS: 5.64 GB
2026-07-26 16:04:05,575 - Evaluate - INFO - ASR... Epoch: 2, Walltime: 2.200486 CPU time: 12.015135
2026-07-26 16:04:07,326 - Evaluate - INFO - ASR Module... Epoch: 2, RSS: 5.64 GB
2026-07-26 16:04:07,326 - Evaluate - INFO - ASR... Epoch: 2, Walltime: 1.748495 CPU time: 9.529854
2026-07-26 16:04:11,173 - Evaluate - INFO - ASR Module... Epoch: 2, RSS: 5.64 GB
2026-07-26 16:04:11,174 - Evaluate - INFO - ASR... Epoch: 2, Walltime: 3.842155 CPU time: 21.354906
2026-07-26 16:04:13,977 - Evaluate - INFO - ASR Module... Epoch: 2, RSS: 5.64 GB
2026-07-26 16:04:13,978 - Evaluate - INFO - ASR... Epoch: 2, Walltime: 2.797590 CPU time: 15.578967
2026-07-26 16:04:16,474 - Evaluate - INFO - ASR Module... Epoch: 2, RSS: 5.64 GB
2026-07-26 16:04:16,475 - Evaluate - INFO - ASR... Epoch: 2, Walltime: 2.492431 CPU time: 13.734419
2026-07-26 16:04:19,445 - Evaluate - INFO - ASR Module... Epoch: 2, RSS: 5.64 GB
2026-07-26 16:04:19,446 - Evaluate - INFO - ASR... Epoch: 2, Walltime: 2.965834 CPU time: 16.841000
2026-07-26 16:04:20,929 - Evaluate - INFO - ASR Module... Epoch: 2, RSS: 5.64 GB
2026-07-26 16:04:20,930 - Evaluate - INFO - ASR... Epoch: 2, Walltime: 1.479984 CPU time: 8.275507
2026-07-26 16:04:23,411 - Evaluate - INFO - ASR Module... Epoch: 2, RSS: 5.64 GB
2026-07-26 16:04:23,412 - Evaluate - INFO - ASR... Epoch: 2, Walltime: 2.477314 CPU time: 14.305424
2026-07-26 16:04:25,351 - Evaluate - INFO - ASR Module... Epoch: 2, RSS: 5.64 GB
2026-07-26 16:04:25,352 - Evaluate - INFO - ASR... Epoch: 2, Walltime: 1.934565 CPU time: 11.013170
2026-07-26 16:04:27,797 - Evaluate - INFO - ASR Module... Epoch: 2, RSS: 5.64 GB
2026-07-26 16:04:27,798 - Evaluate - INFO - ASR... Epoch: 2, Walltime: 2.441182 CPU time: 13.766820
2026-07-26 16:04:29,998 - Evaluate - INFO - ASR Module... Epoch: 2, RSS: 5.64 GB
2026-07-26 16:04:29,999 - Evaluate - INFO - ASR... Epoch: 2, Walltime: 2.195106 CPU time: 12.116777
2026-07-26 16:04:32,326 - Evaluate - INFO - ASR Module... Epoch: 2, RSS: 5.64 GB
2026-07-26 16:04:32,327 - Evaluate - INFO - ASR... Epoch: 2, Walltime: 2.323393 CPU time: 12.477634
2026-07-26 16:04:34,415 - Evaluate - INFO - ASR Module... Epoch: 2, RSS: 5.64 GB
2026-07-26 16:04:34,416 - Evaluate - INFO - ASR... Epoch: 2, Walltime: 2.084176 CPU time: 11.504036
2026-07-26 16:04:36,205 - Evaluate - INFO - ASR Module... Epoch: 2, RSS: 5.64 GB
2026-07-26 16:04:36,206 - Evaluate - INFO - ASR... Epoch: 2, Walltime: 1.785350 CPU time: 10.315256
2026-07-26 16:04:37,468 - Evaluate - INFO - ASR Module... Epoch: 2, RSS: 5.64 GB
2026-07-26 16:04:37,469 - Evaluate - INFO - ASR... Epoch: 2, Walltime: 1.259141 CPU time: 7.196498
2026-07-26 16:04:38,832 - Evaluate - INFO - ASR Module... Epoch: 2, RSS: 5.64 GB
2026-07-26 16:04:38,832 - Evaluate - INFO - ASR... Epoch: 2, Walltime: 1.360052 CPU time: 7.626968
2026-07-26 16:04:41,920 - Evaluate - INFO - ASR Module... Epoch: 2, RSS: 5.64 GB
2026-07-26 16:04:41,921 - Evaluate - INFO - ASR... Epoch: 2, Walltime: 3.083151 CPU time: 16.796458
2026-07-26 16:04:43,227 - Evaluate - INFO - ASR Module... Epoch: 2, RSS: 5.64 GB
2026-07-26 16:04:43,228 - Evaluate - INFO - ASR... Epoch: 2, Walltime: 1.303099 CPU time: 7.252952
2026-07-26 16:04:44,707 - Evaluate - INFO - ASR Module... Epoch: 2, RSS: 5.64 GB
2026-07-26 16:04:44,708 - Evaluate - INFO - ASR... Epoch: 2, Walltime: 1.476773 CPU time: 8.542187
2026-07-26 16:04:46,823 - Evaluate - INFO - ASR Module... Epoch: 2, RSS: 5.64 GB
2026-07-26 16:04:46,823 - Evaluate - INFO - ASR... Epoch: 2, Walltime: 2.112158 CPU time: 12.036774
2026-07-26 16:04:50,860 - Evaluate - INFO - ASR Module... Epoch: 2, RSS: 5.64 GB
2026-07-26 16:04:50,861 - Evaluate - INFO - ASR... Epoch: 2, Walltime: 4.032198 CPU time: 22.310535
2026-07-26 16:04:54,102 - Evaluate - INFO - ASR Module... Epoch: 2, RSS: 5.64 GB
2026-07-26 16:04:54,103 - Evaluate - INFO - ASR... Epoch: 2, Walltime: 3.236195 CPU time: 17.713046
2026-07-26 16:04:57,213 - Evaluate - INFO - ASR Module... Epoch: 2, RSS: 5.64 GB
2026-07-26 16:04:57,214 - Evaluate - INFO - ASR... Epoch: 2, Walltime: 3.105953 CPU time: 17.175292
2026-07-26 16:05:01,793 - Evaluate - INFO - ASR Module... Epoch: 2, RSS: 5.64 GB
2026-07-26 16:05:01,794 - Evaluate - INFO - ASR... Epoch: 2, Walltime: 4.573820 CPU time: 25.422601
2026-07-26 16:05:04,272 - Evaluate - INFO - ASR Module... Epoch: 2, RSS: 5.63 GB
2026-07-26 16:05:04,272 - Evaluate - INFO - ASR... Epoch: 2, Walltime: 2.472855 CPU time: 13.925143
2026-07-26 16:05:07,174 - Evaluate - INFO - ASR Module... Epoch: 2, RSS: 5.63 GB
2026-07-26 16:05:07,176 - Evaluate - INFO - ASR... Epoch: 2, Walltime: 2.898563 CPU time: 15.719407
2026-07-26 16:05:11,607 - Evaluate - INFO - ASR Module... Epoch: 2, RSS: 5.63 GB
2026-07-26 16:05:11,608 - Evaluate - INFO - ASR... Epoch: 2, Walltime: 4.425827 CPU time: 23.951309
2026-07-26 16:05:16,392 - Evaluate - INFO - ASR Module... Epoch: 2, RSS: 5.63 GB
2026-07-26 16:05:16,393 - Evaluate - INFO - ASR... Epoch: 2, Walltime: 4.777839 CPU time: 26.526437
2026-07-26 16:05:19,421 - Evaluate - INFO - ASR Module... Epoch: 2, RSS: 5.63 GB
2026-07-26 16:05:19,422 - Evaluate - INFO - ASR... Epoch: 2, Walltime: 3.020540 CPU time: 16.605621
2026-07-26 16:05:23,280 - Evaluate - INFO - ASR Module... Epoch: 2, RSS: 5.63 GB
2026-07-26 16:05:23,280 - Evaluate - INFO - ASR... Epoch: 2, Walltime: 3.850510 CPU time: 21.358210
2026-07-26 16:05:29,427 - Evaluate - INFO - ASR Module... Epoch: 2, RSS: 5.64 GB
2026-07-26 16:05:29,428 - Evaluate - INFO - ASR... Epoch: 2, Walltime: 6.138892 CPU time: 33.685396
2026-07-26 16:05:30,893 - Evaluate - INFO - ASR Module... Epoch: 2, RSS: 5.64 GB
2026-07-26 16:05:30,894 - Evaluate - INFO - ASR... Epoch: 2, Walltime: 1.460472 CPU time: 7.916857
2026-07-26 16:05:32,316 - Evaluate - INFO - ASR Module... Epoch: 2, RSS: 5.64 GB
2026-07-26 16:05:32,316 - Evaluate - INFO - ASR... Epoch: 2, Walltime: 1.418640 CPU time: 8.017632
2026-07-26 16:05:35,195 - Evaluate - INFO - ASR Module... Epoch: 2, RSS: 5.63 GB
2026-07-26 16:05:35,196 - Evaluate - INFO - ASR... Epoch: 2, Walltime: 2.873774 CPU time: 15.391054
2026-07-26 16:05:36,371 - Evaluate - INFO - ASR Module... Epoch: 2, RSS: 5.63 GB
2026-07-26 16:05:36,372 - Evaluate - INFO - ASR... Epoch: 2, Walltime: 1.171943 CPU time: 6.545440
2026-07-26 16:05:37,712 - Evaluate - INFO - ASR Module... Epoch: 2, RSS: 5.57 GB
2026-07-26 16:05:37,712 - Evaluate - INFO - ASR... Epoch: 2, Walltime: 1.337208 CPU time: 7.569576
2026-07-26 16:05:39,584 - Evaluate - INFO - ASR Module... Epoch: 2, RSS: 5.63 GB
2026-07-26 16:05:39,584 - Evaluate - INFO - ASR... Epoch: 2, Walltime: 1.868775 CPU time: 10.462896
2026-07-26 16:05:41,296 - Evaluate - INFO - ASR Module... Epoch: 2, RSS: 5.63 GB
2026-07-26 16:05:41,297 - Evaluate - INFO - ASR... Epoch: 2, Walltime: 1.708613 CPU time: 9.520718
2026-07-26 16:05:44,466 - Evaluate - INFO - ASR Module... Epoch: 2, RSS: 5.64 GB
2026-07-26 16:05:44,467 - Evaluate - INFO - ASR... Epoch: 2, Walltime: 3.165409 CPU time: 17.480460
2026-07-26 16:05:46,784 - Evaluate - INFO - ASR Module... Epoch: 2, RSS: 5.64 GB
2026-07-26 16:05:46,785 - Evaluate - INFO - ASR... Epoch: 2, Walltime: 2.313788 CPU time: 13.373689
2026-07-26 16:05:48,335 - Evaluate - INFO - ASR Module... Epoch: 2, RSS: 5.64 GB
2026-07-26 16:05:48,336 - Evaluate - INFO - ASR... Epoch: 2, Walltime: 1.546767 CPU time: 8.643848
2026-07-26 16:05:50,198 - Evaluate - INFO - ASR Module... Epoch: 2, RSS: 5.64 GB
2026-07-26 16:05:50,199 - Evaluate - INFO - ASR... Epoch: 2, Walltime: 1.859267 CPU time: 10.334467
2026-07-26 16:05:53,017 - Evaluate - INFO - ASR Module... Epoch: 2, RSS: 5.64 GB
2026-07-26 16:05:53,018 - Evaluate - INFO - ASR... Epoch: 2, Walltime: 2.814968 CPU time: 15.615615
2026-07-26 16:05:55,067 - Evaluate - INFO - ASR Module... Epoch: 2, RSS: 5.64 GB
2026-07-26 16:05:55,068 - Evaluate - INFO - ASR... Epoch: 2, Walltime: 2.045958 CPU time: 11.959636
2026-07-26 16:05:56,464 - Evaluate - INFO - ASR Module... Epoch: 2, RSS: 5.64 GB
2026-07-26 16:05:56,465 - Evaluate - INFO - ASR... Epoch: 2, Walltime: 1.392862 CPU time: 8.069826
2026-07-26 16:05:57,867 - Evaluate - INFO - ASR Module... Epoch: 2, RSS: 5.64 GB
2026-07-26 16:05:57,868 - Evaluate - INFO - ASR... Epoch: 2, Walltime: 1.399162 CPU time: 7.959179
2026-07-26 16:05:59,783 - Evaluate - INFO - ASR Module... Epoch: 2, RSS: 5.64 GB
2026-07-26 16:05:59,784 - Evaluate - INFO - ASR... Epoch: 2, Walltime: 1.912455 CPU time: 10.690293
2026-07-26 16:06:01,677 - Evaluate - INFO - ASR Module... Epoch: 2, RSS: 5.64 GB
2026-07-26 16:06:01,678 - Evaluate - INFO - ASR... Epoch: 2, Walltime: 1.889775 CPU time: 10.896274
2026-07-26 16:06:03,464 - Evaluate - INFO - ASR Module... Epoch: 2, RSS: 5.64 GB
2026-07-26 16:06:03,465 - Evaluate - INFO - ASR... Epoch: 2, Walltime: 1.783208 CPU time: 10.382178
2026-07-26 16:06:05,204 - Evaluate - INFO - ASR Module... Epoch: 2, RSS: 5.64 GB
2026-07-26 16:06:05,205 - Evaluate - INFO - ASR... Epoch: 2, Walltime: 1.735551 CPU time: 9.739980
2026-07-26 16:06:06,630 - Evaluate - INFO - ASR Module... Epoch: 2, RSS: 5.64 GB
2026-07-26 16:06:06,630 - Evaluate - INFO - ASR... Epoch: 2, Walltime: 1.422493 CPU time: 7.859993
2026-07-26 16:06:08,286 - Evaluate - INFO - ASR Module... Epoch: 2, RSS: 5.64 GB
2026-07-26 16:06:08,287 - Evaluate - INFO - ASR... Epoch: 2, Walltime: 1.653020 CPU time: 9.405068
2026-07-26 16:06:09,968 - Evaluate - INFO - ASR Module... Epoch: 2, RSS: 5.64 GB
2026-07-26 16:06:09,969 - Evaluate - INFO - ASR... Epoch: 2, Walltime: 1.678548 CPU time: 9.844494
2026-07-26 16:06:11,850 - Evaluate - INFO - ASR Module... Epoch: 2, RSS: 5.64 GB
2026-07-26 16:06:11,851 - Evaluate - INFO - ASR... Epoch: 2, Walltime: 1.877121 CPU time: 10.900056
2026-07-26 16:06:13,207 - Evaluate - INFO - ASR Module... Epoch: 2, RSS: 5.64 GB
2026-07-26 16:06:13,208 - Evaluate - INFO - ASR... Epoch: 2, Walltime: 1.353183 CPU time: 7.949054
2026-07-26 16:06:15,414 - Evaluate - INFO - ASR Module... Epoch: 2, RSS: 5.64 GB
2026-07-26 16:06:15,415 - Evaluate - INFO - ASR... Epoch: 2, Walltime: 2.201251 CPU time: 12.327912
2026-07-26 16:06:17,869 - Evaluate - INFO - ASR Module... Epoch: 2, RSS: 5.64 GB
2026-07-26 16:06:17,870 - Evaluate - INFO - ASR... Epoch: 2, Walltime: 2.449636 CPU time: 14.056080
2026-07-26 16:06:19,396 - Evaluate - INFO - ASR Module... Epoch: 2, RSS: 5.64 GB
2026-07-26 16:06:19,397 - Evaluate - INFO - ASR... Epoch: 2, Walltime: 1.523404 CPU time: 8.837058
2026-07-26 16:06:20,791 - Evaluate - INFO - ASR Module... Epoch: 2, RSS: 5.64 GB
2026-07-26 16:06:20,792 - Evaluate - INFO - ASR... Epoch: 2, Walltime: 1.391503 CPU time: 8.086573
2026-07-26 16:06:22,554 - Evaluate - INFO - ASR Module... Epoch: 2, RSS: 5.64 GB
2026-07-26 16:06:22,555 - Evaluate - INFO - ASR... Epoch: 2, Walltime: 1.759874 CPU time: 9.975546
2026-07-26 16:06:24,328 - Evaluate - INFO - ASR Module... Epoch: 2, RSS: 5.64 GB
2026-07-26 16:06:24,329 - Evaluate - INFO - ASR... Epoch: 2, Walltime: 1.770116 CPU time: 10.141268
2026-07-26 16:06:26,899 - Evaluate - INFO - ASR Module... Epoch: 2, RSS: 5.64 GB
2026-07-26 16:06:26,900 - Evaluate - INFO - ASR... Epoch: 2, Walltime: 2.565836 CPU time: 14.422481
2026-07-26 16:06:29,049 - Evaluate - INFO - ASR Module... Epoch: 2, RSS: 5.64 GB
2026-07-26 16:06:29,050 - Evaluate - INFO - ASR... Epoch: 2, Walltime: 2.146414 CPU time: 12.354778
2026-07-26 16:06:30,841 - Evaluate - INFO - ASR Module... Epoch: 2, RSS: 5.64 GB
2026-07-26 16:06:30,842 - Evaluate - INFO - ASR... Epoch: 2, Walltime: 1.787886 CPU time: 10.244214
2026-07-26 16:06:32,765 - Evaluate - INFO - ASR Module... Epoch: 2, RSS: 5.64 GB
2026-07-26 16:06:32,766 - Evaluate - INFO - ASR... Epoch: 2, Walltime: 1.920499 CPU time: 11.075209
2026-07-26 16:06:34,429 - Evaluate - INFO - ASR Module... Epoch: 2, RSS: 5.64 GB
2026-07-26 16:06:34,429 - Evaluate - INFO - ASR... Epoch: 2, Walltime: 1.660012 CPU time: 9.298570
2026-07-26 16:06:36,326 - Evaluate - INFO - ASR Module... Epoch: 2, RSS: 5.64 GB
2026-07-26 16:06:36,326 - Evaluate - INFO - ASR... Epoch: 2, Walltime: 1.893510 CPU time: 10.556517
2026-07-26 16:06:37,692 - Evaluate - INFO - ASR Module... Epoch: 2, RSS: 5.64 GB
2026-07-26 16:06:37,693 - Evaluate - INFO - ASR... Epoch: 2, Walltime: 1.363460 CPU time: 7.682897
2026-07-26 16:06:39,416 - Evaluate - INFO - ASR Module... Epoch: 2, RSS: 5.64 GB
2026-07-26 16:06:39,417 - Evaluate - INFO - ASR... Epoch: 2, Walltime: 1.720671 CPU time: 9.784111
2026-07-26 16:06:41,243 - Evaluate - INFO - ASR Module... Epoch: 2, RSS: 5.64 GB
2026-07-26 16:06:41,244 - Evaluate - INFO - ASR... Epoch: 2, Walltime: 1.823972 CPU time: 9.784254
2026-07-26 16:06:43,137 - Evaluate - INFO - ASR Module... Epoch: 2, RSS: 5.64 GB
2026-07-26 16:06:43,138 - Evaluate - INFO - ASR... Epoch: 2, Walltime: 1.890350 CPU time: 10.463814
2026-07-26 16:06:44,789 - Evaluate - INFO - ASR Module... Epoch: 2, RSS: 5.64 GB
2026-07-26 16:06:44,790 - Evaluate - INFO - ASR... Epoch: 2, Walltime: 1.647924 CPU time: 9.225311
2026-07-26 16:06:45,946 - Evaluate - INFO - ASR Module... Epoch: 2, RSS: 5.64 GB
2026-07-26 16:06:45,946 - Evaluate - INFO - ASR... Epoch: 2, Walltime: 1.153170 CPU time: 6.658473
2026-07-26 16:06:47,530 - Evaluate - INFO - ASR Module... Epoch: 2, RSS: 5.64 GB
2026-07-26 16:06:47,531 - Evaluate - INFO - ASR... Epoch: 2, Walltime: 1.581210 CPU time: 9.371321
2026-07-26 16:06:49,673 - Evaluate - INFO - ASR Module... Epoch: 2, RSS: 5.64 GB
2026-07-26 16:06:49,674 - Evaluate - INFO - ASR... Epoch: 2, Walltime: 2.139667 CPU time: 12.276160
2026-07-26 16:06:51,635 - Evaluate - INFO - ASR Module... Epoch: 2, RSS: 5.64 GB
2026-07-26 16:06:51,636 - Evaluate - INFO - ASR... Epoch: 2, Walltime: 1.957528 CPU time: 10.903542
2026-07-26 16:06:53,933 - Evaluate - INFO - ASR Module... Epoch: 2, RSS: 5.64 GB
2026-07-26 16:06:53,934 - Evaluate - INFO - ASR... Epoch: 2, Walltime: 2.294401 CPU time: 12.462496
2026-07-26 16:06:56,810 - Evaluate - INFO - ASR Module... Epoch: 2, RSS: 5.64 GB
2026-07-26 16:06:56,811 - Evaluate - INFO - ASR... Epoch: 2, Walltime: 2.872628 CPU time: 16.249688
2026-07-26 16:06:58,205 - Evaluate - INFO - ASR Module... Epoch: 2, RSS: 5.64 GB
2026-07-26 16:06:58,206 - Evaluate - INFO - ASR... Epoch: 2, Walltime: 1.391886 CPU time: 7.882460
2026-07-26 16:07:00,101 - Evaluate - INFO - ASR Module... Epoch: 2, RSS: 5.64 GB
2026-07-26 16:07:00,101 - Evaluate - INFO - ASR... Epoch: 2, Walltime: 1.892103 CPU time: 10.543316
2026-07-26 16:07:01,976 - Evaluate - INFO - ASR Module... Epoch: 2, RSS: 5.64 GB
2026-07-26 16:07:01,977 - Evaluate - INFO - ASR... Epoch: 2, Walltime: 1.871799 CPU time: 10.837032
2026-07-26 16:07:03,661 - Evaluate - INFO - ASR Module... Epoch: 2, RSS: 5.64 GB
2026-07-26 16:07:03,662 - Evaluate - INFO - ASR... Epoch: 2, Walltime: 1.681150 CPU time: 9.557092
2026-07-26 16:07:05,238 - Evaluate - INFO - ASR Module... Epoch: 2, RSS: 5.64 GB
2026-07-26 16:07:05,238 - Evaluate - INFO - ASR... Epoch: 2, Walltime: 1.572624 CPU time: 9.381730
2026-07-26 16:07:07,423 - Evaluate - INFO - ASR Module... Epoch: 2, RSS: 5.64 GB
2026-07-26 16:07:07,424 - Evaluate - INFO - ASR... Epoch: 2, Walltime: 2.180059 CPU time: 12.819332
2026-07-26 16:07:09,163 - Evaluate - INFO - ASR Module... Epoch: 2, RSS: 5.64 GB
2026-07-26 16:07:09,164 - Evaluate - INFO - ASR... Epoch: 2, Walltime: 1.735318 CPU time: 10.013898
2026-07-26 16:07:10,844 - Evaluate - INFO - ASR Module... Epoch: 2, RSS: 5.64 GB
2026-07-26 16:07:10,844 - Evaluate - INFO - ASR... Epoch: 2, Walltime: 1.676451 CPU time: 9.561408
2026-07-26 16:07:12,705 - Evaluate - INFO - ASR Module... Epoch: 2, RSS: 5.64 GB
2026-07-26 16:07:12,706 - Evaluate - INFO - ASR... Epoch: 2, Walltime: 1.858372 CPU time: 10.899185
2026-07-26 16:07:14,777 - Evaluate - INFO - ASR Module... Epoch: 2, RSS: 5.64 GB
2026-07-26 16:07:14,778 - Evaluate - INFO - ASR... Epoch: 2, Walltime: 2.067544 CPU time: 11.728232
2026-07-26 16:07:16,849 - Evaluate - INFO - ASR Module... Epoch: 2, RSS: 5.64 GB
2026-07-26 16:07:16,850 - Evaluate - INFO - ASR... Epoch: 2, Walltime: 2.067640 CPU time: 12.030553
2026-07-26 16:07:18,669 - Evaluate - INFO - ASR Module... Epoch: 2, RSS: 5.64 GB
2026-07-26 16:07:18,670 - Evaluate - INFO - ASR... Epoch: 2, Walltime: 1.815714 CPU time: 10.557114
2026-07-26 16:07:21,001 - Evaluate - INFO - ASR Module... Epoch: 2, RSS: 5.64 GB
2026-07-26 16:07:21,001 - Evaluate - INFO - ASR... Epoch: 2, Walltime: 2.326961 CPU time: 13.230646
2026-07-26 16:07:22,985 - Evaluate - INFO - ASR Module... Epoch: 2, RSS: 5.64 GB
2026-07-26 16:07:22,986 - Evaluate - INFO - ASR... Epoch: 2, Walltime: 1.980143 CPU time: 10.931807
2026-07-26 16:07:25,233 - Evaluate - INFO - ASR Module... Epoch: 2, RSS: 5.64 GB
2026-07-26 16:07:25,234 - Evaluate - INFO - ASR... Epoch: 2, Walltime: 2.244564 CPU time: 12.898133
2026-07-26 16:07:27,357 - Evaluate - INFO - ASR Module... Epoch: 2, RSS: 5.64 GB
2026-07-26 16:07:27,358 - Evaluate - INFO - ASR... Epoch: 2, Walltime: 2.119206 CPU time: 12.292628
2026-07-26 16:07:29,117 - Evaluate - INFO - ASR Module... Epoch: 2, RSS: 5.64 GB
2026-07-26 16:07:29,117 - Evaluate - INFO - ASR... Epoch: 2, Walltime: 1.755971 CPU time: 10.005911
2026-07-26 16:07:31,516 - Evaluate - INFO - ASR Module... Epoch: 2, RSS: 5.64 GB
2026-07-26 16:07:31,517 - Evaluate - INFO - ASR... Epoch: 2, Walltime: 2.395872 CPU time: 13.539314
2026-07-26 16:07:33,223 - Evaluate - INFO - ASR Module... Epoch: 2, RSS: 5.64 GB
2026-07-26 16:07:33,224 - Evaluate - INFO - ASR... Epoch: 2, Walltime: 1.703092 CPU time: 9.860683
2026-07-26 16:07:35,037 - Evaluate - INFO - ASR Module... Epoch: 2, RSS: 5.64 GB
2026-07-26 16:07:35,038 - Evaluate - INFO - ASR... Epoch: 2, Walltime: 1.810438 CPU time: 10.322833
2026-07-26 16:07:37,007 - Evaluate - INFO - ASR Module... Epoch: 2, RSS: 5.64 GB
2026-07-26 16:07:37,008 - Evaluate - INFO - ASR... Epoch: 2, Walltime: 1.966702 CPU time: 11.124803
2026-07-26 16:07:38,861 - Evaluate - INFO - ASR Module... Epoch: 2, RSS: 5.64 GB
2026-07-26 16:07:38,862 - Evaluate - INFO - ASR... Epoch: 2, Walltime: 1.848975 CPU time: 10.424396
2026-07-26 16:07:41,376 - Evaluate - INFO - ASR Module... Epoch: 2, RSS: 5.64 GB
2026-07-26 16:07:41,377 - Evaluate - INFO - ASR... Epoch: 2, Walltime: 2.510467 CPU time: 14.383833
2026-07-26 16:07:43,183 - Evaluate - INFO - ASR Module... Epoch: 2, RSS: 5.64 GB
2026-07-26 16:07:43,184 - Evaluate - INFO - ASR... Epoch: 2, Walltime: 1.802840 CPU time: 10.704480
2026-07-26 16:07:44,891 - Evaluate - INFO - ASR Module... Epoch: 2, RSS: 5.64 GB
2026-07-26 16:07:44,892 - Evaluate - INFO - ASR... Epoch: 2, Walltime: 1.704430 CPU time: 10.002758
2026-07-26 16:07:46,778 - Evaluate - INFO - ASR Module... Epoch: 2, RSS: 5.64 GB
2026-07-26 16:07:46,779 - Evaluate - INFO - ASR... Epoch: 2, Walltime: 1.882959 CPU time: 10.862497
2026-07-26 16:07:48,192 - Evaluate - INFO - ASR Module... Epoch: 2, RSS: 5.64 GB
2026-07-26 16:07:48,193 - Evaluate - INFO - ASR... Epoch: 2, Walltime: 1.410727 CPU time: 8.111592
2026-07-26 16:07:50,792 - Evaluate - INFO - ASR Module... Epoch: 2, RSS: 5.64 GB
2026-07-26 16:07:50,792 - Evaluate - INFO - ASR... Epoch: 2, Walltime: 2.596063 CPU time: 14.291744
2026-07-26 16:07:53,062 - Evaluate - INFO - ASR Module... Epoch: 2, RSS: 5.64 GB
2026-07-26 16:07:53,062 - Evaluate - INFO - ASR... Epoch: 2, Walltime: 2.265289 CPU time: 12.758590
2026-07-26 16:07:55,388 - Evaluate - INFO - ASR Module... Epoch: 2, RSS: 5.64 GB
2026-07-26 16:07:55,389 - Evaluate - INFO - ASR... Epoch: 2, Walltime: 2.322612 CPU time: 12.921011
2026-07-26 16:07:56,924 - Evaluate - INFO - ASR Module... Epoch: 2, RSS: 5.64 GB
2026-07-26 16:07:56,924 - Evaluate - INFO - ASR... Epoch: 2, Walltime: 1.532553 CPU time: 8.593844
2026-07-26 16:07:58,335 - Evaluate - INFO - ASR Module... Epoch: 2, RSS: 5.64 GB
2026-07-26 16:07:58,336 - Evaluate - INFO - ASR... Epoch: 2, Walltime: 1.408837 CPU time: 7.613011
2026-07-26 16:08:00,555 - Evaluate - INFO - ASR Module... Epoch: 2, RSS: 5.64 GB
2026-07-26 16:08:00,556 - Evaluate - INFO - ASR... Epoch: 2, Walltime: 2.216009 CPU time: 12.803011
2026-07-26 16:08:03,752 - Evaluate - INFO - ASR Module... Epoch: 2, RSS: 5.57 GB
2026-07-26 16:08:03,753 - Evaluate - INFO - ASR... Epoch: 2, Walltime: 3.191527 CPU time: 18.311146
2026-07-26 16:08:05,377 - Evaluate - INFO - ASR Module... Epoch: 2, RSS: 5.57 GB
2026-07-26 16:08:05,378 - Evaluate - INFO - ASR... Epoch: 2, Walltime: 1.621071 CPU time: 9.495721
2026-07-26 16:08:07,867 - Evaluate - INFO - ASR Module... Epoch: 2, RSS: 5.57 GB
2026-07-26 16:08:07,868 - Evaluate - INFO - ASR... Epoch: 2, Walltime: 2.484742 CPU time: 13.875238
2026-07-26 16:08:09,718 - Evaluate - INFO - ASR Module... Epoch: 2, RSS: 5.57 GB
2026-07-26 16:08:09,719 - Evaluate - INFO - ASR... Epoch: 2, Walltime: 1.846329 CPU time: 10.569725
2026-07-26 16:08:12,611 - Evaluate - INFO - ASR Module... Epoch: 2, RSS: 5.57 GB
2026-07-26 16:08:12,612 - Evaluate - INFO - ASR... Epoch: 2, Walltime: 2.887980 CPU time: 15.893023
2026-07-26 16:08:14,678 - Evaluate - INFO - ASR Module... Epoch: 2, RSS: 5.63 GB
2026-07-26 16:08:14,680 - Evaluate - INFO - ASR... Epoch: 2, Walltime: 2.062691 CPU time: 11.773711
2026-07-26 16:08:17,033 - Evaluate - INFO - ASR Module... Epoch: 2, RSS: 5.63 GB
2026-07-26 16:08:17,034 - Evaluate - INFO - ASR... Epoch: 2, Walltime: 2.350448 CPU time: 13.253223
2026-07-26 16:08:19,019 - Evaluate - INFO - ASR Module... Epoch: 2, RSS: 5.63 GB
2026-07-26 16:08:19,020 - Evaluate - INFO - ASR... Epoch: 2, Walltime: 1.982314 CPU time: 10.867312
2026-07-26 16:08:20,814 - Evaluate - INFO - ASR Module... Epoch: 2, RSS: 5.63 GB
2026-07-26 16:08:20,815 - Evaluate - INFO - ASR... Epoch: 2, Walltime: 1.791152 CPU time: 10.302782
2026-07-26 16:08:23,014 - Evaluate - INFO - ASR Module... Epoch: 2, RSS: 5.63 GB
2026-07-26 16:08:23,015 - Evaluate - INFO - ASR... Epoch: 2, Walltime: 2.194694 CPU time: 12.254971
2026-07-26 16:08:26,110 - Evaluate - INFO - ASR Module... Epoch: 2, RSS: 5.63 GB
2026-07-26 16:08:26,111 - Evaluate - INFO - ASR... Epoch: 2, Walltime: 3.090228 CPU time: 17.002444
2026-07-26 16:08:28,313 - Evaluate - INFO - ASR Module... Epoch: 2, RSS: 5.63 GB
2026-07-26 16:08:28,313 - Evaluate - INFO - ASR... Epoch: 2, Walltime: 2.197715 CPU time: 12.367292
2026-07-26 16:08:29,797 - Evaluate - INFO - ASR Module... Epoch: 2, RSS: 5.63 GB
2026-07-26 16:08:29,798 - Evaluate - INFO - ASR... Epoch: 2, Walltime: 1.481134 CPU time: 8.569461
2026-07-26 16:08:31,505 - Evaluate - INFO - ASR Module... Epoch: 2, RSS: 5.63 GB
2026-07-26 16:08:31,506 - Evaluate - INFO - ASR... Epoch: 2, Walltime: 1.704101 CPU time: 9.797866
2026-07-26 16:08:34,901 - Evaluate - INFO - ASR Module... Epoch: 2, RSS: 5.57 GB
2026-07-26 16:08:34,902 - Evaluate - INFO - ASR... Epoch: 2, Walltime: 3.390271 CPU time: 18.679338
2026-07-26 16:08:37,215 - Evaluate - INFO - ASR Module... Epoch: 2, RSS: 5.57 GB
2026-07-26 16:08:37,216 - Evaluate - INFO - ASR... Epoch: 2, Walltime: 2.309887 CPU time: 12.866503
2026-07-26 16:08:39,102 - Evaluate - INFO - ASR Module... Epoch: 2, RSS: 5.57 GB
2026-07-26 16:08:39,102 - Evaluate - INFO - ASR... Epoch: 2, Walltime: 1.880982 CPU time: 10.456721
2026-07-26 16:08:40,913 - Evaluate - INFO - ASR Module... Epoch: 2, RSS: 5.57 GB
2026-07-26 16:08:40,914 - Evaluate - INFO - ASR... Epoch: 2, Walltime: 1.808209 CPU time: 10.130664
2026-07-26 16:08:42,448 - Evaluate - INFO - ASR Module... Epoch: 2, RSS: 5.57 GB
2026-07-26 16:08:42,449 - Evaluate - INFO - ASR... Epoch: 2, Walltime: 1.531218 CPU time: 8.767732
2026-07-26 16:08:44,218 - Evaluate - INFO - ASR Module... Epoch: 2, RSS: 5.57 GB
2026-07-26 16:08:44,219 - Evaluate - INFO - ASR... Epoch: 2, Walltime: 1.766595 CPU time: 9.953771
2026-07-26 16:08:47,007 - Evaluate - INFO - ASR Module... Epoch: 2, RSS: 5.57 GB
2026-07-26 16:08:47,008 - Evaluate - INFO - ASR... Epoch: 2, Walltime: 2.784695 CPU time: 15.437379
2026-07-26 16:08:47,820 - Evaluate - INFO - ASR Module... Epoch: 2, RSS: 5.57 GB
2026-07-26 16:08:47,820 - Evaluate - INFO - ASR... Epoch: 2, Walltime: 0.809560 CPU time: 4.502015
