2026-07-26 13:24:43,896 - Engine - INFO - Type: whisper. Memory Stats of Processor...: Before load: 747.524096, After load: 808.648704, Delta: 61.124608
2026-07-26 13:24:47,656 - Engine - INFO - Type: whisper. Memory Stats of Model...: Before load: 808.648704, After load: 2570.747904, Delta: 1762.099200
2026-07-26 13:25:16,485 - Evaluate - INFO - ASR Module... Epoch: 0, RSS: 2.58 GB
2026-07-26 13:25:16,486 - Evaluate - INFO - ASR... Epoch: 0, Walltime: 22.984404 CPU time: 113.346350
2026-07-26 13:25:43,187 - Evaluate - INFO - ASR Module... Epoch: 0, RSS: 2.59 GB
2026-07-26 13:25:43,188 - Evaluate - INFO - ASR... Epoch: 0, Walltime: 26.690029 CPU time: 141.895414
2026-07-26 13:26:09,687 - Evaluate - INFO - ASR Module... Epoch: 0, RSS: 2.71 GB
2026-07-26 13:26:09,688 - Evaluate - INFO - ASR... Epoch: 0, Walltime: 26.489163 CPU time: 139.336829
2026-07-26 13:26:39,209 - Evaluate - INFO - ASR Module... Epoch: 0, RSS: 2.96 GB
2026-07-26 13:26:39,210 - Evaluate - INFO - ASR... Epoch: 0, Walltime: 29.511058 CPU time: 158.927091
2026-07-26 13:27:08,373 - Evaluate - INFO - ASR Module... Epoch: 0, RSS: 3.34 GB
2026-07-26 13:27:08,374 - Evaluate - INFO - ASR... Epoch: 0, Walltime: 29.152845 CPU time: 158.456767
2026-07-26 13:27:32,155 - Evaluate - INFO - ASR Module... Epoch: 0, RSS: 3.34 GB
2026-07-26 13:27:32,156 - Evaluate - INFO - ASR... Epoch: 0, Walltime: 23.772816 CPU time: 129.235132
2026-07-26 13:27:54,635 - Evaluate - INFO - ASR Module... Epoch: 0, RSS: 3.34 GB
2026-07-26 13:27:54,636 - Evaluate - INFO - ASR... Epoch: 0, Walltime: 22.473873 CPU time: 122.334603
2026-07-26 13:28:17,779 - Evaluate - INFO - ASR Module... Epoch: 0, RSS: 3.34 GB
2026-07-26 13:28:17,780 - Evaluate - INFO - ASR... Epoch: 0, Walltime: 23.137172 CPU time: 125.658633
2026-07-26 13:28:41,947 - Evaluate - INFO - ASR Module... Epoch: 0, RSS: 3.34 GB
2026-07-26 13:28:41,950 - Evaluate - INFO - ASR... Epoch: 0, Walltime: 24.161220 CPU time: 131.310234
2026-07-26 13:29:05,875 - Evaluate - INFO - ASR Module... Epoch: 0, RSS: 3.34 GB
2026-07-26 13:29:05,876 - Evaluate - INFO - ASR... Epoch: 0, Walltime: 23.920602 CPU time: 127.977727
2026-07-26 13:29:32,487 - Evaluate - INFO - ASR Module... Epoch: 0, RSS: 3.34 GB
2026-07-26 13:29:32,488 - Evaluate - INFO - ASR... Epoch: 0, Walltime: 26.603858 CPU time: 141.455776
2026-07-26 13:29:53,220 - Evaluate - INFO - ASR Module... Epoch: 0, RSS: 3.34 GB
2026-07-26 13:29:53,221 - Evaluate - INFO - ASR... Epoch: 0, Walltime: 20.727190 CPU time: 114.217679
2026-07-26 13:30:15,585 - Evaluate - INFO - ASR Module... Epoch: 0, RSS: 3.34 GB
2026-07-26 13:30:15,586 - Evaluate - INFO - ASR... Epoch: 0, Walltime: 22.360347 CPU time: 120.750309
2026-07-26 13:30:43,020 - Evaluate - INFO - ASR Module... Epoch: 0, RSS: 3.34 GB
2026-07-26 13:30:43,021 - Evaluate - INFO - ASR... Epoch: 0, Walltime: 27.428419 CPU time: 149.069130
2026-07-26 13:31:09,451 - Evaluate - INFO - ASR Module... Epoch: 0, RSS: 3.34 GB
2026-07-26 13:31:09,452 - Evaluate - INFO - ASR... Epoch: 0, Walltime: 26.425134 CPU time: 138.160093
2026-07-26 13:31:30,537 - Evaluate - INFO - ASR Module... Epoch: 0, RSS: 3.34 GB
2026-07-26 13:31:30,538 - Evaluate - INFO - ASR... Epoch: 0, Walltime: 21.080481 CPU time: 113.760071
2026-07-26 13:31:53,486 - Evaluate - INFO - ASR Module... Epoch: 0, RSS: 3.34 GB
2026-07-26 13:31:53,487 - Evaluate - INFO - ASR... Epoch: 0, Walltime: 22.944302 CPU time: 124.219665
2026-07-26 13:32:14,171 - Evaluate - INFO - ASR Module... Epoch: 0, RSS: 3.34 GB
2026-07-26 13:32:14,172 - Evaluate - INFO - ASR... Epoch: 0, Walltime: 20.681164 CPU time: 113.491527
2026-07-26 13:32:34,794 - Evaluate - INFO - ASR Module... Epoch: 0, RSS: 3.34 GB
2026-07-26 13:32:34,795 - Evaluate - INFO - ASR... Epoch: 0, Walltime: 20.618621 CPU time: 112.759103
2026-07-26 13:32:56,774 - Evaluate - INFO - ASR Module... Epoch: 0, RSS: 3.34 GB
2026-07-26 13:32:56,777 - Evaluate - INFO - ASR... Epoch: 0, Walltime: 21.974408 CPU time: 117.546230
2026-07-26 13:33:21,989 - Evaluate - INFO - ASR Module... Epoch: 0, RSS: 3.34 GB
2026-07-26 13:33:21,990 - Evaluate - INFO - ASR... Epoch: 0, Walltime: 25.207635 CPU time: 138.424891
2026-07-26 13:33:51,208 - Evaluate - INFO - ASR Module... Epoch: 0, RSS: 3.36 GB
2026-07-26 13:33:51,208 - Evaluate - INFO - ASR... Epoch: 0, Walltime: 29.209626 CPU time: 157.094893
2026-07-26 13:34:13,384 - Evaluate - INFO - ASR Module... Epoch: 0, RSS: 3.36 GB
2026-07-26 13:34:13,385 - Evaluate - INFO - ASR... Epoch: 0, Walltime: 22.169506 CPU time: 120.166114
2026-07-26 13:34:34,502 - Evaluate - INFO - ASR Module... Epoch: 0, RSS: 3.36 GB
2026-07-26 13:34:34,503 - Evaluate - INFO - ASR... Epoch: 0, Walltime: 21.114682 CPU time: 115.821220
2026-07-26 13:34:56,565 - Evaluate - INFO - ASR Module... Epoch: 0, RSS: 3.36 GB
2026-07-26 13:34:56,566 - Evaluate - INFO - ASR... Epoch: 0, Walltime: 22.055052 CPU time: 120.496103
2026-07-26 13:35:19,105 - Evaluate - INFO - ASR Module... Epoch: 0, RSS: 3.36 GB
2026-07-26 13:35:19,106 - Evaluate - INFO - ASR... Epoch: 0, Walltime: 22.534302 CPU time: 122.496709
2026-07-26 13:35:41,820 - Evaluate - INFO - ASR Module... Epoch: 0, RSS: 3.36 GB
2026-07-26 13:35:41,821 - Evaluate - INFO - ASR... Epoch: 0, Walltime: 22.707338 CPU time: 124.521032
2026-07-26 13:36:05,316 - Evaluate - INFO - ASR Module... Epoch: 0, RSS: 3.36 GB
2026-07-26 13:36:05,316 - Evaluate - INFO - ASR... Epoch: 0, Walltime: 23.488897 CPU time: 127.343123
2026-07-26 13:36:26,972 - Evaluate - INFO - ASR Module... Epoch: 0, RSS: 3.36 GB
2026-07-26 13:36:26,973 - Evaluate - INFO - ASR... Epoch: 0, Walltime: 21.649927 CPU time: 119.665692
2026-07-26 13:36:48,602 - Evaluate - INFO - ASR Module... Epoch: 0, RSS: 3.36 GB
2026-07-26 13:36:48,603 - Evaluate - INFO - ASR... Epoch: 0, Walltime: 21.624947 CPU time: 119.263468
2026-07-26 13:37:11,409 - Evaluate - INFO - ASR Module... Epoch: 0, RSS: 3.36 GB
2026-07-26 13:37:11,411 - Evaluate - INFO - ASR... Epoch: 0, Walltime: 22.799676 CPU time: 123.707539
2026-07-26 13:37:33,777 - Evaluate - INFO - ASR Module... Epoch: 0, RSS: 3.36 GB
2026-07-26 13:37:33,778 - Evaluate - INFO - ASR... Epoch: 0, Walltime: 22.361444 CPU time: 118.486505
2026-07-26 13:37:55,792 - Evaluate - INFO - ASR Module... Epoch: 0, RSS: 3.36 GB
2026-07-26 13:37:55,793 - Evaluate - INFO - ASR... Epoch: 0, Walltime: 22.010195 CPU time: 119.480601
2026-07-26 13:38:17,784 - Evaluate - INFO - ASR Module... Epoch: 0, RSS: 3.36 GB
2026-07-26 13:38:17,785 - Evaluate - INFO - ASR... Epoch: 0, Walltime: 21.986164 CPU time: 120.116554
2026-07-26 13:38:38,850 - Evaluate - INFO - ASR Module... Epoch: 0, RSS: 3.36 GB
2026-07-26 13:38:38,851 - Evaluate - INFO - ASR... Epoch: 0, Walltime: 21.062069 CPU time: 114.606131
2026-07-26 13:39:02,882 - Evaluate - INFO - ASR Module... Epoch: 0, RSS: 3.36 GB
2026-07-26 13:39:02,882 - Evaluate - INFO - ASR... Epoch: 0, Walltime: 24.024201 CPU time: 131.733574
2026-07-26 13:39:29,035 - Evaluate - INFO - ASR Module... Epoch: 0, RSS: 3.36 GB
2026-07-26 13:39:29,036 - Evaluate - INFO - ASR... Epoch: 0, Walltime: 26.146147 CPU time: 141.157482
2026-07-26 13:39:55,352 - Evaluate - INFO - ASR Module... Epoch: 0, RSS: 3.36 GB
2026-07-26 13:39:55,353 - Evaluate - INFO - ASR... Epoch: 0, Walltime: 26.310687 CPU time: 143.035768
2026-07-26 13:40:20,079 - Evaluate - INFO - ASR Module... Epoch: 0, RSS: 3.36 GB
2026-07-26 13:40:20,080 - Evaluate - INFO - ASR... Epoch: 0, Walltime: 24.718163 CPU time: 134.913545
2026-07-26 13:40:40,543 - Evaluate - INFO - ASR Module... Epoch: 0, RSS: 3.36 GB
2026-07-26 13:40:40,544 - Evaluate - INFO - ASR... Epoch: 0, Walltime: 20.459777 CPU time: 113.058806
2026-07-26 13:41:00,766 - Evaluate - INFO - ASR Module... Epoch: 0, RSS: 3.36 GB
2026-07-26 13:41:00,767 - Evaluate - INFO - ASR... Epoch: 0, Walltime: 20.219196 CPU time: 112.403379
2026-07-26 13:41:23,138 - Evaluate - INFO - ASR Module... Epoch: 0, RSS: 3.36 GB
2026-07-26 13:41:23,138 - Evaluate - INFO - ASR... Epoch: 0, Walltime: 22.366642 CPU time: 119.891527
2026-07-26 13:41:43,897 - Evaluate - INFO - ASR Module... Epoch: 0, RSS: 3.36 GB
2026-07-26 13:41:43,898 - Evaluate - INFO - ASR... Epoch: 0, Walltime: 20.754788 CPU time: 114.096884
2026-07-26 13:42:04,358 - Evaluate - INFO - ASR Module... Epoch: 0, RSS: 3.36 GB
2026-07-26 13:42:04,359 - Evaluate - INFO - ASR... Epoch: 0, Walltime: 20.457212 CPU time: 113.399559
2026-07-26 13:42:25,949 - Evaluate - INFO - ASR Module... Epoch: 0, RSS: 3.36 GB
2026-07-26 13:42:25,950 - Evaluate - INFO - ASR... Epoch: 0, Walltime: 21.586184 CPU time: 118.585597
2026-07-26 13:42:45,807 - Evaluate - INFO - ASR Module... Epoch: 0, RSS: 3.36 GB
2026-07-26 13:42:45,808 - Evaluate - INFO - ASR... Epoch: 0, Walltime: 19.852955 CPU time: 109.557663
2026-07-26 13:43:05,542 - Evaluate - INFO - ASR Module... Epoch: 0, RSS: 3.36 GB
2026-07-26 13:43:05,542 - Evaluate - INFO - ASR... Epoch: 0, Walltime: 19.730922 CPU time: 109.618883
2026-07-26 13:43:26,627 - Evaluate - INFO - ASR Module... Epoch: 0, RSS: 3.36 GB
2026-07-26 13:43:26,628 - Evaluate - INFO - ASR... Epoch: 0, Walltime: 21.080906 CPU time: 116.246889
2026-07-26 13:43:47,593 - Evaluate - INFO - ASR Module... Epoch: 0, RSS: 3.36 GB
2026-07-26 13:43:47,594 - Evaluate - INFO - ASR... Epoch: 0, Walltime: 20.960324 CPU time: 115.250009
2026-07-26 13:44:07,978 - Evaluate - INFO - ASR Module... Epoch: 0, RSS: 3.36 GB
2026-07-26 13:44:07,979 - Evaluate - INFO - ASR... Epoch: 0, Walltime: 20.380437 CPU time: 109.974156
2026-07-26 13:44:28,861 - Evaluate - INFO - ASR Module... Epoch: 0, RSS: 3.36 GB
2026-07-26 13:44:28,862 - Evaluate - INFO - ASR... Epoch: 0, Walltime: 20.877313 CPU time: 114.110751
2026-07-26 13:44:48,861 - Evaluate - INFO - ASR Module... Epoch: 0, RSS: 3.36 GB
2026-07-26 13:44:48,862 - Evaluate - INFO - ASR... Epoch: 0, Walltime: 19.996267 CPU time: 110.668897
2026-07-26 13:45:10,699 - Evaluate - INFO - ASR Module... Epoch: 0, RSS: 3.36 GB
2026-07-26 13:45:10,699 - Evaluate - INFO - ASR... Epoch: 0, Walltime: 21.832837 CPU time: 120.060137
2026-07-26 13:45:31,342 - Evaluate - INFO - ASR Module... Epoch: 0, RSS: 3.36 GB
2026-07-26 13:45:31,343 - Evaluate - INFO - ASR... Epoch: 0, Walltime: 20.638083 CPU time: 113.418205
2026-07-26 13:45:52,750 - Evaluate - INFO - ASR Module... Epoch: 0, RSS: 3.36 GB
2026-07-26 13:45:52,750 - Evaluate - INFO - ASR... Epoch: 0, Walltime: 21.403414 CPU time: 118.096548
2026-07-26 13:46:13,963 - Evaluate - INFO - ASR Module... Epoch: 0, RSS: 3.36 GB
2026-07-26 13:46:13,964 - Evaluate - INFO - ASR... Epoch: 0, Walltime: 21.208211 CPU time: 114.645902
2026-07-26 13:46:35,143 - Evaluate - INFO - ASR Module... Epoch: 0, RSS: 3.36 GB
2026-07-26 13:46:35,144 - Evaluate - INFO - ASR... Epoch: 0, Walltime: 21.174757 CPU time: 116.114427
2026-07-26 13:46:56,837 - Evaluate - INFO - ASR Module... Epoch: 0, RSS: 3.36 GB
2026-07-26 13:46:56,838 - Evaluate - INFO - ASR... Epoch: 0, Walltime: 21.688070 CPU time: 120.197840
2026-07-26 13:47:18,016 - Evaluate - INFO - ASR Module... Epoch: 0, RSS: 3.36 GB
2026-07-26 13:47:18,017 - Evaluate - INFO - ASR... Epoch: 0, Walltime: 21.172826 CPU time: 117.261627
2026-07-26 13:47:39,486 - Evaluate - INFO - ASR Module... Epoch: 0, RSS: 3.36 GB
2026-07-26 13:47:39,487 - Evaluate - INFO - ASR... Epoch: 0, Walltime: 21.465092 CPU time: 118.398155
2026-07-26 13:47:59,916 - Evaluate - INFO - ASR Module... Epoch: 0, RSS: 3.36 GB
2026-07-26 13:47:59,917 - Evaluate - INFO - ASR... Epoch: 0, Walltime: 20.424751 CPU time: 112.547080
2026-07-26 13:48:20,552 - Evaluate - INFO - ASR Module... Epoch: 0, RSS: 3.36 GB
2026-07-26 13:48:20,552 - Evaluate - INFO - ASR... Epoch: 0, Walltime: 20.630179 CPU time: 114.039399
2026-07-26 13:48:40,926 - Evaluate - INFO - ASR Module... Epoch: 0, RSS: 3.36 GB
2026-07-26 13:48:40,927 - Evaluate - INFO - ASR... Epoch: 0, Walltime: 20.370435 CPU time: 111.647780
2026-07-26 13:49:03,135 - Evaluate - INFO - ASR Module... Epoch: 0, RSS: 3.36 GB
2026-07-26 13:49:03,136 - Evaluate - INFO - ASR... Epoch: 0, Walltime: 22.203674 CPU time: 119.660108
2026-07-26 13:49:24,207 - Evaluate - INFO - ASR Module... Epoch: 0, RSS: 3.36 GB
2026-07-26 13:49:24,208 - Evaluate - INFO - ASR... Epoch: 0, Walltime: 21.065987 CPU time: 115.951008
2026-07-26 13:49:45,536 - Evaluate - INFO - ASR Module... Epoch: 0, RSS: 3.36 GB
2026-07-26 13:49:45,537 - Evaluate - INFO - ASR... Epoch: 0, Walltime: 21.323265 CPU time: 118.314230
2026-07-26 13:50:05,772 - Evaluate - INFO - ASR Module... Epoch: 0, RSS: 3.36 GB
2026-07-26 13:50:05,773 - Evaluate - INFO - ASR... Epoch: 0, Walltime: 20.230837 CPU time: 110.229139
2026-07-26 13:50:26,532 - Evaluate - INFO - ASR Module... Epoch: 0, RSS: 3.36 GB
2026-07-26 13:50:26,533 - Evaluate - INFO - ASR... Epoch: 0, Walltime: 20.755181 CPU time: 114.030615
2026-07-26 13:50:47,649 - Evaluate - INFO - ASR Module... Epoch: 0, RSS: 3.36 GB
2026-07-26 13:50:47,650 - Evaluate - INFO - ASR... Epoch: 0, Walltime: 21.111231 CPU time: 115.167166
2026-07-26 13:51:09,142 - Evaluate - INFO - ASR Module... Epoch: 0, RSS: 3.36 GB
2026-07-26 13:51:09,143 - Evaluate - INFO - ASR... Epoch: 0, Walltime: 21.487766 CPU time: 117.227327
2026-07-26 13:51:28,462 - Evaluate - INFO - ASR Module... Epoch: 0, RSS: 3.36 GB
2026-07-26 13:51:28,463 - Evaluate - INFO - ASR... Epoch: 0, Walltime: 19.316111 CPU time: 106.244226
2026-07-26 13:51:47,808 - Evaluate - INFO - ASR Module... Epoch: 0, RSS: 3.36 GB
2026-07-26 13:51:47,809 - Evaluate - INFO - ASR... Epoch: 0, Walltime: 19.342111 CPU time: 105.892660
2026-07-26 13:52:08,329 - Evaluate - INFO - ASR Module... Epoch: 0, RSS: 3.36 GB
2026-07-26 13:52:08,329 - Evaluate - INFO - ASR... Epoch: 0, Walltime: 20.515546 CPU time: 112.784739
2026-07-26 13:52:26,959 - Evaluate - INFO - ASR Module... Epoch: 0, RSS: 3.36 GB
2026-07-26 13:52:26,960 - Evaluate - INFO - ASR... Epoch: 0, Walltime: 18.626822 CPU time: 103.878331
2026-07-26 13:52:46,378 - Evaluate - INFO - ASR Module... Epoch: 0, RSS: 3.36 GB
2026-07-26 13:52:46,378 - Evaluate - INFO - ASR... Epoch: 0, Walltime: 19.415886 CPU time: 106.040806
2026-07-26 13:53:05,400 - Evaluate - INFO - ASR Module... Epoch: 0, RSS: 3.36 GB
2026-07-26 13:53:05,401 - Evaluate - INFO - ASR... Epoch: 0, Walltime: 19.019198 CPU time: 106.130750
2026-07-26 13:53:24,638 - Evaluate - INFO - ASR Module... Epoch: 0, RSS: 3.36 GB
2026-07-26 13:53:24,638 - Evaluate - INFO - ASR... Epoch: 0, Walltime: 19.233851 CPU time: 106.932318
2026-07-26 13:53:44,507 - Evaluate - INFO - ASR Module... Epoch: 0, RSS: 3.36 GB
2026-07-26 13:53:44,508 - Evaluate - INFO - ASR... Epoch: 0, Walltime: 19.865747 CPU time: 105.348004
2026-07-26 13:54:05,798 - Evaluate - INFO - ASR Module... Epoch: 0, RSS: 3.36 GB
2026-07-26 13:54:05,799 - Evaluate - INFO - ASR... Epoch: 0, Walltime: 21.287031 CPU time: 112.648363
2026-07-26 13:54:25,178 - Evaluate - INFO - ASR Module... Epoch: 0, RSS: 3.36 GB
2026-07-26 13:54:25,178 - Evaluate - INFO - ASR... Epoch: 0, Walltime: 19.375416 CPU time: 107.289104
2026-07-26 13:54:43,888 - Evaluate - INFO - ASR Module... Epoch: 0, RSS: 3.36 GB
2026-07-26 13:54:43,889 - Evaluate - INFO - ASR... Epoch: 0, Walltime: 18.707411 CPU time: 103.630783
2026-07-26 13:55:04,129 - Evaluate - INFO - ASR Module... Epoch: 0, RSS: 3.36 GB
2026-07-26 13:55:04,130 - Evaluate - INFO - ASR... Epoch: 0, Walltime: 20.236816 CPU time: 112.085270
2026-07-26 13:55:24,776 - Evaluate - INFO - ASR Module... Epoch: 0, RSS: 3.36 GB
2026-07-26 13:55:24,777 - Evaluate - INFO - ASR... Epoch: 0, Walltime: 20.642182 CPU time: 112.528486
2026-07-26 13:55:44,020 - Evaluate - INFO - ASR Module... Epoch: 0, RSS: 3.36 GB
2026-07-26 13:55:44,021 - Evaluate - INFO - ASR... Epoch: 0, Walltime: 19.239604 CPU time: 104.626557
2026-07-26 13:56:04,427 - Evaluate - INFO - ASR Module... Epoch: 0, RSS: 3.36 GB
2026-07-26 13:56:04,428 - Evaluate - INFO - ASR... Epoch: 0, Walltime: 20.403228 CPU time: 108.918730
2026-07-26 13:56:23,152 - Evaluate - INFO - ASR Module... Epoch: 0, RSS: 3.36 GB
2026-07-26 13:56:23,153 - Evaluate - INFO - ASR... Epoch: 0, Walltime: 18.720894 CPU time: 103.932293
2026-07-26 13:56:42,514 - Evaluate - INFO - ASR Module... Epoch: 0, RSS: 3.36 GB
2026-07-26 13:56:42,515 - Evaluate - INFO - ASR... Epoch: 0, Walltime: 19.358815 CPU time: 105.317073
2026-07-26 13:57:01,829 - Evaluate - INFO - ASR Module... Epoch: 0, RSS: 3.36 GB
2026-07-26 13:57:01,830 - Evaluate - INFO - ASR... Epoch: 0, Walltime: 19.310731 CPU time: 106.501898
2026-07-26 13:57:21,618 - Evaluate - INFO - ASR Module... Epoch: 0, RSS: 3.36 GB
2026-07-26 13:57:21,619 - Evaluate - INFO - ASR... Epoch: 0, Walltime: 19.785557 CPU time: 108.116034
2026-07-26 13:57:41,686 - Evaluate - INFO - ASR Module... Epoch: 0, RSS: 3.36 GB
2026-07-26 13:57:41,687 - Evaluate - INFO - ASR... Epoch: 0, Walltime: 20.063368 CPU time: 107.743921
2026-07-26 13:58:02,860 - Evaluate - INFO - ASR Module... Epoch: 0, RSS: 3.36 GB
2026-07-26 13:58:02,861 - Evaluate - INFO - ASR... Epoch: 0, Walltime: 21.168382 CPU time: 117.658527
2026-07-26 13:58:22,612 - Evaluate - INFO - ASR Module... Epoch: 0, RSS: 3.36 GB
2026-07-26 13:58:22,613 - Evaluate - INFO - ASR... Epoch: 0, Walltime: 19.748142 CPU time: 106.037470
2026-07-26 13:58:42,637 - Evaluate - INFO - ASR Module... Epoch: 0, RSS: 3.36 GB
2026-07-26 13:58:42,638 - Evaluate - INFO - ASR... Epoch: 0, Walltime: 20.020673 CPU time: 111.250608
2026-07-26 13:59:01,845 - Evaluate - INFO - ASR Module... Epoch: 0, RSS: 3.36 GB
2026-07-26 13:59:01,846 - Evaluate - INFO - ASR... Epoch: 0, Walltime: 19.204408 CPU time: 106.612992
2026-07-26 13:59:21,806 - Evaluate - INFO - ASR Module... Epoch: 0, RSS: 3.36 GB
2026-07-26 13:59:21,807 - Evaluate - INFO - ASR... Epoch: 0, Walltime: 19.956850 CPU time: 110.687551
2026-07-26 13:59:40,755 - Evaluate - INFO - ASR Module... Epoch: 0, RSS: 3.36 GB
2026-07-26 13:59:40,756 - Evaluate - INFO - ASR... Epoch: 0, Walltime: 18.944492 CPU time: 105.623203
2026-07-26 14:00:00,386 - Evaluate - INFO - ASR Module... Epoch: 0, RSS: 3.36 GB
2026-07-26 14:00:00,387 - Evaluate - INFO - ASR... Epoch: 0, Walltime: 19.627667 CPU time: 107.857583
2026-07-26 14:00:19,177 - Evaluate - INFO - ASR Module... Epoch: 0, RSS: 3.36 GB
2026-07-26 14:00:19,178 - Evaluate - INFO - ASR... Epoch: 0, Walltime: 18.786694 CPU time: 104.165243
2026-07-26 14:00:38,460 - Evaluate - INFO - ASR Module... Epoch: 0, RSS: 3.36 GB
2026-07-26 14:00:38,461 - Evaluate - INFO - ASR... Epoch: 0, Walltime: 19.279987 CPU time: 106.814857
2026-07-26 14:00:57,403 - Evaluate - INFO - ASR Module... Epoch: 0, RSS: 3.36 GB
2026-07-26 14:00:57,404 - Evaluate - INFO - ASR... Epoch: 0, Walltime: 18.939160 CPU time: 105.721827
2026-07-26 14:01:16,840 - Evaluate - INFO - ASR Module... Epoch: 0, RSS: 3.36 GB
2026-07-26 14:01:16,840 - Evaluate - INFO - ASR... Epoch: 0, Walltime: 19.433204 CPU time: 105.947321
2026-07-26 14:01:36,974 - Evaluate - INFO - ASR Module... Epoch: 0, RSS: 3.36 GB
2026-07-26 14:01:36,975 - Evaluate - INFO - ASR... Epoch: 0, Walltime: 20.131254 CPU time: 108.531987
2026-07-26 14:01:56,487 - Evaluate - INFO - ASR Module... Epoch: 0, RSS: 3.36 GB
2026-07-26 14:01:56,488 - Evaluate - INFO - ASR... Epoch: 0, Walltime: 19.508242 CPU time: 107.238628
2026-07-26 14:02:14,865 - Evaluate - INFO - ASR Module... Epoch: 0, RSS: 3.36 GB
2026-07-26 14:02:14,866 - Evaluate - INFO - ASR... Epoch: 0, Walltime: 18.375210 CPU time: 102.836214
2026-07-26 14:02:33,785 - Evaluate - INFO - ASR Module... Epoch: 0, RSS: 3.36 GB
2026-07-26 14:02:33,786 - Evaluate - INFO - ASR... Epoch: 0, Walltime: 18.916446 CPU time: 103.949233
2026-07-26 14:02:53,360 - Evaluate - INFO - ASR Module... Epoch: 0, RSS: 3.36 GB
2026-07-26 14:02:53,361 - Evaluate - INFO - ASR... Epoch: 0, Walltime: 19.571292 CPU time: 106.209168
2026-07-26 14:03:12,477 - Evaluate - INFO - ASR Module... Epoch: 0, RSS: 3.36 GB
2026-07-26 14:03:12,478 - Evaluate - INFO - ASR... Epoch: 0, Walltime: 19.112621 CPU time: 105.145510
2026-07-26 14:03:31,186 - Evaluate - INFO - ASR Module... Epoch: 0, RSS: 3.36 GB
2026-07-26 14:03:31,187 - Evaluate - INFO - ASR... Epoch: 0, Walltime: 18.705270 CPU time: 102.754590
2026-07-26 14:03:51,625 - Evaluate - INFO - ASR Module... Epoch: 0, RSS: 3.36 GB
2026-07-26 14:03:51,626 - Evaluate - INFO - ASR... Epoch: 0, Walltime: 20.433402 CPU time: 113.022269
2026-07-26 14:04:11,136 - Evaluate - INFO - ASR Module... Epoch: 0, RSS: 3.36 GB
2026-07-26 14:04:11,137 - Evaluate - INFO - ASR... Epoch: 0, Walltime: 19.507536 CPU time: 107.538169
2026-07-26 14:04:30,640 - Evaluate - INFO - ASR Module... Epoch: 0, RSS: 3.36 GB
2026-07-26 14:04:30,641 - Evaluate - INFO - ASR... Epoch: 0, Walltime: 19.499842 CPU time: 108.289659
2026-07-26 14:04:49,703 - Evaluate - INFO - ASR Module... Epoch: 0, RSS: 3.36 GB
2026-07-26 14:04:49,704 - Evaluate - INFO - ASR... Epoch: 0, Walltime: 19.058943 CPU time: 104.170346
2026-07-26 14:05:10,092 - Evaluate - INFO - ASR Module... Epoch: 0, RSS: 3.36 GB
2026-07-26 14:05:10,093 - Evaluate - INFO - ASR... Epoch: 0, Walltime: 20.385438 CPU time: 110.736284
2026-07-26 14:05:31,233 - Evaluate - INFO - ASR Module... Epoch: 0, RSS: 3.36 GB
2026-07-26 14:05:31,234 - Evaluate - INFO - ASR... Epoch: 0, Walltime: 21.134043 CPU time: 116.456510
2026-07-26 14:05:52,075 - Evaluate - INFO - ASR Module... Epoch: 0, RSS: 3.36 GB
2026-07-26 14:05:52,076 - Evaluate - INFO - ASR... Epoch: 0, Walltime: 20.836476 CPU time: 115.394946
2026-07-26 14:06:10,769 - Evaluate - INFO - ASR Module... Epoch: 0, RSS: 3.36 GB
2026-07-26 14:06:10,770 - Evaluate - INFO - ASR... Epoch: 0, Walltime: 18.690285 CPU time: 104.462453
2026-07-26 14:06:29,704 - Evaluate - INFO - ASR Module... Epoch: 0, RSS: 3.36 GB
2026-07-26 14:06:29,704 - Evaluate - INFO - ASR... Epoch: 0, Walltime: 18.930623 CPU time: 105.759668
2026-07-26 14:06:51,064 - Evaluate - INFO - ASR Module... Epoch: 0, RSS: 3.36 GB
2026-07-26 14:06:51,065 - Evaluate - INFO - ASR... Epoch: 0, Walltime: 21.354742 CPU time: 115.540921
2026-07-26 14:07:11,426 - Evaluate - INFO - ASR Module... Epoch: 0, RSS: 3.36 GB
2026-07-26 14:07:11,427 - Evaluate - INFO - ASR... Epoch: 0, Walltime: 20.356815 CPU time: 111.243136
2026-07-26 14:07:31,349 - Evaluate - INFO - ASR Module... Epoch: 0, RSS: 3.36 GB
2026-07-26 14:07:31,350 - Evaluate - INFO - ASR... Epoch: 0, Walltime: 19.918382 CPU time: 108.134382
2026-07-26 14:07:51,368 - Evaluate - INFO - ASR Module... Epoch: 0, RSS: 3.36 GB
2026-07-26 14:07:51,369 - Evaluate - INFO - ASR... Epoch: 0, Walltime: 20.014844 CPU time: 111.110775
2026-07-26 14:08:11,272 - Evaluate - INFO - ASR Module... Epoch: 0, RSS: 3.36 GB
2026-07-26 14:08:11,272 - Evaluate - INFO - ASR... Epoch: 0, Walltime: 19.898650 CPU time: 109.278750
2026-07-26 14:08:34,833 - Evaluate - INFO - ASR Module... Epoch: 0, RSS: 3.36 GB
2026-07-26 14:08:34,834 - Evaluate - INFO - ASR... Epoch: 0, Walltime: 23.554968 CPU time: 124.666009
2026-07-26 14:08:53,603 - Evaluate - INFO - ASR Module... Epoch: 0, RSS: 3.36 GB
2026-07-26 14:08:53,604 - Evaluate - INFO - ASR... Epoch: 0, Walltime: 18.765224 CPU time: 105.194378
2026-07-26 14:09:16,041 - Evaluate - INFO - ASR Module... Epoch: 0, RSS: 3.36 GB
2026-07-26 14:09:16,042 - Evaluate - INFO - ASR... Epoch: 0, Walltime: 22.431661 CPU time: 121.060193
2026-07-26 14:09:36,493 - Evaluate - INFO - ASR Module... Epoch: 0, RSS: 3.36 GB
2026-07-26 14:09:36,494 - Evaluate - INFO - ASR... Epoch: 0, Walltime: 20.447511 CPU time: 112.993177
2026-07-26 14:09:59,921 - Evaluate - INFO - ASR Module... Epoch: 0, RSS: 3.36 GB
2026-07-26 14:09:59,922 - Evaluate - INFO - ASR... Epoch: 0, Walltime: 23.421458 CPU time: 125.349794
2026-07-26 14:10:22,700 - Evaluate - INFO - ASR Module... Epoch: 0, RSS: 3.36 GB
2026-07-26 14:10:22,701 - Evaluate - INFO - ASR... Epoch: 0, Walltime: 22.773668 CPU time: 118.176652
2026-07-26 14:10:41,940 - Evaluate - INFO - ASR Module... Epoch: 0, RSS: 3.36 GB
2026-07-26 14:10:41,941 - Evaluate - INFO - ASR... Epoch: 0, Walltime: 19.235283 CPU time: 107.234131
2026-07-26 14:11:02,076 - Evaluate - INFO - ASR Module... Epoch: 0, RSS: 3.36 GB
2026-07-26 14:11:02,077 - Evaluate - INFO - ASR... Epoch: 0, Walltime: 20.131540 CPU time: 110.727604
2026-07-26 14:11:22,194 - Evaluate - INFO - ASR Module... Epoch: 0, RSS: 3.36 GB
2026-07-26 14:11:22,195 - Evaluate - INFO - ASR... Epoch: 0, Walltime: 20.114912 CPU time: 110.119605
2026-07-26 14:11:41,254 - Evaluate - INFO - ASR Module... Epoch: 0, RSS: 3.36 GB
2026-07-26 14:11:41,255 - Evaluate - INFO - ASR... Epoch: 0, Walltime: 19.056230 CPU time: 104.951030
2026-07-26 14:12:03,541 - Evaluate - INFO - ASR Module... Epoch: 0, RSS: 3.36 GB
2026-07-26 14:12:03,541 - Evaluate - INFO - ASR... Epoch: 0, Walltime: 22.281037 CPU time: 120.076917
2026-07-26 14:12:24,379 - Evaluate - INFO - ASR Module... Epoch: 0, RSS: 3.36 GB
2026-07-26 14:12:24,380 - Evaluate - INFO - ASR... Epoch: 0, Walltime: 20.833726 CPU time: 112.456971
2026-07-26 14:12:44,458 - Evaluate - INFO - ASR Module... Epoch: 0, RSS: 3.36 GB
2026-07-26 14:12:44,459 - Evaluate - INFO - ASR... Epoch: 0, Walltime: 20.075415 CPU time: 110.417781
2026-07-26 14:13:04,622 - Evaluate - INFO - ASR Module... Epoch: 0, RSS: 3.36 GB
2026-07-26 14:13:04,622 - Evaluate - INFO - ASR... Epoch: 0, Walltime: 20.159192 CPU time: 110.372384
2026-07-26 14:13:24,149 - Evaluate - INFO - ASR Module... Epoch: 0, RSS: 3.36 GB
2026-07-26 14:13:24,150 - Evaluate - INFO - ASR... Epoch: 0, Walltime: 19.524142 CPU time: 105.448508
2026-07-26 14:13:43,318 - Evaluate - INFO - ASR Module... Epoch: 0, RSS: 3.36 GB
2026-07-26 14:13:43,319 - Evaluate - INFO - ASR... Epoch: 0, Walltime: 19.165302 CPU time: 104.681188
2026-07-26 14:14:05,511 - Evaluate - INFO - ASR Module... Epoch: 0, RSS: 3.36 GB
2026-07-26 14:14:05,512 - Evaluate - INFO - ASR... Epoch: 0, Walltime: 22.187306 CPU time: 116.371736
2026-07-26 14:14:29,165 - Evaluate - INFO - ASR Module... Epoch: 0, RSS: 3.36 GB
2026-07-26 14:14:29,166 - Evaluate - INFO - ASR... Epoch: 0, Walltime: 23.646313 CPU time: 127.981337
2026-07-26 14:14:51,263 - Evaluate - INFO - ASR Module... Epoch: 0, RSS: 3.36 GB
2026-07-26 14:14:51,264 - Evaluate - INFO - ASR... Epoch: 0, Walltime: 22.091829 CPU time: 119.484616
2026-07-26 14:15:10,297 - Evaluate - INFO - ASR Module... Epoch: 0, RSS: 3.36 GB
2026-07-26 14:15:10,298 - Evaluate - INFO - ASR... Epoch: 0, Walltime: 19.029866 CPU time: 103.042927
2026-07-26 14:15:31,218 - Evaluate - INFO - ASR Module... Epoch: 0, RSS: 3.36 GB
2026-07-26 14:15:31,218 - Evaluate - INFO - ASR... Epoch: 0, Walltime: 20.915819 CPU time: 114.098908
2026-07-26 14:15:52,262 - Evaluate - INFO - ASR Module... Epoch: 0, RSS: 3.36 GB
2026-07-26 14:15:52,263 - Evaluate - INFO - ASR... Epoch: 0, Walltime: 21.039523 CPU time: 113.631968
2026-07-26 14:16:13,064 - Evaluate - INFO - ASR Module... Epoch: 0, RSS: 3.36 GB
2026-07-26 14:16:13,065 - Evaluate - INFO - ASR... Epoch: 0, Walltime: 20.797558 CPU time: 110.476358
2026-07-26 14:16:34,322 - Evaluate - INFO - ASR Module... Epoch: 0, RSS: 3.36 GB
2026-07-26 14:16:34,323 - Evaluate - INFO - ASR... Epoch: 0, Walltime: 21.253888 CPU time: 115.557033
2026-07-26 14:16:53,882 - Evaluate - INFO - ASR Module... Epoch: 0, RSS: 3.36 GB
2026-07-26 14:16:53,882 - Evaluate - INFO - ASR... Epoch: 0, Walltime: 19.554690 CPU time: 108.245543
2026-07-26 14:17:13,009 - Evaluate - INFO - ASR Module... Epoch: 0, RSS: 3.36 GB
2026-07-26 14:17:13,010 - Evaluate - INFO - ASR... Epoch: 0, Walltime: 19.123586 CPU time: 106.488696
2026-07-26 14:17:33,029 - Evaluate - INFO - ASR Module... Epoch: 0, RSS: 3.36 GB
2026-07-26 14:17:33,030 - Evaluate - INFO - ASR... Epoch: 0, Walltime: 20.015790 CPU time: 110.545923
2026-07-26 14:17:52,113 - Evaluate - INFO - ASR Module... Epoch: 0, RSS: 3.36 GB
2026-07-26 14:17:52,114 - Evaluate - INFO - ASR... Epoch: 0, Walltime: 19.080132 CPU time: 105.398661
2026-07-26 14:18:12,261 - Evaluate - INFO - ASR Module... Epoch: 0, RSS: 3.36 GB
2026-07-26 14:18:12,263 - Evaluate - INFO - ASR... Epoch: 0, Walltime: 20.144337 CPU time: 108.261326
2026-07-26 14:18:31,831 - Evaluate - INFO - ASR Module... Epoch: 0, RSS: 3.36 GB
2026-07-26 14:18:31,831 - Evaluate - INFO - ASR... Epoch: 0, Walltime: 19.565100 CPU time: 105.727421
2026-07-26 14:18:51,094 - Evaluate - INFO - ASR Module... Epoch: 0, RSS: 3.36 GB
2026-07-26 14:18:51,095 - Evaluate - INFO - ASR... Epoch: 0, Walltime: 19.259311 CPU time: 107.252357
2026-07-26 14:19:11,707 - Evaluate - INFO - ASR Module... Epoch: 0, RSS: 3.36 GB
2026-07-26 14:19:11,708 - Evaluate - INFO - ASR... Epoch: 0, Walltime: 20.610066 CPU time: 111.061348
2026-07-26 14:19:32,390 - Evaluate - INFO - ASR Module... Epoch: 0, RSS: 3.36 GB
2026-07-26 14:19:32,391 - Evaluate - INFO - ASR... Epoch: 0, Walltime: 20.678310 CPU time: 113.453523
2026-07-26 14:19:53,237 - Evaluate - INFO - ASR Module... Epoch: 0, RSS: 3.36 GB
2026-07-26 14:19:53,237 - Evaluate - INFO - ASR... Epoch: 0, Walltime: 20.841016 CPU time: 114.738199
2026-07-26 14:20:13,974 - Evaluate - INFO - ASR Module... Epoch: 0, RSS: 3.36 GB
2026-07-26 14:20:13,975 - Evaluate - INFO - ASR... Epoch: 0, Walltime: 20.733648 CPU time: 113.919253
2026-07-26 14:20:34,896 - Evaluate - INFO - ASR Module... Epoch: 0, RSS: 3.36 GB
2026-07-26 14:20:34,897 - Evaluate - INFO - ASR... Epoch: 0, Walltime: 20.917274 CPU time: 116.433710
2026-07-26 14:20:54,306 - Evaluate - INFO - ASR Module... Epoch: 0, RSS: 3.36 GB
2026-07-26 14:20:54,307 - Evaluate - INFO - ASR... Epoch: 0, Walltime: 19.405178 CPU time: 107.892757
2026-07-26 14:21:15,910 - Evaluate - INFO - ASR Module... Epoch: 0, RSS: 3.36 GB
2026-07-26 14:21:15,911 - Evaluate - INFO - ASR... Epoch: 0, Walltime: 21.599386 CPU time: 117.824987
2026-07-26 14:21:35,968 - Evaluate - INFO - ASR Module... Epoch: 0, RSS: 3.36 GB
2026-07-26 14:21:35,969 - Evaluate - INFO - ASR... Epoch: 0, Walltime: 20.053314 CPU time: 111.428088
2026-07-26 14:21:55,724 - Evaluate - INFO - ASR Module... Epoch: 0, RSS: 3.36 GB
2026-07-26 14:21:55,724 - Evaluate - INFO - ASR... Epoch: 0, Walltime: 19.751559 CPU time: 109.791847
2026-07-26 14:22:16,149 - Evaluate - INFO - ASR Module... Epoch: 0, RSS: 3.36 GB
2026-07-26 14:22:16,150 - Evaluate - INFO - ASR... Epoch: 0, Walltime: 20.421323 CPU time: 111.708623
2026-07-26 14:22:37,383 - Evaluate - INFO - ASR Module... Epoch: 0, RSS: 3.36 GB
2026-07-26 14:22:37,384 - Evaluate - INFO - ASR... Epoch: 0, Walltime: 21.229238 CPU time: 116.438724
2026-07-26 14:22:59,969 - Evaluate - INFO - ASR Module... Epoch: 0, RSS: 3.36 GB
2026-07-26 14:22:59,970 - Evaluate - INFO - ASR... Epoch: 0, Walltime: 22.579982 CPU time: 123.941499
2026-07-26 14:23:20,053 - Evaluate - INFO - ASR Module... Epoch: 0, RSS: 3.36 GB
2026-07-26 14:23:20,054 - Evaluate - INFO - ASR... Epoch: 0, Walltime: 20.079254 CPU time: 108.829066
2026-07-26 14:23:39,900 - Evaluate - INFO - ASR Module... Epoch: 0, RSS: 3.36 GB
2026-07-26 14:23:39,901 - Evaluate - INFO - ASR... Epoch: 0, Walltime: 19.842411 CPU time: 107.107175
2026-07-26 14:24:00,453 - Evaluate - INFO - ASR Module... Epoch: 0, RSS: 3.36 GB
2026-07-26 14:24:00,454 - Evaluate - INFO - ASR... Epoch: 0, Walltime: 20.548781 CPU time: 111.318798
2026-07-26 14:24:20,433 - Evaluate - INFO - ASR Module... Epoch: 0, RSS: 3.36 GB
2026-07-26 14:24:20,434 - Evaluate - INFO - ASR... Epoch: 0, Walltime: 19.974853 CPU time: 107.111272
2026-07-26 14:24:43,328 - Evaluate - INFO - ASR Module... Epoch: 0, RSS: 3.36 GB
2026-07-26 14:24:43,329 - Evaluate - INFO - ASR... Epoch: 0, Walltime: 22.889536 CPU time: 123.698090
2026-07-26 14:25:02,559 - Evaluate - INFO - ASR Module... Epoch: 0, RSS: 3.36 GB
2026-07-26 14:25:02,560 - Evaluate - INFO - ASR... Epoch: 0, Walltime: 19.226666 CPU time: 106.761333
2026-07-26 14:25:23,506 - Evaluate - INFO - ASR Module... Epoch: 0, RSS: 3.36 GB
2026-07-26 14:25:23,507 - Evaluate - INFO - ASR... Epoch: 0, Walltime: 20.942287 CPU time: 115.882846
2026-07-26 14:25:43,480 - Evaluate - INFO - ASR Module... Epoch: 0, RSS: 3.36 GB
2026-07-26 14:25:43,481 - Evaluate - INFO - ASR... Epoch: 0, Walltime: 19.970014 CPU time: 110.310857
2026-07-26 14:26:04,959 - Evaluate - INFO - ASR Module... Epoch: 0, RSS: 3.36 GB
2026-07-26 14:26:04,960 - Evaluate - INFO - ASR... Epoch: 0, Walltime: 21.473818 CPU time: 113.898653
2026-07-26 14:26:25,710 - Evaluate - INFO - ASR Module... Epoch: 0, RSS: 3.36 GB
2026-07-26 14:26:25,710 - Evaluate - INFO - ASR... Epoch: 0, Walltime: 20.746009 CPU time: 113.436890
2026-07-26 14:26:44,961 - Evaluate - INFO - ASR Module... Epoch: 0, RSS: 3.36 GB
2026-07-26 14:26:44,962 - Evaluate - INFO - ASR... Epoch: 0, Walltime: 19.248209 CPU time: 105.253849
2026-07-26 14:27:06,686 - Evaluate - INFO - ASR Module... Epoch: 0, RSS: 3.36 GB
2026-07-26 14:27:06,687 - Evaluate - INFO - ASR... Epoch: 0, Walltime: 21.719617 CPU time: 119.894914
2026-07-26 14:27:26,618 - Evaluate - INFO - ASR Module... Epoch: 0, RSS: 3.36 GB
2026-07-26 14:27:26,619 - Evaluate - INFO - ASR... Epoch: 0, Walltime: 19.927374 CPU time: 110.253349
2026-07-26 14:27:45,924 - Evaluate - INFO - ASR Module... Epoch: 0, RSS: 3.36 GB
2026-07-26 14:27:45,925 - Evaluate - INFO - ASR... Epoch: 0, Walltime: 19.301876 CPU time: 107.206784
2026-07-26 14:28:06,198 - Evaluate - INFO - ASR Module... Epoch: 0, RSS: 3.36 GB
2026-07-26 14:28:06,199 - Evaluate - INFO - ASR... Epoch: 0, Walltime: 20.269979 CPU time: 112.583144
2026-07-26 14:28:26,450 - Evaluate - INFO - ASR Module... Epoch: 0, RSS: 3.36 GB
2026-07-26 14:28:26,451 - Evaluate - INFO - ASR... Epoch: 0, Walltime: 20.247146 CPU time: 111.304879
2026-07-26 14:28:45,905 - Evaluate - INFO - ASR Module... Epoch: 0, RSS: 3.36 GB
2026-07-26 14:28:45,906 - Evaluate - INFO - ASR... Epoch: 0, Walltime: 19.451567 CPU time: 107.209868
2026-07-26 14:29:06,271 - Evaluate - INFO - ASR Module... Epoch: 0, RSS: 3.36 GB
2026-07-26 14:29:06,272 - Evaluate - INFO - ASR... Epoch: 0, Walltime: 20.361390 CPU time: 113.057015
2026-07-26 14:29:25,368 - Evaluate - INFO - ASR Module... Epoch: 0, RSS: 3.36 GB
2026-07-26 14:29:25,369 - Evaluate - INFO - ASR... Epoch: 0, Walltime: 19.093137 CPU time: 106.278891
2026-07-26 14:29:45,304 - Evaluate - INFO - ASR Module... Epoch: 0, RSS: 3.36 GB
2026-07-26 14:29:45,305 - Evaluate - INFO - ASR... Epoch: 0, Walltime: 19.932866 CPU time: 108.798098
2026-07-26 14:30:04,184 - Evaluate - INFO - ASR Module... Epoch: 0, RSS: 3.36 GB
2026-07-26 14:30:04,185 - Evaluate - INFO - ASR... Epoch: 0, Walltime: 18.875910 CPU time: 104.505073
2026-07-26 14:30:24,329 - Evaluate - INFO - ASR Module... Epoch: 0, RSS: 3.36 GB
2026-07-26 14:30:24,330 - Evaluate - INFO - ASR... Epoch: 0, Walltime: 20.138338 CPU time: 112.012563
2026-07-26 14:30:43,628 - Evaluate - INFO - ASR Module... Epoch: 0, RSS: 3.36 GB
2026-07-26 14:30:43,629 - Evaluate - INFO - ASR... Epoch: 0, Walltime: 19.295702 CPU time: 107.676233
2026-07-26 14:31:02,616 - Evaluate - INFO - ASR Module... Epoch: 0, RSS: 3.36 GB
2026-07-26 14:31:02,617 - Evaluate - INFO - ASR... Epoch: 0, Walltime: 18.983781 CPU time: 106.009671
2026-07-26 14:31:21,569 - Evaluate - INFO - ASR Module... Epoch: 0, RSS: 3.36 GB
2026-07-26 14:31:21,569 - Evaluate - INFO - ASR... Epoch: 0, Walltime: 18.949829 CPU time: 105.313863
2026-07-26 14:31:41,423 - Evaluate - INFO - ASR Module... Epoch: 0, RSS: 3.36 GB
2026-07-26 14:31:41,424 - Evaluate - INFO - ASR... Epoch: 0, Walltime: 19.850887 CPU time: 110.638565
2026-07-26 14:32:01,038 - Evaluate - INFO - ASR Module... Epoch: 0, RSS: 3.36 GB
2026-07-26 14:32:01,038 - Evaluate - INFO - ASR... Epoch: 0, Walltime: 19.610645 CPU time: 108.733470
2026-07-26 14:32:20,385 - Evaluate - INFO - ASR Module... Epoch: 0, RSS: 3.36 GB
2026-07-26 14:32:20,386 - Evaluate - INFO - ASR... Epoch: 0, Walltime: 19.342605 CPU time: 107.783805
2026-07-26 14:32:39,692 - Evaluate - INFO - ASR Module... Epoch: 0, RSS: 3.36 GB
2026-07-26 14:32:39,694 - Evaluate - INFO - ASR... Epoch: 0, Walltime: 19.303858 CPU time: 107.942135
2026-07-26 14:33:00,572 - Evaluate - INFO - ASR Module... Epoch: 0, RSS: 3.36 GB
2026-07-26 14:33:00,573 - Evaluate - INFO - ASR... Epoch: 0, Walltime: 20.874417 CPU time: 113.438882
2026-07-26 14:33:22,005 - Evaluate - INFO - ASR Module... Epoch: 0, RSS: 3.36 GB
2026-07-26 14:33:22,006 - Evaluate - INFO - ASR... Epoch: 0, Walltime: 21.427551 CPU time: 116.963074
2026-07-26 14:33:41,646 - Evaluate - INFO - ASR Module... Epoch: 0, RSS: 3.36 GB
2026-07-26 14:33:41,647 - Evaluate - INFO - ASR... Epoch: 0, Walltime: 19.636291 CPU time: 107.705782
2026-07-26 14:34:04,120 - Evaluate - INFO - ASR Module... Epoch: 0, RSS: 3.36 GB
2026-07-26 14:34:04,121 - Evaluate - INFO - ASR... Epoch: 0, Walltime: 22.469683 CPU time: 118.462434
2026-07-26 14:34:25,390 - Evaluate - INFO - ASR Module... Epoch: 0, RSS: 3.36 GB
2026-07-26 14:34:25,390 - Evaluate - INFO - ASR... Epoch: 0, Walltime: 21.264760 CPU time: 115.214811
2026-07-26 14:34:45,501 - Evaluate - INFO - ASR Module... Epoch: 0, RSS: 3.36 GB
2026-07-26 14:34:45,502 - Evaluate - INFO - ASR... Epoch: 0, Walltime: 20.107848 CPU time: 111.378920
2026-07-26 14:35:06,633 - Evaluate - INFO - ASR Module... Epoch: 0, RSS: 3.36 GB
2026-07-26 14:35:06,633 - Evaluate - INFO - ASR... Epoch: 0, Walltime: 21.126137 CPU time: 116.623807
2026-07-26 14:35:27,573 - Evaluate - INFO - ASR Module... Epoch: 0, RSS: 3.36 GB
2026-07-26 14:35:27,573 - Evaluate - INFO - ASR... Epoch: 0, Walltime: 20.934745 CPU time: 115.225602
2026-07-26 14:35:48,916 - Evaluate - INFO - ASR Module... Epoch: 0, RSS: 3.36 GB
2026-07-26 14:35:48,917 - Evaluate - INFO - ASR... Epoch: 0, Walltime: 21.339512 CPU time: 117.617327
2026-07-26 14:36:09,962 - Evaluate - INFO - ASR Module... Epoch: 0, RSS: 3.36 GB
2026-07-26 14:36:09,963 - Evaluate - INFO - ASR... Epoch: 0, Walltime: 21.040427 CPU time: 115.804530
2026-07-26 14:36:30,211 - Evaluate - INFO - ASR Module... Epoch: 0, RSS: 3.36 GB
2026-07-26 14:36:30,212 - Evaluate - INFO - ASR... Epoch: 0, Walltime: 20.245335 CPU time: 109.670953
2026-07-26 14:36:50,830 - Evaluate - INFO - ASR Module... Epoch: 0, RSS: 3.36 GB
2026-07-26 14:36:50,831 - Evaluate - INFO - ASR... Epoch: 0, Walltime: 20.615191 CPU time: 113.801894
2026-07-26 14:37:10,817 - Evaluate - INFO - ASR Module... Epoch: 0, RSS: 3.36 GB
2026-07-26 14:37:10,818 - Evaluate - INFO - ASR... Epoch: 0, Walltime: 19.982373 CPU time: 110.319343
2026-07-26 14:37:31,221 - Evaluate - INFO - ASR Module... Epoch: 0, RSS: 3.36 GB
2026-07-26 14:37:31,222 - Evaluate - INFO - ASR... Epoch: 0, Walltime: 20.399322 CPU time: 113.737344
2026-07-26 14:37:51,173 - Evaluate - INFO - ASR Module... Epoch: 0, RSS: 3.36 GB
2026-07-26 14:37:51,173 - Evaluate - INFO - ASR... Epoch: 0, Walltime: 19.946457 CPU time: 110.119339
2026-07-26 14:38:13,267 - Evaluate - INFO - ASR Module... Epoch: 0, RSS: 3.36 GB
2026-07-26 14:38:13,268 - Evaluate - INFO - ASR... Epoch: 0, Walltime: 22.089082 CPU time: 121.858561
2026-07-26 14:38:34,228 - Evaluate - INFO - ASR Module... Epoch: 0, RSS: 3.36 GB
2026-07-26 14:38:34,229 - Evaluate - INFO - ASR... Epoch: 0, Walltime: 20.955161 CPU time: 115.461638
2026-07-26 14:38:55,169 - Evaluate - INFO - ASR Module... Epoch: 0, RSS: 3.36 GB
2026-07-26 14:38:55,170 - Evaluate - INFO - ASR... Epoch: 0, Walltime: 20.936144 CPU time: 116.125387
2026-07-26 14:39:16,847 - Evaluate - INFO - ASR Module... Epoch: 0, RSS: 3.36 GB
2026-07-26 14:39:16,847 - Evaluate - INFO - ASR... Epoch: 0, Walltime: 21.671719 CPU time: 116.347015
2026-07-26 14:39:37,459 - Evaluate - INFO - ASR Module... Epoch: 0, RSS: 3.36 GB
2026-07-26 14:39:37,460 - Evaluate - INFO - ASR... Epoch: 0, Walltime: 20.606846 CPU time: 113.015704
2026-07-26 14:39:57,484 - Evaluate - INFO - ASR Module... Epoch: 0, RSS: 3.36 GB
2026-07-26 14:39:57,485 - Evaluate - INFO - ASR... Epoch: 0, Walltime: 20.021264 CPU time: 111.303902
2026-07-26 14:40:18,372 - Evaluate - INFO - ASR Module... Epoch: 0, RSS: 3.36 GB
2026-07-26 14:40:18,373 - Evaluate - INFO - ASR... Epoch: 0, Walltime: 20.883391 CPU time: 115.995851
2026-07-26 14:40:38,532 - Evaluate - INFO - ASR Module... Epoch: 0, RSS: 3.36 GB
2026-07-26 14:40:38,533 - Evaluate - INFO - ASR... Epoch: 0, Walltime: 20.154897 CPU time: 112.189106
2026-07-26 14:41:00,070 - Evaluate - INFO - ASR Module... Epoch: 0, RSS: 3.36 GB
2026-07-26 14:41:00,071 - Evaluate - INFO - ASR... Epoch: 0, Walltime: 21.533127 CPU time: 118.747517
2026-07-26 14:41:23,427 - Evaluate - INFO - ASR Module... Epoch: 0, RSS: 3.36 GB
2026-07-26 14:41:23,428 - Evaluate - INFO - ASR... Epoch: 0, Walltime: 23.350731 CPU time: 127.917529
2026-07-26 14:41:44,019 - Evaluate - INFO - ASR Module... Epoch: 0, RSS: 3.36 GB
2026-07-26 14:41:44,020 - Evaluate - INFO - ASR... Epoch: 0, Walltime: 20.587714 CPU time: 113.560367
2026-07-26 14:42:07,984 - Evaluate - INFO - ASR Module... Epoch: 0, RSS: 3.36 GB
2026-07-26 14:42:07,985 - Evaluate - INFO - ASR... Epoch: 0, Walltime: 23.960138 CPU time: 128.720388
2026-07-26 14:42:29,113 - Evaluate - INFO - ASR Module... Epoch: 0, RSS: 3.36 GB
2026-07-26 14:42:29,113 - Evaluate - INFO - ASR... Epoch: 0, Walltime: 21.122860 CPU time: 113.941993
2026-07-26 14:42:50,002 - Evaluate - INFO - ASR Module... Epoch: 0, RSS: 3.36 GB
2026-07-26 14:42:50,004 - Evaluate - INFO - ASR... Epoch: 0, Walltime: 20.885933 CPU time: 114.986823
2026-07-26 14:43:10,090 - Evaluate - INFO - ASR Module... Epoch: 0, RSS: 3.36 GB
2026-07-26 14:43:10,091 - Evaluate - INFO - ASR... Epoch: 0, Walltime: 20.082704 CPU time: 111.684336
2026-07-26 14:43:32,253 - Evaluate - INFO - ASR Module... Epoch: 0, RSS: 3.36 GB
2026-07-26 14:43:32,253 - Evaluate - INFO - ASR... Epoch: 0, Walltime: 22.156131 CPU time: 117.791285
2026-07-26 14:43:53,435 - Evaluate - INFO - ASR Module... Epoch: 0, RSS: 3.36 GB
2026-07-26 14:43:53,436 - Evaluate - INFO - ASR... Epoch: 0, Walltime: 21.178028 CPU time: 115.807006
2026-07-26 14:44:13,710 - Evaluate - INFO - ASR Module... Epoch: 0, RSS: 3.36 GB
2026-07-26 14:44:13,711 - Evaluate - INFO - ASR... Epoch: 0, Walltime: 20.269334 CPU time: 110.663714
2026-07-26 14:44:34,078 - Evaluate - INFO - ASR Module... Epoch: 0, RSS: 3.36 GB
2026-07-26 14:44:34,079 - Evaluate - INFO - ASR... Epoch: 0, Walltime: 20.363550 CPU time: 112.618215
2026-07-26 14:44:53,655 - Evaluate - INFO - ASR Module... Epoch: 0, RSS: 3.36 GB
2026-07-26 14:44:53,656 - Evaluate - INFO - ASR... Epoch: 0, Walltime: 19.572960 CPU time: 106.749747
2026-07-26 14:45:12,857 - Evaluate - INFO - ASR Module... Epoch: 0, RSS: 3.36 GB
2026-07-26 14:45:12,858 - Evaluate - INFO - ASR... Epoch: 0, Walltime: 19.199289 CPU time: 105.307153
2026-07-26 14:45:32,571 - Evaluate - INFO - ASR Module... Epoch: 0, RSS: 3.36 GB
2026-07-26 14:45:32,572 - Evaluate - INFO - ASR... Epoch: 0, Walltime: 19.709864 CPU time: 108.451081
2026-07-26 14:45:52,085 - Evaluate - INFO - ASR Module... Epoch: 0, RSS: 3.36 GB
2026-07-26 14:45:52,086 - Evaluate - INFO - ASR... Epoch: 0, Walltime: 19.510278 CPU time: 105.134567
2026-07-26 14:46:13,684 - Evaluate - INFO - ASR Module... Epoch: 0, RSS: 3.36 GB
2026-07-26 14:46:13,684 - Evaluate - INFO - ASR... Epoch: 0, Walltime: 21.594393 CPU time: 115.323978
2026-07-26 14:46:33,502 - Evaluate - INFO - ASR Module... Epoch: 0, RSS: 3.36 GB
2026-07-26 14:46:33,503 - Evaluate - INFO - ASR... Epoch: 0, Walltime: 19.814502 CPU time: 109.075243
2026-07-26 14:46:53,458 - Evaluate - INFO - ASR Module... Epoch: 0, RSS: 3.36 GB
2026-07-26 14:46:53,459 - Evaluate - INFO - ASR... Epoch: 0, Walltime: 19.952286 CPU time: 111.035459
2026-07-26 14:47:14,825 - Evaluate - INFO - ASR Module... Epoch: 0, RSS: 3.36 GB
2026-07-26 14:47:14,825 - Evaluate - INFO - ASR... Epoch: 0, Walltime: 21.361331 CPU time: 115.985429
2026-07-26 14:47:34,663 - Evaluate - INFO - ASR Module... Epoch: 0, RSS: 3.36 GB
2026-07-26 14:47:34,664 - Evaluate - INFO - ASR... Epoch: 0, Walltime: 19.834507 CPU time: 108.339602
2026-07-26 14:47:55,676 - Evaluate - INFO - ASR Module... Epoch: 0, RSS: 3.36 GB
2026-07-26 14:47:55,677 - Evaluate - INFO - ASR... Epoch: 0, Walltime: 21.008581 CPU time: 114.829524
2026-07-26 14:48:16,095 - Evaluate - INFO - ASR Module... Epoch: 0, RSS: 3.36 GB
2026-07-26 14:48:16,096 - Evaluate - INFO - ASR... Epoch: 0, Walltime: 20.415031 CPU time: 110.945048
2026-07-26 14:48:35,396 - Evaluate - INFO - ASR Module... Epoch: 0, RSS: 3.36 GB
2026-07-26 14:48:35,397 - Evaluate - INFO - ASR... Epoch: 0, Walltime: 19.297497 CPU time: 104.910274
2026-07-26 14:48:55,984 - Evaluate - INFO - ASR Module... Epoch: 0, RSS: 3.36 GB
2026-07-26 14:48:55,985 - Evaluate - INFO - ASR... Epoch: 0, Walltime: 20.584928 CPU time: 111.183767
2026-07-26 14:49:16,541 - Evaluate - INFO - ASR Module... Epoch: 0, RSS: 3.36 GB
2026-07-26 14:49:16,542 - Evaluate - INFO - ASR... Epoch: 0, Walltime: 20.551903 CPU time: 113.534767
2026-07-26 14:49:35,755 - Evaluate - INFO - ASR Module... Epoch: 0, RSS: 3.36 GB
2026-07-26 14:49:35,756 - Evaluate - INFO - ASR... Epoch: 0, Walltime: 19.209467 CPU time: 107.356257
2026-07-26 14:49:55,508 - Evaluate - INFO - ASR Module... Epoch: 0, RSS: 3.36 GB
2026-07-26 14:49:55,509 - Evaluate - INFO - ASR... Epoch: 0, Walltime: 19.748979 CPU time: 109.149049
2026-07-26 14:50:16,062 - Evaluate - INFO - ASR Module... Epoch: 0, RSS: 3.36 GB
2026-07-26 14:50:16,063 - Evaluate - INFO - ASR... Epoch: 0, Walltime: 20.548876 CPU time: 114.413304
2026-07-26 14:50:35,828 - Evaluate - INFO - ASR Module... Epoch: 0, RSS: 3.36 GB
2026-07-26 14:50:35,829 - Evaluate - INFO - ASR... Epoch: 0, Walltime: 19.761543 CPU time: 108.418106
2026-07-26 14:50:55,864 - Evaluate - INFO - ASR Module... Epoch: 0, RSS: 3.36 GB
2026-07-26 14:50:55,866 - Evaluate - INFO - ASR... Epoch: 0, Walltime: 20.033037 CPU time: 107.357245
2026-07-26 14:51:16,097 - Evaluate - INFO - ASR Module... Epoch: 0, RSS: 3.36 GB
2026-07-26 14:51:16,098 - Evaluate - INFO - ASR... Epoch: 0, Walltime: 20.228620 CPU time: 109.675427
2026-07-26 14:51:36,811 - Evaluate - INFO - ASR Module... Epoch: 0, RSS: 3.36 GB
2026-07-26 14:51:36,812 - Evaluate - INFO - ASR... Epoch: 0, Walltime: 20.709825 CPU time: 113.851633
2026-07-26 14:51:57,214 - Evaluate - INFO - ASR Module... Epoch: 0, RSS: 3.36 GB
2026-07-26 14:51:57,215 - Evaluate - INFO - ASR... Epoch: 0, Walltime: 20.398098 CPU time: 111.785629
2026-07-26 14:52:16,795 - Evaluate - INFO - ASR Module... Epoch: 0, RSS: 3.36 GB
2026-07-26 14:52:16,796 - Evaluate - INFO - ASR... Epoch: 0, Walltime: 19.578169 CPU time: 108.719658
2026-07-26 14:52:37,470 - Evaluate - INFO - ASR Module... Epoch: 0, RSS: 3.36 GB
2026-07-26 14:52:37,471 - Evaluate - INFO - ASR... Epoch: 0, Walltime: 20.670510 CPU time: 114.349343
2026-07-26 14:52:58,683 - Evaluate - INFO - ASR Module... Epoch: 0, RSS: 3.36 GB
2026-07-26 14:52:58,685 - Evaluate - INFO - ASR... Epoch: 0, Walltime: 21.209018 CPU time: 114.469143
2026-07-26 14:53:19,671 - Evaluate - INFO - ASR Module... Epoch: 0, RSS: 3.36 GB
2026-07-26 14:53:19,672 - Evaluate - INFO - ASR... Epoch: 0, Walltime: 20.983678 CPU time: 108.584130
2026-07-26 14:53:39,826 - Evaluate - INFO - ASR Module... Epoch: 0, RSS: 3.36 GB
2026-07-26 14:53:39,827 - Evaluate - INFO - ASR... Epoch: 0, Walltime: 20.150468 CPU time: 109.254943
2026-07-26 14:53:59,972 - Evaluate - INFO - ASR Module... Epoch: 0, RSS: 3.36 GB
2026-07-26 14:53:59,973 - Evaluate - INFO - ASR... Epoch: 0, Walltime: 20.141436 CPU time: 112.275111
2026-07-26 14:54:20,698 - Evaluate - INFO - ASR Module... Epoch: 0, RSS: 3.36 GB
2026-07-26 14:54:20,698 - Evaluate - INFO - ASR... Epoch: 0, Walltime: 20.721220 CPU time: 114.582359
2026-07-26 14:54:40,456 - Evaluate - INFO - ASR Module... Epoch: 0, RSS: 3.36 GB
2026-07-26 14:54:40,457 - Evaluate - INFO - ASR... Epoch: 0, Walltime: 19.753844 CPU time: 108.627202
2026-07-26 14:55:00,014 - Evaluate - INFO - ASR Module... Epoch: 0, RSS: 3.36 GB
2026-07-26 14:55:00,015 - Evaluate - INFO - ASR... Epoch: 0, Walltime: 19.554702 CPU time: 107.319316
2026-07-26 14:55:21,500 - Evaluate - INFO - ASR Module... Epoch: 0, RSS: 3.36 GB
2026-07-26 14:55:21,501 - Evaluate - INFO - ASR... Epoch: 0, Walltime: 21.481176 CPU time: 118.869642
2026-07-26 14:55:42,248 - Evaluate - INFO - ASR Module... Epoch: 0, RSS: 3.36 GB
2026-07-26 14:55:42,249 - Evaluate - INFO - ASR... Epoch: 0, Walltime: 20.743238 CPU time: 114.373952
2026-07-26 14:56:02,303 - Evaluate - INFO - ASR Module... Epoch: 0, RSS: 3.36 GB
2026-07-26 14:56:02,304 - Evaluate - INFO - ASR... Epoch: 0, Walltime: 20.049604 CPU time: 110.968505
2026-07-26 14:56:21,674 - Evaluate - INFO - ASR Module... Epoch: 0, RSS: 3.36 GB
2026-07-26 14:56:21,674 - Evaluate - INFO - ASR... Epoch: 0, Walltime: 19.367303 CPU time: 106.875991
2026-07-26 14:56:41,349 - Evaluate - INFO - ASR Module... Epoch: 0, RSS: 3.36 GB
2026-07-26 14:56:41,349 - Evaluate - INFO - ASR... Epoch: 0, Walltime: 19.671414 CPU time: 107.824527
2026-07-26 14:57:00,603 - Evaluate - INFO - ASR Module... Epoch: 0, RSS: 3.36 GB
2026-07-26 14:57:00,604 - Evaluate - INFO - ASR... Epoch: 0, Walltime: 19.250344 CPU time: 106.796739
2026-07-26 14:57:19,984 - Evaluate - INFO - ASR Module... Epoch: 0, RSS: 3.36 GB
2026-07-26 14:57:19,985 - Evaluate - INFO - ASR... Epoch: 0, Walltime: 19.377480 CPU time: 108.093212
2026-07-26 14:57:39,465 - Evaluate - INFO - ASR Module... Epoch: 0, RSS: 3.36 GB
2026-07-26 14:57:39,466 - Evaluate - INFO - ASR... Epoch: 0, Walltime: 19.476242 CPU time: 106.610630
2026-07-26 14:57:59,932 - Evaluate - INFO - ASR Module... Epoch: 0, RSS: 3.36 GB
2026-07-26 14:57:59,933 - Evaluate - INFO - ASR... Epoch: 0, Walltime: 20.462822 CPU time: 112.168752
2026-07-26 14:58:22,297 - Evaluate - INFO - ASR Module... Epoch: 0, RSS: 3.36 GB
2026-07-26 14:58:22,298 - Evaluate - INFO - ASR... Epoch: 0, Walltime: 22.359914 CPU time: 122.244741
2026-07-26 14:58:43,650 - Evaluate - INFO - ASR Module... Epoch: 0, RSS: 3.36 GB
2026-07-26 14:58:43,652 - Evaluate - INFO - ASR... Epoch: 0, Walltime: 21.347957 CPU time: 117.332837
2026-07-26 14:59:04,922 - Evaluate - INFO - ASR Module... Epoch: 0, RSS: 3.36 GB
2026-07-26 14:59:04,922 - Evaluate - INFO - ASR... Epoch: 0, Walltime: 21.266109 CPU time: 115.518164
2026-07-26 14:59:23,950 - Evaluate - INFO - ASR Module... Epoch: 0, RSS: 3.36 GB
2026-07-26 14:59:23,951 - Evaluate - INFO - ASR... Epoch: 0, Walltime: 19.024884 CPU time: 104.991112
2026-07-26 14:59:47,506 - Evaluate - INFO - ASR Module... Epoch: 0, RSS: 3.36 GB
2026-07-26 14:59:47,507 - Evaluate - INFO - ASR... Epoch: 0, Walltime: 23.550806 CPU time: 128.795015
2026-07-26 15:00:08,635 - Evaluate - INFO - ASR Module... Epoch: 0, RSS: 3.36 GB
2026-07-26 15:00:08,636 - Evaluate - INFO - ASR... Epoch: 0, Walltime: 21.124569 CPU time: 113.739185
2026-07-26 15:00:28,200 - Evaluate - INFO - ASR Module... Epoch: 0, RSS: 3.36 GB
2026-07-26 15:00:28,201 - Evaluate - INFO - ASR... Epoch: 0, Walltime: 19.560937 CPU time: 108.300363
2026-07-26 15:00:50,858 - Evaluate - INFO - ASR Module... Epoch: 0, RSS: 3.36 GB
2026-07-26 15:00:50,859 - Evaluate - INFO - ASR... Epoch: 0, Walltime: 22.653543 CPU time: 123.924125
2026-07-26 15:01:13,507 - Evaluate - INFO - ASR Module... Epoch: 0, RSS: 3.36 GB
2026-07-26 15:01:13,508 - Evaluate - INFO - ASR... Epoch: 0, Walltime: 22.642217 CPU time: 124.696525
2026-07-26 15:01:34,620 - Evaluate - INFO - ASR Module... Epoch: 0, RSS: 3.36 GB
2026-07-26 15:01:34,621 - Evaluate - INFO - ASR... Epoch: 0, Walltime: 21.108033 CPU time: 114.899164
2026-07-26 15:01:54,542 - Evaluate - INFO - ASR Module... Epoch: 0, RSS: 3.36 GB
2026-07-26 15:01:54,543 - Evaluate - INFO - ASR... Epoch: 0, Walltime: 19.918597 CPU time: 108.470586
2026-07-26 15:02:18,677 - Evaluate - INFO - ASR Module... Epoch: 0, RSS: 3.36 GB
2026-07-26 15:02:18,678 - Evaluate - INFO - ASR... Epoch: 0, Walltime: 24.128569 CPU time: 124.098755
2026-07-26 15:02:40,857 - Evaluate - INFO - ASR Module... Epoch: 0, RSS: 3.36 GB
2026-07-26 15:02:40,858 - Evaluate - INFO - ASR... Epoch: 0, Walltime: 22.174597 CPU time: 121.089214
2026-07-26 15:03:01,504 - Evaluate - INFO - ASR Module... Epoch: 0, RSS: 3.36 GB
2026-07-26 15:03:01,505 - Evaluate - INFO - ASR... Epoch: 0, Walltime: 20.641676 CPU time: 111.419181
2026-07-26 15:03:21,164 - Evaluate - INFO - ASR Module... Epoch: 0, RSS: 3.36 GB
2026-07-26 15:03:21,165 - Evaluate - INFO - ASR... Epoch: 0, Walltime: 19.656561 CPU time: 108.129742
2026-07-26 15:03:41,204 - Evaluate - INFO - ASR Module... Epoch: 0, RSS: 3.36 GB
2026-07-26 15:03:41,205 - Evaluate - INFO - ASR... Epoch: 0, Walltime: 20.036156 CPU time: 111.671458
2026-07-26 15:04:02,029 - Evaluate - INFO - ASR Module... Epoch: 0, RSS: 3.36 GB
2026-07-26 15:04:02,030 - Evaluate - INFO - ASR... Epoch: 0, Walltime: 20.820546 CPU time: 115.724615
2026-07-26 15:04:23,135 - Evaluate - INFO - ASR Module... Epoch: 0, RSS: 3.36 GB
2026-07-26 15:04:23,136 - Evaluate - INFO - ASR... Epoch: 0, Walltime: 21.101496 CPU time: 115.429780
2026-07-26 15:04:44,471 - Evaluate - INFO - ASR Module... Epoch: 0, RSS: 3.36 GB
2026-07-26 15:04:44,472 - Evaluate - INFO - ASR... Epoch: 0, Walltime: 21.331750 CPU time: 116.866315
2026-07-26 15:05:07,575 - Evaluate - INFO - ASR Module... Epoch: 0, RSS: 3.36 GB
2026-07-26 15:05:07,576 - Evaluate - INFO - ASR... Epoch: 0, Walltime: 23.097911 CPU time: 122.817818
2026-07-26 15:05:28,134 - Evaluate - INFO - ASR Module... Epoch: 0, RSS: 3.36 GB
2026-07-26 15:05:28,136 - Evaluate - INFO - ASR... Epoch: 0, Walltime: 20.554531 CPU time: 113.481487
2026-07-26 15:05:53,119 - Evaluate - INFO - ASR Module... Epoch: 0, RSS: 3.36 GB
2026-07-26 15:05:53,120 - Evaluate - INFO - ASR... Epoch: 0, Walltime: 24.979235 CPU time: 133.627788
2026-07-26 15:06:13,427 - Evaluate - INFO - ASR Module... Epoch: 0, RSS: 3.36 GB
2026-07-26 15:06:13,427 - Evaluate - INFO - ASR... Epoch: 0, Walltime: 20.301971 CPU time: 110.292704
2026-07-26 15:06:33,792 - Evaluate - INFO - ASR Module... Epoch: 0, RSS: 3.36 GB
2026-07-26 15:06:33,793 - Evaluate - INFO - ASR... Epoch: 0, Walltime: 20.361469 CPU time: 108.986745
2026-07-26 15:06:55,036 - Evaluate - INFO - ASR Module... Epoch: 0, RSS: 3.36 GB
2026-07-26 15:06:55,037 - Evaluate - INFO - ASR... Epoch: 0, Walltime: 21.240038 CPU time: 116.269051
2026-07-26 15:07:17,395 - Evaluate - INFO - ASR Module... Epoch: 0, RSS: 3.36 GB
2026-07-26 15:07:17,396 - Evaluate - INFO - ASR... Epoch: 0, Walltime: 22.354722 CPU time: 120.510110
2026-07-26 15:07:39,659 - Evaluate - INFO - ASR Module... Epoch: 0, RSS: 3.36 GB
2026-07-26 15:07:39,660 - Evaluate - INFO - ASR... Epoch: 0, Walltime: 22.258080 CPU time: 121.060928
2026-07-26 15:08:04,311 - Evaluate - INFO - ASR Module... Epoch: 0, RSS: 3.36 GB
2026-07-26 15:08:04,312 - Evaluate - INFO - ASR... Epoch: 0, Walltime: 24.647877 CPU time: 134.178326
2026-07-26 15:08:25,735 - Evaluate - INFO - ASR Module... Epoch: 0, RSS: 3.36 GB
2026-07-26 15:08:25,736 - Evaluate - INFO - ASR... Epoch: 0, Walltime: 21.418955 CPU time: 115.902398
2026-07-26 15:08:48,781 - Evaluate - INFO - ASR Module... Epoch: 0, RSS: 3.36 GB
2026-07-26 15:08:48,782 - Evaluate - INFO - ASR... Epoch: 0, Walltime: 23.040288 CPU time: 124.127401
2026-07-26 15:09:10,545 - Evaluate - INFO - ASR Module... Epoch: 0, RSS: 3.36 GB
2026-07-26 15:09:10,546 - Evaluate - INFO - ASR... Epoch: 0, Walltime: 21.759750 CPU time: 119.848351
2026-07-26 15:09:35,240 - Evaluate - INFO - ASR Module... Epoch: 0, RSS: 3.36 GB
2026-07-26 15:09:35,241 - Evaluate - INFO - ASR... Epoch: 0, Walltime: 24.688830 CPU time: 135.803962
2026-07-26 15:09:56,802 - Evaluate - INFO - ASR Module... Epoch: 0, RSS: 3.36 GB
2026-07-26 15:09:56,803 - Evaluate - INFO - ASR... Epoch: 0, Walltime: 21.555529 CPU time: 119.965353
2026-07-26 15:10:21,622 - Evaluate - INFO - ASR Module... Epoch: 0, RSS: 3.36 GB
2026-07-26 15:10:21,623 - Evaluate - INFO - ASR... Epoch: 0, Walltime: 24.814537 CPU time: 135.589563
2026-07-26 15:10:43,774 - Evaluate - INFO - ASR Module... Epoch: 0, RSS: 3.36 GB
2026-07-26 15:10:43,775 - Evaluate - INFO - ASR... Epoch: 0, Walltime: 22.145423 CPU time: 122.105384
2026-07-26 15:11:09,173 - Evaluate - INFO - ASR Module... Epoch: 0, RSS: 3.36 GB
2026-07-26 15:11:09,174 - Evaluate - INFO - ASR... Epoch: 0, Walltime: 25.393909 CPU time: 138.709425
2026-07-26 15:11:32,180 - Evaluate - INFO - ASR Module... Epoch: 0, RSS: 3.36 GB
2026-07-26 15:11:32,181 - Evaluate - INFO - ASR... Epoch: 0, Walltime: 22.996143 CPU time: 123.706146
2026-07-26 15:11:58,766 - Evaluate - INFO - ASR Module... Epoch: 0, RSS: 3.36 GB
2026-07-26 15:11:58,767 - Evaluate - INFO - ASR... Epoch: 0, Walltime: 26.580377 CPU time: 141.458706
2026-07-26 15:12:20,682 - Evaluate - INFO - ASR Module... Epoch: 0, RSS: 3.36 GB
2026-07-26 15:12:20,683 - Evaluate - INFO - ASR... Epoch: 0, Walltime: 21.909426 CPU time: 121.846582
2026-07-26 15:12:45,047 - Evaluate - INFO - ASR Module... Epoch: 0, RSS: 3.36 GB
2026-07-26 15:12:45,048 - Evaluate - INFO - ASR... Epoch: 0, Walltime: 24.359445 CPU time: 132.091051
2026-07-26 15:13:09,897 - Evaluate - INFO - ASR Module... Epoch: 0, RSS: 3.36 GB
2026-07-26 15:13:09,898 - Evaluate - INFO - ASR... Epoch: 0, Walltime: 24.843855 CPU time: 133.344730
2026-07-26 15:13:31,448 - Evaluate - INFO - ASR Module... Epoch: 0, RSS: 3.36 GB
2026-07-26 15:13:31,449 - Evaluate - INFO - ASR... Epoch: 0, Walltime: 21.545394 CPU time: 116.820400
2026-07-26 15:13:55,260 - Evaluate - INFO - ASR Module... Epoch: 0, RSS: 3.36 GB
2026-07-26 15:13:55,261 - Evaluate - INFO - ASR... Epoch: 0, Walltime: 23.806973 CPU time: 125.866445
2026-07-26 15:14:17,719 - Evaluate - INFO - ASR Module... Epoch: 0, RSS: 3.36 GB
2026-07-26 15:14:17,720 - Evaluate - INFO - ASR... Epoch: 0, Walltime: 22.451923 CPU time: 123.336529
2026-07-26 15:14:44,215 - Evaluate - INFO - ASR Module... Epoch: 0, RSS: 3.36 GB
2026-07-26 15:14:44,216 - Evaluate - INFO - ASR... Epoch: 0, Walltime: 26.490134 CPU time: 144.961577
2026-07-26 15:15:07,637 - Evaluate - INFO - ASR Module... Epoch: 0, RSS: 3.36 GB
2026-07-26 15:15:07,638 - Evaluate - INFO - ASR... Epoch: 0, Walltime: 23.416374 CPU time: 126.112914
2026-07-26 15:15:31,359 - Evaluate - INFO - ASR Module... Epoch: 0, RSS: 3.36 GB
2026-07-26 15:15:31,360 - Evaluate - INFO - ASR... Epoch: 0, Walltime: 23.714997 CPU time: 126.966028
2026-07-26 15:15:55,495 - Evaluate - INFO - ASR Module... Epoch: 0, RSS: 3.36 GB
2026-07-26 15:15:55,496 - Evaluate - INFO - ASR... Epoch: 0, Walltime: 24.129669 CPU time: 131.404981
2026-07-26 15:16:18,700 - Evaluate - INFO - ASR Module... Epoch: 0, RSS: 3.36 GB
2026-07-26 15:16:18,701 - Evaluate - INFO - ASR... Epoch: 0, Walltime: 23.198339 CPU time: 126.859387
2026-07-26 15:16:41,209 - Evaluate - INFO - ASR Module... Epoch: 0, RSS: 3.36 GB
2026-07-26 15:16:41,210 - Evaluate - INFO - ASR... Epoch: 0, Walltime: 22.503733 CPU time: 122.828476
2026-07-26 15:17:01,864 - Evaluate - INFO - ASR Module... Epoch: 0, RSS: 3.36 GB
2026-07-26 15:17:01,865 - Evaluate - INFO - ASR... Epoch: 0, Walltime: 20.649958 CPU time: 112.677234
2026-07-26 15:17:24,176 - Evaluate - INFO - ASR Module... Epoch: 0, RSS: 3.36 GB
2026-07-26 15:17:24,177 - Evaluate - INFO - ASR... Epoch: 0, Walltime: 22.307517 CPU time: 122.530505
2026-07-26 15:17:44,782 - Evaluate - INFO - ASR Module... Epoch: 0, RSS: 3.36 GB
2026-07-26 15:17:44,783 - Evaluate - INFO - ASR... Epoch: 0, Walltime: 20.602704 CPU time: 112.037812
2026-07-26 15:18:04,997 - Evaluate - INFO - ASR Module... Epoch: 0, RSS: 3.36 GB
2026-07-26 15:18:04,998 - Evaluate - INFO - ASR... Epoch: 0, Walltime: 20.210717 CPU time: 112.561144
2026-07-26 15:18:27,230 - Evaluate - INFO - ASR Module... Epoch: 0, RSS: 3.36 GB
2026-07-26 15:18:27,230 - Evaluate - INFO - ASR... Epoch: 0, Walltime: 22.228760 CPU time: 118.878078
2026-07-26 15:18:49,495 - Evaluate - INFO - ASR Module... Epoch: 0, RSS: 3.36 GB
2026-07-26 15:18:49,495 - Evaluate - INFO - ASR... Epoch: 0, Walltime: 22.260954 CPU time: 119.972129
2026-07-26 15:19:10,995 - Evaluate - INFO - ASR Module... Epoch: 0, RSS: 3.36 GB
2026-07-26 15:19:10,996 - Evaluate - INFO - ASR... Epoch: 0, Walltime: 21.495240 CPU time: 118.485800
2026-07-26 15:19:33,753 - Evaluate - INFO - ASR Module... Epoch: 0, RSS: 3.36 GB
2026-07-26 15:19:33,754 - Evaluate - INFO - ASR... Epoch: 0, Walltime: 22.754391 CPU time: 125.177165
2026-07-26 15:19:54,070 - Evaluate - INFO - ASR Module... Epoch: 0, RSS: 3.36 GB
2026-07-26 15:19:54,071 - Evaluate - INFO - ASR... Epoch: 0, Walltime: 20.311400 CPU time: 112.174709
2026-07-26 15:20:15,435 - Evaluate - INFO - ASR Module... Epoch: 0, RSS: 3.36 GB
2026-07-26 15:20:15,437 - Evaluate - INFO - ASR... Epoch: 0, Walltime: 21.361059 CPU time: 116.691868
2026-07-26 15:20:35,915 - Evaluate - INFO - ASR Module... Epoch: 0, RSS: 3.36 GB
2026-07-26 15:20:35,916 - Evaluate - INFO - ASR... Epoch: 0, Walltime: 20.474557 CPU time: 113.440783
2026-07-26 15:20:56,163 - Evaluate - INFO - ASR Module... Epoch: 0, RSS: 3.36 GB
2026-07-26 15:20:56,164 - Evaluate - INFO - ASR... Epoch: 0, Walltime: 20.244399 CPU time: 112.284561
2026-07-26 15:21:17,997 - Evaluate - INFO - ASR Module... Epoch: 0, RSS: 3.36 GB
2026-07-26 15:21:17,998 - Evaluate - INFO - ASR... Epoch: 0, Walltime: 21.830868 CPU time: 117.384159
2026-07-26 15:21:38,459 - Evaluate - INFO - ASR Module... Epoch: 0, RSS: 3.36 GB
2026-07-26 15:21:38,460 - Evaluate - INFO - ASR... Epoch: 0, Walltime: 20.457809 CPU time: 113.316856
2026-07-26 15:21:59,704 - Evaluate - INFO - ASR Module... Epoch: 0, RSS: 3.36 GB
2026-07-26 15:21:59,705 - Evaluate - INFO - ASR... Epoch: 0, Walltime: 21.239789 CPU time: 117.731658
2026-07-26 15:22:20,892 - Evaluate - INFO - ASR Module... Epoch: 0, RSS: 3.36 GB
2026-07-26 15:22:20,893 - Evaluate - INFO - ASR... Epoch: 0, Walltime: 21.184395 CPU time: 114.084265
2026-07-26 15:22:42,275 - Evaluate - INFO - ASR Module... Epoch: 0, RSS: 3.36 GB
2026-07-26 15:22:42,277 - Evaluate - INFO - ASR... Epoch: 0, Walltime: 21.379107 CPU time: 116.437955
2026-07-26 15:23:04,888 - Evaluate - INFO - ASR Module... Epoch: 0, RSS: 3.36 GB
2026-07-26 15:23:04,889 - Evaluate - INFO - ASR... Epoch: 0, Walltime: 22.606487 CPU time: 120.522061
2026-07-26 15:23:26,250 - Evaluate - INFO - ASR Module... Epoch: 0, RSS: 3.36 GB
2026-07-26 15:23:26,250 - Evaluate - INFO - ASR... Epoch: 0, Walltime: 21.357401 CPU time: 117.302023
2026-07-26 15:23:46,606 - Evaluate - INFO - ASR Module... Epoch: 0, RSS: 3.36 GB
2026-07-26 15:23:46,607 - Evaluate - INFO - ASR... Epoch: 0, Walltime: 20.352290 CPU time: 112.870991
2026-07-26 15:24:07,545 - Evaluate - INFO - ASR Module... Epoch: 0, RSS: 3.36 GB
2026-07-26 15:24:07,546 - Evaluate - INFO - ASR... Epoch: 0, Walltime: 20.934531 CPU time: 113.129680
2026-07-26 15:24:28,367 - Evaluate - INFO - ASR Module... Epoch: 0, RSS: 3.36 GB
2026-07-26 15:24:28,368 - Evaluate - INFO - ASR... Epoch: 0, Walltime: 20.818723 CPU time: 114.850882
2026-07-26 15:24:50,278 - Evaluate - INFO - ASR Module... Epoch: 0, RSS: 3.36 GB
2026-07-26 15:24:50,279 - Evaluate - INFO - ASR... Epoch: 0, Walltime: 21.907157 CPU time: 117.522197
2026-07-26 15:25:12,930 - Evaluate - INFO - ASR Module... Epoch: 0, RSS: 3.36 GB
2026-07-26 15:25:12,931 - Evaluate - INFO - ASR... Epoch: 0, Walltime: 22.646471 CPU time: 123.566909
2026-07-26 15:25:34,124 - Evaluate - INFO - ASR Module... Epoch: 0, RSS: 3.36 GB
2026-07-26 15:25:34,125 - Evaluate - INFO - ASR... Epoch: 0, Walltime: 21.189829 CPU time: 117.617319
2026-07-26 15:25:55,160 - Evaluate - INFO - ASR Module... Epoch: 0, RSS: 3.36 GB
2026-07-26 15:25:55,162 - Evaluate - INFO - ASR... Epoch: 0, Walltime: 21.030798 CPU time: 116.492761
2026-07-26 15:26:16,201 - Evaluate - INFO - ASR Module... Epoch: 0, RSS: 3.36 GB
2026-07-26 15:26:16,202 - Evaluate - INFO - ASR... Epoch: 0, Walltime: 21.035093 CPU time: 116.176427
2026-07-26 15:26:36,684 - Evaluate - INFO - ASR Module... Epoch: 0, RSS: 3.36 GB
2026-07-26 15:26:36,685 - Evaluate - INFO - ASR... Epoch: 0, Walltime: 20.474840 CPU time: 111.726040
2026-07-26 15:26:58,201 - Evaluate - INFO - ASR Module... Epoch: 0, RSS: 3.36 GB
2026-07-26 15:26:58,202 - Evaluate - INFO - ASR... Epoch: 0, Walltime: 21.513456 CPU time: 118.444985
2026-07-26 15:27:18,860 - Evaluate - INFO - ASR Module... Epoch: 0, RSS: 3.36 GB
2026-07-26 15:27:18,861 - Evaluate - INFO - ASR... Epoch: 0, Walltime: 20.653665 CPU time: 113.905738
2026-07-26 15:27:39,940 - Evaluate - INFO - ASR Module... Epoch: 0, RSS: 3.36 GB
2026-07-26 15:27:39,941 - Evaluate - INFO - ASR... Epoch: 0, Walltime: 21.075242 CPU time: 115.456420
2026-07-26 15:28:00,694 - Evaluate - INFO - ASR Module... Epoch: 0, RSS: 3.36 GB
2026-07-26 15:28:00,695 - Evaluate - INFO - ASR... Epoch: 0, Walltime: 20.747536 CPU time: 114.754052
2026-07-26 15:28:21,018 - Evaluate - INFO - ASR Module... Epoch: 0, RSS: 3.36 GB
2026-07-26 15:28:21,018 - Evaluate - INFO - ASR... Epoch: 0, Walltime: 20.319080 CPU time: 111.386627
2026-07-26 15:28:42,115 - Evaluate - INFO - ASR Module... Epoch: 0, RSS: 3.36 GB
2026-07-26 15:28:42,115 - Evaluate - INFO - ASR... Epoch: 0, Walltime: 21.092559 CPU time: 115.517387
2026-07-26 15:29:02,694 - Evaluate - INFO - ASR Module... Epoch: 0, RSS: 3.36 GB
2026-07-26 15:29:02,694 - Evaluate - INFO - ASR... Epoch: 0, Walltime: 20.575515 CPU time: 112.595422
2026-07-26 15:29:23,687 - Evaluate - INFO - ASR Module... Epoch: 0, RSS: 3.36 GB
2026-07-26 15:29:23,688 - Evaluate - INFO - ASR... Epoch: 0, Walltime: 20.989503 CPU time: 114.196946
2026-07-26 15:29:47,873 - Evaluate - INFO - ASR Module... Epoch: 0, RSS: 3.36 GB
2026-07-26 15:29:47,874 - Evaluate - INFO - ASR... Epoch: 0, Walltime: 24.180583 CPU time: 131.252514
2026-07-26 15:30:10,188 - Evaluate - INFO - ASR Module... Epoch: 0, RSS: 3.36 GB
2026-07-26 15:30:10,189 - Evaluate - INFO - ASR... Epoch: 0, Walltime: 22.308701 CPU time: 121.987485
2026-07-26 15:30:31,358 - Evaluate - INFO - ASR Module... Epoch: 0, RSS: 3.36 GB
2026-07-26 15:30:31,359 - Evaluate - INFO - ASR... Epoch: 0, Walltime: 21.166272 CPU time: 114.469894
2026-07-26 15:30:52,082 - Evaluate - INFO - ASR Module... Epoch: 0, RSS: 3.36 GB
2026-07-26 15:30:52,083 - Evaluate - INFO - ASR... Epoch: 0, Walltime: 20.718722 CPU time: 113.932697
2026-07-26 15:31:12,137 - Evaluate - INFO - ASR Module... Epoch: 0, RSS: 3.36 GB
2026-07-26 15:31:12,138 - Evaluate - INFO - ASR... Epoch: 0, Walltime: 20.050661 CPU time: 111.449562
2026-07-26 15:31:33,920 - Evaluate - INFO - ASR Module... Epoch: 0, RSS: 3.36 GB
2026-07-26 15:31:33,921 - Evaluate - INFO - ASR... Epoch: 0, Walltime: 21.778264 CPU time: 119.001596
2026-07-26 15:31:57,314 - Evaluate - INFO - ASR Module... Epoch: 0, RSS: 3.36 GB
2026-07-26 15:31:57,315 - Evaluate - INFO - ASR... Epoch: 0, Walltime: 23.388892 CPU time: 124.716063
2026-07-26 15:32:17,149 - Evaluate - INFO - ASR Module... Epoch: 0, RSS: 3.36 GB
2026-07-26 15:32:17,149 - Evaluate - INFO - ASR... Epoch: 0, Walltime: 19.830358 CPU time: 108.991031
2026-07-26 15:32:40,659 - Evaluate - INFO - ASR Module... Epoch: 0, RSS: 3.36 GB
2026-07-26 15:32:40,660 - Evaluate - INFO - ASR... Epoch: 0, Walltime: 23.503471 CPU time: 125.994203
2026-07-26 15:33:01,481 - Evaluate - INFO - ASR Module... Epoch: 0, RSS: 3.36 GB
2026-07-26 15:33:01,481 - Evaluate - INFO - ASR... Epoch: 0, Walltime: 20.817437 CPU time: 114.318600
2026-07-26 15:33:23,853 - Evaluate - INFO - ASR Module... Epoch: 0, RSS: 3.36 GB
2026-07-26 15:33:23,854 - Evaluate - INFO - ASR... Epoch: 0, Walltime: 22.367810 CPU time: 122.550387
2026-07-26 15:33:45,480 - Evaluate - INFO - ASR Module... Epoch: 0, RSS: 3.36 GB
2026-07-26 15:33:45,481 - Evaluate - INFO - ASR... Epoch: 0, Walltime: 21.620812 CPU time: 118.649148
2026-07-26 15:34:07,142 - Evaluate - INFO - ASR Module... Epoch: 0, RSS: 3.36 GB
2026-07-26 15:34:07,142 - Evaluate - INFO - ASR... Epoch: 0, Walltime: 21.656742 CPU time: 118.166480
2026-07-26 15:34:27,617 - Evaluate - INFO - ASR Module... Epoch: 0, RSS: 3.36 GB
2026-07-26 15:34:27,618 - Evaluate - INFO - ASR... Epoch: 0, Walltime: 20.470510 CPU time: 111.114889
2026-07-26 15:34:49,760 - Evaluate - INFO - ASR Module... Epoch: 0, RSS: 3.36 GB
2026-07-26 15:34:49,761 - Evaluate - INFO - ASR... Epoch: 0, Walltime: 22.139121 CPU time: 118.107200
2026-07-26 15:35:11,920 - Evaluate - INFO - ASR Module... Epoch: 0, RSS: 3.36 GB
2026-07-26 15:35:11,920 - Evaluate - INFO - ASR... Epoch: 0, Walltime: 22.153441 CPU time: 121.227712
2026-07-26 15:35:31,677 - Evaluate - INFO - ASR Module... Epoch: 0, RSS: 3.36 GB
2026-07-26 15:35:31,678 - Evaluate - INFO - ASR... Epoch: 0, Walltime: 19.753558 CPU time: 109.591764
2026-07-26 15:35:55,486 - Evaluate - INFO - ASR Module... Epoch: 0, RSS: 3.36 GB
2026-07-26 15:35:55,486 - Evaluate - INFO - ASR... Epoch: 0, Walltime: 23.802999 CPU time: 128.930649
2026-07-26 15:36:18,921 - Evaluate - INFO - ASR Module... Epoch: 0, RSS: 3.36 GB
2026-07-26 15:36:18,922 - Evaluate - INFO - ASR... Epoch: 0, Walltime: 23.429751 CPU time: 117.923248
2026-07-26 15:36:39,981 - Evaluate - INFO - ASR Module... Epoch: 0, RSS: 3.36 GB
2026-07-26 15:36:39,983 - Evaluate - INFO - ASR... Epoch: 0, Walltime: 21.055570 CPU time: 115.216606
2026-07-26 15:37:02,993 - Evaluate - INFO - ASR Module... Epoch: 0, RSS: 3.36 GB
2026-07-26 15:37:02,994 - Evaluate - INFO - ASR... Epoch: 0, Walltime: 23.005050 CPU time: 126.306719
2026-07-26 15:37:26,771 - Evaluate - INFO - ASR Module... Epoch: 0, RSS: 3.36 GB
2026-07-26 15:37:26,772 - Evaluate - INFO - ASR... Epoch: 0, Walltime: 23.772159 CPU time: 126.962488
2026-07-26 15:37:48,369 - Evaluate - INFO - ASR Module... Epoch: 0, RSS: 3.36 GB
2026-07-26 15:37:48,370 - Evaluate - INFO - ASR... Epoch: 0, Walltime: 21.593165 CPU time: 117.103056
2026-07-26 15:38:09,817 - Evaluate - INFO - ASR Module... Epoch: 0, RSS: 3.36 GB
2026-07-26 15:38:09,818 - Evaluate - INFO - ASR... Epoch: 0, Walltime: 21.442248 CPU time: 117.489410
2026-07-26 15:38:34,661 - Evaluate - INFO - ASR Module... Epoch: 0, RSS: 3.36 GB
2026-07-26 15:38:34,662 - Evaluate - INFO - ASR... Epoch: 0, Walltime: 24.838361 CPU time: 133.931324
2026-07-26 15:38:55,004 - Evaluate - INFO - ASR Module... Epoch: 0, RSS: 3.36 GB
2026-07-26 15:38:55,004 - Evaluate - INFO - ASR... Epoch: 0, Walltime: 20.337569 CPU time: 109.800628
2026-07-26 15:39:18,885 - Evaluate - INFO - ASR Module... Epoch: 0, RSS: 3.36 GB
2026-07-26 15:39:18,886 - Evaluate - INFO - ASR... Epoch: 0, Walltime: 23.875965 CPU time: 127.379654
2026-07-26 15:39:42,610 - Evaluate - INFO - ASR Module... Epoch: 0, RSS: 3.36 GB
2026-07-26 15:39:42,611 - Evaluate - INFO - ASR... Epoch: 0, Walltime: 23.719737 CPU time: 121.968504
2026-07-26 15:40:05,573 - Evaluate - INFO - ASR Module... Epoch: 0, RSS: 3.36 GB
2026-07-26 15:40:05,574 - Evaluate - INFO - ASR... Epoch: 0, Walltime: 22.956277 CPU time: 124.951905
2026-07-26 15:40:26,783 - Evaluate - INFO - ASR Module... Epoch: 0, RSS: 3.36 GB
2026-07-26 15:40:26,784 - Evaluate - INFO - ASR... Epoch: 0, Walltime: 21.206485 CPU time: 118.178379
2026-07-26 15:40:51,134 - Evaluate - INFO - ASR Module... Epoch: 0, RSS: 3.36 GB
2026-07-26 15:40:51,135 - Evaluate - INFO - ASR... Epoch: 0, Walltime: 24.344480 CPU time: 130.361066
2026-07-26 15:41:12,769 - Evaluate - INFO - ASR Module... Epoch: 0, RSS: 3.36 GB
2026-07-26 15:41:12,770 - Evaluate - INFO - ASR... Epoch: 0, Walltime: 21.628410 CPU time: 117.761045
2026-07-26 15:41:36,559 - Evaluate - INFO - ASR Module... Epoch: 0, RSS: 3.36 GB
2026-07-26 15:41:36,560 - Evaluate - INFO - ASR... Epoch: 0, Walltime: 23.784152 CPU time: 130.179527
2026-07-26 15:41:57,599 - Evaluate - INFO - ASR Module... Epoch: 0, RSS: 3.36 GB
2026-07-26 15:41:57,600 - Evaluate - INFO - ASR... Epoch: 0, Walltime: 21.034108 CPU time: 114.492676
2026-07-26 15:42:19,520 - Evaluate - INFO - ASR Module... Epoch: 0, RSS: 3.36 GB
2026-07-26 15:42:19,521 - Evaluate - INFO - ASR... Epoch: 0, Walltime: 21.916887 CPU time: 119.572421
2026-07-26 15:42:41,387 - Evaluate - INFO - ASR Module... Epoch: 0, RSS: 3.36 GB
2026-07-26 15:42:41,388 - Evaluate - INFO - ASR... Epoch: 0, Walltime: 21.861658 CPU time: 118.191667
2026-07-26 15:43:06,041 - Evaluate - INFO - ASR Module... Epoch: 0, RSS: 3.36 GB
2026-07-26 15:43:06,042 - Evaluate - INFO - ASR... Epoch: 0, Walltime: 24.647552 CPU time: 134.941889
2026-07-26 15:43:29,069 - Evaluate - INFO - ASR Module... Epoch: 0, RSS: 3.36 GB
2026-07-26 15:43:29,070 - Evaluate - INFO - ASR... Epoch: 0, Walltime: 23.022728 CPU time: 126.433107
2026-07-26 15:43:50,972 - Evaluate - INFO - ASR Module... Epoch: 0, RSS: 3.36 GB
2026-07-26 15:43:50,973 - Evaluate - INFO - ASR... Epoch: 0, Walltime: 21.897080 CPU time: 117.957428
2026-07-26 15:44:19,442 - Evaluate - INFO - ASR Module... Epoch: 0, RSS: 3.36 GB
2026-07-26 15:44:19,444 - Evaluate - INFO - ASR... Epoch: 0, Walltime: 28.463725 CPU time: 151.880229
2026-07-26 15:44:46,541 - Evaluate - INFO - ASR Module... Epoch: 0, RSS: 3.36 GB
2026-07-26 15:44:46,542 - Evaluate - INFO - ASR... Epoch: 0, Walltime: 27.091053 CPU time: 146.434731
2026-07-26 15:45:15,689 - Evaluate - INFO - ASR Module... Epoch: 0, RSS: 3.36 GB
2026-07-26 15:45:15,690 - Evaluate - INFO - ASR... Epoch: 0, Walltime: 29.139370 CPU time: 156.912261
2026-07-26 15:45:40,054 - Evaluate - INFO - ASR Module... Epoch: 0, RSS: 3.36 GB
2026-07-26 15:45:40,055 - Evaluate - INFO - ASR... Epoch: 0, Walltime: 24.357974 CPU time: 131.798315
2026-07-26 15:46:08,369 - Evaluate - INFO - ASR Module... Epoch: 0, RSS: 3.36 GB
2026-07-26 15:46:08,370 - Evaluate - INFO - ASR... Epoch: 0, Walltime: 28.307567 CPU time: 151.073371
2026-07-26 15:46:32,165 - Evaluate - INFO - ASR Module... Epoch: 0, RSS: 3.36 GB
2026-07-26 15:46:32,166 - Evaluate - INFO - ASR... Epoch: 0, Walltime: 23.788114 CPU time: 129.530828
2026-07-26 15:46:56,247 - Evaluate - INFO - ASR Module... Epoch: 0, RSS: 3.36 GB
2026-07-26 15:46:56,248 - Evaluate - INFO - ASR... Epoch: 0, Walltime: 24.075316 CPU time: 128.286643
2026-07-26 15:47:16,766 - Evaluate - INFO - ASR Module... Epoch: 0, RSS: 3.36 GB
2026-07-26 15:47:16,767 - Evaluate - INFO - ASR... Epoch: 0, Walltime: 20.514305 CPU time: 110.324533
2026-07-26 15:47:39,294 - Evaluate - INFO - ASR Module... Epoch: 0, RSS: 3.36 GB
2026-07-26 15:47:39,295 - Evaluate - INFO - ASR... Epoch: 0, Walltime: 22.523377 CPU time: 123.076315
2026-07-26 15:48:00,947 - Evaluate - INFO - ASR Module... Epoch: 0, RSS: 3.36 GB
2026-07-26 15:48:00,947 - Evaluate - INFO - ASR... Epoch: 0, Walltime: 21.648537 CPU time: 114.060277
2026-07-26 15:48:21,898 - Evaluate - INFO - ASR Module... Epoch: 0, RSS: 3.36 GB
2026-07-26 15:48:21,899 - Evaluate - INFO - ASR... Epoch: 0, Walltime: 20.947389 CPU time: 115.542825
2026-07-26 15:48:42,116 - Evaluate - INFO - ASR Module... Epoch: 0, RSS: 3.36 GB
2026-07-26 15:48:42,116 - Evaluate - INFO - ASR... Epoch: 0, Walltime: 20.213307 CPU time: 111.291602
2026-07-26 15:49:02,953 - Evaluate - INFO - ASR Module... Epoch: 0, RSS: 3.36 GB
2026-07-26 15:49:02,954 - Evaluate - INFO - ASR... Epoch: 0, Walltime: 20.834353 CPU time: 113.238094
2026-07-26 15:49:24,998 - Evaluate - INFO - ASR Module... Epoch: 0, RSS: 3.36 GB
2026-07-26 15:49:24,999 - Evaluate - INFO - ASR... Epoch: 0, Walltime: 22.040393 CPU time: 116.368930
2026-07-26 15:49:46,383 - Evaluate - INFO - ASR Module... Epoch: 0, RSS: 3.36 GB
2026-07-26 15:49:46,384 - Evaluate - INFO - ASR... Epoch: 0, Walltime: 21.378889 CPU time: 117.073338
2026-07-26 15:50:06,970 - Evaluate - INFO - ASR Module... Epoch: 0, RSS: 3.36 GB
2026-07-26 15:50:06,971 - Evaluate - INFO - ASR... Epoch: 0, Walltime: 20.582850 CPU time: 112.838208
2026-07-26 15:50:27,568 - Evaluate - INFO - ASR Module... Epoch: 0, RSS: 3.36 GB
2026-07-26 15:50:27,568 - Evaluate - INFO - ASR... Epoch: 0, Walltime: 20.593279 CPU time: 113.567164
2026-07-26 15:50:48,388 - Evaluate - INFO - ASR Module... Epoch: 0, RSS: 3.36 GB
2026-07-26 15:50:48,389 - Evaluate - INFO - ASR... Epoch: 0, Walltime: 20.816478 CPU time: 114.275748
2026-07-26 15:51:09,481 - Evaluate - INFO - ASR Module... Epoch: 0, RSS: 3.36 GB
2026-07-26 15:51:09,482 - Evaluate - INFO - ASR... Epoch: 0, Walltime: 21.088534 CPU time: 113.191743
2026-07-26 15:51:31,216 - Evaluate - INFO - ASR Module... Epoch: 0, RSS: 3.36 GB
2026-07-26 15:51:31,217 - Evaluate - INFO - ASR... Epoch: 0, Walltime: 21.730918 CPU time: 119.745735
2026-07-26 15:51:52,738 - Evaluate - INFO - ASR Module... Epoch: 0, RSS: 3.36 GB
2026-07-26 15:51:52,739 - Evaluate - INFO - ASR... Epoch: 0, Walltime: 21.517694 CPU time: 118.794440
2026-07-26 15:52:16,529 - Evaluate - INFO - ASR Module... Epoch: 0, RSS: 3.36 GB
2026-07-26 15:52:16,530 - Evaluate - INFO - ASR... Epoch: 0, Walltime: 23.786768 CPU time: 126.349350
2026-07-26 15:52:37,960 - Evaluate - INFO - ASR Module... Epoch: 0, RSS: 3.36 GB
2026-07-26 15:52:37,961 - Evaluate - INFO - ASR... Epoch: 0, Walltime: 21.424448 CPU time: 117.087418
2026-07-26 15:52:59,307 - Evaluate - INFO - ASR Module... Epoch: 0, RSS: 3.36 GB
2026-07-26 15:52:59,307 - Evaluate - INFO - ASR... Epoch: 0, Walltime: 21.342044 CPU time: 114.452946
2026-07-26 15:53:20,633 - Evaluate - INFO - ASR Module... Epoch: 0, RSS: 3.36 GB
2026-07-26 15:53:20,634 - Evaluate - INFO - ASR... Epoch: 0, Walltime: 21.321383 CPU time: 116.836350
2026-07-26 15:53:43,356 - Evaluate - INFO - ASR Module... Epoch: 0, RSS: 3.36 GB
2026-07-26 15:53:43,357 - Evaluate - INFO - ASR... Epoch: 0, Walltime: 22.717914 CPU time: 124.508232
2026-07-26 15:54:03,764 - Evaluate - INFO - ASR Module... Epoch: 0, RSS: 3.36 GB
2026-07-26 15:54:03,765 - Evaluate - INFO - ASR... Epoch: 0, Walltime: 20.402771 CPU time: 111.840477
2026-07-26 15:54:23,907 - Evaluate - INFO - ASR Module... Epoch: 0, RSS: 3.36 GB
2026-07-26 15:54:23,908 - Evaluate - INFO - ASR... Epoch: 0, Walltime: 20.139615 CPU time: 110.218877
2026-07-26 15:54:44,677 - Evaluate - INFO - ASR Module... Epoch: 0, RSS: 3.36 GB
2026-07-26 15:54:44,678 - Evaluate - INFO - ASR... Epoch: 0, Walltime: 20.764977 CPU time: 114.950947
2026-07-26 15:55:06,286 - Evaluate - INFO - ASR Module... Epoch: 0, RSS: 3.36 GB
2026-07-26 15:55:06,287 - Evaluate - INFO - ASR... Epoch: 0, Walltime: 21.603509 CPU time: 119.151940
2026-07-26 15:55:27,558 - Evaluate - INFO - ASR Module... Epoch: 0, RSS: 3.36 GB
2026-07-26 15:55:27,558 - Evaluate - INFO - ASR... Epoch: 0, Walltime: 21.266796 CPU time: 117.179541
2026-07-26 15:55:47,985 - Evaluate - INFO - ASR Module... Epoch: 0, RSS: 3.36 GB
2026-07-26 15:55:47,985 - Evaluate - INFO - ASR... Epoch: 0, Walltime: 20.422075 CPU time: 111.651099
2026-07-26 15:56:09,652 - Evaluate - INFO - ASR Module... Epoch: 0, RSS: 3.36 GB
2026-07-26 15:56:09,653 - Evaluate - INFO - ASR... Epoch: 0, Walltime: 21.663242 CPU time: 117.828023
2026-07-26 15:56:31,623 - Evaluate - INFO - ASR Module... Epoch: 0, RSS: 3.36 GB
2026-07-26 15:56:31,624 - Evaluate - INFO - ASR... Epoch: 0, Walltime: 21.964691 CPU time: 118.044390
2026-07-26 15:56:51,970 - Evaluate - INFO - ASR Module... Epoch: 0, RSS: 3.36 GB
2026-07-26 15:56:51,971 - Evaluate - INFO - ASR... Epoch: 0, Walltime: 20.343413 CPU time: 108.671608
2026-07-26 15:57:12,927 - Evaluate - INFO - ASR Module... Epoch: 0, RSS: 3.36 GB
2026-07-26 15:57:12,928 - Evaluate - INFO - ASR... Epoch: 0, Walltime: 20.952085 CPU time: 115.233692
2026-07-26 15:57:34,015 - Evaluate - INFO - ASR Module... Epoch: 0, RSS: 3.36 GB
2026-07-26 15:57:34,016 - Evaluate - INFO - ASR... Epoch: 0, Walltime: 21.083096 CPU time: 115.012106
2026-07-26 15:57:54,522 - Evaluate - INFO - ASR Module... Epoch: 0, RSS: 3.36 GB
2026-07-26 15:57:54,523 - Evaluate - INFO - ASR... Epoch: 0, Walltime: 20.502016 CPU time: 109.857699
2026-07-26 15:58:15,115 - Evaluate - INFO - ASR Module... Epoch: 0, RSS: 3.36 GB
2026-07-26 15:58:15,116 - Evaluate - INFO - ASR... Epoch: 0, Walltime: 20.589095 CPU time: 113.803774
2026-07-26 15:58:37,581 - Evaluate - INFO - ASR Module... Epoch: 0, RSS: 3.36 GB
2026-07-26 15:58:37,582 - Evaluate - INFO - ASR... Epoch: 0, Walltime: 22.460688 CPU time: 121.834106
2026-07-26 15:58:58,788 - Evaluate - INFO - ASR Module... Epoch: 0, RSS: 3.36 GB
2026-07-26 15:58:58,789 - Evaluate - INFO - ASR... Epoch: 0, Walltime: 21.201267 CPU time: 116.105034
2026-07-26 15:59:19,080 - Evaluate - INFO - ASR Module... Epoch: 0, RSS: 3.36 GB
2026-07-26 15:59:19,080 - Evaluate - INFO - ASR... Epoch: 0, Walltime: 20.286553 CPU time: 112.632743
2026-07-26 15:59:39,646 - Evaluate - INFO - ASR Module... Epoch: 0, RSS: 3.36 GB
2026-07-26 15:59:39,646 - Evaluate - INFO - ASR... Epoch: 0, Walltime: 20.560616 CPU time: 114.009393
2026-07-26 16:00:01,539 - Evaluate - INFO - ASR Module... Epoch: 0, RSS: 3.36 GB
2026-07-26 16:00:01,540 - Evaluate - INFO - ASR... Epoch: 0, Walltime: 21.889501 CPU time: 117.701217
2026-07-26 16:00:23,128 - Evaluate - INFO - ASR Module... Epoch: 0, RSS: 3.36 GB
2026-07-26 16:00:23,129 - Evaluate - INFO - ASR... Epoch: 0, Walltime: 21.584932 CPU time: 118.986192
2026-07-26 16:00:44,347 - Evaluate - INFO - ASR Module... Epoch: 0, RSS: 3.36 GB
2026-07-26 16:00:44,347 - Evaluate - INFO - ASR... Epoch: 0, Walltime: 21.213058 CPU time: 116.042237
2026-07-26 16:01:04,091 - Evaluate - INFO - ASR Module... Epoch: 0, RSS: 3.36 GB
2026-07-26 16:01:04,092 - Evaluate - INFO - ASR... Epoch: 0, Walltime: 19.741533 CPU time: 108.416560
2026-07-26 16:01:26,245 - Evaluate - INFO - ASR Module... Epoch: 0, RSS: 3.36 GB
2026-07-26 16:01:26,246 - Evaluate - INFO - ASR... Epoch: 0, Walltime: 22.148762 CPU time: 120.768093
2026-07-26 16:01:49,785 - Evaluate - INFO - ASR Module... Epoch: 0, RSS: 3.36 GB
2026-07-26 16:01:49,785 - Evaluate - INFO - ASR... Epoch: 0, Walltime: 23.532961 CPU time: 128.814617
2026-07-26 16:02:12,601 - Evaluate - INFO - ASR Module... Epoch: 0, RSS: 3.36 GB
2026-07-26 16:02:12,602 - Evaluate - INFO - ASR... Epoch: 0, Walltime: 22.811903 CPU time: 124.822687
2026-07-26 16:02:34,615 - Evaluate - INFO - ASR Module... Epoch: 0, RSS: 3.36 GB
2026-07-26 16:02:34,616 - Evaluate - INFO - ASR... Epoch: 0, Walltime: 22.007263 CPU time: 121.499884
2026-07-26 16:02:56,876 - Evaluate - INFO - ASR Module... Epoch: 0, RSS: 3.36 GB
2026-07-26 16:02:56,877 - Evaluate - INFO - ASR... Epoch: 0, Walltime: 22.255348 CPU time: 121.020733
2026-07-26 16:03:20,205 - Evaluate - INFO - ASR Module... Epoch: 0, RSS: 3.36 GB
2026-07-26 16:03:20,206 - Evaluate - INFO - ASR... Epoch: 0, Walltime: 23.323195 CPU time: 126.244662
2026-07-26 16:03:43,154 - Evaluate - INFO - ASR Module... Epoch: 0, RSS: 3.36 GB
2026-07-26 16:03:43,156 - Evaluate - INFO - ASR... Epoch: 0, Walltime: 22.942879 CPU time: 126.087792
2026-07-26 16:04:08,048 - Evaluate - INFO - ASR Module... Epoch: 0, RSS: 3.36 GB
2026-07-26 16:04:08,049 - Evaluate - INFO - ASR... Epoch: 0, Walltime: 24.887328 CPU time: 136.445805
2026-07-26 16:04:32,487 - Evaluate - INFO - ASR Module... Epoch: 0, RSS: 3.36 GB
2026-07-26 16:04:32,488 - Evaluate - INFO - ASR... Epoch: 0, Walltime: 24.430969 CPU time: 131.673810
2026-07-26 16:04:56,001 - Evaluate - INFO - ASR Module... Epoch: 0, RSS: 3.36 GB
2026-07-26 16:04:56,001 - Evaluate - INFO - ASR... Epoch: 0, Walltime: 23.507885 CPU time: 126.943217
2026-07-26 16:05:19,615 - Evaluate - INFO - ASR Module... Epoch: 0, RSS: 3.36 GB
2026-07-26 16:05:19,616 - Evaluate - INFO - ASR... Epoch: 0, Walltime: 23.607151 CPU time: 128.539654
2026-07-26 16:05:42,536 - Evaluate - INFO - ASR Module... Epoch: 0, RSS: 3.36 GB
2026-07-26 16:05:42,537 - Evaluate - INFO - ASR... Epoch: 0, Walltime: 22.915604 CPU time: 125.143804
2026-07-26 16:06:05,699 - Evaluate - INFO - ASR Module... Epoch: 0, RSS: 3.36 GB
2026-07-26 16:06:05,700 - Evaluate - INFO - ASR... Epoch: 0, Walltime: 23.156490 CPU time: 128.054785
2026-07-26 16:06:29,173 - Evaluate - INFO - ASR Module... Epoch: 0, RSS: 3.36 GB
2026-07-26 16:06:29,174 - Evaluate - INFO - ASR... Epoch: 0, Walltime: 23.468684 CPU time: 128.951885
2026-07-26 16:06:52,122 - Evaluate - INFO - ASR Module... Epoch: 0, RSS: 3.36 GB
2026-07-26 16:06:52,123 - Evaluate - INFO - ASR... Epoch: 0, Walltime: 22.941555 CPU time: 126.343277
2026-07-26 16:07:15,972 - Evaluate - INFO - ASR Module... Epoch: 0, RSS: 3.36 GB
2026-07-26 16:07:15,973 - Evaluate - INFO - ASR... Epoch: 0, Walltime: 23.844827 CPU time: 131.344956
2026-07-26 16:07:38,799 - Evaluate - INFO - ASR Module... Epoch: 0, RSS: 3.36 GB
2026-07-26 16:07:38,800 - Evaluate - INFO - ASR... Epoch: 0, Walltime: 22.819342 CPU time: 124.231904
2026-07-26 16:08:01,554 - Evaluate - INFO - ASR Module... Epoch: 0, RSS: 3.36 GB
2026-07-26 16:08:01,555 - Evaluate - INFO - ASR... Epoch: 0, Walltime: 22.750313 CPU time: 123.718601
2026-07-26 16:08:25,706 - Evaluate - INFO - ASR Module... Epoch: 0, RSS: 3.36 GB
2026-07-26 16:08:25,706 - Evaluate - INFO - ASR... Epoch: 0, Walltime: 24.144625 CPU time: 130.149903
2026-07-26 16:08:49,583 - Evaluate - INFO - ASR Module... Epoch: 0, RSS: 3.36 GB
2026-07-26 16:08:49,584 - Evaluate - INFO - ASR... Epoch: 0, Walltime: 23.872254 CPU time: 130.635046
2026-07-26 16:09:13,243 - Evaluate - INFO - ASR Module... Epoch: 0, RSS: 3.36 GB
2026-07-26 16:09:13,244 - Evaluate - INFO - ASR... Epoch: 0, Walltime: 23.652527 CPU time: 129.856280
2026-07-26 16:09:36,756 - Evaluate - INFO - ASR Module... Epoch: 0, RSS: 3.36 GB
2026-07-26 16:09:36,757 - Evaluate - INFO - ASR... Epoch: 0, Walltime: 23.507528 CPU time: 125.595470
2026-07-26 16:09:59,838 - Evaluate - INFO - ASR Module... Epoch: 0, RSS: 3.36 GB
2026-07-26 16:09:59,839 - Evaluate - INFO - ASR... Epoch: 0, Walltime: 23.076770 CPU time: 126.924605
2026-07-26 16:10:23,101 - Evaluate - INFO - ASR Module... Epoch: 0, RSS: 3.36 GB
2026-07-26 16:10:23,102 - Evaluate - INFO - ASR... Epoch: 0, Walltime: 23.256241 CPU time: 127.478741
2026-07-26 16:10:42,863 - Evaluate - INFO - ASR Module... Epoch: 0, RSS: 3.36 GB
2026-07-26 16:10:42,865 - Evaluate - INFO - ASR... Epoch: 0, Walltime: 19.758277 CPU time: 109.277839
2026-07-26 16:11:04,273 - Evaluate - INFO - ASR Module... Epoch: 0, RSS: 3.36 GB
2026-07-26 16:11:04,273 - Evaluate - INFO - ASR... Epoch: 0, Walltime: 21.403742 CPU time: 118.340749
2026-07-26 16:11:23,561 - Evaluate - INFO - ASR Module... Epoch: 0, RSS: 3.36 GB
2026-07-26 16:11:23,562 - Evaluate - INFO - ASR... Epoch: 0, Walltime: 19.283609 CPU time: 104.617497
2026-07-26 16:11:44,029 - Evaluate - INFO - ASR Module... Epoch: 0, RSS: 3.36 GB
2026-07-26 16:11:44,030 - Evaluate - INFO - ASR... Epoch: 0, Walltime: 20.464303 CPU time: 112.712895
2026-07-26 16:12:03,939 - Evaluate - INFO - ASR Module... Epoch: 0, RSS: 3.36 GB
2026-07-26 16:12:03,940 - Evaluate - INFO - ASR... Epoch: 0, Walltime: 19.905547 CPU time: 109.999222
2026-07-26 16:12:26,150 - Evaluate - INFO - ASR Module... Epoch: 0, RSS: 3.36 GB
2026-07-26 16:12:26,151 - Evaluate - INFO - ASR... Epoch: 0, Walltime: 22.207481 CPU time: 108.619804
2026-07-26 16:12:46,446 - Evaluate - INFO - ASR Module... Epoch: 0, RSS: 3.36 GB
2026-07-26 16:12:46,447 - Evaluate - INFO - ASR... Epoch: 0, Walltime: 20.291863 CPU time: 110.908610
2026-07-26 16:13:06,464 - Evaluate - INFO - ASR Module... Epoch: 0, RSS: 3.36 GB
2026-07-26 16:13:06,465 - Evaluate - INFO - ASR... Epoch: 0, Walltime: 20.013292 CPU time: 108.614837
2026-07-26 16:13:28,043 - Evaluate - INFO - ASR Module... Epoch: 0, RSS: 3.36 GB
2026-07-26 16:13:28,044 - Evaluate - INFO - ASR... Epoch: 0, Walltime: 21.575310 CPU time: 117.774768
2026-07-26 16:13:47,355 - Evaluate - INFO - ASR Module... Epoch: 0, RSS: 3.36 GB
2026-07-26 16:13:47,356 - Evaluate - INFO - ASR... Epoch: 0, Walltime: 19.307849 CPU time: 107.177909
2026-07-26 16:14:08,456 - Evaluate - INFO - ASR Module... Epoch: 0, RSS: 3.36 GB
2026-07-26 16:14:08,457 - Evaluate - INFO - ASR... Epoch: 0, Walltime: 21.096434 CPU time: 112.941954
2026-07-26 16:14:28,898 - Evaluate - INFO - ASR Module... Epoch: 0, RSS: 3.36 GB
2026-07-26 16:14:28,899 - Evaluate - INFO - ASR... Epoch: 0, Walltime: 20.436750 CPU time: 112.381157
2026-07-26 16:14:51,388 - Evaluate - INFO - ASR Module... Epoch: 0, RSS: 3.36 GB
2026-07-26 16:14:51,390 - Evaluate - INFO - ASR... Epoch: 0, Walltime: 22.485681 CPU time: 118.338957
2026-07-26 16:15:12,525 - Evaluate - INFO - ASR Module... Epoch: 0, RSS: 3.36 GB
2026-07-26 16:15:12,526 - Evaluate - INFO - ASR... Epoch: 0, Walltime: 21.131021 CPU time: 116.669068
2026-07-26 16:15:33,575 - Evaluate - INFO - ASR Module... Epoch: 0, RSS: 3.36 GB
2026-07-26 16:15:33,576 - Evaluate - INFO - ASR... Epoch: 0, Walltime: 21.044603 CPU time: 116.076775
2026-07-26 16:15:54,385 - Evaluate - INFO - ASR Module... Epoch: 0, RSS: 3.36 GB
2026-07-26 16:15:54,387 - Evaluate - INFO - ASR... Epoch: 0, Walltime: 20.806275 CPU time: 114.150411
2026-07-26 16:16:14,062 - Evaluate - INFO - ASR Module... Epoch: 0, RSS: 3.36 GB
2026-07-26 16:16:14,063 - Evaluate - INFO - ASR... Epoch: 0, Walltime: 19.672093 CPU time: 109.333893
2026-07-26 16:16:33,748 - Evaluate - INFO - ASR Module... Epoch: 0, RSS: 3.36 GB
2026-07-26 16:16:33,749 - Evaluate - INFO - ASR... Epoch: 0, Walltime: 19.681460 CPU time: 109.077698
2026-07-26 16:16:54,589 - Evaluate - INFO - ASR Module... Epoch: 0, RSS: 3.36 GB
2026-07-26 16:16:54,590 - Evaluate - INFO - ASR... Epoch: 0, Walltime: 20.837214 CPU time: 109.766769
2026-07-26 16:17:14,151 - Evaluate - INFO - ASR Module... Epoch: 0, RSS: 3.36 GB
2026-07-26 16:17:14,152 - Evaluate - INFO - ASR... Epoch: 0, Walltime: 19.558054 CPU time: 108.161565
2026-07-26 16:17:34,895 - Evaluate - INFO - ASR Module... Epoch: 0, RSS: 3.36 GB
2026-07-26 16:17:34,896 - Evaluate - INFO - ASR... Epoch: 0, Walltime: 20.739538 CPU time: 112.302935
2026-07-26 16:17:55,252 - Evaluate - INFO - ASR Module... Epoch: 0, RSS: 3.36 GB
2026-07-26 16:17:55,253 - Evaluate - INFO - ASR... Epoch: 0, Walltime: 20.352005 CPU time: 112.666702
2026-07-26 16:18:15,375 - Evaluate - INFO - ASR Module... Epoch: 0, RSS: 3.36 GB
2026-07-26 16:18:15,376 - Evaluate - INFO - ASR... Epoch: 0, Walltime: 20.119149 CPU time: 109.419213
2026-07-26 16:18:35,213 - Evaluate - INFO - ASR Module... Epoch: 0, RSS: 3.36 GB
2026-07-26 16:18:35,214 - Evaluate - INFO - ASR... Epoch: 0, Walltime: 19.833841 CPU time: 109.338205
2026-07-26 16:18:55,570 - Evaluate - INFO - ASR Module... Epoch: 0, RSS: 3.36 GB
2026-07-26 16:18:55,571 - Evaluate - INFO - ASR... Epoch: 0, Walltime: 20.351868 CPU time: 107.550112
2026-07-26 16:19:16,130 - Evaluate - INFO - ASR Module... Epoch: 0, RSS: 3.36 GB
2026-07-26 16:19:16,131 - Evaluate - INFO - ASR... Epoch: 0, Walltime: 20.555613 CPU time: 112.765952
2026-07-26 16:19:36,287 - Evaluate - INFO - ASR Module... Epoch: 0, RSS: 3.36 GB
2026-07-26 16:19:36,288 - Evaluate - INFO - ASR... Epoch: 0, Walltime: 20.151651 CPU time: 111.261711
2026-07-26 16:19:58,099 - Evaluate - INFO - ASR Module... Epoch: 0, RSS: 3.36 GB
2026-07-26 16:19:58,100 - Evaluate - INFO - ASR... Epoch: 0, Walltime: 21.806700 CPU time: 119.915276
2026-07-26 16:20:20,641 - Evaluate - INFO - ASR Module... Epoch: 0, RSS: 3.36 GB
2026-07-26 16:20:20,642 - Evaluate - INFO - ASR... Epoch: 0, Walltime: 22.536532 CPU time: 124.108002
2026-07-26 16:20:41,697 - Evaluate - INFO - ASR Module... Epoch: 0, RSS: 3.36 GB
2026-07-26 16:20:41,698 - Evaluate - INFO - ASR... Epoch: 0, Walltime: 21.051428 CPU time: 114.657942
2026-07-26 16:21:01,947 - Evaluate - INFO - ASR Module... Epoch: 0, RSS: 3.36 GB
2026-07-26 16:21:01,949 - Evaluate - INFO - ASR... Epoch: 0, Walltime: 20.245522 CPU time: 108.519268
2026-07-26 16:21:23,232 - Evaluate - INFO - ASR Module... Epoch: 0, RSS: 3.36 GB
2026-07-26 16:21:23,233 - Evaluate - INFO - ASR... Epoch: 0, Walltime: 21.279173 CPU time: 116.956137
2026-07-26 16:21:44,475 - Evaluate - INFO - ASR Module... Epoch: 0, RSS: 3.36 GB
2026-07-26 16:21:44,475 - Evaluate - INFO - ASR... Epoch: 0, Walltime: 21.238108 CPU time: 115.301191
2026-07-26 16:22:04,685 - Evaluate - INFO - ASR Module... Epoch: 0, RSS: 3.36 GB
2026-07-26 16:22:04,686 - Evaluate - INFO - ASR... Epoch: 0, Walltime: 20.206428 CPU time: 111.485149
2026-07-26 16:22:24,186 - Evaluate - INFO - ASR Module... Epoch: 0, RSS: 3.36 GB
2026-07-26 16:22:24,187 - Evaluate - INFO - ASR... Epoch: 0, Walltime: 19.495889 CPU time: 108.183213
2026-07-26 16:22:45,161 - Evaluate - INFO - ASR Module... Epoch: 0, RSS: 3.36 GB
2026-07-26 16:22:45,161 - Evaluate - INFO - ASR... Epoch: 0, Walltime: 20.969329 CPU time: 115.534517
2026-07-26 16:23:05,176 - Evaluate - INFO - ASR Module... Epoch: 0, RSS: 3.36 GB
2026-07-26 16:23:05,178 - Evaluate - INFO - ASR... Epoch: 0, Walltime: 20.011347 CPU time: 110.349534
2026-07-26 16:23:25,025 - Evaluate - INFO - ASR Module... Epoch: 0, RSS: 3.36 GB
2026-07-26 16:23:25,026 - Evaluate - INFO - ASR... Epoch: 0, Walltime: 19.843862 CPU time: 109.930842
2026-07-26 16:23:44,836 - Evaluate - INFO - ASR Module... Epoch: 0, RSS: 3.36 GB
2026-07-26 16:23:44,836 - Evaluate - INFO - ASR... Epoch: 0, Walltime: 19.805716 CPU time: 106.382392
2026-07-26 16:24:05,400 - Evaluate - INFO - ASR Module... Epoch: 0, RSS: 3.36 GB
2026-07-26 16:24:05,401 - Evaluate - INFO - ASR... Epoch: 0, Walltime: 20.560188 CPU time: 112.605826
2026-07-26 16:24:25,736 - Evaluate - INFO - ASR Module... Epoch: 0, RSS: 3.36 GB
2026-07-26 16:24:25,737 - Evaluate - INFO - ASR... Epoch: 0, Walltime: 20.332129 CPU time: 111.906962
2026-07-26 16:24:48,618 - Evaluate - INFO - ASR Module... Epoch: 0, RSS: 3.36 GB
2026-07-26 16:24:48,618 - Evaluate - INFO - ASR... Epoch: 0, Walltime: 22.875819 CPU time: 119.650642
2026-07-26 16:25:08,592 - Evaluate - INFO - ASR Module... Epoch: 0, RSS: 3.36 GB
2026-07-26 16:25:08,593 - Evaluate - INFO - ASR... Epoch: 0, Walltime: 19.968879 CPU time: 110.017208
2026-07-26 16:25:27,855 - Evaluate - INFO - ASR Module... Epoch: 0, RSS: 3.36 GB
2026-07-26 16:25:27,857 - Evaluate - INFO - ASR... Epoch: 0, Walltime: 19.259871 CPU time: 107.210308
2026-07-26 16:25:49,038 - Evaluate - INFO - ASR Module... Epoch: 0, RSS: 3.36 GB
2026-07-26 16:25:49,039 - Evaluate - INFO - ASR... Epoch: 0, Walltime: 21.177263 CPU time: 114.934378
2026-07-26 16:26:10,905 - Evaluate - INFO - ASR Module... Epoch: 0, RSS: 3.36 GB
2026-07-26 16:26:10,906 - Evaluate - INFO - ASR... Epoch: 0, Walltime: 21.862291 CPU time: 119.567385
2026-07-26 16:26:31,206 - Evaluate - INFO - ASR Module... Epoch: 0, RSS: 3.36 GB
2026-07-26 16:26:31,208 - Evaluate - INFO - ASR... Epoch: 0, Walltime: 20.297506 CPU time: 111.455471
2026-07-26 16:26:51,266 - Evaluate - INFO - ASR Module... Epoch: 0, RSS: 3.36 GB
2026-07-26 16:26:51,267 - Evaluate - INFO - ASR... Epoch: 0, Walltime: 20.055510 CPU time: 107.168942
2026-07-26 16:27:11,499 - Evaluate - INFO - ASR Module... Epoch: 0, RSS: 3.36 GB
2026-07-26 16:27:11,500 - Evaluate - INFO - ASR... Epoch: 0, Walltime: 20.229225 CPU time: 110.269256
2026-07-26 16:27:31,571 - Evaluate - INFO - ASR Module... Epoch: 0, RSS: 3.36 GB
2026-07-26 16:27:31,572 - Evaluate - INFO - ASR... Epoch: 0, Walltime: 20.067195 CPU time: 109.857392
2026-07-26 16:27:52,716 - Evaluate - INFO - ASR Module... Epoch: 0, RSS: 3.36 GB
2026-07-26 16:27:52,717 - Evaluate - INFO - ASR... Epoch: 0, Walltime: 21.139992 CPU time: 113.607552
2026-07-26 16:28:13,630 - Evaluate - INFO - ASR Module... Epoch: 0, RSS: 3.36 GB
2026-07-26 16:28:13,631 - Evaluate - INFO - ASR... Epoch: 0, Walltime: 20.909002 CPU time: 115.424152
2026-07-26 16:28:34,497 - Evaluate - INFO - ASR Module... Epoch: 0, RSS: 3.36 GB
2026-07-26 16:28:34,497 - Evaluate - INFO - ASR... Epoch: 0, Walltime: 20.861969 CPU time: 111.014301
2026-07-26 16:28:55,526 - Evaluate - INFO - ASR Module... Epoch: 0, RSS: 3.36 GB
2026-07-26 16:28:55,527 - Evaluate - INFO - ASR... Epoch: 0, Walltime: 21.024386 CPU time: 112.530586
2026-07-26 16:29:15,693 - Evaluate - INFO - ASR Module... Epoch: 0, RSS: 3.36 GB
2026-07-26 16:29:15,694 - Evaluate - INFO - ASR... Epoch: 0, Walltime: 20.163224 CPU time: 111.384517
2026-07-26 16:29:39,231 - Evaluate - INFO - ASR Module... Epoch: 0, RSS: 3.36 GB
2026-07-26 16:29:39,232 - Evaluate - INFO - ASR... Epoch: 0, Walltime: 23.531095 CPU time: 122.863098
2026-07-26 16:29:59,192 - Evaluate - INFO - ASR Module... Epoch: 0, RSS: 3.36 GB
2026-07-26 16:29:59,193 - Evaluate - INFO - ASR... Epoch: 0, Walltime: 19.956757 CPU time: 110.509135
2026-07-26 16:30:20,528 - Evaluate - INFO - ASR Module... Epoch: 0, RSS: 3.36 GB
2026-07-26 16:30:20,529 - Evaluate - INFO - ASR... Epoch: 0, Walltime: 21.329096 CPU time: 117.522467
2026-07-26 16:30:40,693 - Evaluate - INFO - ASR Module... Epoch: 0, RSS: 3.36 GB
2026-07-26 16:30:40,695 - Evaluate - INFO - ASR... Epoch: 0, Walltime: 20.161617 CPU time: 112.133692
2026-07-26 16:31:01,464 - Evaluate - INFO - ASR Module... Epoch: 0, RSS: 3.36 GB
2026-07-26 16:31:01,465 - Evaluate - INFO - ASR... Epoch: 0, Walltime: 20.765253 CPU time: 114.264117
2026-07-26 16:31:21,048 - Evaluate - INFO - ASR Module... Epoch: 0, RSS: 3.36 GB
2026-07-26 16:31:21,050 - Evaluate - INFO - ASR... Epoch: 0, Walltime: 19.580006 CPU time: 108.543945
2026-07-26 16:31:41,596 - Evaluate - INFO - ASR Module... Epoch: 0, RSS: 3.36 GB
2026-07-26 16:31:41,597 - Evaluate - INFO - ASR... Epoch: 0, Walltime: 20.543035 CPU time: 113.205683
2026-07-26 16:32:02,053 - Evaluate - INFO - ASR Module... Epoch: 0, RSS: 3.36 GB
2026-07-26 16:32:02,054 - Evaluate - INFO - ASR... Epoch: 0, Walltime: 20.451637 CPU time: 112.777867
2026-07-26 16:32:22,099 - Evaluate - INFO - ASR Module... Epoch: 0, RSS: 3.36 GB
2026-07-26 16:32:22,100 - Evaluate - INFO - ASR... Epoch: 0, Walltime: 20.041466 CPU time: 110.770878
2026-07-26 16:32:42,038 - Evaluate - INFO - ASR Module... Epoch: 0, RSS: 3.36 GB
2026-07-26 16:32:42,039 - Evaluate - INFO - ASR... Epoch: 0, Walltime: 19.934219 CPU time: 110.286254
2026-07-26 16:33:02,814 - Evaluate - INFO - ASR Module... Epoch: 0, RSS: 3.36 GB
2026-07-26 16:33:02,816 - Evaluate - INFO - ASR... Epoch: 0, Walltime: 20.772027 CPU time: 114.737321
2026-07-26 16:33:23,677 - Evaluate - INFO - ASR Module... Epoch: 0, RSS: 3.36 GB
2026-07-26 16:33:23,678 - Evaluate - INFO - ASR... Epoch: 0, Walltime: 20.857618 CPU time: 115.154127
2026-07-26 16:33:42,415 - Evaluate - INFO - ASR Module... Epoch: 0, RSS: 3.36 GB
2026-07-26 16:33:42,416 - Evaluate - INFO - ASR... Epoch: 0, Walltime: 18.733865 CPU time: 103.676196
2026-07-26 16:34:02,045 - Evaluate - INFO - ASR Module... Epoch: 0, RSS: 3.36 GB
2026-07-26 16:34:02,046 - Evaluate - INFO - ASR... Epoch: 0, Walltime: 19.627762 CPU time: 104.543185
2026-07-26 16:34:21,867 - Evaluate - INFO - ASR Module... Epoch: 0, RSS: 3.36 GB
2026-07-26 16:34:21,868 - Evaluate - INFO - ASR... Epoch: 0, Walltime: 19.818349 CPU time: 107.737932
2026-07-26 16:34:42,288 - Evaluate - INFO - ASR Module... Epoch: 0, RSS: 3.36 GB
2026-07-26 16:34:42,289 - Evaluate - INFO - ASR... Epoch: 0, Walltime: 20.416023 CPU time: 107.763769
2026-07-26 16:35:01,404 - Evaluate - INFO - ASR Module... Epoch: 0, RSS: 3.36 GB
2026-07-26 16:35:01,405 - Evaluate - INFO - ASR... Epoch: 0, Walltime: 19.112422 CPU time: 104.822690
2026-07-26 16:35:21,421 - Evaluate - INFO - ASR Module... Epoch: 0, RSS: 3.36 GB
2026-07-26 16:35:21,422 - Evaluate - INFO - ASR... Epoch: 0, Walltime: 20.013011 CPU time: 110.466669
2026-07-26 16:35:41,145 - Evaluate - INFO - ASR Module... Epoch: 0, RSS: 3.36 GB
2026-07-26 16:35:41,146 - Evaluate - INFO - ASR... Epoch: 0, Walltime: 19.719097 CPU time: 109.581643
2026-07-26 16:36:01,034 - Evaluate - INFO - ASR Module... Epoch: 0, RSS: 3.36 GB
2026-07-26 16:36:01,035 - Evaluate - INFO - ASR... Epoch: 0, Walltime: 19.885346 CPU time: 109.628067
2026-07-26 16:36:20,322 - Evaluate - INFO - ASR Module... Epoch: 0, RSS: 3.36 GB
2026-07-26 16:36:20,323 - Evaluate - INFO - ASR... Epoch: 0, Walltime: 19.283756 CPU time: 106.641233
2026-07-26 16:36:40,064 - Evaluate - INFO - ASR Module... Epoch: 0, RSS: 3.36 GB
2026-07-26 16:36:40,066 - Evaluate - INFO - ASR... Epoch: 0, Walltime: 19.737918 CPU time: 109.479771
2026-07-26 16:36:59,441 - Evaluate - INFO - ASR Module... Epoch: 0, RSS: 3.36 GB
2026-07-26 16:36:59,442 - Evaluate - INFO - ASR... Epoch: 0, Walltime: 19.371937 CPU time: 107.362683
2026-07-26 16:37:19,342 - Evaluate - INFO - ASR Module... Epoch: 0, RSS: 3.36 GB
2026-07-26 16:37:19,343 - Evaluate - INFO - ASR... Epoch: 0, Walltime: 19.896683 CPU time: 109.831984
2026-07-26 16:37:38,750 - Evaluate - INFO - ASR Module... Epoch: 0, RSS: 3.36 GB
2026-07-26 16:37:38,751 - Evaluate - INFO - ASR... Epoch: 0, Walltime: 19.403933 CPU time: 107.705566
2026-07-26 16:37:58,264 - Evaluate - INFO - ASR Module... Epoch: 0, RSS: 3.36 GB
2026-07-26 16:37:58,265 - Evaluate - INFO - ASR... Epoch: 0, Walltime: 19.510442 CPU time: 108.311120
2026-07-26 16:38:18,038 - Evaluate - INFO - ASR Module... Epoch: 0, RSS: 3.36 GB
2026-07-26 16:38:18,039 - Evaluate - INFO - ASR... Epoch: 0, Walltime: 19.770256 CPU time: 108.123653
2026-07-26 16:38:36,890 - Evaluate - INFO - ASR Module... Epoch: 0, RSS: 3.36 GB
2026-07-26 16:38:36,891 - Evaluate - INFO - ASR... Epoch: 0, Walltime: 18.848248 CPU time: 105.237045
2026-07-26 16:38:55,725 - Evaluate - INFO - ASR Module... Epoch: 0, RSS: 3.36 GB
2026-07-26 16:38:55,726 - Evaluate - INFO - ASR... Epoch: 0, Walltime: 18.831055 CPU time: 104.705778
2026-07-26 16:39:15,543 - Evaluate - INFO - ASR Module... Epoch: 0, RSS: 3.36 GB
2026-07-26 16:39:15,544 - Evaluate - INFO - ASR... Epoch: 0, Walltime: 19.814619 CPU time: 109.009757
2026-07-26 16:39:34,865 - Evaluate - INFO - ASR Module... Epoch: 0, RSS: 3.36 GB
2026-07-26 16:39:34,866 - Evaluate - INFO - ASR... Epoch: 0, Walltime: 19.316988 CPU time: 107.153242
2026-07-26 16:39:54,726 - Evaluate - INFO - ASR Module... Epoch: 0, RSS: 3.36 GB
2026-07-26 16:39:54,727 - Evaluate - INFO - ASR... Epoch: 0, Walltime: 19.857755 CPU time: 109.250876
2026-07-26 16:40:14,309 - Evaluate - INFO - ASR Module... Epoch: 0, RSS: 3.36 GB
2026-07-26 16:40:14,310 - Evaluate - INFO - ASR... Epoch: 0, Walltime: 19.579045 CPU time: 107.456479
2026-07-26 16:40:33,641 - Evaluate - INFO - ASR Module... Epoch: 0, RSS: 3.36 GB
2026-07-26 16:40:33,642 - Evaluate - INFO - ASR... Epoch: 0, Walltime: 19.327123 CPU time: 107.273782
2026-07-26 16:40:53,121 - Evaluate - INFO - ASR Module... Epoch: 0, RSS: 3.36 GB
2026-07-26 16:40:53,122 - Evaluate - INFO - ASR... Epoch: 0, Walltime: 19.475739 CPU time: 107.795144
2026-07-26 16:41:12,699 - Evaluate - INFO - ASR Module... Epoch: 0, RSS: 3.36 GB
2026-07-26 16:41:12,700 - Evaluate - INFO - ASR... Epoch: 0, Walltime: 19.574418 CPU time: 107.646703
2026-07-26 16:41:32,436 - Evaluate - INFO - ASR Module... Epoch: 0, RSS: 3.36 GB
2026-07-26 16:41:32,437 - Evaluate - INFO - ASR... Epoch: 0, Walltime: 19.733301 CPU time: 108.412233
2026-07-26 16:41:52,642 - Evaluate - INFO - ASR Module... Epoch: 0, RSS: 3.36 GB
2026-07-26 16:41:52,643 - Evaluate - INFO - ASR... Epoch: 0, Walltime: 20.202074 CPU time: 109.314419
2026-07-26 16:42:12,318 - Evaluate - INFO - ASR Module... Epoch: 0, RSS: 3.36 GB
2026-07-26 16:42:12,319 - Evaluate - INFO - ASR... Epoch: 0, Walltime: 19.671848 CPU time: 107.559701
2026-07-26 16:42:32,322 - Evaluate - INFO - ASR Module... Epoch: 0, RSS: 3.36 GB
2026-07-26 16:42:32,323 - Evaluate - INFO - ASR... Epoch: 0, Walltime: 19.999855 CPU time: 108.329560
2026-07-26 16:42:52,958 - Evaluate - INFO - ASR Module... Epoch: 0, RSS: 3.36 GB
2026-07-26 16:42:52,959 - Evaluate - INFO - ASR... Epoch: 0, Walltime: 20.631415 CPU time: 113.733552
2026-07-26 16:43:14,720 - Evaluate - INFO - ASR Module... Epoch: 0, RSS: 3.36 GB
2026-07-26 16:43:14,721 - Evaluate - INFO - ASR... Epoch: 0, Walltime: 21.757164 CPU time: 108.475923
2026-07-26 16:43:35,045 - Evaluate - INFO - ASR Module... Epoch: 0, RSS: 3.36 GB
2026-07-26 16:43:35,046 - Evaluate - INFO - ASR... Epoch: 0, Walltime: 20.320776 CPU time: 107.870535
2026-07-26 16:43:54,611 - Evaluate - INFO - ASR Module... Epoch: 0, RSS: 3.36 GB
2026-07-26 16:43:54,613 - Evaluate - INFO - ASR... Epoch: 0, Walltime: 19.563036 CPU time: 108.877395
2026-07-26 16:44:14,160 - Evaluate - INFO - ASR Module... Epoch: 0, RSS: 3.36 GB
2026-07-26 16:44:14,161 - Evaluate - INFO - ASR... Epoch: 0, Walltime: 19.543912 CPU time: 104.361807
2026-07-26 16:44:33,977 - Evaluate - INFO - ASR Module... Epoch: 0, RSS: 3.36 GB
2026-07-26 16:44:33,978 - Evaluate - INFO - ASR... Epoch: 0, Walltime: 19.812835 CPU time: 109.272321
2026-07-26 16:44:54,529 - Evaluate - INFO - ASR Module... Epoch: 0, RSS: 3.36 GB
2026-07-26 16:44:54,530 - Evaluate - INFO - ASR... Epoch: 0, Walltime: 20.548227 CPU time: 108.148944
2026-07-26 16:45:14,290 - Evaluate - INFO - ASR Module... Epoch: 0, RSS: 3.36 GB
2026-07-26 16:45:14,290 - Evaluate - INFO - ASR... Epoch: 0, Walltime: 19.756992 CPU time: 108.759178
2026-07-26 16:45:34,777 - Evaluate - INFO - ASR Module... Epoch: 0, RSS: 3.36 GB
2026-07-26 16:45:34,779 - Evaluate - INFO - ASR... Epoch: 0, Walltime: 20.483723 CPU time: 113.009264
2026-07-26 16:45:55,923 - Evaluate - INFO - ASR Module... Epoch: 0, RSS: 3.36 GB
2026-07-26 16:45:55,924 - Evaluate - INFO - ASR... Epoch: 0, Walltime: 21.141339 CPU time: 112.001805
2026-07-26 16:46:15,671 - Evaluate - INFO - ASR Module... Epoch: 0, RSS: 3.36 GB
2026-07-26 16:46:15,671 - Evaluate - INFO - ASR... Epoch: 0, Walltime: 19.742617 CPU time: 109.137074
2026-07-26 16:46:35,114 - Evaluate - INFO - ASR Module... Epoch: 0, RSS: 3.36 GB
2026-07-26 16:46:35,115 - Evaluate - INFO - ASR... Epoch: 0, Walltime: 19.440892 CPU time: 107.904018
2026-07-26 16:46:56,023 - Evaluate - INFO - ASR Module... Epoch: 0, RSS: 3.36 GB
2026-07-26 16:46:56,024 - Evaluate - INFO - ASR... Epoch: 0, Walltime: 20.903126 CPU time: 112.622835
2026-07-26 16:47:15,136 - Evaluate - INFO - ASR Module... Epoch: 0, RSS: 3.36 GB
2026-07-26 16:47:15,137 - Evaluate - INFO - ASR... Epoch: 0, Walltime: 19.108601 CPU time: 106.242308
2026-07-26 16:47:35,234 - Evaluate - INFO - ASR Module... Epoch: 0, RSS: 3.36 GB
2026-07-26 16:47:35,235 - Evaluate - INFO - ASR... Epoch: 0, Walltime: 20.093821 CPU time: 111.138249
2026-07-26 16:47:55,181 - Evaluate - INFO - ASR Module... Epoch: 0, RSS: 3.36 GB
2026-07-26 16:47:55,182 - Evaluate - INFO - ASR... Epoch: 0, Walltime: 19.941978 CPU time: 110.847893
2026-07-26 16:48:15,757 - Evaluate - INFO - ASR Module... Epoch: 0, RSS: 3.36 GB
2026-07-26 16:48:15,758 - Evaluate - INFO - ASR... Epoch: 0, Walltime: 20.571467 CPU time: 113.968085
2026-07-26 16:48:35,175 - Evaluate - INFO - ASR Module... Epoch: 0, RSS: 3.36 GB
2026-07-26 16:48:35,176 - Evaluate - INFO - ASR... Epoch: 0, Walltime: 19.411874 CPU time: 107.979440
2026-07-26 16:48:57,116 - Evaluate - INFO - ASR Module... Epoch: 0, RSS: 3.36 GB
2026-07-26 16:48:57,117 - Evaluate - INFO - ASR... Epoch: 0, Walltime: 21.936464 CPU time: 110.563180
2026-07-26 16:49:17,893 - Evaluate - INFO - ASR Module... Epoch: 0, RSS: 3.36 GB
2026-07-26 16:49:17,894 - Evaluate - INFO - ASR... Epoch: 0, Walltime: 20.771739 CPU time: 111.492156
2026-07-26 16:49:39,223 - Evaluate - INFO - ASR Module... Epoch: 0, RSS: 3.36 GB
2026-07-26 16:49:39,225 - Evaluate - INFO - ASR... Epoch: 0, Walltime: 21.325240 CPU time: 117.501284
2026-07-26 16:50:00,522 - Evaluate - INFO - ASR Module... Epoch: 0, RSS: 3.36 GB
2026-07-26 16:50:00,523 - Evaluate - INFO - ASR... Epoch: 0, Walltime: 21.293972 CPU time: 113.240375
2026-07-26 16:50:21,180 - Evaluate - INFO - ASR Module... Epoch: 0, RSS: 3.36 GB
2026-07-26 16:50:21,181 - Evaluate - INFO - ASR... Epoch: 0, Walltime: 20.650694 CPU time: 113.679605
2026-07-26 16:50:42,231 - Evaluate - INFO - ASR Module... Epoch: 0, RSS: 3.36 GB
2026-07-26 16:50:42,232 - Evaluate - INFO - ASR... Epoch: 0, Walltime: 21.046062 CPU time: 115.988151
2026-07-26 16:51:02,054 - Evaluate - INFO - ASR Module... Epoch: 0, RSS: 3.36 GB
2026-07-26 16:51:02,055 - Evaluate - INFO - ASR... Epoch: 0, Walltime: 19.817840 CPU time: 109.767457
2026-07-26 16:51:24,176 - Evaluate - INFO - ASR Module... Epoch: 0, RSS: 3.36 GB
2026-07-26 16:51:24,176 - Evaluate - INFO - ASR... Epoch: 0, Walltime: 22.116396 CPU time: 117.638153
2026-07-26 16:51:45,197 - Evaluate - INFO - ASR Module... Epoch: 0, RSS: 3.36 GB
2026-07-26 16:51:45,198 - Evaluate - INFO - ASR... Epoch: 0, Walltime: 21.016144 CPU time: 111.945395
2026-07-26 16:52:06,035 - Evaluate - INFO - ASR Module... Epoch: 0, RSS: 3.36 GB
2026-07-26 16:52:06,037 - Evaluate - INFO - ASR... Epoch: 0, Walltime: 20.833725 CPU time: 112.180555
2026-07-26 16:52:27,184 - Evaluate - INFO - ASR Module... Epoch: 0, RSS: 3.36 GB
2026-07-26 16:52:27,185 - Evaluate - INFO - ASR... Epoch: 0, Walltime: 21.142825 CPU time: 116.279376
2026-07-26 16:52:47,572 - Evaluate - INFO - ASR Module... Epoch: 0, RSS: 3.36 GB
2026-07-26 16:52:47,574 - Evaluate - INFO - ASR... Epoch: 0, Walltime: 20.382625 CPU time: 107.070750
2026-07-26 16:53:08,040 - Evaluate - INFO - ASR Module... Epoch: 0, RSS: 3.36 GB
2026-07-26 16:53:08,042 - Evaluate - INFO - ASR... Epoch: 0, Walltime: 20.463409 CPU time: 111.495883
2026-07-26 16:53:29,793 - Evaluate - INFO - ASR Module... Epoch: 0, RSS: 3.36 GB
2026-07-26 16:53:29,794 - Evaluate - INFO - ASR... Epoch: 0, Walltime: 21.745891 CPU time: 115.272899
2026-07-26 16:53:53,860 - Evaluate - INFO - ASR Module... Epoch: 0, RSS: 3.36 GB
2026-07-26 16:53:53,861 - Evaluate - INFO - ASR... Epoch: 0, Walltime: 24.061180 CPU time: 122.064956
2026-07-26 16:54:15,410 - Evaluate - INFO - ASR Module... Epoch: 0, RSS: 3.36 GB
2026-07-26 16:54:15,411 - Evaluate - INFO - ASR... Epoch: 0, Walltime: 21.542329 CPU time: 118.274221
2026-07-26 16:54:35,651 - Evaluate - INFO - ASR Module... Epoch: 0, RSS: 3.36 GB
2026-07-26 16:54:35,652 - Evaluate - INFO - ASR... Epoch: 0, Walltime: 20.236387 CPU time: 112.582317
2026-07-26 16:54:57,017 - Evaluate - INFO - ASR Module... Epoch: 0, RSS: 3.36 GB
2026-07-26 16:54:57,019 - Evaluate - INFO - ASR... Epoch: 0, Walltime: 21.358738 CPU time: 118.486703
2026-07-26 16:55:18,234 - Evaluate - INFO - ASR Module... Epoch: 0, RSS: 3.36 GB
2026-07-26 16:55:18,235 - Evaluate - INFO - ASR... Epoch: 0, Walltime: 21.210035 CPU time: 116.439369
2026-07-26 16:55:38,017 - Evaluate - INFO - ASR Module... Epoch: 0, RSS: 3.36 GB
2026-07-26 16:55:38,018 - Evaluate - INFO - ASR... Epoch: 0, Walltime: 19.777530 CPU time: 109.209935
2026-07-26 16:55:59,745 - Evaluate - INFO - ASR Module... Epoch: 0, RSS: 3.36 GB
2026-07-26 16:55:59,745 - Evaluate - INFO - ASR... Epoch: 0, Walltime: 21.723934 CPU time: 119.721868
2026-07-26 16:56:24,249 - Evaluate - INFO - ASR Module... Epoch: 0, RSS: 3.36 GB
2026-07-26 16:56:24,250 - Evaluate - INFO - ASR... Epoch: 0, Walltime: 24.498687 CPU time: 112.717843
2026-07-26 16:56:45,184 - Evaluate - INFO - ASR Module... Epoch: 0, RSS: 3.36 GB
2026-07-26 16:56:45,186 - Evaluate - INFO - ASR... Epoch: 0, Walltime: 20.929988 CPU time: 113.725499
2026-07-26 16:57:06,557 - Evaluate - INFO - ASR Module... Epoch: 0, RSS: 3.36 GB
2026-07-26 16:57:06,558 - Evaluate - INFO - ASR... Epoch: 0, Walltime: 21.367693 CPU time: 115.729210
2026-07-26 16:57:27,798 - Evaluate - INFO - ASR Module... Epoch: 0, RSS: 3.36 GB
2026-07-26 16:57:27,800 - Evaluate - INFO - ASR... Epoch: 0, Walltime: 21.235009 CPU time: 117.269586
2026-07-26 16:57:48,325 - Evaluate - INFO - ASR Module... Epoch: 0, RSS: 3.36 GB
2026-07-26 16:57:48,326 - Evaluate - INFO - ASR... Epoch: 0, Walltime: 20.521121 CPU time: 113.410206
2026-07-26 16:58:09,354 - Evaluate - INFO - ASR Module... Epoch: 0, RSS: 3.36 GB
2026-07-26 16:58:09,355 - Evaluate - INFO - ASR... Epoch: 0, Walltime: 21.024332 CPU time: 115.334787
2026-07-26 16:58:29,708 - Evaluate - INFO - ASR Module... Epoch: 0, RSS: 3.36 GB
2026-07-26 16:58:29,709 - Evaluate - INFO - ASR... Epoch: 0, Walltime: 20.347109 CPU time: 110.289304
2026-07-26 16:58:50,470 - Evaluate - INFO - ASR Module... Epoch: 0, RSS: 3.36 GB
2026-07-26 16:58:50,471 - Evaluate - INFO - ASR... Epoch: 0, Walltime: 20.757234 CPU time: 114.793862
2026-07-26 16:59:12,509 - Evaluate - INFO - ASR Module... Epoch: 0, RSS: 3.36 GB
2026-07-26 16:59:12,510 - Evaluate - INFO - ASR... Epoch: 0, Walltime: 22.031281 CPU time: 117.449550
2026-07-26 16:59:32,650 - Evaluate - INFO - ASR Module... Epoch: 0, RSS: 3.36 GB
2026-07-26 16:59:32,651 - Evaluate - INFO - ASR... Epoch: 0, Walltime: 20.136778 CPU time: 111.574755
2026-07-26 16:59:52,104 - Evaluate - INFO - ASR Module... Epoch: 0, RSS: 3.36 GB
2026-07-26 16:59:52,105 - Evaluate - INFO - ASR... Epoch: 0, Walltime: 19.447782 CPU time: 108.388407
2026-07-26 17:00:12,964 - Evaluate - INFO - ASR Module... Epoch: 0, RSS: 3.36 GB
2026-07-26 17:00:12,965 - Evaluate - INFO - ASR... Epoch: 0, Walltime: 20.855783 CPU time: 115.264445
2026-07-26 17:00:33,020 - Evaluate - INFO - ASR Module... Epoch: 0, RSS: 3.36 GB
2026-07-26 17:00:33,022 - Evaluate - INFO - ASR... Epoch: 0, Walltime: 20.050742 CPU time: 111.415730
2026-07-26 17:00:53,541 - Evaluate - INFO - ASR Module... Epoch: 0, RSS: 3.36 GB
2026-07-26 17:00:53,542 - Evaluate - INFO - ASR... Epoch: 0, Walltime: 20.515303 CPU time: 113.883153
2026-07-26 17:01:13,608 - Evaluate - INFO - ASR Module... Epoch: 0, RSS: 3.36 GB
2026-07-26 17:01:13,609 - Evaluate - INFO - ASR... Epoch: 0, Walltime: 20.060947 CPU time: 111.337124
2026-07-26 17:01:34,777 - Evaluate - INFO - ASR Module... Epoch: 0, RSS: 3.36 GB
2026-07-26 17:01:34,778 - Evaluate - INFO - ASR... Epoch: 0, Walltime: 21.164384 CPU time: 116.119191
2026-07-26 17:01:53,815 - Evaluate - INFO - ASR Module... Epoch: 0, RSS: 3.36 GB
2026-07-26 17:01:53,816 - Evaluate - INFO - ASR... Epoch: 0, Walltime: 19.032272 CPU time: 106.200311
2026-07-26 17:02:14,541 - Evaluate - INFO - ASR Module... Epoch: 0, RSS: 3.36 GB
2026-07-26 17:02:14,542 - Evaluate - INFO - ASR... Epoch: 0, Walltime: 20.721887 CPU time: 113.612789
2026-07-26 17:02:35,001 - Evaluate - INFO - ASR Module... Epoch: 0, RSS: 3.36 GB
2026-07-26 17:02:35,002 - Evaluate - INFO - ASR... Epoch: 0, Walltime: 20.454313 CPU time: 113.140425
2026-07-26 17:02:54,521 - Evaluate - INFO - ASR Module... Epoch: 0, RSS: 3.36 GB
2026-07-26 17:02:54,522 - Evaluate - INFO - ASR... Epoch: 0, Walltime: 19.515593 CPU time: 108.531085
2026-07-26 17:03:14,042 - Evaluate - INFO - ASR Module... Epoch: 0, RSS: 3.36 GB
2026-07-26 17:03:14,043 - Evaluate - INFO - ASR... Epoch: 0, Walltime: 19.516355 CPU time: 108.069040
2026-07-26 17:03:34,298 - Evaluate - INFO - ASR Module... Epoch: 0, RSS: 3.36 GB
2026-07-26 17:03:34,299 - Evaluate - INFO - ASR... Epoch: 0, Walltime: 20.251200 CPU time: 110.609527
2026-07-26 17:03:53,845 - Evaluate - INFO - ASR Module... Epoch: 0, RSS: 3.36 GB
2026-07-26 17:03:53,847 - Evaluate - INFO - ASR... Epoch: 0, Walltime: 19.543258 CPU time: 108.242371
2026-07-26 17:04:14,271 - Evaluate - INFO - ASR Module... Epoch: 0, RSS: 3.36 GB
2026-07-26 17:04:14,271 - Evaluate - INFO - ASR... Epoch: 0, Walltime: 20.420228 CPU time: 113.296454
2026-07-26 17:04:35,130 - Evaluate - INFO - ASR Module... Epoch: 0, RSS: 3.36 GB
2026-07-26 17:04:35,131 - Evaluate - INFO - ASR... Epoch: 0, Walltime: 20.854432 CPU time: 115.234680
2026-07-26 17:04:58,896 - Evaluate - INFO - ASR Module... Epoch: 0, RSS: 3.36 GB
2026-07-26 17:04:58,897 - Evaluate - INFO - ASR... Epoch: 0, Walltime: 23.760417 CPU time: 117.638459
2026-07-26 17:05:19,392 - Evaluate - INFO - ASR Module... Epoch: 0, RSS: 3.36 GB
2026-07-26 17:05:19,393 - Evaluate - INFO - ASR... Epoch: 0, Walltime: 20.490753 CPU time: 111.316215
2026-07-26 17:05:41,765 - Evaluate - INFO - ASR Module... Epoch: 0, RSS: 3.36 GB
2026-07-26 17:05:41,766 - Evaluate - INFO - ASR... Epoch: 0, Walltime: 22.365722 CPU time: 114.492585
2026-07-26 17:06:04,892 - Evaluate - INFO - ASR Module... Epoch: 0, RSS: 3.36 GB
2026-07-26 17:06:04,893 - Evaluate - INFO - ASR... Epoch: 0, Walltime: 23.122905 CPU time: 111.849095
2026-07-26 17:06:25,055 - Evaluate - INFO - ASR Module... Epoch: 0, RSS: 3.36 GB
2026-07-26 17:06:25,056 - Evaluate - INFO - ASR... Epoch: 0, Walltime: 20.157410 CPU time: 111.045301
2026-07-26 17:06:45,324 - Evaluate - INFO - ASR Module... Epoch: 0, RSS: 3.36 GB
2026-07-26 17:06:45,324 - Evaluate - INFO - ASR... Epoch: 0, Walltime: 20.264241 CPU time: 110.998885
2026-07-26 17:07:05,623 - Evaluate - INFO - ASR Module... Epoch: 0, RSS: 3.36 GB
2026-07-26 17:07:05,624 - Evaluate - INFO - ASR... Epoch: 0, Walltime: 20.293475 CPU time: 110.737227
2026-07-26 17:07:25,462 - Evaluate - INFO - ASR Module... Epoch: 0, RSS: 3.36 GB
2026-07-26 17:07:25,463 - Evaluate - INFO - ASR... Epoch: 0, Walltime: 19.834410 CPU time: 110.304024
2026-07-26 17:07:47,602 - Evaluate - INFO - ASR Module... Epoch: 0, RSS: 3.36 GB
2026-07-26 17:07:47,602 - Evaluate - INFO - ASR... Epoch: 0, Walltime: 22.134225 CPU time: 110.917366
2026-07-26 17:08:12,692 - Evaluate - INFO - ASR Module... Epoch: 0, RSS: 3.36 GB
2026-07-26 17:08:12,693 - Evaluate - INFO - ASR... Epoch: 0, Walltime: 25.085387 CPU time: 114.144315
2026-07-26 17:08:33,846 - Evaluate - INFO - ASR Module... Epoch: 0, RSS: 3.36 GB
2026-07-26 17:08:33,846 - Evaluate - INFO - ASR... Epoch: 0, Walltime: 21.148305 CPU time: 112.289300
2026-07-26 17:08:53,480 - Evaluate - INFO - ASR Module... Epoch: 0, RSS: 3.36 GB
2026-07-26 17:08:53,481 - Evaluate - INFO - ASR... Epoch: 0, Walltime: 19.629566 CPU time: 108.939566
2026-07-26 17:09:13,083 - Evaluate - INFO - ASR Module... Epoch: 0, RSS: 3.36 GB
2026-07-26 17:09:13,084 - Evaluate - INFO - ASR... Epoch: 0, Walltime: 19.598548 CPU time: 108.000889
2026-07-26 17:09:32,197 - Evaluate - INFO - ASR Module... Epoch: 0, RSS: 3.36 GB
2026-07-26 17:09:32,198 - Evaluate - INFO - ASR... Epoch: 0, Walltime: 19.109214 CPU time: 106.279864
2026-07-26 17:09:52,729 - Evaluate - INFO - ASR Module... Epoch: 0, RSS: 3.36 GB
2026-07-26 17:09:52,730 - Evaluate - INFO - ASR... Epoch: 0, Walltime: 20.527633 CPU time: 112.709132
2026-07-26 17:10:12,407 - Evaluate - INFO - ASR Module... Epoch: 0, RSS: 3.36 GB
2026-07-26 17:10:12,408 - Evaluate - INFO - ASR... Epoch: 0, Walltime: 19.673941 CPU time: 108.867679
2026-07-26 17:10:33,377 - Evaluate - INFO - ASR Module... Epoch: 0, RSS: 3.36 GB
2026-07-26 17:10:33,378 - Evaluate - INFO - ASR... Epoch: 0, Walltime: 20.966018 CPU time: 107.141295
2026-07-26 17:10:53,881 - Evaluate - INFO - ASR Module... Epoch: 0, RSS: 3.36 GB
2026-07-26 17:10:53,882 - Evaluate - INFO - ASR... Epoch: 0, Walltime: 20.498913 CPU time: 113.342970
2026-07-26 17:11:14,744 - Evaluate - INFO - ASR Module... Epoch: 0, RSS: 3.36 GB
2026-07-26 17:11:14,745 - Evaluate - INFO - ASR... Epoch: 0, Walltime: 20.859389 CPU time: 114.395559
2026-07-26 17:11:35,171 - Evaluate - INFO - ASR Module... Epoch: 0, RSS: 3.36 GB
2026-07-26 17:11:35,172 - Evaluate - INFO - ASR... Epoch: 0, Walltime: 20.421136 CPU time: 113.056094
2026-07-26 17:11:56,045 - Evaluate - INFO - ASR Module... Epoch: 0, RSS: 3.36 GB
2026-07-26 17:11:56,046 - Evaluate - INFO - ASR... Epoch: 0, Walltime: 20.869470 CPU time: 111.852566
2026-07-26 17:12:17,488 - Evaluate - INFO - ASR Module... Epoch: 0, RSS: 3.36 GB
2026-07-26 17:12:17,489 - Evaluate - INFO - ASR... Epoch: 0, Walltime: 21.438675 CPU time: 115.614201
2026-07-26 17:12:36,940 - Evaluate - INFO - ASR Module... Epoch: 0, RSS: 3.36 GB
2026-07-26 17:12:36,942 - Evaluate - INFO - ASR... Epoch: 0, Walltime: 19.447790 CPU time: 108.109487
2026-07-26 17:12:58,635 - Evaluate - INFO - ASR Module... Epoch: 0, RSS: 3.36 GB
2026-07-26 17:12:58,636 - Evaluate - INFO - ASR... Epoch: 0, Walltime: 21.689190 CPU time: 113.625819
2026-07-26 17:13:20,491 - Evaluate - INFO - ASR Module... Epoch: 0, RSS: 3.36 GB
2026-07-26 17:13:20,493 - Evaluate - INFO - ASR... Epoch: 0, Walltime: 21.848776 CPU time: 120.294284
2026-07-26 17:13:42,829 - Evaluate - INFO - ASR Module... Epoch: 0, RSS: 3.36 GB
2026-07-26 17:13:42,830 - Evaluate - INFO - ASR... Epoch: 0, Walltime: 22.330627 CPU time: 122.120423
2026-07-26 17:14:04,745 - Evaluate - INFO - ASR Module... Epoch: 0, RSS: 3.36 GB
2026-07-26 17:14:04,746 - Evaluate - INFO - ASR... Epoch: 0, Walltime: 21.908215 CPU time: 119.236807
2026-07-26 17:14:26,288 - Evaluate - INFO - ASR Module... Epoch: 0, RSS: 3.36 GB
2026-07-26 17:14:26,289 - Evaluate - INFO - ASR... Epoch: 0, Walltime: 21.536856 CPU time: 119.109386
2026-07-26 17:14:47,951 - Evaluate - INFO - ASR Module... Epoch: 0, RSS: 3.36 GB
2026-07-26 17:14:47,953 - Evaluate - INFO - ASR... Epoch: 0, Walltime: 21.657489 CPU time: 119.256802
2026-07-26 17:15:11,961 - Evaluate - INFO - ASR Module... Epoch: 0, RSS: 3.36 GB
2026-07-26 17:15:11,962 - Evaluate - INFO - ASR... Epoch: 0, Walltime: 24.002039 CPU time: 131.011374
2026-07-26 17:15:40,382 - Evaluate - INFO - ASR Module... Epoch: 0, RSS: 3.36 GB
2026-07-26 17:15:40,383 - Evaluate - INFO - ASR... Epoch: 0, Walltime: 28.412206 CPU time: 130.546473
2026-07-26 17:16:03,202 - Evaluate - INFO - ASR Module... Epoch: 0, RSS: 3.36 GB
2026-07-26 17:16:03,204 - Evaluate - INFO - ASR... Epoch: 0, Walltime: 22.814769 CPU time: 122.039315
2026-07-26 17:16:27,574 - Evaluate - INFO - ASR Module... Epoch: 0, RSS: 3.36 GB
2026-07-26 17:16:27,575 - Evaluate - INFO - ASR... Epoch: 0, Walltime: 24.364209 CPU time: 133.135168
2026-07-26 17:16:47,048 - Evaluate - INFO - ASR Module... Epoch: 0, RSS: 3.36 GB
2026-07-26 17:16:47,049 - Evaluate - INFO - ASR... Epoch: 0, Walltime: 19.467388 CPU time: 106.092018
2026-07-26 17:17:11,682 - Evaluate - INFO - ASR Module... Epoch: 0, RSS: 3.36 GB
2026-07-26 17:17:11,683 - Evaluate - INFO - ASR... Epoch: 0, Walltime: 24.625978 CPU time: 133.144753
2026-07-26 17:17:37,463 - Evaluate - INFO - ASR Module... Epoch: 0, RSS: 3.36 GB
2026-07-26 17:17:37,464 - Evaluate - INFO - ASR... Epoch: 0, Walltime: 25.770613 CPU time: 141.215002
2026-07-26 17:18:01,254 - Evaluate - INFO - ASR Module... Epoch: 0, RSS: 3.36 GB
2026-07-26 17:18:01,254 - Evaluate - INFO - ASR... Epoch: 0, Walltime: 23.784317 CPU time: 130.005990
2026-07-26 17:18:26,646 - Evaluate - INFO - ASR Module... Epoch: 0, RSS: 3.36 GB
2026-07-26 17:18:26,647 - Evaluate - INFO - ASR... Epoch: 0, Walltime: 25.386359 CPU time: 129.761918
2026-07-26 17:18:49,422 - Evaluate - INFO - ASR Module... Epoch: 0, RSS: 3.36 GB
2026-07-26 17:18:49,423 - Evaluate - INFO - ASR... Epoch: 0, Walltime: 22.768473 CPU time: 124.900653
2026-07-26 17:19:10,290 - Evaluate - INFO - ASR Module... Epoch: 0, RSS: 3.36 GB
2026-07-26 17:19:10,291 - Evaluate - INFO - ASR... Epoch: 0, Walltime: 20.862380 CPU time: 112.922459
2026-07-26 17:19:31,783 - Evaluate - INFO - ASR Module... Epoch: 0, RSS: 3.36 GB
2026-07-26 17:19:31,784 - Evaluate - INFO - ASR... Epoch: 0, Walltime: 21.487769 CPU time: 118.472776
2026-07-26 17:19:54,755 - Evaluate - INFO - ASR Module... Epoch: 0, RSS: 3.36 GB
2026-07-26 17:19:54,756 - Evaluate - INFO - ASR... Epoch: 0, Walltime: 22.967773 CPU time: 106.085440
2026-07-26 17:20:17,282 - Evaluate - INFO - ASR Module... Epoch: 0, RSS: 3.36 GB
2026-07-26 17:20:17,283 - Evaluate - INFO - ASR... Epoch: 0, Walltime: 22.522096 CPU time: 123.540114
2026-07-26 17:20:40,526 - Evaluate - INFO - ASR Module... Epoch: 0, RSS: 3.36 GB
2026-07-26 17:20:40,527 - Evaluate - INFO - ASR... Epoch: 0, Walltime: 23.238360 CPU time: 124.495862
2026-07-26 17:20:59,719 - Evaluate - INFO - ASR Module... Epoch: 0, RSS: 3.36 GB
2026-07-26 17:20:59,720 - Evaluate - INFO - ASR... Epoch: 0, Walltime: 19.187873 CPU time: 106.774203
2026-07-26 17:21:23,550 - Evaluate - INFO - ASR Module... Epoch: 0, RSS: 3.36 GB
2026-07-26 17:21:23,551 - Evaluate - INFO - ASR... Epoch: 0, Walltime: 23.826213 CPU time: 115.852803
2026-07-26 17:21:47,752 - Evaluate - INFO - ASR Module... Epoch: 0, RSS: 3.36 GB
2026-07-26 17:21:47,753 - Evaluate - INFO - ASR... Epoch: 0, Walltime: 24.196137 CPU time: 124.016334
2026-07-26 17:22:10,058 - Evaluate - INFO - ASR Module... Epoch: 0, RSS: 3.36 GB
2026-07-26 17:22:10,059 - Evaluate - INFO - ASR... Epoch: 0, Walltime: 22.299725 CPU time: 122.652321
2026-07-26 17:22:33,880 - Evaluate - INFO - ASR Module... Epoch: 0, RSS: 3.36 GB
2026-07-26 17:22:33,881 - Evaluate - INFO - ASR... Epoch: 0, Walltime: 23.816464 CPU time: 128.845456
2026-07-26 17:22:57,602 - Evaluate - INFO - ASR Module... Epoch: 0, RSS: 3.36 GB
2026-07-26 17:22:57,603 - Evaluate - INFO - ASR... Epoch: 0, Walltime: 23.714584 CPU time: 116.052056
2026-07-26 17:23:20,240 - Evaluate - INFO - ASR Module... Epoch: 0, RSS: 3.36 GB
2026-07-26 17:23:20,241 - Evaluate - INFO - ASR... Epoch: 0, Walltime: 22.632104 CPU time: 109.515961
2026-07-26 17:23:44,985 - Evaluate - INFO - ASR Module... Epoch: 0, RSS: 3.36 GB
2026-07-26 17:23:44,986 - Evaluate - INFO - ASR... Epoch: 0, Walltime: 24.739398 CPU time: 121.404206
2026-07-26 17:24:09,066 - Evaluate - INFO - ASR Module... Epoch: 0, RSS: 3.36 GB
2026-07-26 17:24:09,066 - Evaluate - INFO - ASR... Epoch: 0, Walltime: 24.076116 CPU time: 119.617429
2026-07-26 17:24:28,690 - Evaluate - INFO - ASR Module... Epoch: 0, RSS: 3.36 GB
2026-07-26 17:24:28,691 - Evaluate - INFO - ASR... Epoch: 0, Walltime: 19.620746 CPU time: 106.502251
2026-07-26 17:24:50,007 - Evaluate - INFO - ASR Module... Epoch: 0, RSS: 3.36 GB
2026-07-26 17:24:50,008 - Evaluate - INFO - ASR... Epoch: 0, Walltime: 21.311280 CPU time: 116.987289
2026-07-26 17:25:10,221 - Evaluate - INFO - ASR Module... Epoch: 0, RSS: 3.36 GB
2026-07-26 17:25:10,222 - Evaluate - INFO - ASR... Epoch: 0, Walltime: 20.209463 CPU time: 111.360850
2026-07-26 17:25:38,604 - Evaluate - INFO - ASR Module... Epoch: 0, RSS: 3.36 GB
2026-07-26 17:25:38,605 - Evaluate - INFO - ASR... Epoch: 0, Walltime: 28.376976 CPU time: 126.507373
2026-07-26 17:26:01,914 - Evaluate - INFO - ASR Module... Epoch: 0, RSS: 3.36 GB
2026-07-26 17:26:01,915 - Evaluate - INFO - ASR... Epoch: 0, Walltime: 23.303416 CPU time: 127.585508
2026-07-26 17:26:23,720 - Evaluate - INFO - ASR Module... Epoch: 0, RSS: 3.36 GB
2026-07-26 17:26:23,721 - Evaluate - INFO - ASR... Epoch: 0, Walltime: 21.800049 CPU time: 118.746797
2026-07-26 17:26:44,320 - Evaluate - INFO - ASR Module... Epoch: 0, RSS: 3.36 GB
2026-07-26 17:26:44,321 - Evaluate - INFO - ASR... Epoch: 0, Walltime: 20.594020 CPU time: 114.357254
2026-07-26 17:27:11,326 - Evaluate - INFO - ASR Module... Epoch: 0, RSS: 3.36 GB
2026-07-26 17:27:11,327 - Evaluate - INFO - ASR... Epoch: 0, Walltime: 27.000550 CPU time: 116.878977
2026-07-26 17:27:32,036 - Evaluate - INFO - ASR Module... Epoch: 0, RSS: 3.36 GB
2026-07-26 17:27:32,037 - Evaluate - INFO - ASR... Epoch: 0, Walltime: 20.704654 CPU time: 112.924496
2026-07-26 17:27:52,914 - Evaluate - INFO - ASR Module... Epoch: 0, RSS: 3.36 GB
2026-07-26 17:27:52,915 - Evaluate - INFO - ASR... Epoch: 0, Walltime: 20.872675 CPU time: 114.961301
2026-07-26 17:28:12,771 - Evaluate - INFO - ASR Module... Epoch: 0, RSS: 3.36 GB
2026-07-26 17:28:12,772 - Evaluate - INFO - ASR... Epoch: 0, Walltime: 19.852857 CPU time: 109.978519
2026-07-26 17:28:35,015 - Evaluate - INFO - ASR Module... Epoch: 0, RSS: 3.36 GB
2026-07-26 17:28:35,017 - Evaluate - INFO - ASR... Epoch: 0, Walltime: 22.237290 CPU time: 120.000721
2026-07-26 17:28:56,649 - Evaluate - INFO - ASR Module... Epoch: 0, RSS: 3.36 GB
2026-07-26 17:28:56,650 - Evaluate - INFO - ASR... Epoch: 0, Walltime: 21.628117 CPU time: 119.338556
2026-07-26 17:29:18,255 - Evaluate - INFO - ASR Module... Epoch: 0, RSS: 3.36 GB
2026-07-26 17:29:18,256 - Evaluate - INFO - ASR... Epoch: 0, Walltime: 21.598635 CPU time: 118.115625
2026-07-26 17:29:38,262 - Evaluate - INFO - ASR Module... Epoch: 0, RSS: 3.36 GB
2026-07-26 17:29:38,263 - Evaluate - INFO - ASR... Epoch: 0, Walltime: 20.001917 CPU time: 110.463994
2026-07-26 17:30:01,671 - Evaluate - INFO - ASR Module... Epoch: 0, RSS: 3.36 GB
2026-07-26 17:30:01,672 - Evaluate - INFO - ASR... Epoch: 0, Walltime: 23.402945 CPU time: 127.307195
2026-07-26 17:30:25,721 - Evaluate - INFO - ASR Module... Epoch: 0, RSS: 3.36 GB
2026-07-26 17:30:25,722 - Evaluate - INFO - ASR... Epoch: 0, Walltime: 24.042791 CPU time: 130.871833
2026-07-26 17:30:46,841 - Evaluate - INFO - ASR Module... Epoch: 0, RSS: 3.36 GB
2026-07-26 17:30:46,842 - Evaluate - INFO - ASR... Epoch: 0, Walltime: 21.114121 CPU time: 116.843181
2026-07-26 17:31:09,099 - Evaluate - INFO - ASR Module... Epoch: 0, RSS: 3.36 GB
2026-07-26 17:31:09,101 - Evaluate - INFO - ASR... Epoch: 0, Walltime: 22.251695 CPU time: 121.624993
2026-07-26 17:31:32,603 - Evaluate - INFO - ASR Module... Epoch: 0, RSS: 3.36 GB
2026-07-26 17:31:32,604 - Evaluate - INFO - ASR... Epoch: 0, Walltime: 23.498098 CPU time: 126.652133
2026-07-26 17:31:54,100 - Evaluate - INFO - ASR Module... Epoch: 0, RSS: 3.36 GB
2026-07-26 17:31:54,101 - Evaluate - INFO - ASR... Epoch: 0, Walltime: 21.490716 CPU time: 117.837816
2026-07-26 17:32:18,472 - Evaluate - INFO - ASR Module... Epoch: 0, RSS: 3.36 GB
2026-07-26 17:32:18,473 - Evaluate - INFO - ASR... Epoch: 0, Walltime: 24.365956 CPU time: 125.412653
2026-07-26 17:32:40,755 - Evaluate - INFO - ASR Module... Epoch: 0, RSS: 3.36 GB
2026-07-26 17:32:40,756 - Evaluate - INFO - ASR... Epoch: 0, Walltime: 22.276744 CPU time: 121.238953
2026-07-26 17:33:07,547 - Evaluate - INFO - ASR Module... Epoch: 0, RSS: 3.36 GB
2026-07-26 17:33:07,548 - Evaluate - INFO - ASR... Epoch: 0, Walltime: 26.783884 CPU time: 145.481965
2026-07-26 17:33:33,992 - Evaluate - INFO - ASR Module... Epoch: 0, RSS: 3.36 GB
2026-07-26 17:33:33,994 - Evaluate - INFO - ASR... Epoch: 0, Walltime: 26.438640 CPU time: 131.002397
2026-07-26 17:33:57,486 - Evaluate - INFO - ASR Module... Epoch: 0, RSS: 3.36 GB
2026-07-26 17:33:57,487 - Evaluate - INFO - ASR... Epoch: 0, Walltime: 23.486266 CPU time: 128.717698
2026-07-26 17:34:21,680 - Evaluate - INFO - ASR Module... Epoch: 0, RSS: 3.36 GB
2026-07-26 17:34:21,681 - Evaluate - INFO - ASR... Epoch: 0, Walltime: 24.188043 CPU time: 127.389486
2026-07-26 17:34:45,148 - Evaluate - INFO - ASR Module... Epoch: 0, RSS: 3.36 GB
2026-07-26 17:34:45,149 - Evaluate - INFO - ASR... Epoch: 0, Walltime: 23.462854 CPU time: 112.949023
2026-07-26 17:35:05,700 - Evaluate - INFO - ASR Module... Epoch: 0, RSS: 3.36 GB
2026-07-26 17:35:05,701 - Evaluate - INFO - ASR... Epoch: 0, Walltime: 20.547150 CPU time: 112.718793
2026-07-26 17:35:26,251 - Evaluate - INFO - ASR Module... Epoch: 0, RSS: 3.36 GB
2026-07-26 17:35:26,252 - Evaluate - INFO - ASR... Epoch: 0, Walltime: 20.545066 CPU time: 111.409100
2026-07-26 17:35:46,293 - Evaluate - INFO - ASR Module... Epoch: 0, RSS: 3.36 GB
2026-07-26 17:35:46,295 - Evaluate - INFO - ASR... Epoch: 0, Walltime: 20.037702 CPU time: 110.700153
2026-07-26 17:36:05,080 - Evaluate - INFO - ASR Module... Epoch: 0, RSS: 3.36 GB
2026-07-26 17:36:05,081 - Evaluate - INFO - ASR... Epoch: 0, Walltime: 18.782421 CPU time: 104.057224
2026-07-26 17:36:25,482 - Evaluate - INFO - ASR Module... Epoch: 0, RSS: 3.36 GB
2026-07-26 17:36:25,483 - Evaluate - INFO - ASR... Epoch: 0, Walltime: 20.396780 CPU time: 113.063104
2026-07-26 17:36:45,583 - Evaluate - INFO - ASR Module... Epoch: 0, RSS: 3.36 GB
2026-07-26 17:36:45,584 - Evaluate - INFO - ASR... Epoch: 0, Walltime: 20.096792 CPU time: 110.672071
2026-07-26 17:37:05,749 - Evaluate - INFO - ASR Module... Epoch: 0, RSS: 3.36 GB
2026-07-26 17:37:05,750 - Evaluate - INFO - ASR... Epoch: 0, Walltime: 20.159827 CPU time: 110.954493
2026-07-26 17:37:26,711 - Evaluate - INFO - ASR Module... Epoch: 0, RSS: 3.36 GB
2026-07-26 17:37:26,712 - Evaluate - INFO - ASR... Epoch: 0, Walltime: 20.957650 CPU time: 114.959854
2026-07-26 17:37:48,463 - Evaluate - INFO - ASR Module... Epoch: 0, RSS: 3.36 GB
2026-07-26 17:37:48,466 - Evaluate - INFO - ASR... Epoch: 0, Walltime: 21.744255 CPU time: 118.510000
2026-07-26 17:38:10,508 - Evaluate - INFO - ASR Module... Epoch: 0, RSS: 3.36 GB
2026-07-26 17:38:10,509 - Evaluate - INFO - ASR... Epoch: 0, Walltime: 22.037629 CPU time: 120.980379
2026-07-26 17:38:31,487 - Evaluate - INFO - ASR Module... Epoch: 0, RSS: 3.36 GB
2026-07-26 17:38:31,488 - Evaluate - INFO - ASR... Epoch: 0, Walltime: 20.974017 CPU time: 110.383001
2026-07-26 17:38:52,269 - Evaluate - INFO - ASR Module... Epoch: 0, RSS: 3.36 GB
2026-07-26 17:38:52,270 - Evaluate - INFO - ASR... Epoch: 0, Walltime: 20.776600 CPU time: 114.997849
2026-07-26 17:39:13,638 - Evaluate - INFO - ASR Module... Epoch: 0, RSS: 3.36 GB
2026-07-26 17:39:13,639 - Evaluate - INFO - ASR... Epoch: 0, Walltime: 21.364712 CPU time: 115.836077
2026-07-26 17:39:34,901 - Evaluate - INFO - ASR Module... Epoch: 0, RSS: 3.36 GB
2026-07-26 17:39:34,902 - Evaluate - INFO - ASR... Epoch: 0, Walltime: 21.258132 CPU time: 116.915139
2026-07-26 17:39:55,094 - Evaluate - INFO - ASR Module... Epoch: 0, RSS: 3.36 GB
2026-07-26 17:39:55,095 - Evaluate - INFO - ASR... Epoch: 0, Walltime: 20.187692 CPU time: 111.906827
2026-07-26 17:40:17,416 - Evaluate - INFO - ASR Module... Epoch: 0, RSS: 3.36 GB
2026-07-26 17:40:17,417 - Evaluate - INFO - ASR... Epoch: 0, Walltime: 22.317101 CPU time: 121.244092
2026-07-26 17:40:40,797 - Evaluate - INFO - ASR Module... Epoch: 0, RSS: 3.36 GB
2026-07-26 17:40:40,798 - Evaluate - INFO - ASR... Epoch: 0, Walltime: 23.373121 CPU time: 128.194296
2026-07-26 17:41:02,567 - Evaluate - INFO - ASR Module... Epoch: 0, RSS: 3.36 GB
2026-07-26 17:41:02,568 - Evaluate - INFO - ASR... Epoch: 0, Walltime: 21.765451 CPU time: 119.311325
2026-07-26 17:41:26,944 - Evaluate - INFO - ASR Module... Epoch: 0, RSS: 3.36 GB
2026-07-26 17:41:26,945 - Evaluate - INFO - ASR... Epoch: 0, Walltime: 24.368606 CPU time: 133.528028
2026-07-26 17:41:48,806 - Evaluate - INFO - ASR Module... Epoch: 0, RSS: 3.36 GB
2026-07-26 17:41:48,808 - Evaluate - INFO - ASR... Epoch: 0, Walltime: 21.856585 CPU time: 120.589249
2026-07-26 17:42:09,670 - Evaluate - INFO - ASR Module... Epoch: 0, RSS: 3.36 GB
2026-07-26 17:42:09,671 - Evaluate - INFO - ASR... Epoch: 0, Walltime: 20.857572 CPU time: 114.669550
2026-07-26 17:42:29,761 - Evaluate - INFO - ASR Module... Epoch: 0, RSS: 3.36 GB
2026-07-26 17:42:29,762 - Evaluate - INFO - ASR... Epoch: 0, Walltime: 20.086672 CPU time: 108.121289
2026-07-26 17:42:50,112 - Evaluate - INFO - ASR Module... Epoch: 0, RSS: 3.36 GB
2026-07-26 17:42:50,113 - Evaluate - INFO - ASR... Epoch: 0, Walltime: 20.347064 CPU time: 112.900039
2026-07-26 17:43:11,352 - Evaluate - INFO - ASR Module... Epoch: 0, RSS: 3.36 GB
2026-07-26 17:43:11,353 - Evaluate - INFO - ASR... Epoch: 0, Walltime: 21.235628 CPU time: 117.018005
2026-07-26 17:43:31,964 - Evaluate - INFO - ASR Module... Epoch: 0, RSS: 3.36 GB
2026-07-26 17:43:31,965 - Evaluate - INFO - ASR... Epoch: 0, Walltime: 20.607928 CPU time: 113.958695
2026-07-26 17:43:52,180 - Evaluate - INFO - ASR Module... Epoch: 0, RSS: 3.36 GB
2026-07-26 17:43:52,181 - Evaluate - INFO - ASR... Epoch: 0, Walltime: 20.211820 CPU time: 110.950234
2026-07-26 17:44:12,794 - Evaluate - INFO - ASR Module... Epoch: 0, RSS: 3.36 GB
2026-07-26 17:44:12,795 - Evaluate - INFO - ASR... Epoch: 0, Walltime: 20.610207 CPU time: 110.621273
2026-07-26 17:44:33,711 - Evaluate - INFO - ASR Module... Epoch: 0, RSS: 3.36 GB
2026-07-26 17:44:33,712 - Evaluate - INFO - ASR... Epoch: 0, Walltime: 20.913221 CPU time: 113.601694
2026-07-26 17:44:54,047 - Evaluate - INFO - ASR Module... Epoch: 0, RSS: 3.36 GB
2026-07-26 17:44:54,048 - Evaluate - INFO - ASR... Epoch: 0, Walltime: 20.331778 CPU time: 112.245359
2026-07-26 17:45:15,773 - Evaluate - INFO - ASR Module... Epoch: 0, RSS: 3.36 GB
2026-07-26 17:45:15,774 - Evaluate - INFO - ASR... Epoch: 0, Walltime: 21.721666 CPU time: 114.850881
2026-07-26 17:45:35,756 - Evaluate - INFO - ASR Module... Epoch: 0, RSS: 3.36 GB
2026-07-26 17:45:35,757 - Evaluate - INFO - ASR... Epoch: 0, Walltime: 19.979490 CPU time: 109.686052
2026-07-26 17:45:57,344 - Evaluate - INFO - ASR Module... Epoch: 0, RSS: 3.36 GB
2026-07-26 17:45:57,345 - Evaluate - INFO - ASR... Epoch: 0, Walltime: 21.581577 CPU time: 117.258089
2026-07-26 17:46:18,370 - Evaluate - INFO - ASR Module... Epoch: 0, RSS: 3.36 GB
2026-07-26 17:46:18,371 - Evaluate - INFO - ASR... Epoch: 0, Walltime: 21.022033 CPU time: 111.891275
2026-07-26 17:46:38,793 - Evaluate - INFO - ASR Module... Epoch: 0, RSS: 3.36 GB
2026-07-26 17:46:38,794 - Evaluate - INFO - ASR... Epoch: 0, Walltime: 20.417152 CPU time: 112.830046
2026-07-26 17:46:59,911 - Evaluate - INFO - ASR Module... Epoch: 0, RSS: 3.36 GB
2026-07-26 17:46:59,912 - Evaluate - INFO - ASR... Epoch: 0, Walltime: 21.113580 CPU time: 113.578171
2026-07-26 17:47:20,099 - Evaluate - INFO - ASR Module... Epoch: 0, RSS: 3.36 GB
2026-07-26 17:47:20,100 - Evaluate - INFO - ASR... Epoch: 0, Walltime: 20.183572 CPU time: 111.381093
2026-07-26 17:47:39,881 - Evaluate - INFO - ASR Module... Epoch: 0, RSS: 3.36 GB
2026-07-26 17:47:39,882 - Evaluate - INFO - ASR... Epoch: 0, Walltime: 19.778046 CPU time: 109.154249
2026-07-26 17:48:00,580 - Evaluate - INFO - ASR Module... Epoch: 0, RSS: 3.36 GB
2026-07-26 17:48:00,581 - Evaluate - INFO - ASR... Epoch: 0, Walltime: 20.694961 CPU time: 114.137956
2026-07-26 17:48:21,943 - Evaluate - INFO - ASR Module... Epoch: 0, RSS: 3.36 GB
2026-07-26 17:48:21,944 - Evaluate - INFO - ASR... Epoch: 0, Walltime: 21.358549 CPU time: 112.193068
2026-07-26 17:48:41,952 - Evaluate - INFO - ASR Module... Epoch: 0, RSS: 3.36 GB
2026-07-26 17:48:41,953 - Evaluate - INFO - ASR... Epoch: 0, Walltime: 20.005553 CPU time: 110.653288
2026-07-26 17:49:03,017 - Evaluate - INFO - ASR Module... Epoch: 0, RSS: 3.36 GB
2026-07-26 17:49:03,018 - Evaluate - INFO - ASR... Epoch: 0, Walltime: 21.060086 CPU time: 114.187216
2026-07-26 17:49:22,599 - Evaluate - INFO - ASR Module... Epoch: 0, RSS: 3.36 GB
2026-07-26 17:49:22,600 - Evaluate - INFO - ASR... Epoch: 0, Walltime: 19.577345 CPU time: 108.298262
2026-07-26 17:49:42,222 - Evaluate - INFO - ASR Module... Epoch: 0, RSS: 3.36 GB
2026-07-26 17:49:42,223 - Evaluate - INFO - ASR... Epoch: 0, Walltime: 19.619849 CPU time: 108.618919
2026-07-26 17:50:01,803 - Evaluate - INFO - ASR Module... Epoch: 0, RSS: 3.36 GB
2026-07-26 17:50:01,804 - Evaluate - INFO - ASR... Epoch: 0, Walltime: 19.576891 CPU time: 108.929672
2026-07-26 17:50:23,434 - Evaluate - INFO - ASR Module... Epoch: 0, RSS: 3.36 GB
2026-07-26 17:50:23,436 - Evaluate - INFO - ASR... Epoch: 0, Walltime: 21.625402 CPU time: 117.463913
2026-07-26 17:50:43,751 - Evaluate - INFO - ASR Module... Epoch: 0, RSS: 3.36 GB
2026-07-26 17:50:43,752 - Evaluate - INFO - ASR... Epoch: 0, Walltime: 20.310746 CPU time: 110.710661
2026-07-26 17:51:04,408 - Evaluate - INFO - ASR Module... Epoch: 0, RSS: 3.36 GB
2026-07-26 17:51:04,409 - Evaluate - INFO - ASR... Epoch: 0, Walltime: 20.653287 CPU time: 113.638534
2026-07-26 17:51:23,921 - Evaluate - INFO - ASR Module... Epoch: 0, RSS: 3.36 GB
2026-07-26 17:51:23,922 - Evaluate - INFO - ASR... Epoch: 0, Walltime: 19.508482 CPU time: 108.105971
2026-07-26 17:51:44,979 - Evaluate - INFO - ASR Module... Epoch: 0, RSS: 3.36 GB
2026-07-26 17:51:44,980 - Evaluate - INFO - ASR... Epoch: 0, Walltime: 21.053486 CPU time: 116.169919
2026-07-26 17:52:04,816 - Evaluate - INFO - ASR Module... Epoch: 0, RSS: 3.36 GB
2026-07-26 17:52:04,817 - Evaluate - INFO - ASR... Epoch: 0, Walltime: 19.832105 CPU time: 109.684504
2026-07-26 17:52:25,015 - Evaluate - INFO - ASR Module... Epoch: 0, RSS: 3.36 GB
2026-07-26 17:52:25,016 - Evaluate - INFO - ASR... Epoch: 0, Walltime: 20.195755 CPU time: 111.545743
2026-07-26 17:52:46,059 - Evaluate - INFO - ASR Module... Epoch: 0, RSS: 3.36 GB
2026-07-26 17:52:46,060 - Evaluate - INFO - ASR... Epoch: 0, Walltime: 21.039348 CPU time: 115.096726
2026-07-26 17:53:07,088 - Evaluate - INFO - ASR Module... Epoch: 0, RSS: 3.36 GB
2026-07-26 17:53:07,089 - Evaluate - INFO - ASR... Epoch: 0, Walltime: 21.024807 CPU time: 111.653645
2026-07-26 17:53:27,232 - Evaluate - INFO - ASR Module... Epoch: 0, RSS: 3.36 GB
2026-07-26 17:53:27,233 - Evaluate - INFO - ASR... Epoch: 0, Walltime: 20.140091 CPU time: 109.266483
2026-07-26 17:53:47,273 - Evaluate - INFO - ASR Module... Epoch: 0, RSS: 3.36 GB
2026-07-26 17:53:47,274 - Evaluate - INFO - ASR... Epoch: 0, Walltime: 20.037467 CPU time: 109.526939
2026-07-26 17:54:07,201 - Evaluate - INFO - ASR Module... Epoch: 0, RSS: 3.36 GB
2026-07-26 17:54:07,202 - Evaluate - INFO - ASR... Epoch: 0, Walltime: 19.923876 CPU time: 109.865945
2026-07-26 17:54:27,541 - Evaluate - INFO - ASR Module... Epoch: 0, RSS: 3.36 GB
2026-07-26 17:54:27,543 - Evaluate - INFO - ASR... Epoch: 0, Walltime: 20.336233 CPU time: 109.241201
2026-07-26 17:54:47,977 - Evaluate - INFO - ASR Module... Epoch: 0, RSS: 3.36 GB
2026-07-26 17:54:47,978 - Evaluate - INFO - ASR... Epoch: 0, Walltime: 20.431605 CPU time: 112.556492
2026-07-26 17:55:08,180 - Evaluate - INFO - ASR Module... Epoch: 0, RSS: 3.36 GB
2026-07-26 17:55:08,181 - Evaluate - INFO - ASR... Epoch: 0, Walltime: 20.199370 CPU time: 108.806321
2026-07-26 17:55:29,163 - Evaluate - INFO - ASR Module... Epoch: 0, RSS: 3.36 GB
2026-07-26 17:55:29,164 - Evaluate - INFO - ASR... Epoch: 0, Walltime: 20.978030 CPU time: 115.612228
2026-07-26 17:55:50,116 - Evaluate - INFO - ASR Module... Epoch: 0, RSS: 3.36 GB
2026-07-26 17:55:50,117 - Evaluate - INFO - ASR... Epoch: 0, Walltime: 20.948456 CPU time: 115.546554
2026-07-26 17:56:10,381 - Evaluate - INFO - ASR Module... Epoch: 0, RSS: 3.36 GB
2026-07-26 17:56:10,383 - Evaluate - INFO - ASR... Epoch: 0, Walltime: 20.260060 CPU time: 111.253514
2026-07-26 17:56:31,522 - Evaluate - INFO - ASR Module... Epoch: 0, RSS: 3.36 GB
2026-07-26 17:56:31,523 - Evaluate - INFO - ASR... Epoch: 0, Walltime: 21.135881 CPU time: 113.619987
2026-07-26 17:56:53,604 - Evaluate - INFO - ASR Module... Epoch: 0, RSS: 3.36 GB
2026-07-26 17:56:53,605 - Evaluate - INFO - ASR... Epoch: 0, Walltime: 22.077074 CPU time: 110.425005
2026-07-26 17:57:13,865 - Evaluate - INFO - ASR Module... Epoch: 0, RSS: 3.36 GB
2026-07-26 17:57:13,866 - Evaluate - INFO - ASR... Epoch: 0, Walltime: 20.256020 CPU time: 109.733737
2026-07-26 17:57:34,732 - Evaluate - INFO - ASR Module... Epoch: 0, RSS: 3.36 GB
2026-07-26 17:57:34,733 - Evaluate - INFO - ASR... Epoch: 0, Walltime: 20.861289 CPU time: 114.796178
2026-07-26 17:57:54,331 - Evaluate - INFO - ASR Module... Epoch: 0, RSS: 3.36 GB
2026-07-26 17:57:54,332 - Evaluate - INFO - ASR... Epoch: 0, Walltime: 19.595553 CPU time: 108.445736
2026-07-26 17:58:15,042 - Evaluate - INFO - ASR Module... Epoch: 0, RSS: 3.36 GB
2026-07-26 17:58:15,043 - Evaluate - INFO - ASR... Epoch: 0, Walltime: 20.705948 CPU time: 113.905725
2026-07-26 17:58:35,146 - Evaluate - INFO - ASR Module... Epoch: 0, RSS: 3.36 GB
2026-07-26 17:58:35,147 - Evaluate - INFO - ASR... Epoch: 0, Walltime: 20.099661 CPU time: 109.048960
2026-07-26 17:58:55,919 - Evaluate - INFO - ASR Module... Epoch: 0, RSS: 3.36 GB
2026-07-26 17:58:55,920 - Evaluate - INFO - ASR... Epoch: 0, Walltime: 20.768660 CPU time: 114.597320
2026-07-26 17:59:17,276 - Evaluate - INFO - ASR Module... Epoch: 0, RSS: 3.36 GB
2026-07-26 17:59:17,277 - Evaluate - INFO - ASR... Epoch: 0, Walltime: 21.353190 CPU time: 116.623781
2026-07-26 17:59:37,352 - Evaluate - INFO - ASR Module... Epoch: 0, RSS: 3.36 GB
2026-07-26 17:59:37,353 - Evaluate - INFO - ASR... Epoch: 0, Walltime: 20.071077 CPU time: 108.440935
2026-07-26 17:59:56,793 - Evaluate - INFO - ASR Module... Epoch: 0, RSS: 3.36 GB
2026-07-26 17:59:56,795 - Evaluate - INFO - ASR... Epoch: 0, Walltime: 19.436968 CPU time: 107.850000
2026-07-26 18:00:18,261 - Evaluate - INFO - ASR Module... Epoch: 0, RSS: 3.36 GB
2026-07-26 18:00:18,262 - Evaluate - INFO - ASR... Epoch: 0, Walltime: 21.463618 CPU time: 117.306798
2026-07-26 18:00:39,411 - Evaluate - INFO - ASR Module... Epoch: 0, RSS: 3.36 GB
2026-07-26 18:00:39,412 - Evaluate - INFO - ASR... Epoch: 0, Walltime: 21.144812 CPU time: 116.830626
2026-07-26 18:00:59,889 - Evaluate - INFO - ASR Module... Epoch: 0, RSS: 3.36 GB
2026-07-26 18:00:59,890 - Evaluate - INFO - ASR... Epoch: 0, Walltime: 20.473158 CPU time: 112.424706
2026-07-26 18:01:19,562 - Evaluate - INFO - ASR Module... Epoch: 0, RSS: 3.36 GB
2026-07-26 18:01:19,563 - Evaluate - INFO - ASR... Epoch: 0, Walltime: 19.669123 CPU time: 109.057421
2026-07-26 18:01:44,360 - Evaluate - INFO - ASR Module... Epoch: 0, RSS: 3.36 GB
2026-07-26 18:01:44,361 - Evaluate - INFO - ASR... Epoch: 0, Walltime: 24.792251 CPU time: 135.037716
2026-07-26 18:02:10,455 - Evaluate - INFO - ASR Module... Epoch: 0, RSS: 3.36 GB
2026-07-26 18:02:10,456 - Evaluate - INFO - ASR... Epoch: 0, Walltime: 26.088352 CPU time: 142.222818
2026-07-26 18:02:35,778 - Evaluate - INFO - ASR Module... Epoch: 0, RSS: 3.36 GB
2026-07-26 18:02:35,779 - Evaluate - INFO - ASR... Epoch: 0, Walltime: 25.316714 CPU time: 135.243493
2026-07-26 18:03:01,732 - Evaluate - INFO - ASR Module... Epoch: 0, RSS: 3.36 GB
2026-07-26 18:03:01,733 - Evaluate - INFO - ASR... Epoch: 0, Walltime: 25.945500 CPU time: 135.173129
2026-07-26 18:03:21,073 - Evaluate - INFO - ASR Module... Epoch: 0, RSS: 3.36 GB
2026-07-26 18:03:21,074 - Evaluate - INFO - ASR... Epoch: 0, Walltime: 19.336458 CPU time: 107.039063
2026-07-26 18:03:46,812 - Evaluate - INFO - ASR Module... Epoch: 0, RSS: 3.36 GB
2026-07-26 18:03:46,814 - Evaluate - INFO - ASR... Epoch: 0, Walltime: 25.731908 CPU time: 138.444265
2026-07-26 18:04:13,295 - Evaluate - INFO - ASR Module... Epoch: 0, RSS: 3.36 GB
2026-07-26 18:04:13,296 - Evaluate - INFO - ASR... Epoch: 0, Walltime: 26.476285 CPU time: 140.585635
2026-07-26 18:04:41,498 - Evaluate - INFO - ASR Module... Epoch: 0, RSS: 3.36 GB
2026-07-26 18:04:41,499 - Evaluate - INFO - ASR... Epoch: 0, Walltime: 28.194635 CPU time: 151.731885
2026-07-26 18:05:10,201 - Evaluate - INFO - ASR Module... Epoch: 0, RSS: 3.36 GB
2026-07-26 18:05:10,202 - Evaluate - INFO - ASR... Epoch: 0, Walltime: 28.695704 CPU time: 153.451014
2026-07-26 18:05:35,663 - Evaluate - INFO - ASR Module... Epoch: 0, RSS: 3.36 GB
2026-07-26 18:05:35,664 - Evaluate - INFO - ASR... Epoch: 0, Walltime: 25.452690 CPU time: 138.176224
2026-07-26 18:05:58,551 - Evaluate - INFO - ASR Module... Epoch: 0, RSS: 3.36 GB
2026-07-26 18:05:58,552 - Evaluate - INFO - ASR... Epoch: 0, Walltime: 22.883198 CPU time: 124.939058
2026-07-26 18:06:18,782 - Evaluate - INFO - ASR Module... Epoch: 0, RSS: 3.36 GB
2026-07-26 18:06:18,783 - Evaluate - INFO - ASR... Epoch: 0, Walltime: 20.225969 CPU time: 111.871537
2026-07-26 18:06:42,722 - Evaluate - INFO - ASR Module... Epoch: 0, RSS: 3.36 GB
2026-07-26 18:06:42,723 - Evaluate - INFO - ASR... Epoch: 0, Walltime: 23.933397 CPU time: 129.235384
2026-07-26 18:07:04,506 - Evaluate - INFO - ASR Module... Epoch: 0, RSS: 3.36 GB
2026-07-26 18:07:04,507 - Evaluate - INFO - ASR... Epoch: 0, Walltime: 21.778214 CPU time: 120.512190
2026-07-26 18:07:29,140 - Evaluate - INFO - ASR Module... Epoch: 0, RSS: 3.36 GB
2026-07-26 18:07:29,141 - Evaluate - INFO - ASR... Epoch: 0, Walltime: 24.627050 CPU time: 133.196926
2026-07-26 18:07:52,781 - Evaluate - INFO - ASR Module... Epoch: 0, RSS: 3.36 GB
2026-07-26 18:07:52,782 - Evaluate - INFO - ASR... Epoch: 0, Walltime: 23.635114 CPU time: 127.947278
2026-07-26 18:08:13,876 - Evaluate - INFO - ASR Module... Epoch: 0, RSS: 3.36 GB
2026-07-26 18:08:13,877 - Evaluate - INFO - ASR... Epoch: 0, Walltime: 21.088788 CPU time: 116.062326
2026-07-26 18:08:37,630 - Evaluate - INFO - ASR Module... Epoch: 0, RSS: 3.36 GB
2026-07-26 18:08:37,632 - Evaluate - INFO - ASR... Epoch: 0, Walltime: 23.748277 CPU time: 127.307365
2026-07-26 18:09:01,890 - Evaluate - INFO - ASR Module... Epoch: 0, RSS: 3.36 GB
2026-07-26 18:09:01,891 - Evaluate - INFO - ASR... Epoch: 0, Walltime: 24.253207 CPU time: 132.041065
2026-07-26 18:09:23,594 - Evaluate - INFO - ASR Module... Epoch: 0, RSS: 3.36 GB
2026-07-26 18:09:23,595 - Evaluate - INFO - ASR... Epoch: 0, Walltime: 21.697563 CPU time: 117.959713
2026-07-26 18:09:43,723 - Evaluate - INFO - ASR Module... Epoch: 0, RSS: 3.36 GB
2026-07-26 18:09:43,724 - Evaluate - INFO - ASR... Epoch: 0, Walltime: 20.125138 CPU time: 111.545861
2026-07-26 18:10:06,337 - Evaluate - INFO - ASR Module... Epoch: 0, RSS: 3.36 GB
2026-07-26 18:10:06,338 - Evaluate - INFO - ASR... Epoch: 0, Walltime: 22.608406 CPU time: 121.728605
2026-07-26 18:10:27,013 - Evaluate - INFO - ASR Module... Epoch: 0, RSS: 3.36 GB
2026-07-26 18:10:27,014 - Evaluate - INFO - ASR... Epoch: 0, Walltime: 20.670729 CPU time: 113.091771
2026-07-26 18:10:51,636 - Evaluate - INFO - ASR Module... Epoch: 0, RSS: 3.36 GB
2026-07-26 18:10:51,637 - Evaluate - INFO - ASR... Epoch: 0, Walltime: 24.617732 CPU time: 129.902158
2026-07-26 18:11:11,727 - Evaluate - INFO - ASR Module... Epoch: 0, RSS: 3.36 GB
2026-07-26 18:11:11,728 - Evaluate - INFO - ASR... Epoch: 0, Walltime: 20.086318 CPU time: 111.049914
2026-07-26 18:11:35,214 - Evaluate - INFO - ASR Module... Epoch: 0, RSS: 3.36 GB
2026-07-26 18:11:35,215 - Evaluate - INFO - ASR... Epoch: 0, Walltime: 23.479847 CPU time: 124.816865
2026-07-26 18:11:58,322 - Evaluate - INFO - ASR Module... Epoch: 0, RSS: 3.36 GB
2026-07-26 18:11:58,323 - Evaluate - INFO - ASR... Epoch: 0, Walltime: 23.103212 CPU time: 124.709012
2026-07-26 18:12:22,532 - Evaluate - INFO - ASR Module... Epoch: 0, RSS: 3.36 GB
2026-07-26 18:12:22,534 - Evaluate - INFO - ASR... Epoch: 0, Walltime: 24.205150 CPU time: 130.660361
2026-07-26 18:12:43,679 - Evaluate - INFO - ASR Module... Epoch: 0, RSS: 3.36 GB
2026-07-26 18:12:43,680 - Evaluate - INFO - ASR... Epoch: 0, Walltime: 21.140752 CPU time: 114.271644
2026-07-26 18:13:04,585 - Evaluate - INFO - ASR Module... Epoch: 0, RSS: 3.36 GB
2026-07-26 18:13:04,586 - Evaluate - INFO - ASR... Epoch: 0, Walltime: 20.901646 CPU time: 113.384027
2026-07-26 18:13:25,714 - Evaluate - INFO - ASR Module... Epoch: 0, RSS: 3.36 GB
2026-07-26 18:13:25,715 - Evaluate - INFO - ASR... Epoch: 0, Walltime: 21.123580 CPU time: 115.538860
2026-07-26 18:13:48,227 - Evaluate - INFO - ASR Module... Epoch: 0, RSS: 3.36 GB
2026-07-26 18:13:48,228 - Evaluate - INFO - ASR... Epoch: 0, Walltime: 22.506107 CPU time: 122.750500
2026-07-26 18:14:13,997 - Evaluate - INFO - ASR Module... Epoch: 0, RSS: 3.36 GB
2026-07-26 18:14:13,998 - Evaluate - INFO - ASR... Epoch: 0, Walltime: 25.764939 CPU time: 134.574478
2026-07-26 18:14:39,435 - Evaluate - INFO - ASR Module... Epoch: 0, RSS: 3.36 GB
2026-07-26 18:14:39,436 - Evaluate - INFO - ASR... Epoch: 0, Walltime: 25.431502 CPU time: 136.201285
2026-07-26 18:15:03,501 - Evaluate - INFO - ASR Module... Epoch: 0, RSS: 3.36 GB
2026-07-26 18:15:03,502 - Evaluate - INFO - ASR... Epoch: 0, Walltime: 24.057800 CPU time: 132.451565
2026-07-26 18:15:26,005 - Evaluate - INFO - ASR Module... Epoch: 0, RSS: 3.36 GB
2026-07-26 18:15:26,006 - Evaluate - INFO - ASR... Epoch: 0, Walltime: 22.497961 CPU time: 123.861283
2026-07-26 18:15:48,057 - Evaluate - INFO - ASR Module... Epoch: 0, RSS: 3.36 GB
2026-07-26 18:15:48,058 - Evaluate - INFO - ASR... Epoch: 0, Walltime: 22.044907 CPU time: 121.328688
2026-07-26 18:16:10,104 - Evaluate - INFO - ASR Module... Epoch: 0, RSS: 3.36 GB
2026-07-26 18:16:10,105 - Evaluate - INFO - ASR... Epoch: 0, Walltime: 22.042075 CPU time: 121.977330
2026-07-26 18:16:32,433 - Evaluate - INFO - ASR Module... Epoch: 0, RSS: 3.36 GB
2026-07-26 18:16:32,434 - Evaluate - INFO - ASR... Epoch: 0, Walltime: 22.323534 CPU time: 122.522952
2026-07-26 18:16:55,018 - Evaluate - INFO - ASR Module... Epoch: 0, RSS: 3.36 GB
2026-07-26 18:16:55,019 - Evaluate - INFO - ASR... Epoch: 0, Walltime: 22.579099 CPU time: 123.053899
2026-07-26 18:17:16,936 - Evaluate - INFO - ASR Module... Epoch: 0, RSS: 3.36 GB
2026-07-26 18:17:16,937 - Evaluate - INFO - ASR... Epoch: 0, Walltime: 21.913784 CPU time: 118.326117
2026-07-26 18:17:38,262 - Evaluate - INFO - ASR Module... Epoch: 0, RSS: 3.36 GB
2026-07-26 18:17:38,263 - Evaluate - INFO - ASR... Epoch: 0, Walltime: 21.319362 CPU time: 117.655508
2026-07-26 18:17:57,189 - Evaluate - INFO - ASR Module... Epoch: 0, RSS: 3.36 GB
2026-07-26 18:17:57,190 - Evaluate - INFO - ASR... Epoch: 0, Walltime: 18.923099 CPU time: 105.564404
2026-07-26 18:18:16,990 - Evaluate - INFO - ASR Module... Epoch: 0, RSS: 3.36 GB
2026-07-26 18:18:16,991 - Evaluate - INFO - ASR... Epoch: 0, Walltime: 19.797520 CPU time: 109.454324
2026-07-26 18:18:38,420 - Evaluate - INFO - ASR Module... Epoch: 0, RSS: 3.36 GB
2026-07-26 18:18:38,421 - Evaluate - INFO - ASR... Epoch: 0, Walltime: 21.423795 CPU time: 118.237161
2026-07-26 18:19:01,713 - Evaluate - INFO - ASR Module... Epoch: 0, RSS: 3.36 GB
2026-07-26 18:19:01,714 - Evaluate - INFO - ASR... Epoch: 0, Walltime: 23.287697 CPU time: 121.735503
2026-07-26 18:19:23,408 - Evaluate - INFO - ASR Module... Epoch: 0, RSS: 3.36 GB
2026-07-26 18:19:23,409 - Evaluate - INFO - ASR... Epoch: 0, Walltime: 21.688335 CPU time: 118.823773
2026-07-26 18:19:43,676 - Evaluate - INFO - ASR Module... Epoch: 0, RSS: 3.36 GB
2026-07-26 18:19:43,677 - Evaluate - INFO - ASR... Epoch: 0, Walltime: 20.263448 CPU time: 109.950176
2026-07-26 18:20:04,468 - Evaluate - INFO - ASR Module... Epoch: 0, RSS: 3.36 GB
2026-07-26 18:20:04,469 - Evaluate - INFO - ASR... Epoch: 0, Walltime: 20.787407 CPU time: 114.154658
2026-07-26 18:20:26,351 - Evaluate - INFO - ASR Module... Epoch: 0, RSS: 3.36 GB
2026-07-26 18:20:26,352 - Evaluate - INFO - ASR... Epoch: 0, Walltime: 21.877179 CPU time: 120.509858
2026-07-26 18:20:49,531 - Evaluate - INFO - ASR Module... Epoch: 0, RSS: 3.36 GB
2026-07-26 18:20:49,533 - Evaluate - INFO - ASR... Epoch: 0, Walltime: 23.174157 CPU time: 117.925790
2026-07-26 18:21:13,546 - Evaluate - INFO - ASR Module... Epoch: 0, RSS: 3.36 GB
2026-07-26 18:21:13,547 - Evaluate - INFO - ASR... Epoch: 0, Walltime: 24.008938 CPU time: 129.910615
2026-07-26 18:21:34,545 - Evaluate - INFO - ASR Module... Epoch: 0, RSS: 3.36 GB
2026-07-26 18:21:34,546 - Evaluate - INFO - ASR... Epoch: 0, Walltime: 20.992774 CPU time: 113.424864
2026-07-26 18:21:56,226 - Evaluate - INFO - ASR Module... Epoch: 0, RSS: 3.36 GB
2026-07-26 18:21:56,227 - Evaluate - INFO - ASR... Epoch: 0, Walltime: 21.676207 CPU time: 119.264736
2026-07-26 18:22:18,788 - Evaluate - INFO - ASR Module... Epoch: 0, RSS: 3.36 GB
2026-07-26 18:22:18,789 - Evaluate - INFO - ASR... Epoch: 0, Walltime: 22.554381 CPU time: 123.691785
2026-07-26 18:22:42,130 - Evaluate - INFO - ASR Module... Epoch: 0, RSS: 3.36 GB
2026-07-26 18:22:42,131 - Evaluate - INFO - ASR... Epoch: 0, Walltime: 23.335950 CPU time: 127.701695
2026-07-26 18:23:03,872 - Evaluate - INFO - ASR Module... Epoch: 0, RSS: 3.36 GB
2026-07-26 18:23:03,873 - Evaluate - INFO - ASR... Epoch: 0, Walltime: 21.734339 CPU time: 118.990685
2026-07-26 18:23:27,516 - Evaluate - INFO - ASR Module... Epoch: 0, RSS: 3.36 GB
2026-07-26 18:23:27,517 - Evaluate - INFO - ASR... Epoch: 0, Walltime: 23.638909 CPU time: 129.439688
2026-07-26 18:23:49,593 - Evaluate - INFO - ASR Module... Epoch: 0, RSS: 3.36 GB
2026-07-26 18:23:49,595 - Evaluate - INFO - ASR... Epoch: 0, Walltime: 22.069565 CPU time: 121.792246
2026-07-26 18:24:12,092 - Evaluate - INFO - ASR Module... Epoch: 0, RSS: 3.36 GB
2026-07-26 18:24:12,093 - Evaluate - INFO - ASR... Epoch: 0, Walltime: 22.491845 CPU time: 123.646234
2026-07-26 18:24:34,788 - Evaluate - INFO - ASR Module... Epoch: 0, RSS: 3.36 GB
2026-07-26 18:24:34,789 - Evaluate - INFO - ASR... Epoch: 0, Walltime: 22.689563 CPU time: 124.131484
2026-07-26 18:24:59,255 - Evaluate - INFO - ASR Module... Epoch: 0, RSS: 3.36 GB
2026-07-26 18:24:59,256 - Evaluate - INFO - ASR... Epoch: 0, Walltime: 24.460664 CPU time: 125.135426
2026-07-26 18:25:22,649 - Evaluate - INFO - ASR Module... Epoch: 0, RSS: 3.36 GB
2026-07-26 18:25:22,650 - Evaluate - INFO - ASR... Epoch: 0, Walltime: 23.387282 CPU time: 128.766426
2026-07-26 18:25:44,442 - Evaluate - INFO - ASR Module... Epoch: 0, RSS: 3.36 GB
2026-07-26 18:25:44,443 - Evaluate - INFO - ASR... Epoch: 0, Walltime: 21.787046 CPU time: 120.302632
2026-07-26 18:26:08,192 - Evaluate - INFO - ASR Module... Epoch: 0, RSS: 3.36 GB
2026-07-26 18:26:08,194 - Evaluate - INFO - ASR... Epoch: 0, Walltime: 23.743642 CPU time: 129.207363
2026-07-26 18:26:30,872 - Evaluate - INFO - ASR Module... Epoch: 0, RSS: 3.36 GB
2026-07-26 18:26:30,873 - Evaluate - INFO - ASR... Epoch: 0, Walltime: 22.671301 CPU time: 124.228916
2026-07-26 18:26:53,512 - Evaluate - INFO - ASR Module... Epoch: 0, RSS: 3.36 GB
2026-07-26 18:26:53,513 - Evaluate - INFO - ASR... Epoch: 0, Walltime: 22.633449 CPU time: 123.308727
2026-07-26 18:27:22,938 - Evaluate - INFO - ASR Module... Epoch: 0, RSS: 3.36 GB
2026-07-26 18:27:22,939 - Evaluate - INFO - ASR... Epoch: 0, Walltime: 29.419033 CPU time: 129.193813
2026-07-26 18:27:47,341 - Evaluate - INFO - ASR Module... Epoch: 0, RSS: 3.36 GB
2026-07-26 18:27:47,342 - Evaluate - INFO - ASR... Epoch: 0, Walltime: 24.396911 CPU time: 131.400747
2026-07-26 18:28:10,250 - Evaluate - INFO - ASR Module... Epoch: 0, RSS: 3.36 GB
2026-07-26 18:28:10,251 - Evaluate - INFO - ASR... Epoch: 0, Walltime: 22.901577 CPU time: 121.244233
2026-07-26 18:28:32,887 - Evaluate - INFO - ASR Module... Epoch: 0, RSS: 3.36 GB
2026-07-26 18:28:32,888 - Evaluate - INFO - ASR... Epoch: 0, Walltime: 22.630414 CPU time: 124.276222
2026-07-26 18:28:56,650 - Evaluate - INFO - ASR Module... Epoch: 0, RSS: 3.36 GB
2026-07-26 18:28:56,652 - Evaluate - INFO - ASR... Epoch: 0, Walltime: 23.756809 CPU time: 130.304994
2026-07-26 18:29:20,239 - Evaluate - INFO - ASR Module... Epoch: 0, RSS: 3.36 GB
2026-07-26 18:29:20,240 - Evaluate - INFO - ASR... Epoch: 0, Walltime: 23.582453 CPU time: 125.087861
2026-07-26 18:29:43,341 - Evaluate - INFO - ASR Module... Epoch: 0, RSS: 3.36 GB
2026-07-26 18:29:43,342 - Evaluate - INFO - ASR... Epoch: 0, Walltime: 23.094444 CPU time: 121.577731
2026-07-26 18:30:06,524 - Evaluate - INFO - ASR Module... Epoch: 0, RSS: 3.36 GB
2026-07-26 18:30:06,525 - Evaluate - INFO - ASR... Epoch: 0, Walltime: 23.176573 CPU time: 125.394629
2026-07-26 18:30:30,139 - Evaluate - INFO - ASR Module... Epoch: 0, RSS: 3.36 GB
2026-07-26 18:30:30,140 - Evaluate - INFO - ASR... Epoch: 0, Walltime: 23.607029 CPU time: 129.685367
2026-07-26 18:30:53,520 - Evaluate - INFO - ASR Module... Epoch: 0, RSS: 3.36 GB
2026-07-26 18:30:53,521 - Evaluate - INFO - ASR... Epoch: 0, Walltime: 23.375672 CPU time: 128.504571
2026-07-26 18:31:16,036 - Evaluate - INFO - ASR Module... Epoch: 0, RSS: 3.36 GB
2026-07-26 18:31:16,037 - Evaluate - INFO - ASR... Epoch: 0, Walltime: 22.508451 CPU time: 123.225382
2026-07-26 18:31:35,873 - Evaluate - INFO - ASR Module... Epoch: 0, RSS: 3.36 GB
2026-07-26 18:31:35,874 - Evaluate - INFO - ASR... Epoch: 0, Walltime: 19.831702 CPU time: 109.910507
2026-07-26 18:31:56,060 - Evaluate - INFO - ASR Module... Epoch: 0, RSS: 3.36 GB
2026-07-26 18:31:56,061 - Evaluate - INFO - ASR... Epoch: 0, Walltime: 20.182712 CPU time: 112.284097
2026-07-26 18:32:16,059 - Evaluate - INFO - ASR Module... Epoch: 0, RSS: 3.36 GB
2026-07-26 18:32:16,060 - Evaluate - INFO - ASR... Epoch: 0, Walltime: 19.994332 CPU time: 110.435598
2026-07-26 18:32:35,971 - Evaluate - INFO - ASR Module... Epoch: 0, RSS: 3.36 GB
2026-07-26 18:32:35,972 - Evaluate - INFO - ASR... Epoch: 0, Walltime: 19.907282 CPU time: 110.418168
2026-07-26 18:32:56,826 - Evaluate - INFO - ASR Module... Epoch: 0, RSS: 3.36 GB
2026-07-26 18:32:56,827 - Evaluate - INFO - ASR... Epoch: 0, Walltime: 20.849121 CPU time: 115.004538
2026-07-26 18:33:17,775 - Evaluate - INFO - ASR Module... Epoch: 0, RSS: 3.36 GB
2026-07-26 18:33:17,777 - Evaluate - INFO - ASR... Epoch: 0, Walltime: 20.945237 CPU time: 110.646963
2026-07-26 18:33:38,537 - Evaluate - INFO - ASR Module... Epoch: 0, RSS: 3.36 GB
2026-07-26 18:33:38,538 - Evaluate - INFO - ASR... Epoch: 0, Walltime: 20.757183 CPU time: 114.209833
2026-07-26 18:33:58,861 - Evaluate - INFO - ASR Module... Epoch: 0, RSS: 3.36 GB
2026-07-26 18:33:58,862 - Evaluate - INFO - ASR... Epoch: 0, Walltime: 20.319342 CPU time: 111.922414
2026-07-26 18:34:18,879 - Evaluate - INFO - ASR Module... Epoch: 0, RSS: 3.36 GB
2026-07-26 18:34:18,880 - Evaluate - INFO - ASR... Epoch: 0, Walltime: 20.012802 CPU time: 110.581462
2026-07-26 18:34:38,378 - Evaluate - INFO - ASR Module... Epoch: 0, RSS: 3.36 GB
2026-07-26 18:34:38,379 - Evaluate - INFO - ASR... Epoch: 0, Walltime: 19.494654 CPU time: 108.556923
2026-07-26 18:34:58,351 - Evaluate - INFO - ASR Module... Epoch: 0, RSS: 3.36 GB
2026-07-26 18:34:58,352 - Evaluate - INFO - ASR... Epoch: 0, Walltime: 19.968927 CPU time: 110.854685
2026-07-26 18:35:18,685 - Evaluate - INFO - ASR Module... Epoch: 0, RSS: 3.36 GB
2026-07-26 18:35:18,686 - Evaluate - INFO - ASR... Epoch: 0, Walltime: 20.328720 CPU time: 112.176169
2026-07-26 18:35:39,608 - Evaluate - INFO - ASR Module... Epoch: 0, RSS: 3.36 GB
2026-07-26 18:35:39,610 - Evaluate - INFO - ASR... Epoch: 0, Walltime: 20.918915 CPU time: 112.999944
2026-07-26 18:36:00,023 - Evaluate - INFO - ASR Module... Epoch: 0, RSS: 3.36 GB
2026-07-26 18:36:00,024 - Evaluate - INFO - ASR... Epoch: 0, Walltime: 20.409458 CPU time: 111.997635
2026-07-26 18:36:20,457 - Evaluate - INFO - ASR Module... Epoch: 0, RSS: 3.36 GB
2026-07-26 18:36:20,458 - Evaluate - INFO - ASR... Epoch: 0, Walltime: 20.429628 CPU time: 112.158749
2026-07-26 18:36:40,899 - Evaluate - INFO - ASR Module... Epoch: 0, RSS: 3.36 GB
2026-07-26 18:36:40,901 - Evaluate - INFO - ASR... Epoch: 0, Walltime: 20.437528 CPU time: 112.234129
2026-07-26 18:37:01,307 - Evaluate - INFO - ASR Module... Epoch: 0, RSS: 3.36 GB
2026-07-26 18:37:01,308 - Evaluate - INFO - ASR... Epoch: 0, Walltime: 20.402338 CPU time: 112.211222
2026-07-26 18:37:22,308 - Evaluate - INFO - ASR Module... Epoch: 0, RSS: 3.36 GB
2026-07-26 18:37:22,309 - Evaluate - INFO - ASR... Epoch: 0, Walltime: 20.996260 CPU time: 113.126632
2026-07-26 18:37:43,867 - Evaluate - INFO - ASR Module... Epoch: 0, RSS: 3.36 GB
2026-07-26 18:37:43,868 - Evaluate - INFO - ASR... Epoch: 0, Walltime: 21.554361 CPU time: 119.133192
2026-07-26 18:38:03,985 - Evaluate - INFO - ASR Module... Epoch: 0, RSS: 3.36 GB
2026-07-26 18:38:03,986 - Evaluate - INFO - ASR... Epoch: 0, Walltime: 20.112859 CPU time: 111.667246
2026-07-26 18:38:24,293 - Evaluate - INFO - ASR Module... Epoch: 0, RSS: 3.36 GB
2026-07-26 18:38:24,294 - Evaluate - INFO - ASR... Epoch: 0, Walltime: 20.303344 CPU time: 111.628009
2026-07-26 18:38:44,262 - Evaluate - INFO - ASR Module... Epoch: 0, RSS: 3.36 GB
2026-07-26 18:38:44,263 - Evaluate - INFO - ASR... Epoch: 0, Walltime: 19.964278 CPU time: 110.235261
2026-07-26 18:39:04,385 - Evaluate - INFO - ASR Module... Epoch: 0, RSS: 3.36 GB
2026-07-26 18:39:04,386 - Evaluate - INFO - ASR... Epoch: 0, Walltime: 20.118111 CPU time: 111.112184
2026-07-26 18:39:25,167 - Evaluate - INFO - ASR Module... Epoch: 0, RSS: 3.36 GB
2026-07-26 18:39:25,168 - Evaluate - INFO - ASR... Epoch: 0, Walltime: 20.778106 CPU time: 112.607747
2026-07-26 18:39:46,123 - Evaluate - INFO - ASR Module... Epoch: 0, RSS: 3.36 GB
2026-07-26 18:39:46,124 - Evaluate - INFO - ASR... Epoch: 0, Walltime: 20.951855 CPU time: 114.964820
2026-07-26 18:40:06,511 - Evaluate - INFO - ASR Module... Epoch: 0, RSS: 3.36 GB
2026-07-26 18:40:06,512 - Evaluate - INFO - ASR... Epoch: 0, Walltime: 20.383109 CPU time: 112.400394
2026-07-26 18:40:27,224 - Evaluate - INFO - ASR Module... Epoch: 0, RSS: 3.36 GB
2026-07-26 18:40:27,225 - Evaluate - INFO - ASR... Epoch: 0, Walltime: 20.708895 CPU time: 109.391086
2026-07-26 18:40:48,021 - Evaluate - INFO - ASR Module... Epoch: 0, RSS: 3.36 GB
2026-07-26 18:40:48,022 - Evaluate - INFO - ASR... Epoch: 0, Walltime: 20.792873 CPU time: 112.787951
2026-07-26 18:41:08,587 - Evaluate - INFO - ASR Module... Epoch: 0, RSS: 3.36 GB
2026-07-26 18:41:08,588 - Evaluate - INFO - ASR... Epoch: 0, Walltime: 20.559842 CPU time: 112.903088
2026-07-26 18:41:28,837 - Evaluate - INFO - ASR Module... Epoch: 0, RSS: 3.36 GB
2026-07-26 18:41:28,838 - Evaluate - INFO - ASR... Epoch: 0, Walltime: 20.245178 CPU time: 112.256361
2026-07-26 18:41:48,363 - Evaluate - INFO - ASR Module... Epoch: 0, RSS: 3.36 GB
2026-07-26 18:41:48,364 - Evaluate - INFO - ASR... Epoch: 0, Walltime: 19.521435 CPU time: 107.847771
2026-07-26 18:42:09,509 - Evaluate - INFO - ASR Module... Epoch: 0, RSS: 3.36 GB
2026-07-26 18:42:09,510 - Evaluate - INFO - ASR... Epoch: 0, Walltime: 21.142315 CPU time: 116.279730
2026-07-26 18:42:29,168 - Evaluate - INFO - ASR Module... Epoch: 0, RSS: 3.36 GB
2026-07-26 18:42:29,169 - Evaluate - INFO - ASR... Epoch: 0, Walltime: 19.654319 CPU time: 108.216368
2026-07-26 18:42:50,140 - Evaluate - INFO - ASR Module... Epoch: 0, RSS: 3.36 GB
2026-07-26 18:42:50,141 - Evaluate - INFO - ASR... Epoch: 0, Walltime: 20.967681 CPU time: 113.519335
2026-07-26 18:43:10,972 - Evaluate - INFO - ASR Module... Epoch: 0, RSS: 3.36 GB
2026-07-26 18:43:10,973 - Evaluate - INFO - ASR... Epoch: 0, Walltime: 20.827620 CPU time: 114.057149
2026-07-26 18:43:31,590 - Evaluate - INFO - ASR Module... Epoch: 0, RSS: 3.36 GB
2026-07-26 18:43:31,592 - Evaluate - INFO - ASR... Epoch: 0, Walltime: 20.613342 CPU time: 110.322069
2026-07-26 18:43:51,499 - Evaluate - INFO - ASR Module... Epoch: 0, RSS: 3.36 GB
2026-07-26 18:43:51,500 - Evaluate - INFO - ASR... Epoch: 0, Walltime: 19.904122 CPU time: 110.606110
2026-07-26 18:44:11,181 - Evaluate - INFO - ASR Module... Epoch: 0, RSS: 3.36 GB
2026-07-26 18:44:11,182 - Evaluate - INFO - ASR... Epoch: 0, Walltime: 19.677504 CPU time: 108.995546
2026-07-26 18:44:32,791 - Evaluate - INFO - ASR Module... Epoch: 0, RSS: 3.36 GB
2026-07-26 18:44:32,792 - Evaluate - INFO - ASR... Epoch: 0, Walltime: 21.605310 CPU time: 114.184232
2026-07-26 18:44:54,053 - Evaluate - INFO - ASR Module... Epoch: 0, RSS: 3.36 GB
2026-07-26 18:44:54,054 - Evaluate - INFO - ASR... Epoch: 0, Walltime: 21.256925 CPU time: 111.808059
2026-07-26 18:45:15,431 - Evaluate - INFO - ASR Module... Epoch: 0, RSS: 3.36 GB
2026-07-26 18:45:15,432 - Evaluate - INFO - ASR... Epoch: 0, Walltime: 21.373872 CPU time: 113.583044
2026-07-26 18:45:36,774 - Evaluate - INFO - ASR Module... Epoch: 0, RSS: 3.36 GB
2026-07-26 18:45:36,775 - Evaluate - INFO - ASR... Epoch: 0, Walltime: 21.337113 CPU time: 115.369106
2026-07-26 18:45:57,014 - Evaluate - INFO - ASR Module... Epoch: 0, RSS: 3.36 GB
2026-07-26 18:45:57,015 - Evaluate - INFO - ASR... Epoch: 0, Walltime: 20.234838 CPU time: 112.263907
2026-07-26 18:46:17,226 - Evaluate - INFO - ASR Module... Epoch: 0, RSS: 3.36 GB
2026-07-26 18:46:17,227 - Evaluate - INFO - ASR... Epoch: 0, Walltime: 20.207596 CPU time: 111.528205
2026-07-26 18:46:37,386 - Evaluate - INFO - ASR Module... Epoch: 0, RSS: 3.36 GB
2026-07-26 18:46:37,387 - Evaluate - INFO - ASR... Epoch: 0, Walltime: 20.155081 CPU time: 111.440324
2026-07-26 18:46:57,018 - Evaluate - INFO - ASR Module... Epoch: 0, RSS: 3.36 GB
2026-07-26 18:46:57,019 - Evaluate - INFO - ASR... Epoch: 0, Walltime: 19.628517 CPU time: 109.468892
2026-07-26 18:47:17,221 - Evaluate - INFO - ASR Module... Epoch: 0, RSS: 3.36 GB
2026-07-26 18:47:17,222 - Evaluate - INFO - ASR... Epoch: 0, Walltime: 20.198445 CPU time: 112.309376
2026-07-26 18:47:37,603 - Evaluate - INFO - ASR Module... Epoch: 0, RSS: 3.36 GB
2026-07-26 18:47:37,604 - Evaluate - INFO - ASR... Epoch: 0, Walltime: 20.378116 CPU time: 113.127848
2026-07-26 18:47:59,777 - Evaluate - INFO - ASR Module... Epoch: 0, RSS: 3.36 GB
2026-07-26 18:47:59,778 - Evaluate - INFO - ASR... Epoch: 0, Walltime: 22.169462 CPU time: 115.877457
2026-07-26 18:48:20,373 - Evaluate - INFO - ASR Module... Epoch: 0, RSS: 3.36 GB
2026-07-26 18:48:20,374 - Evaluate - INFO - ASR... Epoch: 0, Walltime: 20.591541 CPU time: 112.942509
2026-07-26 18:48:40,352 - Evaluate - INFO - ASR Module... Epoch: 0, RSS: 3.36 GB
2026-07-26 18:48:40,354 - Evaluate - INFO - ASR... Epoch: 0, Walltime: 19.974598 CPU time: 110.291635
2026-07-26 18:49:01,274 - Evaluate - INFO - ASR Module... Epoch: 0, RSS: 3.36 GB
2026-07-26 18:49:01,275 - Evaluate - INFO - ASR... Epoch: 0, Walltime: 20.916308 CPU time: 114.923740
2026-07-26 18:49:22,501 - Evaluate - INFO - ASR Module... Epoch: 0, RSS: 3.36 GB
2026-07-26 18:49:22,502 - Evaluate - INFO - ASR... Epoch: 0, Walltime: 21.221227 CPU time: 117.340356
2026-07-26 18:49:43,823 - Evaluate - INFO - ASR Module... Epoch: 0, RSS: 3.36 GB
2026-07-26 18:49:43,824 - Evaluate - INFO - ASR... Epoch: 0, Walltime: 21.316791 CPU time: 118.357916
2026-07-26 18:50:04,575 - Evaluate - INFO - ASR Module... Epoch: 0, RSS: 3.36 GB
2026-07-26 18:50:04,576 - Evaluate - INFO - ASR... Epoch: 0, Walltime: 20.746146 CPU time: 113.666682
2026-07-26 18:50:24,648 - Evaluate - INFO - ASR Module... Epoch: 0, RSS: 3.36 GB
2026-07-26 18:50:24,649 - Evaluate - INFO - ASR... Epoch: 0, Walltime: 20.068171 CPU time: 111.111727
2026-07-26 18:50:44,595 - Evaluate - INFO - ASR Module... Epoch: 0, RSS: 3.36 GB
2026-07-26 18:50:44,596 - Evaluate - INFO - ASR... Epoch: 0, Walltime: 19.941734 CPU time: 110.171450
2026-07-26 18:51:05,351 - Evaluate - INFO - ASR Module... Epoch: 0, RSS: 3.36 GB
2026-07-26 18:51:05,352 - Evaluate - INFO - ASR... Epoch: 0, Walltime: 20.751087 CPU time: 114.858570
2026-07-26 18:51:27,351 - Evaluate - INFO - ASR Module... Epoch: 0, RSS: 3.36 GB
2026-07-26 18:51:27,352 - Evaluate - INFO - ASR... Epoch: 0, Walltime: 21.993834 CPU time: 120.559343
2026-07-26 18:51:47,640 - Evaluate - INFO - ASR Module... Epoch: 0, RSS: 3.36 GB
2026-07-26 18:51:47,641 - Evaluate - INFO - ASR... Epoch: 0, Walltime: 20.284716 CPU time: 109.386082
2026-07-26 18:52:07,663 - Evaluate - INFO - ASR Module... Epoch: 0, RSS: 3.36 GB
2026-07-26 18:52:07,664 - Evaluate - INFO - ASR... Epoch: 0, Walltime: 20.018562 CPU time: 107.010260
2026-07-26 18:52:28,194 - Evaluate - INFO - ASR Module... Epoch: 0, RSS: 3.36 GB
2026-07-26 18:52:28,195 - Evaluate - INFO - ASR... Epoch: 0, Walltime: 20.527139 CPU time: 113.387124
2026-07-26 18:52:49,755 - Evaluate - INFO - ASR Module... Epoch: 0, RSS: 3.36 GB
2026-07-26 18:52:49,755 - Evaluate - INFO - ASR... Epoch: 0, Walltime: 21.555916 CPU time: 115.062695
2026-07-26 18:53:11,094 - Evaluate - INFO - ASR Module... Epoch: 0, RSS: 3.36 GB
2026-07-26 18:53:11,095 - Evaluate - INFO - ASR... Epoch: 0, Walltime: 21.334288 CPU time: 116.692794
2026-07-26 18:53:32,412 - Evaluate - INFO - ASR Module... Epoch: 0, RSS: 3.36 GB
2026-07-26 18:53:32,413 - Evaluate - INFO - ASR... Epoch: 0, Walltime: 21.313621 CPU time: 116.617452
2026-07-26 18:53:53,007 - Evaluate - INFO - ASR Module... Epoch: 0, RSS: 3.36 GB
2026-07-26 18:53:53,008 - Evaluate - INFO - ASR... Epoch: 0, Walltime: 20.589264 CPU time: 112.531964
2026-07-26 18:54:13,611 - Evaluate - INFO - ASR Module... Epoch: 0, RSS: 3.36 GB
2026-07-26 18:54:13,613 - Evaluate - INFO - ASR... Epoch: 0, Walltime: 20.600135 CPU time: 113.531742
2026-07-26 18:54:34,225 - Evaluate - INFO - ASR Module... Epoch: 0, RSS: 3.36 GB
2026-07-26 18:54:34,226 - Evaluate - INFO - ASR... Epoch: 0, Walltime: 20.608779 CPU time: 113.152054
2026-07-26 18:54:57,666 - Evaluate - INFO - ASR Module... Epoch: 0, RSS: 3.36 GB
2026-07-26 18:54:57,667 - Evaluate - INFO - ASR... Epoch: 0, Walltime: 23.434553 CPU time: 128.329876
2026-07-26 18:55:18,528 - Evaluate - INFO - ASR Module... Epoch: 0, RSS: 3.36 GB
2026-07-26 18:55:18,529 - Evaluate - INFO - ASR... Epoch: 0, Walltime: 20.857006 CPU time: 115.202469
2026-07-26 18:55:38,701 - Evaluate - INFO - ASR Module... Epoch: 0, RSS: 3.36 GB
2026-07-26 18:55:38,702 - Evaluate - INFO - ASR... Epoch: 0, Walltime: 20.168129 CPU time: 112.358484
2026-07-26 18:56:01,412 - Evaluate - INFO - ASR Module... Epoch: 0, RSS: 3.36 GB
2026-07-26 18:56:01,414 - Evaluate - INFO - ASR... Epoch: 0, Walltime: 22.706745 CPU time: 121.075427
2026-07-26 18:56:21,470 - Evaluate - INFO - ASR Module... Epoch: 0, RSS: 3.36 GB
2026-07-26 18:56:21,471 - Evaluate - INFO - ASR... Epoch: 0, Walltime: 20.053419 CPU time: 111.030573
2026-07-26 18:56:43,519 - Evaluate - INFO - ASR Module... Epoch: 0, RSS: 3.36 GB
2026-07-26 18:56:43,520 - Evaluate - INFO - ASR... Epoch: 0, Walltime: 22.044595 CPU time: 111.378679
2026-07-26 18:57:04,212 - Evaluate - INFO - ASR Module... Epoch: 0, RSS: 3.36 GB
2026-07-26 18:57:04,214 - Evaluate - INFO - ASR... Epoch: 0, Walltime: 20.689033 CPU time: 114.210815
2026-07-26 18:57:25,383 - Evaluate - INFO - ASR Module... Epoch: 0, RSS: 3.36 GB
2026-07-26 18:57:25,384 - Evaluate - INFO - ASR... Epoch: 0, Walltime: 21.165987 CPU time: 116.712957
2026-07-26 18:57:46,544 - Evaluate - INFO - ASR Module... Epoch: 0, RSS: 3.36 GB
2026-07-26 18:57:46,545 - Evaluate - INFO - ASR... Epoch: 0, Walltime: 21.156385 CPU time: 117.256338
2026-07-26 18:58:06,861 - Evaluate - INFO - ASR Module... Epoch: 0, RSS: 3.36 GB
2026-07-26 18:58:06,862 - Evaluate - INFO - ASR... Epoch: 0, Walltime: 20.312318 CPU time: 110.774179
2026-07-26 18:58:27,018 - Evaluate - INFO - ASR Module... Epoch: 0, RSS: 3.36 GB
2026-07-26 18:58:27,018 - Evaluate - INFO - ASR... Epoch: 0, Walltime: 20.152179 CPU time: 111.701905
2026-07-26 18:58:49,036 - Evaluate - INFO - ASR Module... Epoch: 0, RSS: 3.36 GB
2026-07-26 18:58:49,037 - Evaluate - INFO - ASR... Epoch: 0, Walltime: 22.014482 CPU time: 120.654955
2026-07-26 18:59:09,087 - Evaluate - INFO - ASR Module... Epoch: 0, RSS: 3.36 GB
2026-07-26 18:59:09,088 - Evaluate - INFO - ASR... Epoch: 0, Walltime: 20.046036 CPU time: 111.258791
2026-07-26 18:59:29,848 - Evaluate - INFO - ASR Module... Epoch: 0, RSS: 3.36 GB
2026-07-26 18:59:29,850 - Evaluate - INFO - ASR... Epoch: 0, Walltime: 20.757865 CPU time: 114.962447
2026-07-26 18:59:50,403 - Evaluate - INFO - ASR Module... Epoch: 0, RSS: 3.36 GB
2026-07-26 18:59:50,405 - Evaluate - INFO - ASR... Epoch: 0, Walltime: 20.550607 CPU time: 113.388113
2026-07-26 19:00:10,732 - Evaluate - INFO - ASR Module... Epoch: 0, RSS: 3.36 GB
2026-07-26 19:00:10,733 - Evaluate - INFO - ASR... Epoch: 0, Walltime: 20.323578 CPU time: 112.398062
2026-07-26 19:00:31,385 - Evaluate - INFO - ASR Module... Epoch: 0, RSS: 3.36 GB
2026-07-26 19:00:31,386 - Evaluate - INFO - ASR... Epoch: 0, Walltime: 20.649240 CPU time: 114.476775
2026-07-26 19:00:51,577 - Evaluate - INFO - ASR Module... Epoch: 0, RSS: 3.36 GB
2026-07-26 19:00:51,578 - Evaluate - INFO - ASR... Epoch: 0, Walltime: 20.187022 CPU time: 111.578156
2026-07-26 19:01:11,905 - Evaluate - INFO - ASR Module... Epoch: 0, RSS: 3.36 GB
2026-07-26 19:01:11,906 - Evaluate - INFO - ASR... Epoch: 0, Walltime: 20.324204 CPU time: 109.704228
2026-07-26 19:01:32,203 - Evaluate - INFO - ASR Module... Epoch: 0, RSS: 3.36 GB
2026-07-26 19:01:32,204 - Evaluate - INFO - ASR... Epoch: 0, Walltime: 20.293217 CPU time: 111.606469
2026-07-26 19:01:53,013 - Evaluate - INFO - ASR Module... Epoch: 0, RSS: 3.36 GB
2026-07-26 19:01:53,014 - Evaluate - INFO - ASR... Epoch: 0, Walltime: 20.805634 CPU time: 115.148399
2026-07-26 19:02:17,366 - Evaluate - INFO - ASR Module... Epoch: 0, RSS: 3.36 GB
2026-07-26 19:02:17,367 - Evaluate - INFO - ASR... Epoch: 0, Walltime: 24.346550 CPU time: 132.911747
2026-07-26 19:02:39,624 - Evaluate - INFO - ASR Module... Epoch: 0, RSS: 3.36 GB
2026-07-26 19:02:39,625 - Evaluate - INFO - ASR... Epoch: 0, Walltime: 22.252318 CPU time: 117.635529
2026-07-26 19:03:00,756 - Evaluate - INFO - ASR Module... Epoch: 0, RSS: 3.36 GB
2026-07-26 19:03:00,757 - Evaluate - INFO - ASR... Epoch: 0, Walltime: 21.126392 CPU time: 116.166261
2026-07-26 19:03:21,555 - Evaluate - INFO - ASR Module... Epoch: 0, RSS: 3.36 GB
2026-07-26 19:03:21,556 - Evaluate - INFO - ASR... Epoch: 0, Walltime: 20.795035 CPU time: 114.725674
2026-07-26 19:03:42,414 - Evaluate - INFO - ASR Module... Epoch: 0, RSS: 3.36 GB
2026-07-26 19:03:42,415 - Evaluate - INFO - ASR... Epoch: 0, Walltime: 20.854296 CPU time: 113.911286
2026-07-26 19:04:04,459 - Evaluate - INFO - ASR Module... Epoch: 0, RSS: 3.36 GB
2026-07-26 19:04:04,460 - Evaluate - INFO - ASR... Epoch: 0, Walltime: 22.039707 CPU time: 118.395071
2026-07-26 19:04:25,984 - Evaluate - INFO - ASR Module... Epoch: 0, RSS: 3.36 GB
2026-07-26 19:04:25,985 - Evaluate - INFO - ASR... Epoch: 0, Walltime: 21.519080 CPU time: 116.138749
2026-07-26 19:04:46,002 - Evaluate - INFO - ASR Module... Epoch: 0, RSS: 3.36 GB
2026-07-26 19:04:46,003 - Evaluate - INFO - ASR... Epoch: 0, Walltime: 20.013346 CPU time: 109.572535
2026-07-26 19:05:08,662 - Evaluate - INFO - ASR Module... Epoch: 0, RSS: 3.36 GB
2026-07-26 19:05:08,663 - Evaluate - INFO - ASR... Epoch: 0, Walltime: 22.655335 CPU time: 121.181017
2026-07-26 19:05:29,908 - Evaluate - INFO - ASR Module... Epoch: 0, RSS: 3.36 GB
2026-07-26 19:05:29,909 - Evaluate - INFO - ASR... Epoch: 0, Walltime: 21.241383 CPU time: 113.885135
2026-07-26 19:05:52,019 - Evaluate - INFO - ASR Module... Epoch: 0, RSS: 3.36 GB
2026-07-26 19:05:52,021 - Evaluate - INFO - ASR... Epoch: 0, Walltime: 22.106060 CPU time: 115.512178
2026-07-26 19:06:14,642 - Evaluate - INFO - ASR Module... Epoch: 0, RSS: 3.36 GB
2026-07-26 19:06:14,643 - Evaluate - INFO - ASR... Epoch: 0, Walltime: 22.617620 CPU time: 120.501548
2026-07-26 19:06:34,872 - Evaluate - INFO - ASR Module... Epoch: 0, RSS: 3.36 GB
2026-07-26 19:06:34,874 - Evaluate - INFO - ASR... Epoch: 0, Walltime: 20.225116 CPU time: 112.006791
2026-07-26 19:06:57,003 - Evaluate - INFO - ASR Module... Epoch: 0, RSS: 3.36 GB
2026-07-26 19:06:57,004 - Evaluate - INFO - ASR... Epoch: 0, Walltime: 22.125818 CPU time: 119.972089
2026-07-26 19:07:16,077 - Evaluate - INFO - ASR Module... Epoch: 0, RSS: 3.36 GB
2026-07-26 19:07:16,079 - Evaluate - INFO - ASR... Epoch: 0, Walltime: 19.069946 CPU time: 105.713509
2026-07-26 19:07:37,365 - Evaluate - INFO - ASR Module... Epoch: 0, RSS: 3.36 GB
2026-07-26 19:07:37,366 - Evaluate - INFO - ASR... Epoch: 0, Walltime: 21.282518 CPU time: 109.702087
2026-07-26 19:07:59,767 - Evaluate - INFO - ASR Module... Epoch: 0, RSS: 3.36 GB
2026-07-26 19:07:59,768 - Evaluate - INFO - ASR... Epoch: 0, Walltime: 22.398146 CPU time: 118.518952
2026-07-26 19:08:22,948 - Evaluate - INFO - ASR Module... Epoch: 0, RSS: 3.36 GB
2026-07-26 19:08:22,949 - Evaluate - INFO - ASR... Epoch: 0, Walltime: 23.175378 CPU time: 125.953842
2026-07-26 19:08:44,530 - Evaluate - INFO - ASR Module... Epoch: 0, RSS: 3.36 GB
2026-07-26 19:08:44,531 - Evaluate - INFO - ASR... Epoch: 0, Walltime: 21.576696 CPU time: 110.628470
2026-07-26 19:09:05,117 - Evaluate - INFO - ASR Module... Epoch: 0, RSS: 3.36 GB
2026-07-26 19:09:05,118 - Evaluate - INFO - ASR... Epoch: 0, Walltime: 20.582385 CPU time: 112.594707
2026-07-26 19:09:31,695 - Evaluate - INFO - ASR Module... Epoch: 0, RSS: 3.36 GB
2026-07-26 19:09:31,696 - Evaluate - INFO - ASR... Epoch: 0, Walltime: 26.572665 CPU time: 143.631016
2026-07-26 19:09:51,519 - Evaluate - INFO - ASR Module... Epoch: 0, RSS: 3.36 GB
2026-07-26 19:09:51,520 - Evaluate - INFO - ASR... Epoch: 0, Walltime: 19.818721 CPU time: 110.174247
2026-07-26 19:10:10,645 - Evaluate - INFO - ASR Module... Epoch: 0, RSS: 3.36 GB
2026-07-26 19:10:10,646 - Evaluate - INFO - ASR... Epoch: 0, Walltime: 19.120859 CPU time: 106.608413
2026-07-26 19:10:29,439 - Evaluate - INFO - ASR Module... Epoch: 0, RSS: 3.36 GB
2026-07-26 19:10:29,440 - Evaluate - INFO - ASR... Epoch: 0, Walltime: 18.790208 CPU time: 104.748309
2026-07-26 19:10:48,874 - Evaluate - INFO - ASR Module... Epoch: 0, RSS: 3.36 GB
2026-07-26 19:10:48,875 - Evaluate - INFO - ASR... Epoch: 0, Walltime: 19.429091 CPU time: 108.096733
2026-07-26 19:11:08,315 - Evaluate - INFO - ASR Module... Epoch: 0, RSS: 3.36 GB
2026-07-26 19:11:08,316 - Evaluate - INFO - ASR... Epoch: 0, Walltime: 19.438419 CPU time: 108.427868
2026-07-26 19:11:27,509 - Evaluate - INFO - ASR Module... Epoch: 0, RSS: 3.36 GB
2026-07-26 19:11:27,510 - Evaluate - INFO - ASR... Epoch: 0, Walltime: 19.189992 CPU time: 105.614191
2026-07-26 19:11:47,917 - Evaluate - INFO - ASR Module... Epoch: 0, RSS: 3.36 GB
2026-07-26 19:11:47,918 - Evaluate - INFO - ASR... Epoch: 0, Walltime: 20.403308 CPU time: 112.529057
2026-07-26 19:12:07,214 - Evaluate - INFO - ASR Module... Epoch: 0, RSS: 3.36 GB
2026-07-26 19:12:07,215 - Evaluate - INFO - ASR... Epoch: 0, Walltime: 19.292645 CPU time: 106.576475
2026-07-26 19:12:26,309 - Evaluate - INFO - ASR Module... Epoch: 0, RSS: 3.36 GB
2026-07-26 19:12:26,309 - Evaluate - INFO - ASR... Epoch: 0, Walltime: 19.090115 CPU time: 105.284875
2026-07-26 19:12:47,218 - Evaluate - INFO - ASR Module... Epoch: 0, RSS: 3.36 GB
2026-07-26 19:12:47,219 - Evaluate - INFO - ASR... Epoch: 0, Walltime: 20.905076 CPU time: 110.183313
2026-07-26 19:13:06,298 - Evaluate - INFO - ASR Module... Epoch: 0, RSS: 3.36 GB
2026-07-26 19:13:06,299 - Evaluate - INFO - ASR... Epoch: 0, Walltime: 19.076558 CPU time: 105.686543
2026-07-26 19:13:25,783 - Evaluate - INFO - ASR Module... Epoch: 0, RSS: 3.36 GB
2026-07-26 19:13:25,785 - Evaluate - INFO - ASR... Epoch: 0, Walltime: 19.481249 CPU time: 108.506194
2026-07-26 19:13:45,646 - Evaluate - INFO - ASR Module... Epoch: 0, RSS: 3.36 GB
2026-07-26 19:13:45,647 - Evaluate - INFO - ASR... Epoch: 0, Walltime: 19.857371 CPU time: 107.244650
2026-07-26 19:14:05,693 - Evaluate - INFO - ASR Module... Epoch: 0, RSS: 3.36 GB
2026-07-26 19:14:05,694 - Evaluate - INFO - ASR... Epoch: 0, Walltime: 20.042647 CPU time: 110.439584
2026-07-26 19:14:25,284 - Evaluate - INFO - ASR Module... Epoch: 0, RSS: 3.36 GB
2026-07-26 19:14:25,285 - Evaluate - INFO - ASR... Epoch: 0, Walltime: 19.586936 CPU time: 108.574299
2026-07-26 19:14:44,620 - Evaluate - INFO - ASR Module... Epoch: 0, RSS: 3.36 GB
2026-07-26 19:14:44,621 - Evaluate - INFO - ASR... Epoch: 0, Walltime: 19.330343 CPU time: 107.009247
2026-07-26 19:15:03,699 - Evaluate - INFO - ASR Module... Epoch: 0, RSS: 3.36 GB
2026-07-26 19:15:03,700 - Evaluate - INFO - ASR... Epoch: 0, Walltime: 19.075762 CPU time: 106.624176
2026-07-26 19:15:23,094 - Evaluate - INFO - ASR Module... Epoch: 0, RSS: 3.36 GB
2026-07-26 19:15:23,095 - Evaluate - INFO - ASR... Epoch: 0, Walltime: 19.389820 CPU time: 107.284458
2026-07-26 19:15:43,744 - Evaluate - INFO - ASR Module... Epoch: 0, RSS: 3.36 GB
2026-07-26 19:15:43,745 - Evaluate - INFO - ASR... Epoch: 0, Walltime: 20.645552 CPU time: 112.993162
2026-07-26 19:16:03,583 - Evaluate - INFO - ASR Module... Epoch: 0, RSS: 3.36 GB
2026-07-26 19:16:03,584 - Evaluate - INFO - ASR... Epoch: 0, Walltime: 19.834168 CPU time: 110.228822
2026-07-26 19:16:24,936 - Evaluate - INFO - ASR Module... Epoch: 0, RSS: 3.36 GB
2026-07-26 19:16:24,937 - Evaluate - INFO - ASR... Epoch: 0, Walltime: 21.348048 CPU time: 107.401112
2026-07-26 19:16:44,032 - Evaluate - INFO - ASR Module... Epoch: 0, RSS: 3.36 GB
2026-07-26 19:16:44,033 - Evaluate - INFO - ASR... Epoch: 0, Walltime: 19.092228 CPU time: 105.743113
2026-07-26 19:17:04,140 - Evaluate - INFO - ASR Module... Epoch: 0, RSS: 3.36 GB
2026-07-26 19:17:04,141 - Evaluate - INFO - ASR... Epoch: 0, Walltime: 20.102515 CPU time: 111.128753
2026-07-26 19:17:24,411 - Evaluate - INFO - ASR Module... Epoch: 0, RSS: 3.36 GB
2026-07-26 19:17:24,413 - Evaluate - INFO - ASR... Epoch: 0, Walltime: 20.267660 CPU time: 109.437471
2026-07-26 19:17:44,603 - Evaluate - INFO - ASR Module... Epoch: 0, RSS: 3.36 GB
2026-07-26 19:17:44,604 - Evaluate - INFO - ASR... Epoch: 0, Walltime: 20.185581 CPU time: 110.820562
2026-07-26 19:18:04,894 - Evaluate - INFO - ASR Module... Epoch: 0, RSS: 3.36 GB
2026-07-26 19:18:04,895 - Evaluate - INFO - ASR... Epoch: 0, Walltime: 20.286246 CPU time: 111.113092
2026-07-26 19:18:23,974 - Evaluate - INFO - ASR Module... Epoch: 0, RSS: 3.36 GB
2026-07-26 19:18:23,975 - Evaluate - INFO - ASR... Epoch: 0, Walltime: 19.075805 CPU time: 105.796952
2026-07-26 19:18:43,797 - Evaluate - INFO - ASR Module... Epoch: 0, RSS: 3.36 GB
2026-07-26 19:18:43,798 - Evaluate - INFO - ASR... Epoch: 0, Walltime: 19.818897 CPU time: 109.905130
2026-07-26 19:19:03,112 - Evaluate - INFO - ASR Module... Epoch: 0, RSS: 3.36 GB
2026-07-26 19:19:03,113 - Evaluate - INFO - ASR... Epoch: 0, Walltime: 19.310170 CPU time: 107.757451
2026-07-26 19:19:22,360 - Evaluate - INFO - ASR Module... Epoch: 0, RSS: 3.36 GB
2026-07-26 19:19:22,361 - Evaluate - INFO - ASR... Epoch: 0, Walltime: 19.242901 CPU time: 106.954439
2026-07-26 19:19:42,782 - Evaluate - INFO - ASR Module... Epoch: 0, RSS: 3.36 GB
2026-07-26 19:19:42,783 - Evaluate - INFO - ASR... Epoch: 0, Walltime: 20.417380 CPU time: 112.147757
2026-07-26 19:20:01,900 - Evaluate - INFO - ASR Module... Epoch: 0, RSS: 3.36 GB
2026-07-26 19:20:01,901 - Evaluate - INFO - ASR... Epoch: 0, Walltime: 19.114548 CPU time: 106.346553
2026-07-26 19:20:21,193 - Evaluate - INFO - ASR Module... Epoch: 0, RSS: 3.36 GB
2026-07-26 19:20:21,194 - Evaluate - INFO - ASR... Epoch: 0, Walltime: 19.289192 CPU time: 106.667904
2026-07-26 19:20:40,879 - Evaluate - INFO - ASR Module... Epoch: 0, RSS: 3.36 GB
2026-07-26 19:20:40,880 - Evaluate - INFO - ASR... Epoch: 0, Walltime: 19.680440 CPU time: 107.946213
2026-07-26 19:21:00,254 - Evaluate - INFO - ASR Module... Epoch: 0, RSS: 3.36 GB
2026-07-26 19:21:00,256 - Evaluate - INFO - ASR... Epoch: 0, Walltime: 19.371666 CPU time: 107.326719
2026-07-26 19:21:21,064 - Evaluate - INFO - ASR Module... Epoch: 0, RSS: 3.36 GB
2026-07-26 19:21:21,065 - Evaluate - INFO - ASR... Epoch: 0, Walltime: 20.803681 CPU time: 114.510527
2026-07-26 19:21:42,563 - Evaluate - INFO - ASR Module... Epoch: 0, RSS: 3.36 GB
2026-07-26 19:21:42,564 - Evaluate - INFO - ASR... Epoch: 0, Walltime: 21.493998 CPU time: 111.022789
2026-07-26 19:22:02,599 - Evaluate - INFO - ASR Module... Epoch: 0, RSS: 3.36 GB
2026-07-26 19:22:02,600 - Evaluate - INFO - ASR... Epoch: 0, Walltime: 20.031810 CPU time: 108.841100
2026-07-26 19:22:21,967 - Evaluate - INFO - ASR Module... Epoch: 0, RSS: 3.36 GB
2026-07-26 19:22:21,968 - Evaluate - INFO - ASR... Epoch: 0, Walltime: 19.363861 CPU time: 105.597489
2026-07-26 19:22:40,875 - Evaluate - INFO - ASR Module... Epoch: 0, RSS: 3.36 GB
2026-07-26 19:22:40,877 - Evaluate - INFO - ASR... Epoch: 0, Walltime: 18.904472 CPU time: 105.466239
2026-07-26 19:22:59,824 - Evaluate - INFO - ASR Module... Epoch: 0, RSS: 3.36 GB
2026-07-26 19:22:59,825 - Evaluate - INFO - ASR... Epoch: 0, Walltime: 18.944753 CPU time: 105.614889
2026-07-26 19:23:18,917 - Evaluate - INFO - ASR Module... Epoch: 0, RSS: 3.36 GB
2026-07-26 19:23:18,918 - Evaluate - INFO - ASR... Epoch: 0, Walltime: 19.088229 CPU time: 106.115700
2026-07-26 19:23:39,551 - Evaluate - INFO - ASR Module... Epoch: 0, RSS: 3.36 GB
2026-07-26 19:23:39,553 - Evaluate - INFO - ASR... Epoch: 0, Walltime: 20.631452 CPU time: 114.048536
2026-07-26 19:23:58,932 - Evaluate - INFO - ASR Module... Epoch: 0, RSS: 3.36 GB
2026-07-26 19:23:58,933 - Evaluate - INFO - ASR... Epoch: 0, Walltime: 19.374482 CPU time: 107.456668
2026-07-26 19:24:17,966 - Evaluate - INFO - ASR Module... Epoch: 0, RSS: 3.36 GB
2026-07-26 19:24:17,967 - Evaluate - INFO - ASR... Epoch: 0, Walltime: 19.030389 CPU time: 105.626363
2026-07-26 19:24:37,899 - Evaluate - INFO - ASR Module... Epoch: 0, RSS: 3.36 GB
2026-07-26 19:24:37,900 - Evaluate - INFO - ASR... Epoch: 0, Walltime: 19.928768 CPU time: 108.685972
2026-07-26 19:24:57,829 - Evaluate - INFO - ASR Module... Epoch: 0, RSS: 3.36 GB
2026-07-26 19:24:57,830 - Evaluate - INFO - ASR... Epoch: 0, Walltime: 19.925625 CPU time: 109.283341
2026-07-26 19:25:18,024 - Evaluate - INFO - ASR Module... Epoch: 0, RSS: 3.36 GB
2026-07-26 19:25:18,025 - Evaluate - INFO - ASR... Epoch: 0, Walltime: 20.190408 CPU time: 110.663331
2026-07-26 19:25:37,558 - Evaluate - INFO - ASR Module... Epoch: 0, RSS: 3.36 GB
2026-07-26 19:25:37,559 - Evaluate - INFO - ASR... Epoch: 0, Walltime: 19.528932 CPU time: 108.698650
2026-07-26 19:25:56,750 - Evaluate - INFO - ASR Module... Epoch: 0, RSS: 3.36 GB
2026-07-26 19:25:56,751 - Evaluate - INFO - ASR... Epoch: 0, Walltime: 19.187662 CPU time: 106.323164
2026-07-26 19:26:21,611 - Evaluate - INFO - ASR Module... Epoch: 0, RSS: 3.36 GB
2026-07-26 19:26:21,612 - Evaluate - INFO - ASR... Epoch: 0, Walltime: 24.855054 CPU time: 135.273197
2026-07-26 19:26:44,714 - Evaluate - INFO - ASR Module... Epoch: 0, RSS: 3.36 GB
2026-07-26 19:26:44,715 - Evaluate - INFO - ASR... Epoch: 0, Walltime: 23.097122 CPU time: 124.752625
2026-07-26 19:27:05,442 - Evaluate - INFO - ASR Module... Epoch: 0, RSS: 3.36 GB
2026-07-26 19:27:05,443 - Evaluate - INFO - ASR... Epoch: 0, Walltime: 20.723003 CPU time: 114.734386
2026-07-26 19:27:26,466 - Evaluate - INFO - ASR Module... Epoch: 0, RSS: 3.36 GB
2026-07-26 19:27:26,467 - Evaluate - INFO - ASR... Epoch: 0, Walltime: 21.018587 CPU time: 114.269698
2026-07-26 19:27:49,654 - Evaluate - INFO - ASR Module... Epoch: 0, RSS: 3.36 GB
2026-07-26 19:27:49,655 - Evaluate - INFO - ASR... Epoch: 0, Walltime: 23.183072 CPU time: 127.311393
2026-07-26 19:28:12,052 - Evaluate - INFO - ASR Module... Epoch: 0, RSS: 3.36 GB
2026-07-26 19:28:12,053 - Evaluate - INFO - ASR... Epoch: 0, Walltime: 22.390919 CPU time: 123.127540
2026-07-26 19:28:36,024 - Evaluate - INFO - ASR Module... Epoch: 0, RSS: 3.36 GB
2026-07-26 19:28:36,025 - Evaluate - INFO - ASR... Epoch: 0, Walltime: 23.965864 CPU time: 130.258453
2026-07-26 19:28:57,711 - Evaluate - INFO - ASR Module... Epoch: 0, RSS: 3.36 GB
2026-07-26 19:28:57,711 - Evaluate - INFO - ASR... Epoch: 0, Walltime: 21.681028 CPU time: 118.534449
2026-07-26 19:29:18,003 - Evaluate - INFO - ASR Module... Epoch: 0, RSS: 3.36 GB
2026-07-26 19:29:18,004 - Evaluate - INFO - ASR... Epoch: 0, Walltime: 20.286902 CPU time: 110.287132
2026-07-26 19:29:40,426 - Evaluate - INFO - ASR Module... Epoch: 0, RSS: 3.36 GB
2026-07-26 19:29:40,427 - Evaluate - INFO - ASR... Epoch: 0, Walltime: 22.417967 CPU time: 122.971926
2026-07-26 19:30:03,426 - Evaluate - INFO - ASR Module... Epoch: 0, RSS: 3.36 GB
2026-07-26 19:30:03,427 - Evaluate - INFO - ASR... Epoch: 0, Walltime: 22.992953 CPU time: 122.742058
2026-07-26 19:30:27,222 - Evaluate - INFO - ASR Module... Epoch: 0, RSS: 3.36 GB
2026-07-26 19:30:27,224 - Evaluate - INFO - ASR... Epoch: 0, Walltime: 23.791331 CPU time: 124.145869
2026-07-26 19:30:50,096 - Evaluate - INFO - ASR Module... Epoch: 0, RSS: 3.36 GB
2026-07-26 19:30:50,097 - Evaluate - INFO - ASR... Epoch: 0, Walltime: 22.866877 CPU time: 122.283747
2026-07-26 19:31:11,866 - Evaluate - INFO - ASR Module... Epoch: 0, RSS: 3.36 GB
2026-07-26 19:31:11,867 - Evaluate - INFO - ASR... Epoch: 0, Walltime: 21.765251 CPU time: 119.889489
2026-07-26 19:31:33,820 - Evaluate - INFO - ASR Module... Epoch: 0, RSS: 3.36 GB
2026-07-26 19:31:33,821 - Evaluate - INFO - ASR... Epoch: 0, Walltime: 21.948273 CPU time: 120.769016
2026-07-26 19:31:52,374 - Evaluate - INFO - ASR Module... Epoch: 0, RSS: 3.36 GB
2026-07-26 19:31:52,375 - Evaluate - INFO - ASR... Epoch: 0, Walltime: 18.549294 CPU time: 102.423918
2026-07-26 19:32:11,537 - Evaluate - INFO - ASR Module... Epoch: 0, RSS: 3.36 GB
2026-07-26 19:32:11,538 - Evaluate - INFO - ASR... Epoch: 0, Walltime: 19.159828 CPU time: 105.762677
2026-07-26 19:32:32,226 - Evaluate - INFO - ASR Module... Epoch: 0, RSS: 3.36 GB
2026-07-26 19:32:32,227 - Evaluate - INFO - ASR... Epoch: 0, Walltime: 20.684099 CPU time: 112.563994
2026-07-26 19:32:51,860 - Evaluate - INFO - ASR Module... Epoch: 0, RSS: 3.36 GB
2026-07-26 19:32:51,861 - Evaluate - INFO - ASR... Epoch: 0, Walltime: 19.630278 CPU time: 108.558975
2026-07-26 19:33:11,600 - Evaluate - INFO - ASR Module... Epoch: 0, RSS: 3.36 GB
2026-07-26 19:33:11,601 - Evaluate - INFO - ASR... Epoch: 0, Walltime: 19.736052 CPU time: 108.220785
2026-07-26 19:33:30,922 - Evaluate - INFO - ASR Module... Epoch: 0, RSS: 3.36 GB
2026-07-26 19:33:30,923 - Evaluate - INFO - ASR... Epoch: 0, Walltime: 19.317813 CPU time: 107.255268
2026-07-26 19:33:50,508 - Evaluate - INFO - ASR Module... Epoch: 0, RSS: 3.36 GB
2026-07-26 19:33:50,509 - Evaluate - INFO - ASR... Epoch: 0, Walltime: 19.582719 CPU time: 108.093460
2026-07-26 19:34:11,785 - Evaluate - INFO - ASR Module... Epoch: 0, RSS: 3.36 GB
2026-07-26 19:34:11,786 - Evaluate - INFO - ASR... Epoch: 0, Walltime: 21.271747 CPU time: 117.064329
2026-07-26 19:34:31,650 - Evaluate - INFO - ASR Module... Epoch: 0, RSS: 3.36 GB
2026-07-26 19:34:31,651 - Evaluate - INFO - ASR... Epoch: 0, Walltime: 19.860928 CPU time: 108.414986
2026-07-26 19:34:53,651 - Evaluate - INFO - ASR Module... Epoch: 0, RSS: 3.36 GB
2026-07-26 19:34:53,653 - Evaluate - INFO - ASR... Epoch: 0, Walltime: 21.997940 CPU time: 116.524569
2026-07-26 19:35:14,258 - Evaluate - INFO - ASR Module... Epoch: 0, RSS: 3.36 GB
2026-07-26 19:35:14,259 - Evaluate - INFO - ASR... Epoch: 0, Walltime: 20.601593 CPU time: 113.154696
2026-07-26 19:35:41,676 - Evaluate - INFO - ASR Module... Epoch: 0, RSS: 3.36 GB
2026-07-26 19:35:41,677 - Evaluate - INFO - ASR... Epoch: 0, Walltime: 27.412032 CPU time: 130.363270
2026-07-26 19:36:04,345 - Evaluate - INFO - ASR Module... Epoch: 0, RSS: 3.36 GB
2026-07-26 19:36:04,346 - Evaluate - INFO - ASR... Epoch: 0, Walltime: 22.663597 CPU time: 122.415073
2026-07-26 19:36:26,726 - Evaluate - INFO - ASR Module... Epoch: 0, RSS: 3.36 GB
2026-07-26 19:36:26,727 - Evaluate - INFO - ASR... Epoch: 0, Walltime: 22.375000 CPU time: 120.167401
2026-07-26 19:36:48,176 - Evaluate - INFO - ASR Module... Epoch: 0, RSS: 3.36 GB
2026-07-26 19:36:48,177 - Evaluate - INFO - ASR... Epoch: 0, Walltime: 21.445248 CPU time: 113.803518
2026-07-26 19:37:09,734 - Evaluate - INFO - ASR Module... Epoch: 0, RSS: 3.36 GB
2026-07-26 19:37:09,735 - Evaluate - INFO - ASR... Epoch: 0, Walltime: 21.551705 CPU time: 118.218082
2026-07-26 19:37:31,581 - Evaluate - INFO - ASR Module... Epoch: 0, RSS: 3.36 GB
2026-07-26 19:37:31,582 - Evaluate - INFO - ASR... Epoch: 0, Walltime: 21.842708 CPU time: 119.987702
2026-07-26 19:37:50,804 - Evaluate - INFO - ASR Module... Epoch: 0, RSS: 3.36 GB
2026-07-26 19:37:50,805 - Evaluate - INFO - ASR... Epoch: 0, Walltime: 19.218298 CPU time: 106.865373
2026-07-26 19:38:12,375 - Evaluate - INFO - ASR Module... Epoch: 0, RSS: 3.36 GB
2026-07-26 19:38:12,376 - Evaluate - INFO - ASR... Epoch: 0, Walltime: 21.565157 CPU time: 118.908464
2026-07-26 19:38:33,691 - Evaluate - INFO - ASR Module... Epoch: 0, RSS: 3.36 GB
2026-07-26 19:38:33,692 - Evaluate - INFO - ASR... Epoch: 0, Walltime: 21.312129 CPU time: 115.750264
2026-07-26 19:38:55,782 - Evaluate - INFO - ASR Module... Epoch: 0, RSS: 3.36 GB
2026-07-26 19:38:55,783 - Evaluate - INFO - ASR... Epoch: 0, Walltime: 22.085943 CPU time: 121.225622
2026-07-26 19:39:19,779 - Evaluate - INFO - ASR Module... Epoch: 0, RSS: 3.36 GB
2026-07-26 19:39:19,780 - Evaluate - INFO - ASR... Epoch: 0, Walltime: 23.989899 CPU time: 131.173958
2026-07-26 19:39:40,140 - Evaluate - INFO - ASR Module... Epoch: 0, RSS: 3.36 GB
2026-07-26 19:39:40,142 - Evaluate - INFO - ASR... Epoch: 0, Walltime: 20.356433 CPU time: 112.191861
2026-07-26 19:39:59,264 - Evaluate - INFO - ASR Module... Epoch: 0, RSS: 3.36 GB
2026-07-26 19:39:59,265 - Evaluate - INFO - ASR... Epoch: 0, Walltime: 19.118112 CPU time: 105.040426
2026-07-26 19:40:20,150 - Evaluate - INFO - ASR Module... Epoch: 0, RSS: 3.36 GB
2026-07-26 19:40:20,151 - Evaluate - INFO - ASR... Epoch: 0, Walltime: 20.881490 CPU time: 112.729950
2026-07-26 19:40:40,700 - Evaluate - INFO - ASR Module... Epoch: 0, RSS: 3.36 GB
2026-07-26 19:40:40,701 - Evaluate - INFO - ASR... Epoch: 0, Walltime: 20.544792 CPU time: 110.938935
2026-07-26 19:41:02,365 - Evaluate - INFO - ASR Module... Epoch: 0, RSS: 3.36 GB
2026-07-26 19:41:02,367 - Evaluate - INFO - ASR... Epoch: 0, Walltime: 21.659680 CPU time: 117.481254
2026-07-26 19:41:23,430 - Evaluate - INFO - ASR Module... Epoch: 0, RSS: 3.36 GB
2026-07-26 19:41:23,431 - Evaluate - INFO - ASR... Epoch: 0, Walltime: 21.059449 CPU time: 115.740841
2026-07-26 19:41:44,049 - Evaluate - INFO - ASR Module... Epoch: 0, RSS: 3.36 GB
2026-07-26 19:41:44,050 - Evaluate - INFO - ASR... Epoch: 0, Walltime: 20.613351 CPU time: 110.696637
2026-07-26 19:42:05,915 - Evaluate - INFO - ASR Module... Epoch: 0, RSS: 3.36 GB
2026-07-26 19:42:05,916 - Evaluate - INFO - ASR... Epoch: 0, Walltime: 21.862327 CPU time: 118.551730
2026-07-26 19:42:25,919 - Evaluate - INFO - ASR Module... Epoch: 0, RSS: 3.36 GB
2026-07-26 19:42:25,920 - Evaluate - INFO - ASR... Epoch: 0, Walltime: 19.999742 CPU time: 110.854659
2026-07-26 19:42:46,348 - Evaluate - INFO - ASR Module... Epoch: 0, RSS: 3.36 GB
2026-07-26 19:42:46,349 - Evaluate - INFO - ASR... Epoch: 0, Walltime: 20.423334 CPU time: 112.817015
2026-07-26 19:43:06,360 - Evaluate - INFO - ASR Module... Epoch: 0, RSS: 3.36 GB
2026-07-26 19:43:06,361 - Evaluate - INFO - ASR... Epoch: 0, Walltime: 20.007057 CPU time: 110.657910
2026-07-26 19:43:26,058 - Evaluate - INFO - ASR Module... Epoch: 0, RSS: 3.36 GB
2026-07-26 19:43:26,059 - Evaluate - INFO - ASR... Epoch: 0, Walltime: 19.694403 CPU time: 106.548931
2026-07-26 19:43:47,039 - Evaluate - INFO - ASR Module... Epoch: 0, RSS: 3.36 GB
2026-07-26 19:43:47,040 - Evaluate - INFO - ASR... Epoch: 0, Walltime: 20.974746 CPU time: 115.300312
2026-07-26 19:44:07,370 - Evaluate - INFO - ASR Module... Epoch: 0, RSS: 3.36 GB
2026-07-26 19:44:07,371 - Evaluate - INFO - ASR... Epoch: 0, Walltime: 20.326444 CPU time: 111.861512
2026-07-26 19:44:27,436 - Evaluate - INFO - ASR Module... Epoch: 0, RSS: 3.36 GB
2026-07-26 19:44:27,437 - Evaluate - INFO - ASR... Epoch: 0, Walltime: 20.061538 CPU time: 111.043592
2026-07-26 19:44:50,278 - Evaluate - INFO - ASR Module... Epoch: 0, RSS: 3.36 GB
2026-07-26 19:44:50,279 - Evaluate - INFO - ASR... Epoch: 0, Walltime: 22.836918 CPU time: 123.263799
2026-07-26 19:45:09,611 - Evaluate - INFO - ASR Module... Epoch: 0, RSS: 3.36 GB
2026-07-26 19:45:09,612 - Evaluate - INFO - ASR... Epoch: 0, Walltime: 19.328224 CPU time: 107.353821
2026-07-26 19:45:28,368 - Evaluate - INFO - ASR Module... Epoch: 0, RSS: 3.36 GB
2026-07-26 19:45:28,369 - Evaluate - INFO - ASR... Epoch: 0, Walltime: 18.753177 CPU time: 104.704105
2026-07-26 19:45:50,286 - Evaluate - INFO - ASR Module... Epoch: 0, RSS: 3.36 GB
2026-07-26 19:45:50,287 - Evaluate - INFO - ASR... Epoch: 0, Walltime: 21.913364 CPU time: 110.882969
2026-07-26 19:46:12,603 - Evaluate - INFO - ASR Module... Epoch: 0, RSS: 3.36 GB
2026-07-26 19:46:12,604 - Evaluate - INFO - ASR... Epoch: 0, Walltime: 22.312277 CPU time: 116.705232
2026-07-26 19:46:33,633 - Evaluate - INFO - ASR Module... Epoch: 0, RSS: 3.36 GB
2026-07-26 19:46:33,635 - Evaluate - INFO - ASR... Epoch: 0, Walltime: 21.024879 CPU time: 116.326760
2026-07-26 19:46:55,356 - Evaluate - INFO - ASR Module... Epoch: 0, RSS: 3.36 GB
2026-07-26 19:46:55,357 - Evaluate - INFO - ASR... Epoch: 0, Walltime: 21.717337 CPU time: 118.098587
2026-07-26 19:47:16,047 - Evaluate - INFO - ASR Module... Epoch: 0, RSS: 3.36 GB
2026-07-26 19:47:16,048 - Evaluate - INFO - ASR... Epoch: 0, Walltime: 20.686146 CPU time: 112.711618
2026-07-26 19:47:37,629 - Evaluate - INFO - ASR Module... Epoch: 0, RSS: 3.36 GB
2026-07-26 19:47:37,630 - Evaluate - INFO - ASR... Epoch: 0, Walltime: 21.576613 CPU time: 119.125467
2026-07-26 19:47:58,091 - Evaluate - INFO - ASR Module... Epoch: 0, RSS: 3.36 GB
2026-07-26 19:47:58,092 - Evaluate - INFO - ASR... Epoch: 0, Walltime: 20.457109 CPU time: 113.051471
2026-07-26 19:48:20,537 - Evaluate - INFO - ASR Module... Epoch: 0, RSS: 3.36 GB
2026-07-26 19:48:20,538 - Evaluate - INFO - ASR... Epoch: 0, Walltime: 22.440215 CPU time: 122.876488
2026-07-26 19:48:41,145 - Evaluate - INFO - ASR Module... Epoch: 0, RSS: 3.36 GB
2026-07-26 19:48:41,146 - Evaluate - INFO - ASR... Epoch: 0, Walltime: 20.602062 CPU time: 113.817511
2026-07-26 19:49:01,525 - Evaluate - INFO - ASR Module... Epoch: 0, RSS: 3.36 GB
2026-07-26 19:49:01,526 - Evaluate - INFO - ASR... Epoch: 0, Walltime: 20.374643 CPU time: 112.779175
2026-07-26 19:49:22,172 - Evaluate - INFO - ASR Module... Epoch: 0, RSS: 3.36 GB
2026-07-26 19:49:22,173 - Evaluate - INFO - ASR... Epoch: 0, Walltime: 20.642393 CPU time: 113.980378
2026-07-26 19:49:44,382 - Evaluate - INFO - ASR Module... Epoch: 0, RSS: 3.36 GB
2026-07-26 19:49:44,383 - Evaluate - INFO - ASR... Epoch: 0, Walltime: 22.205885 CPU time: 120.603752
2026-07-26 19:50:08,143 - Evaluate - INFO - ASR Module... Epoch: 0, RSS: 3.36 GB
2026-07-26 19:50:08,144 - Evaluate - INFO - ASR... Epoch: 0, Walltime: 23.754694 CPU time: 128.938051
2026-07-26 19:50:28,762 - Evaluate - INFO - ASR Module... Epoch: 0, RSS: 3.36 GB
2026-07-26 19:50:28,763 - Evaluate - INFO - ASR... Epoch: 0, Walltime: 20.612327 CPU time: 113.676965
2026-07-26 19:50:53,379 - Evaluate - INFO - ASR Module... Epoch: 0, RSS: 3.36 GB
2026-07-26 19:50:53,380 - Evaluate - INFO - ASR... Epoch: 0, Walltime: 24.611631 CPU time: 134.325027
2026-07-26 19:51:18,835 - Evaluate - INFO - ASR Module... Epoch: 0, RSS: 3.36 GB
2026-07-26 19:51:18,836 - Evaluate - INFO - ASR... Epoch: 0, Walltime: 25.449724 CPU time: 136.440692
2026-07-26 19:51:40,713 - Evaluate - INFO - ASR Module... Epoch: 0, RSS: 3.36 GB
2026-07-26 19:51:40,714 - Evaluate - INFO - ASR... Epoch: 0, Walltime: 21.870962 CPU time: 120.813308
2026-07-26 19:52:01,510 - Evaluate - INFO - ASR Module... Epoch: 0, RSS: 3.36 GB
2026-07-26 19:52:01,511 - Evaluate - INFO - ASR... Epoch: 0, Walltime: 20.791927 CPU time: 113.660538
2026-07-26 19:52:25,592 - Evaluate - INFO - ASR Module... Epoch: 0, RSS: 3.36 GB
2026-07-26 19:52:25,593 - Evaluate - INFO - ASR... Epoch: 0, Walltime: 24.074826 CPU time: 131.364903
2026-07-26 19:52:48,400 - Evaluate - INFO - ASR Module... Epoch: 0, RSS: 3.36 GB
2026-07-26 19:52:48,402 - Evaluate - INFO - ASR... Epoch: 0, Walltime: 22.803567 CPU time: 124.287763
2026-07-26 19:53:09,059 - Evaluate - INFO - ASR Module... Epoch: 0, RSS: 3.36 GB
2026-07-26 19:53:09,060 - Evaluate - INFO - ASR... Epoch: 0, Walltime: 20.652998 CPU time: 113.517599
2026-07-26 19:53:30,897 - Evaluate - INFO - ASR Module... Epoch: 0, RSS: 3.36 GB
2026-07-26 19:53:30,898 - Evaluate - INFO - ASR... Epoch: 0, Walltime: 21.831386 CPU time: 117.832601
2026-07-26 19:53:53,456 - Evaluate - INFO - ASR Module... Epoch: 0, RSS: 3.36 GB
2026-07-26 19:53:53,457 - Evaluate - INFO - ASR... Epoch: 0, Walltime: 22.553917 CPU time: 122.983309
2026-07-26 19:54:17,000 - Evaluate - INFO - ASR Module... Epoch: 0, RSS: 3.36 GB
2026-07-26 19:54:17,001 - Evaluate - INFO - ASR... Epoch: 0, Walltime: 23.537357 CPU time: 129.533851
2026-07-26 19:54:39,365 - Evaluate - INFO - ASR Module... Epoch: 0, RSS: 3.36 GB
2026-07-26 19:54:39,366 - Evaluate - INFO - ASR... Epoch: 0, Walltime: 22.357104 CPU time: 123.776615
2026-07-26 19:55:02,586 - Evaluate - INFO - ASR Module... Epoch: 0, RSS: 3.36 GB
2026-07-26 19:55:02,587 - Evaluate - INFO - ASR... Epoch: 0, Walltime: 23.215147 CPU time: 124.452241
2026-07-26 19:55:24,692 - Evaluate - INFO - ASR Module... Epoch: 0, RSS: 3.36 GB
2026-07-26 19:55:24,693 - Evaluate - INFO - ASR... Epoch: 0, Walltime: 22.097828 CPU time: 121.628253
2026-07-26 19:55:46,784 - Evaluate - INFO - ASR Module... Epoch: 0, RSS: 3.36 GB
2026-07-26 19:55:46,785 - Evaluate - INFO - ASR... Epoch: 0, Walltime: 22.085550 CPU time: 121.433756
2026-07-26 19:56:07,922 - Evaluate - INFO - ASR Module... Epoch: 0, RSS: 3.36 GB
2026-07-26 19:56:07,923 - Evaluate - INFO - ASR... Epoch: 0, Walltime: 21.132448 CPU time: 115.575712
2026-07-26 19:56:29,759 - Evaluate - INFO - ASR Module... Epoch: 0, RSS: 3.36 GB
2026-07-26 19:56:29,760 - Evaluate - INFO - ASR... Epoch: 0, Walltime: 21.832337 CPU time: 120.429081
2026-07-26 19:56:51,358 - Evaluate - INFO - ASR Module... Epoch: 0, RSS: 3.36 GB
2026-07-26 19:56:51,359 - Evaluate - INFO - ASR... Epoch: 0, Walltime: 21.593231 CPU time: 118.184723
2026-07-26 19:57:13,433 - Evaluate - INFO - ASR Module... Epoch: 0, RSS: 3.36 GB
2026-07-26 19:57:13,434 - Evaluate - INFO - ASR... Epoch: 0, Walltime: 22.068662 CPU time: 116.992572
2026-07-26 19:57:36,898 - Evaluate - INFO - ASR Module... Epoch: 0, RSS: 3.36 GB
2026-07-26 19:57:36,899 - Evaluate - INFO - ASR... Epoch: 0, Walltime: 23.458193 CPU time: 129.011536
2026-07-26 19:58:02,632 - Evaluate - INFO - ASR Module... Epoch: 0, RSS: 3.36 GB
2026-07-26 19:58:02,633 - Evaluate - INFO - ASR... Epoch: 0, Walltime: 25.727125 CPU time: 121.362588
2026-07-26 19:58:23,752 - Evaluate - INFO - ASR Module... Epoch: 0, RSS: 3.36 GB
2026-07-26 19:58:23,753 - Evaluate - INFO - ASR... Epoch: 0, Walltime: 21.114587 CPU time: 115.869816
2026-07-26 19:58:47,408 - Evaluate - INFO - ASR Module... Epoch: 0, RSS: 3.36 GB
2026-07-26 19:58:47,409 - Evaluate - INFO - ASR... Epoch: 0, Walltime: 23.649667 CPU time: 126.802893
2026-07-26 19:59:09,568 - Evaluate - INFO - ASR Module... Epoch: 0, RSS: 3.36 GB
2026-07-26 19:59:09,570 - Evaluate - INFO - ASR... Epoch: 0, Walltime: 22.154661 CPU time: 121.944118
2026-07-26 19:59:32,731 - Evaluate - INFO - ASR Module... Epoch: 0, RSS: 3.36 GB
2026-07-26 19:59:32,732 - Evaluate - INFO - ASR... Epoch: 0, Walltime: 23.154093 CPU time: 126.770700
2026-07-26 19:59:56,887 - Evaluate - INFO - ASR Module... Epoch: 0, RSS: 3.36 GB
2026-07-26 19:59:56,888 - Evaluate - INFO - ASR... Epoch: 0, Walltime: 24.148568 CPU time: 131.277256
2026-07-26 20:00:18,975 - Evaluate - INFO - ASR Module... Epoch: 0, RSS: 3.36 GB
2026-07-26 20:00:18,976 - Evaluate - INFO - ASR... Epoch: 0, Walltime: 22.080365 CPU time: 121.290767
2026-07-26 20:00:40,537 - Evaluate - INFO - ASR Module... Epoch: 0, RSS: 3.36 GB
2026-07-26 20:00:40,539 - Evaluate - INFO - ASR... Epoch: 0, Walltime: 21.556856 CPU time: 116.114896
2026-07-26 20:01:01,472 - Evaluate - INFO - ASR Module... Epoch: 0, RSS: 3.36 GB
2026-07-26 20:01:01,473 - Evaluate - INFO - ASR... Epoch: 0, Walltime: 20.929159 CPU time: 114.268469
2026-07-26 20:01:24,239 - Evaluate - INFO - ASR Module... Epoch: 0, RSS: 3.36 GB
2026-07-26 20:01:24,240 - Evaluate - INFO - ASR... Epoch: 0, Walltime: 22.759931 CPU time: 124.142130
2026-07-26 20:01:48,428 - Evaluate - INFO - ASR Module... Epoch: 0, RSS: 3.36 GB
2026-07-26 20:01:48,429 - Evaluate - INFO - ASR... Epoch: 0, Walltime: 24.183574 CPU time: 112.375407
2026-07-26 20:02:10,372 - Evaluate - INFO - ASR Module... Epoch: 0, RSS: 3.36 GB
2026-07-26 20:02:10,373 - Evaluate - INFO - ASR... Epoch: 0, Walltime: 21.938823 CPU time: 119.759212
2026-07-26 20:02:30,372 - Evaluate - INFO - ASR Module... Epoch: 0, RSS: 3.36 GB
2026-07-26 20:02:30,373 - Evaluate - INFO - ASR... Epoch: 0, Walltime: 19.994560 CPU time: 111.078894
2026-07-26 20:02:49,999 - Evaluate - INFO - ASR Module... Epoch: 0, RSS: 3.36 GB
2026-07-26 20:02:50,000 - Evaluate - INFO - ASR... Epoch: 0, Walltime: 19.622742 CPU time: 108.442952
2026-07-26 20:03:11,128 - Evaluate - INFO - ASR Module... Epoch: 0, RSS: 3.36 GB
2026-07-26 20:03:11,129 - Evaluate - INFO - ASR... Epoch: 0, Walltime: 21.124618 CPU time: 115.503391
2026-07-26 20:03:30,742 - Evaluate - INFO - ASR Module... Epoch: 0, RSS: 3.36 GB
2026-07-26 20:03:30,743 - Evaluate - INFO - ASR... Epoch: 0, Walltime: 19.609714 CPU time: 106.510941
2026-07-26 20:03:53,568 - Evaluate - INFO - ASR Module... Epoch: 0, RSS: 3.36 GB
2026-07-26 20:03:53,569 - Evaluate - INFO - ASR... Epoch: 0, Walltime: 22.822600 CPU time: 116.366617
2026-07-26 20:04:14,493 - Evaluate - INFO - ASR Module... Epoch: 0, RSS: 3.36 GB
2026-07-26 20:04:14,494 - Evaluate - INFO - ASR... Epoch: 0, Walltime: 20.919779 CPU time: 115.465897
2026-07-26 20:04:35,242 - Evaluate - INFO - ASR Module... Epoch: 0, RSS: 3.36 GB
2026-07-26 20:04:35,243 - Evaluate - INFO - ASR... Epoch: 0, Walltime: 20.744200 CPU time: 112.450819
2026-07-26 20:05:01,565 - Evaluate - INFO - ASR Module... Epoch: 0, RSS: 3.36 GB
2026-07-26 20:05:01,566 - Evaluate - INFO - ASR... Epoch: 0, Walltime: 26.318338 CPU time: 124.635870
2026-07-26 20:05:22,657 - Evaluate - INFO - ASR Module... Epoch: 0, RSS: 3.36 GB
2026-07-26 20:05:22,658 - Evaluate - INFO - ASR... Epoch: 0, Walltime: 21.085982 CPU time: 115.465444
2026-07-26 20:05:42,335 - Evaluate - INFO - ASR Module... Epoch: 0, RSS: 3.36 GB
2026-07-26 20:05:42,336 - Evaluate - INFO - ASR... Epoch: 0, Walltime: 19.673637 CPU time: 108.034814
2026-07-26 20:06:03,361 - Evaluate - INFO - ASR Module... Epoch: 0, RSS: 3.36 GB
2026-07-26 20:06:03,363 - Evaluate - INFO - ASR... Epoch: 0, Walltime: 21.023180 CPU time: 115.423687
2026-07-26 20:06:23,329 - Evaluate - INFO - ASR Module... Epoch: 0, RSS: 3.36 GB
2026-07-26 20:06:23,330 - Evaluate - INFO - ASR... Epoch: 0, Walltime: 19.962748 CPU time: 110.753489
2026-07-26 20:06:43,798 - Evaluate - INFO - ASR Module... Epoch: 0, RSS: 3.36 GB
2026-07-26 20:06:43,799 - Evaluate - INFO - ASR... Epoch: 0, Walltime: 20.465028 CPU time: 112.170904
2026-07-26 20:07:03,665 - Evaluate - INFO - ASR Module... Epoch: 0, RSS: 3.36 GB
2026-07-26 20:07:03,666 - Evaluate - INFO - ASR... Epoch: 0, Walltime: 19.862677 CPU time: 110.376595
2026-07-26 20:07:24,800 - Evaluate - INFO - ASR Module... Epoch: 0, RSS: 3.36 GB
2026-07-26 20:07:24,801 - Evaluate - INFO - ASR... Epoch: 0, Walltime: 21.129435 CPU time: 117.071216
2026-07-26 20:07:44,442 - Evaluate - INFO - ASR Module... Epoch: 0, RSS: 3.36 GB
2026-07-26 20:07:44,443 - Evaluate - INFO - ASR... Epoch: 0, Walltime: 19.636544 CPU time: 108.418346
2026-07-26 20:08:05,079 - Evaluate - INFO - ASR Module... Epoch: 0, RSS: 3.36 GB
2026-07-26 20:08:05,080 - Evaluate - INFO - ASR... Epoch: 0, Walltime: 20.633302 CPU time: 114.176230
2026-07-26 20:08:25,569 - Evaluate - INFO - ASR Module... Epoch: 0, RSS: 3.36 GB
2026-07-26 20:08:25,570 - Evaluate - INFO - ASR... Epoch: 0, Walltime: 20.485309 CPU time: 113.739109
2026-07-26 20:08:46,372 - Evaluate - INFO - ASR Module... Epoch: 0, RSS: 3.36 GB
2026-07-26 20:08:46,373 - Evaluate - INFO - ASR... Epoch: 0, Walltime: 20.797558 CPU time: 115.294118
2026-07-26 20:09:07,263 - Evaluate - INFO - ASR Module... Epoch: 0, RSS: 3.36 GB
2026-07-26 20:09:07,264 - Evaluate - INFO - ASR... Epoch: 0, Walltime: 20.887157 CPU time: 109.540397
2026-07-26 20:09:28,176 - Evaluate - INFO - ASR Module... Epoch: 0, RSS: 3.36 GB
2026-07-26 20:09:28,177 - Evaluate - INFO - ASR... Epoch: 0, Walltime: 20.908711 CPU time: 115.716275
2026-07-26 20:09:47,950 - Evaluate - INFO - ASR Module... Epoch: 0, RSS: 3.36 GB
2026-07-26 20:09:47,951 - Evaluate - INFO - ASR... Epoch: 0, Walltime: 19.769514 CPU time: 106.851187
2026-07-26 20:10:07,450 - Evaluate - INFO - ASR Module... Epoch: 0, RSS: 3.36 GB
2026-07-26 20:10:07,452 - Evaluate - INFO - ASR... Epoch: 0, Walltime: 19.496680 CPU time: 107.527433
2026-07-26 20:10:27,664 - Evaluate - INFO - ASR Module... Epoch: 0, RSS: 3.36 GB
2026-07-26 20:10:27,664 - Evaluate - INFO - ASR... Epoch: 0, Walltime: 20.208104 CPU time: 111.239145
2026-07-26 20:10:48,963 - Evaluate - INFO - ASR Module... Epoch: 0, RSS: 3.36 GB
2026-07-26 20:10:48,964 - Evaluate - INFO - ASR... Epoch: 0, Walltime: 21.294136 CPU time: 117.196551
2026-07-26 20:11:10,178 - Evaluate - INFO - ASR Module... Epoch: 0, RSS: 3.36 GB
2026-07-26 20:11:10,179 - Evaluate - INFO - ASR... Epoch: 0, Walltime: 21.209610 CPU time: 116.399674
2026-07-26 20:11:30,198 - Evaluate - INFO - ASR Module... Epoch: 0, RSS: 3.36 GB
2026-07-26 20:11:30,199 - Evaluate - INFO - ASR... Epoch: 0, Walltime: 20.015162 CPU time: 107.476455
2026-07-26 20:11:50,426 - Evaluate - INFO - ASR Module... Epoch: 0, RSS: 3.36 GB
2026-07-26 20:11:50,427 - Evaluate - INFO - ASR... Epoch: 0, Walltime: 20.224013 CPU time: 108.364510
2026-07-26 20:12:10,772 - Evaluate - INFO - ASR Module... Epoch: 0, RSS: 3.36 GB
2026-07-26 20:12:10,773 - Evaluate - INFO - ASR... Epoch: 0, Walltime: 20.342251 CPU time: 111.003910
2026-07-26 20:12:32,317 - Evaluate - INFO - ASR Module... Epoch: 0, RSS: 3.36 GB
2026-07-26 20:12:32,318 - Evaluate - INFO - ASR... Epoch: 0, Walltime: 21.540234 CPU time: 115.285733
2026-07-26 20:12:52,338 - Evaluate - INFO - ASR Module... Epoch: 0, RSS: 3.36 GB
2026-07-26 20:12:52,339 - Evaluate - INFO - ASR... Epoch: 0, Walltime: 20.017039 CPU time: 109.250303
2026-07-26 20:13:12,282 - Evaluate - INFO - ASR Module... Epoch: 0, RSS: 3.36 GB
2026-07-26 20:13:12,283 - Evaluate - INFO - ASR... Epoch: 0, Walltime: 19.940307 CPU time: 107.868209
2026-07-26 20:13:32,780 - Evaluate - INFO - ASR Module... Epoch: 0, RSS: 3.36 GB
2026-07-26 20:13:32,781 - Evaluate - INFO - ASR... Epoch: 0, Walltime: 20.494167 CPU time: 111.843165
2026-07-26 20:13:53,516 - Evaluate - INFO - ASR Module... Epoch: 0, RSS: 3.36 GB
2026-07-26 20:13:53,517 - Evaluate - INFO - ASR... Epoch: 0, Walltime: 20.731808 CPU time: 114.492581
2026-07-26 20:14:14,649 - Evaluate - INFO - ASR Module... Epoch: 0, RSS: 3.36 GB
2026-07-26 20:14:14,650 - Evaluate - INFO - ASR... Epoch: 0, Walltime: 21.128460 CPU time: 111.565974
2026-07-26 20:14:35,612 - Evaluate - INFO - ASR Module... Epoch: 0, RSS: 3.36 GB
2026-07-26 20:14:35,613 - Evaluate - INFO - ASR... Epoch: 0, Walltime: 20.957495 CPU time: 114.033532
2026-07-26 20:14:56,114 - Evaluate - INFO - ASR Module... Epoch: 0, RSS: 3.36 GB
2026-07-26 20:14:56,115 - Evaluate - INFO - ASR... Epoch: 0, Walltime: 20.497357 CPU time: 113.012674
2026-07-26 20:15:15,921 - Evaluate - INFO - ASR Module... Epoch: 0, RSS: 3.36 GB
2026-07-26 20:15:15,922 - Evaluate - INFO - ASR... Epoch: 0, Walltime: 19.801524 CPU time: 109.542191
2026-07-26 20:15:36,410 - Evaluate - INFO - ASR Module... Epoch: 0, RSS: 3.36 GB
2026-07-26 20:15:36,411 - Evaluate - INFO - ASR... Epoch: 0, Walltime: 20.484192 CPU time: 113.505216
2026-07-26 20:15:56,865 - Evaluate - INFO - ASR Module... Epoch: 0, RSS: 3.36 GB
2026-07-26 20:15:56,866 - Evaluate - INFO - ASR... Epoch: 0, Walltime: 20.449602 CPU time: 113.155241
2026-07-26 20:16:16,605 - Evaluate - INFO - ASR Module... Epoch: 0, RSS: 3.36 GB
2026-07-26 20:16:16,607 - Evaluate - INFO - ASR... Epoch: 0, Walltime: 19.735205 CPU time: 109.283061
2026-07-26 20:16:36,024 - Evaluate - INFO - ASR Module... Epoch: 0, RSS: 3.36 GB
2026-07-26 20:16:36,025 - Evaluate - INFO - ASR... Epoch: 0, Walltime: 19.413833 CPU time: 108.341534
2026-07-26 20:16:57,749 - Evaluate - INFO - ASR Module... Epoch: 0, RSS: 3.36 GB
2026-07-26 20:16:57,750 - Evaluate - INFO - ASR... Epoch: 0, Walltime: 21.720312 CPU time: 116.446171
2026-07-26 20:17:18,851 - Evaluate - INFO - ASR Module... Epoch: 0, RSS: 3.36 GB
2026-07-26 20:17:18,852 - Evaluate - INFO - ASR... Epoch: 0, Walltime: 21.097902 CPU time: 116.518538
2026-07-26 20:17:39,488 - Evaluate - INFO - ASR Module... Epoch: 0, RSS: 3.36 GB
2026-07-26 20:17:39,489 - Evaluate - INFO - ASR... Epoch: 0, Walltime: 20.631844 CPU time: 113.331499
2026-07-26 20:17:58,990 - Evaluate - INFO - ASR Module... Epoch: 0, RSS: 3.36 GB
2026-07-26 20:17:58,991 - Evaluate - INFO - ASR... Epoch: 0, Walltime: 19.497820 CPU time: 107.314505
2026-07-26 20:18:25,313 - Evaluate - INFO - ASR Module... Epoch: 0, RSS: 3.36 GB
2026-07-26 20:18:25,314 - Evaluate - INFO - ASR... Epoch: 0, Walltime: 26.318662 CPU time: 115.720713
2026-07-26 20:18:47,328 - Evaluate - INFO - ASR Module... Epoch: 0, RSS: 3.36 GB
2026-07-26 20:18:47,328 - Evaluate - INFO - ASR... Epoch: 0, Walltime: 22.010025 CPU time: 117.968781
2026-07-26 20:19:09,599 - Evaluate - INFO - ASR Module... Epoch: 0, RSS: 3.36 GB
2026-07-26 20:19:09,600 - Evaluate - INFO - ASR... Epoch: 0, Walltime: 22.266003 CPU time: 112.251690
2026-07-26 20:19:30,129 - Evaluate - INFO - ASR Module... Epoch: 0, RSS: 3.36 GB
2026-07-26 20:19:30,130 - Evaluate - INFO - ASR... Epoch: 0, Walltime: 20.525600 CPU time: 105.750193
2026-07-26 20:19:51,969 - Evaluate - INFO - ASR Module... Epoch: 0, RSS: 3.36 GB
2026-07-26 20:19:51,970 - Evaluate - INFO - ASR... Epoch: 0, Walltime: 21.834771 CPU time: 119.500275
2026-07-26 20:20:12,992 - Evaluate - INFO - ASR Module... Epoch: 0, RSS: 3.36 GB
2026-07-26 20:20:12,992 - Evaluate - INFO - ASR... Epoch: 0, Walltime: 21.017686 CPU time: 115.265118
2026-07-26 20:20:36,297 - Evaluate - INFO - ASR Module... Epoch: 0, RSS: 3.36 GB
2026-07-26 20:20:36,299 - Evaluate - INFO - ASR... Epoch: 0, Walltime: 23.299300 CPU time: 126.341075
2026-07-26 20:20:57,181 - Evaluate - INFO - ASR Module... Epoch: 0, RSS: 3.36 GB
2026-07-26 20:20:57,182 - Evaluate - INFO - ASR... Epoch: 0, Walltime: 20.877894 CPU time: 109.039274
2026-07-26 20:21:19,267 - Evaluate - INFO - ASR Module... Epoch: 0, RSS: 3.36 GB
2026-07-26 20:21:19,268 - Evaluate - INFO - ASR... Epoch: 0, Walltime: 22.080141 CPU time: 119.302810
2026-07-26 20:21:42,439 - Evaluate - INFO - ASR Module... Epoch: 0, RSS: 3.36 GB
2026-07-26 20:21:42,440 - Evaluate - INFO - ASR... Epoch: 0, Walltime: 23.166395 CPU time: 127.041280
2026-07-26 20:22:03,702 - Evaluate - INFO - ASR Module... Epoch: 0, RSS: 3.36 GB
2026-07-26 20:22:03,703 - Evaluate - INFO - ASR... Epoch: 0, Walltime: 21.257203 CPU time: 116.583214
2026-07-26 20:22:26,497 - Evaluate - INFO - ASR Module... Epoch: 0, RSS: 3.36 GB
2026-07-26 20:22:26,498 - Evaluate - INFO - ASR... Epoch: 0, Walltime: 22.790079 CPU time: 122.404617
2026-07-26 20:22:46,592 - Evaluate - INFO - ASR Module... Epoch: 0, RSS: 3.36 GB
2026-07-26 20:22:46,593 - Evaluate - INFO - ASR... Epoch: 0, Walltime: 20.088888 CPU time: 110.819696
2026-07-26 20:23:09,449 - Evaluate - INFO - ASR Module... Epoch: 0, RSS: 3.36 GB
2026-07-26 20:23:09,450 - Evaluate - INFO - ASR... Epoch: 0, Walltime: 22.852553 CPU time: 125.790172
2026-07-26 20:23:32,218 - Evaluate - INFO - ASR Module... Epoch: 0, RSS: 3.36 GB
2026-07-26 20:23:32,219 - Evaluate - INFO - ASR... Epoch: 0, Walltime: 22.762574 CPU time: 124.301505
2026-07-26 20:23:53,879 - Evaluate - INFO - ASR Module... Epoch: 0, RSS: 3.36 GB
2026-07-26 20:23:53,880 - Evaluate - INFO - ASR... Epoch: 0, Walltime: 21.654927 CPU time: 119.322903
2026-07-26 20:24:16,707 - Evaluate - INFO - ASR Module... Epoch: 0, RSS: 3.36 GB
2026-07-26 20:24:16,708 - Evaluate - INFO - ASR... Epoch: 0, Walltime: 22.823781 CPU time: 124.083392
2026-07-26 20:24:36,919 - Evaluate - INFO - ASR Module... Epoch: 0, RSS: 3.36 GB
2026-07-26 20:24:36,920 - Evaluate - INFO - ASR... Epoch: 0, Walltime: 20.207439 CPU time: 110.270628
2026-07-26 20:24:56,010 - Evaluate - INFO - ASR Module... Epoch: 0, RSS: 3.36 GB
2026-07-26 20:24:56,011 - Evaluate - INFO - ASR... Epoch: 0, Walltime: 19.087252 CPU time: 105.916080
2026-07-26 20:25:20,315 - Evaluate - INFO - ASR Module... Epoch: 0, RSS: 3.36 GB
2026-07-26 20:25:20,316 - Evaluate - INFO - ASR... Epoch: 0, Walltime: 24.299498 CPU time: 130.925130
2026-07-26 20:25:42,567 - Evaluate - INFO - ASR Module... Epoch: 0, RSS: 3.36 GB
2026-07-26 20:25:42,568 - Evaluate - INFO - ASR... Epoch: 0, Walltime: 22.245482 CPU time: 120.220477
2026-07-26 20:26:06,829 - Evaluate - INFO - ASR Module... Epoch: 0, RSS: 3.36 GB
2026-07-26 20:26:06,829 - Evaluate - INFO - ASR... Epoch: 0, Walltime: 24.255734 CPU time: 131.896020
2026-07-26 20:26:27,076 - Evaluate - INFO - ASR Module... Epoch: 0, RSS: 3.36 GB
2026-07-26 20:26:27,077 - Evaluate - INFO - ASR... Epoch: 0, Walltime: 20.242150 CPU time: 112.082288
2026-07-26 20:26:48,964 - Evaluate - INFO - ASR Module... Epoch: 0, RSS: 3.36 GB
2026-07-26 20:26:48,965 - Evaluate - INFO - ASR... Epoch: 0, Walltime: 21.883152 CPU time: 119.583761
2026-07-26 20:27:11,974 - Evaluate - INFO - ASR Module... Epoch: 0, RSS: 3.36 GB
2026-07-26 20:27:11,975 - Evaluate - INFO - ASR... Epoch: 0, Walltime: 23.002620 CPU time: 123.381463
2026-07-26 20:27:33,570 - Evaluate - INFO - ASR Module... Epoch: 0, RSS: 3.36 GB
2026-07-26 20:27:33,571 - Evaluate - INFO - ASR... Epoch: 0, Walltime: 21.590194 CPU time: 119.265452
2026-07-26 20:27:53,905 - Evaluate - INFO - ASR Module... Epoch: 0, RSS: 3.36 GB
2026-07-26 20:27:53,906 - Evaluate - INFO - ASR... Epoch: 0, Walltime: 20.329550 CPU time: 112.578831
2026-07-26 20:28:13,786 - Evaluate - INFO - ASR Module... Epoch: 0, RSS: 3.36 GB
2026-07-26 20:28:13,787 - Evaluate - INFO - ASR... Epoch: 0, Walltime: 19.876286 CPU time: 109.794007
2026-07-26 20:28:36,644 - Evaluate - INFO - ASR Module... Epoch: 0, RSS: 3.36 GB
2026-07-26 20:28:36,645 - Evaluate - INFO - ASR... Epoch: 0, Walltime: 22.853005 CPU time: 126.071153
2026-07-26 20:28:58,266 - Evaluate - INFO - ASR Module... Epoch: 0, RSS: 3.36 GB
2026-07-26 20:28:58,267 - Evaluate - INFO - ASR... Epoch: 0, Walltime: 21.615685 CPU time: 118.583667
2026-07-26 20:29:22,313 - Evaluate - INFO - ASR Module... Epoch: 0, RSS: 3.36 GB
2026-07-26 20:29:22,314 - Evaluate - INFO - ASR... Epoch: 0, Walltime: 24.040557 CPU time: 131.623258
2026-07-26 20:29:44,037 - Evaluate - INFO - ASR Module... Epoch: 0, RSS: 3.36 GB
2026-07-26 20:29:44,038 - Evaluate - INFO - ASR... Epoch: 0, Walltime: 21.717087 CPU time: 119.664843
2026-07-26 20:30:07,421 - Evaluate - INFO - ASR Module... Epoch: 0, RSS: 3.36 GB
2026-07-26 20:30:07,422 - Evaluate - INFO - ASR... Epoch: 0, Walltime: 23.377942 CPU time: 126.204745
2026-07-26 20:30:31,159 - Evaluate - INFO - ASR Module... Epoch: 0, RSS: 3.36 GB
2026-07-26 20:30:31,160 - Evaluate - INFO - ASR... Epoch: 0, Walltime: 23.730773 CPU time: 126.704708
2026-07-26 20:30:51,963 - Evaluate - INFO - ASR Module... Epoch: 0, RSS: 3.36 GB
2026-07-26 20:30:51,964 - Evaluate - INFO - ASR... Epoch: 0, Walltime: 20.798408 CPU time: 114.561285
2026-07-26 20:31:16,826 - Evaluate - INFO - ASR Module... Epoch: 0, RSS: 3.36 GB
2026-07-26 20:31:16,827 - Evaluate - INFO - ASR... Epoch: 0, Walltime: 24.856924 CPU time: 134.169215
2026-07-26 20:31:38,593 - Evaluate - INFO - ASR Module... Epoch: 0, RSS: 3.36 GB
2026-07-26 20:31:38,594 - Evaluate - INFO - ASR... Epoch: 0, Walltime: 21.761063 CPU time: 116.795470
2026-07-26 20:32:01,698 - Evaluate - INFO - ASR Module... Epoch: 0, RSS: 3.36 GB
2026-07-26 20:32:01,699 - Evaluate - INFO - ASR... Epoch: 0, Walltime: 23.099159 CPU time: 123.537583
2026-07-26 20:32:22,881 - Evaluate - INFO - ASR Module... Epoch: 0, RSS: 3.36 GB
2026-07-26 20:32:22,883 - Evaluate - INFO - ASR... Epoch: 0, Walltime: 21.176686 CPU time: 116.470371
2026-07-26 20:32:44,514 - Evaluate - INFO - ASR Module... Epoch: 0, RSS: 3.36 GB
2026-07-26 20:32:44,515 - Evaluate - INFO - ASR... Epoch: 0, Walltime: 21.627828 CPU time: 118.329410
2026-07-26 20:33:06,548 - Evaluate - INFO - ASR Module... Epoch: 0, RSS: 3.36 GB
2026-07-26 20:33:06,549 - Evaluate - INFO - ASR... Epoch: 0, Walltime: 22.028276 CPU time: 111.752308
2026-07-26 20:33:26,147 - Evaluate - INFO - ASR Module... Epoch: 0, RSS: 3.36 GB
2026-07-26 20:33:26,148 - Evaluate - INFO - ASR... Epoch: 0, Walltime: 19.594482 CPU time: 108.154827
2026-07-26 20:33:47,325 - Evaluate - INFO - ASR Module... Epoch: 0, RSS: 3.36 GB
2026-07-26 20:33:47,326 - Evaluate - INFO - ASR... Epoch: 0, Walltime: 21.172930 CPU time: 116.173458
2026-07-26 20:34:07,223 - Evaluate - INFO - ASR Module... Epoch: 0, RSS: 3.36 GB
2026-07-26 20:34:07,224 - Evaluate - INFO - ASR... Epoch: 0, Walltime: 19.893425 CPU time: 110.283496
2026-07-26 20:34:30,320 - Evaluate - INFO - ASR Module... Epoch: 0, RSS: 3.36 GB
2026-07-26 20:34:30,321 - Evaluate - INFO - ASR... Epoch: 0, Walltime: 23.090011 CPU time: 126.798620
2026-07-26 20:34:52,654 - Evaluate - INFO - ASR Module... Epoch: 0, RSS: 3.36 GB
2026-07-26 20:34:52,655 - Evaluate - INFO - ASR... Epoch: 0, Walltime: 22.328962 CPU time: 122.551148
2026-07-26 20:35:16,554 - Evaluate - INFO - ASR Module... Epoch: 0, RSS: 3.36 GB
2026-07-26 20:35:16,555 - Evaluate - INFO - ASR... Epoch: 0, Walltime: 23.893441 CPU time: 125.047871
2026-07-26 20:35:38,675 - Evaluate - INFO - ASR Module... Epoch: 0, RSS: 3.36 GB
2026-07-26 20:35:38,676 - Evaluate - INFO - ASR... Epoch: 0, Walltime: 22.114651 CPU time: 118.575782
2026-07-26 20:36:00,051 - Evaluate - INFO - ASR Module... Epoch: 0, RSS: 3.36 GB
2026-07-26 20:36:00,053 - Evaluate - INFO - ASR... Epoch: 0, Walltime: 21.371273 CPU time: 118.170575
2026-07-26 20:36:21,100 - Evaluate - INFO - ASR Module... Epoch: 0, RSS: 3.36 GB
2026-07-26 20:36:21,101 - Evaluate - INFO - ASR... Epoch: 0, Walltime: 21.042543 CPU time: 115.705836
2026-07-26 20:36:42,474 - Evaluate - INFO - ASR Module... Epoch: 0, RSS: 3.36 GB
2026-07-26 20:36:42,475 - Evaluate - INFO - ASR... Epoch: 0, Walltime: 21.370270 CPU time: 118.032443
2026-07-26 20:37:02,864 - Evaluate - INFO - ASR Module... Epoch: 0, RSS: 3.36 GB
2026-07-26 20:37:02,865 - Evaluate - INFO - ASR... Epoch: 0, Walltime: 20.385753 CPU time: 113.087446
2026-07-26 20:37:23,453 - Evaluate - INFO - ASR Module... Epoch: 0, RSS: 3.36 GB
2026-07-26 20:37:23,454 - Evaluate - INFO - ASR... Epoch: 0, Walltime: 20.583580 CPU time: 114.123202
2026-07-26 20:37:44,264 - Evaluate - INFO - ASR Module... Epoch: 0, RSS: 3.36 GB
2026-07-26 20:37:44,265 - Evaluate - INFO - ASR... Epoch: 0, Walltime: 20.806648 CPU time: 114.804282
2026-07-26 20:38:04,543 - Evaluate - INFO - ASR Module... Epoch: 0, RSS: 3.36 GB
2026-07-26 20:38:04,544 - Evaluate - INFO - ASR... Epoch: 0, Walltime: 20.275375 CPU time: 108.579892
2026-07-26 20:38:24,711 - Evaluate - INFO - ASR Module... Epoch: 0, RSS: 3.36 GB
2026-07-26 20:38:24,712 - Evaluate - INFO - ASR... Epoch: 0, Walltime: 20.163426 CPU time: 110.589466
2026-07-26 20:38:45,567 - Evaluate - INFO - ASR Module... Epoch: 0, RSS: 3.36 GB
2026-07-26 20:38:45,568 - Evaluate - INFO - ASR... Epoch: 0, Walltime: 20.851901 CPU time: 113.486959
2026-07-26 20:39:04,697 - Evaluate - INFO - ASR Module... Epoch: 0, RSS: 3.36 GB
2026-07-26 20:39:04,699 - Evaluate - INFO - ASR... Epoch: 0, Walltime: 19.126412 CPU time: 106.597830
2026-07-26 20:39:23,997 - Evaluate - INFO - ASR Module... Epoch: 0, RSS: 3.36 GB
2026-07-26 20:39:23,999 - Evaluate - INFO - ASR... Epoch: 0, Walltime: 19.295315 CPU time: 106.496945
2026-07-26 20:39:44,980 - Evaluate - INFO - ASR Module... Epoch: 0, RSS: 3.36 GB
2026-07-26 20:39:44,981 - Evaluate - INFO - ASR... Epoch: 0, Walltime: 20.977124 CPU time: 115.653281
2026-07-26 20:40:08,630 - Evaluate - INFO - ASR Module... Epoch: 0, RSS: 3.36 GB
2026-07-26 20:40:08,631 - Evaluate - INFO - ASR... Epoch: 0, Walltime: 23.642403 CPU time: 129.410952
2026-07-26 20:40:28,542 - Evaluate - INFO - ASR Module... Epoch: 0, RSS: 3.36 GB
2026-07-26 20:40:28,542 - Evaluate - INFO - ASR... Epoch: 0, Walltime: 19.906555 CPU time: 105.205071
2026-07-26 20:40:52,786 - Evaluate - INFO - ASR Module... Epoch: 0, RSS: 3.36 GB
2026-07-26 20:40:52,787 - Evaluate - INFO - ASR... Epoch: 0, Walltime: 24.238254 CPU time: 132.190245
2026-07-26 20:41:13,822 - Evaluate - INFO - ASR Module... Epoch: 0, RSS: 3.36 GB
2026-07-26 20:41:13,823 - Evaluate - INFO - ASR... Epoch: 0, Walltime: 21.030471 CPU time: 113.214671
2026-07-26 20:41:33,750 - Evaluate - INFO - ASR Module... Epoch: 0, RSS: 3.36 GB
2026-07-26 20:41:33,751 - Evaluate - INFO - ASR... Epoch: 0, Walltime: 19.924075 CPU time: 110.181728
2026-07-26 20:41:53,255 - Evaluate - INFO - ASR Module... Epoch: 0, RSS: 3.36 GB
2026-07-26 20:41:53,257 - Evaluate - INFO - ASR... Epoch: 0, Walltime: 19.501980 CPU time: 108.147346
2026-07-26 20:42:13,342 - Evaluate - INFO - ASR Module... Epoch: 0, RSS: 3.36 GB
2026-07-26 20:42:13,343 - Evaluate - INFO - ASR... Epoch: 0, Walltime: 20.082555 CPU time: 111.008608
2026-07-26 20:42:35,557 - Evaluate - INFO - ASR Module... Epoch: 0, RSS: 3.36 GB
2026-07-26 20:42:35,558 - Evaluate - INFO - ASR... Epoch: 0, Walltime: 22.208480 CPU time: 121.949936
2026-07-26 20:42:56,749 - Evaluate - INFO - ASR Module... Epoch: 0, RSS: 3.36 GB
2026-07-26 20:42:56,750 - Evaluate - INFO - ASR... Epoch: 0, Walltime: 21.186897 CPU time: 116.751512
2026-07-26 20:43:16,919 - Evaluate - INFO - ASR Module... Epoch: 0, RSS: 3.36 GB
2026-07-26 20:43:16,921 - Evaluate - INFO - ASR... Epoch: 0, Walltime: 20.165542 CPU time: 111.767118
2026-07-26 20:43:38,511 - Evaluate - INFO - ASR Module... Epoch: 0, RSS: 3.36 GB
2026-07-26 20:43:38,512 - Evaluate - INFO - ASR... Epoch: 0, Walltime: 21.586038 CPU time: 119.000132
2026-07-26 20:44:01,136 - Evaluate - INFO - ASR Module... Epoch: 0, RSS: 3.36 GB
2026-07-26 20:44:01,137 - Evaluate - INFO - ASR... Epoch: 0, Walltime: 22.619832 CPU time: 124.453330
2026-07-26 20:44:23,892 - Evaluate - INFO - ASR Module... Epoch: 0, RSS: 3.36 GB
2026-07-26 20:44:23,894 - Evaluate - INFO - ASR... Epoch: 0, Walltime: 22.749439 CPU time: 124.561845
2026-07-26 20:44:45,153 - Evaluate - INFO - ASR Module... Epoch: 0, RSS: 3.36 GB
2026-07-26 20:44:45,154 - Evaluate - INFO - ASR... Epoch: 0, Walltime: 21.254506 CPU time: 117.077946
2026-07-26 20:45:08,303 - Evaluate - INFO - ASR Module... Epoch: 0, RSS: 3.36 GB
2026-07-26 20:45:08,304 - Evaluate - INFO - ASR... Epoch: 0, Walltime: 23.142891 CPU time: 126.973027
2026-07-26 20:45:28,975 - Evaluate - INFO - ASR Module... Epoch: 0, RSS: 3.36 GB
2026-07-26 20:45:28,976 - Evaluate - INFO - ASR... Epoch: 0, Walltime: 20.666851 CPU time: 111.545054
2026-07-26 20:45:47,881 - Evaluate - INFO - ASR Module... Epoch: 0, RSS: 3.36 GB
2026-07-26 20:45:47,882 - Evaluate - INFO - ASR... Epoch: 0, Walltime: 18.901743 CPU time: 105.758158
2026-07-26 20:46:08,446 - Evaluate - INFO - ASR Module... Epoch: 0, RSS: 3.36 GB
2026-07-26 20:46:08,447 - Evaluate - INFO - ASR... Epoch: 0, Walltime: 20.560990 CPU time: 113.714604
2026-07-26 20:46:28,931 - Evaluate - INFO - ASR Module... Epoch: 0, RSS: 3.36 GB
2026-07-26 20:46:28,932 - Evaluate - INFO - ASR... Epoch: 0, Walltime: 20.481059 CPU time: 112.984967
2026-07-26 20:46:49,736 - Evaluate - INFO - ASR Module... Epoch: 0, RSS: 3.36 GB
2026-07-26 20:46:49,738 - Evaluate - INFO - ASR... Epoch: 0, Walltime: 20.799948 CPU time: 110.215211
2026-07-26 20:47:09,795 - Evaluate - INFO - ASR Module... Epoch: 0, RSS: 3.36 GB
2026-07-26 20:47:09,796 - Evaluate - INFO - ASR... Epoch: 0, Walltime: 20.054134 CPU time: 110.894972
2026-07-26 20:47:29,230 - Evaluate - INFO - ASR Module... Epoch: 0, RSS: 3.36 GB
2026-07-26 20:47:29,231 - Evaluate - INFO - ASR... Epoch: 0, Walltime: 19.429798 CPU time: 107.735444
2026-07-26 20:47:50,082 - Evaluate - INFO - ASR Module... Epoch: 0, RSS: 3.36 GB
2026-07-26 20:47:50,083 - Evaluate - INFO - ASR... Epoch: 0, Walltime: 20.847642 CPU time: 114.868350
2026-07-26 20:48:12,943 - Evaluate - INFO - ASR Module... Epoch: 0, RSS: 3.36 GB
2026-07-26 20:48:12,944 - Evaluate - INFO - ASR... Epoch: 0, Walltime: 22.855645 CPU time: 124.316398
2026-07-26 20:48:34,316 - Evaluate - INFO - ASR Module... Epoch: 0, RSS: 3.36 GB
2026-07-26 20:48:34,317 - Evaluate - INFO - ASR... Epoch: 0, Walltime: 21.367881 CPU time: 116.823959
2026-07-26 20:48:54,839 - Evaluate - INFO - ASR Module... Epoch: 0, RSS: 3.36 GB
2026-07-26 20:48:54,841 - Evaluate - INFO - ASR... Epoch: 0, Walltime: 20.519182 CPU time: 113.426759
2026-07-26 20:49:15,217 - Evaluate - INFO - ASR Module... Epoch: 0, RSS: 3.36 GB
2026-07-26 20:49:15,218 - Evaluate - INFO - ASR... Epoch: 0, Walltime: 20.372993 CPU time: 111.333343
2026-07-26 20:49:36,361 - Evaluate - INFO - ASR Module... Epoch: 0, RSS: 3.36 GB
2026-07-26 20:49:36,362 - Evaluate - INFO - ASR... Epoch: 0, Walltime: 21.139227 CPU time: 116.550597
2026-07-26 20:49:57,886 - Evaluate - INFO - ASR Module... Epoch: 0, RSS: 3.36 GB
2026-07-26 20:49:57,887 - Evaluate - INFO - ASR... Epoch: 0, Walltime: 21.520471 CPU time: 118.548019
2026-07-26 20:50:17,945 - Evaluate - INFO - ASR Module... Epoch: 0, RSS: 3.36 GB
2026-07-26 20:50:17,946 - Evaluate - INFO - ASR... Epoch: 0, Walltime: 20.054560 CPU time: 111.277587
2026-07-26 20:50:38,582 - Evaluate - INFO - ASR Module... Epoch: 0, RSS: 3.36 GB
2026-07-26 20:50:38,584 - Evaluate - INFO - ASR... Epoch: 0, Walltime: 20.632933 CPU time: 112.407298
2026-07-26 20:50:58,430 - Evaluate - INFO - ASR Module... Epoch: 0, RSS: 3.36 GB
2026-07-26 20:50:58,431 - Evaluate - INFO - ASR... Epoch: 0, Walltime: 19.843670 CPU time: 109.343034
2026-07-26 20:51:18,929 - Evaluate - INFO - ASR Module... Epoch: 0, RSS: 3.36 GB
2026-07-26 20:51:18,930 - Evaluate - INFO - ASR... Epoch: 0, Walltime: 20.494461 CPU time: 112.589770
2026-07-26 20:51:40,306 - Evaluate - INFO - ASR Module... Epoch: 0, RSS: 3.36 GB
2026-07-26 20:51:40,307 - Evaluate - INFO - ASR... Epoch: 0, Walltime: 21.371355 CPU time: 117.517865
2026-07-26 20:52:00,603 - Evaluate - INFO - ASR Module... Epoch: 0, RSS: 3.36 GB
2026-07-26 20:52:00,604 - Evaluate - INFO - ASR... Epoch: 0, Walltime: 20.293166 CPU time: 112.450561
2026-07-26 20:52:21,771 - Evaluate - INFO - ASR Module... Epoch: 0, RSS: 3.36 GB
2026-07-26 20:52:21,772 - Evaluate - INFO - ASR... Epoch: 0, Walltime: 21.162985 CPU time: 116.313527
2026-07-26 20:52:40,937 - Evaluate - INFO - ASR Module... Epoch: 0, RSS: 3.36 GB
2026-07-26 20:52:40,938 - Evaluate - INFO - ASR... Epoch: 0, Walltime: 19.161104 CPU time: 106.552639
2026-07-26 20:53:02,282 - Evaluate - INFO - ASR Module... Epoch: 0, RSS: 3.36 GB
2026-07-26 20:53:02,283 - Evaluate - INFO - ASR... Epoch: 0, Walltime: 21.339435 CPU time: 116.234425
2026-07-26 20:53:24,416 - Evaluate - INFO - ASR Module... Epoch: 0, RSS: 3.36 GB
2026-07-26 20:53:24,417 - Evaluate - INFO - ASR... Epoch: 0, Walltime: 22.128847 CPU time: 120.423913
2026-07-26 20:53:44,852 - Evaluate - INFO - ASR Module... Epoch: 0, RSS: 3.36 GB
2026-07-26 20:53:44,853 - Evaluate - INFO - ASR... Epoch: 0, Walltime: 20.429614 CPU time: 113.198725
2026-07-26 20:54:05,931 - Evaluate - INFO - ASR Module... Epoch: 0, RSS: 3.36 GB
2026-07-26 20:54:05,932 - Evaluate - INFO - ASR... Epoch: 0, Walltime: 21.074965 CPU time: 113.345083
2026-07-26 20:54:27,796 - Evaluate - INFO - ASR Module... Epoch: 0, RSS: 3.36 GB
2026-07-26 20:54:27,797 - Evaluate - INFO - ASR... Epoch: 0, Walltime: 21.860242 CPU time: 119.860014
2026-07-26 20:54:49,192 - Evaluate - INFO - ASR Module... Epoch: 0, RSS: 3.36 GB
2026-07-26 20:54:49,193 - Evaluate - INFO - ASR... Epoch: 0, Walltime: 21.390640 CPU time: 117.511078
2026-07-26 20:55:13,249 - Evaluate - INFO - ASR Module... Epoch: 0, RSS: 3.36 GB
2026-07-26 20:55:13,250 - Evaluate - INFO - ASR... Epoch: 0, Walltime: 24.048739 CPU time: 128.546058
2026-07-26 20:55:33,261 - Evaluate - INFO - ASR Module... Epoch: 0, RSS: 3.36 GB
2026-07-26 20:55:33,262 - Evaluate - INFO - ASR... Epoch: 0, Walltime: 20.007184 CPU time: 109.101017
2026-07-26 20:55:53,714 - Evaluate - INFO - ASR Module... Epoch: 0, RSS: 3.36 GB
2026-07-26 20:55:53,715 - Evaluate - INFO - ASR... Epoch: 0, Walltime: 20.448349 CPU time: 112.190862
2026-07-26 20:56:15,896 - Evaluate - INFO - ASR Module... Epoch: 0, RSS: 3.36 GB
2026-07-26 20:56:15,897 - Evaluate - INFO - ASR... Epoch: 0, Walltime: 22.172993 CPU time: 121.922802
2026-07-26 20:56:36,327 - Evaluate - INFO - ASR Module... Epoch: 0, RSS: 3.36 GB
2026-07-26 20:56:36,327 - Evaluate - INFO - ASR... Epoch: 0, Walltime: 20.425936 CPU time: 111.184333
2026-07-26 20:56:58,084 - Evaluate - INFO - ASR Module... Epoch: 0, RSS: 3.36 GB
2026-07-26 20:56:58,085 - Evaluate - INFO - ASR... Epoch: 0, Walltime: 21.752903 CPU time: 109.876784
2026-07-26 20:57:19,309 - Evaluate - INFO - ASR Module... Epoch: 0, RSS: 3.36 GB
2026-07-26 20:57:19,310 - Evaluate - INFO - ASR... Epoch: 0, Walltime: 21.221192 CPU time: 117.563021
2026-07-26 20:57:38,599 - Evaluate - INFO - ASR Module... Epoch: 0, RSS: 3.36 GB
2026-07-26 20:57:38,600 - Evaluate - INFO - ASR... Epoch: 0, Walltime: 19.285634 CPU time: 106.714251
2026-07-26 20:57:59,584 - Evaluate - INFO - ASR Module... Epoch: 0, RSS: 3.36 GB
2026-07-26 20:57:59,585 - Evaluate - INFO - ASR... Epoch: 0, Walltime: 20.980130 CPU time: 115.146448
2026-07-26 20:58:23,383 - Evaluate - INFO - ASR Module... Epoch: 0, RSS: 3.36 GB
2026-07-26 20:58:23,384 - Evaluate - INFO - ASR... Epoch: 0, Walltime: 23.793697 CPU time: 126.555110
2026-07-26 20:58:44,362 - Evaluate - INFO - ASR Module... Epoch: 0, RSS: 3.36 GB
2026-07-26 20:58:44,363 - Evaluate - INFO - ASR... Epoch: 0, Walltime: 20.972604 CPU time: 115.627484
2026-07-26 20:59:07,145 - Evaluate - INFO - ASR Module... Epoch: 0, RSS: 3.36 GB
2026-07-26 20:59:07,146 - Evaluate - INFO - ASR... Epoch: 0, Walltime: 22.777483 CPU time: 125.175599
2026-07-26 20:59:28,010 - Evaluate - INFO - ASR Module... Epoch: 0, RSS: 3.36 GB
2026-07-26 20:59:28,011 - Evaluate - INFO - ASR... Epoch: 0, Walltime: 20.859031 CPU time: 113.364460
2026-07-26 20:59:50,216 - Evaluate - INFO - ASR Module... Epoch: 0, RSS: 3.36 GB
2026-07-26 20:59:50,217 - Evaluate - INFO - ASR... Epoch: 0, Walltime: 22.201314 CPU time: 122.067435
2026-07-26 21:00:09,415 - Evaluate - INFO - ASR Module... Epoch: 0, RSS: 3.36 GB
2026-07-26 21:00:09,416 - Evaluate - INFO - ASR... Epoch: 0, Walltime: 19.193952 CPU time: 106.412234
2026-07-26 21:00:30,367 - Evaluate - INFO - ASR Module... Epoch: 0, RSS: 3.36 GB
2026-07-26 21:00:30,368 - Evaluate - INFO - ASR... Epoch: 0, Walltime: 20.947494 CPU time: 110.761580
2026-07-26 21:00:54,218 - Evaluate - INFO - ASR Module... Epoch: 0, RSS: 3.36 GB
2026-07-26 21:00:54,219 - Evaluate - INFO - ASR... Epoch: 0, Walltime: 23.845750 CPU time: 130.371034
2026-07-26 21:01:16,968 - Evaluate - INFO - ASR Module... Epoch: 0, RSS: 3.36 GB
2026-07-26 21:01:16,969 - Evaluate - INFO - ASR... Epoch: 0, Walltime: 22.742751 CPU time: 123.632926
2026-07-26 21:01:37,328 - Evaluate - INFO - ASR Module... Epoch: 0, RSS: 3.36 GB
2026-07-26 21:01:37,329 - Evaluate - INFO - ASR... Epoch: 0, Walltime: 20.355661 CPU time: 111.650931
2026-07-26 21:01:59,180 - Evaluate - INFO - ASR Module... Epoch: 0, RSS: 3.36 GB
2026-07-26 21:01:59,181 - Evaluate - INFO - ASR... Epoch: 0, Walltime: 21.846708 CPU time: 119.643808
2026-07-26 21:02:21,548 - Evaluate - INFO - ASR Module... Epoch: 0, RSS: 3.36 GB
2026-07-26 21:02:21,549 - Evaluate - INFO - ASR... Epoch: 0, Walltime: 22.362695 CPU time: 121.813568
2026-07-26 21:02:42,992 - Evaluate - INFO - ASR Module... Epoch: 0, RSS: 3.36 GB
2026-07-26 21:02:42,993 - Evaluate - INFO - ASR... Epoch: 0, Walltime: 21.438406 CPU time: 117.679668
2026-07-26 21:03:07,191 - Evaluate - INFO - ASR Module... Epoch: 0, RSS: 3.36 GB
2026-07-26 21:03:07,193 - Evaluate - INFO - ASR... Epoch: 0, Walltime: 24.194157 CPU time: 130.617975
2026-07-26 21:03:29,191 - Evaluate - INFO - ASR Module... Epoch: 0, RSS: 3.36 GB
2026-07-26 21:03:29,193 - Evaluate - INFO - ASR... Epoch: 0, Walltime: 21.992776 CPU time: 120.965497
2026-07-26 21:03:52,145 - Evaluate - INFO - ASR Module... Epoch: 0, RSS: 3.36 GB
2026-07-26 21:03:52,146 - Evaluate - INFO - ASR... Epoch: 0, Walltime: 22.947409 CPU time: 111.600839
2026-07-26 21:04:22,828 - Evaluate - INFO - ASR Module... Epoch: 0, RSS: 3.36 GB
2026-07-26 21:04:22,829 - Evaluate - INFO - ASR... Epoch: 0, Walltime: 30.677875 CPU time: 123.612463
2026-07-26 21:04:42,586 - Evaluate - INFO - ASR Module... Epoch: 0, RSS: 3.36 GB
2026-07-26 21:04:42,587 - Evaluate - INFO - ASR... Epoch: 0, Walltime: 19.752946 CPU time: 109.593054
2026-07-26 21:05:03,414 - Evaluate - INFO - ASR Module... Epoch: 0, RSS: 3.36 GB
2026-07-26 21:05:03,415 - Evaluate - INFO - ASR... Epoch: 0, Walltime: 20.823877 CPU time: 110.489706
2026-07-26 21:05:24,215 - Evaluate - INFO - ASR Module... Epoch: 0, RSS: 3.36 GB
2026-07-26 21:05:24,217 - Evaluate - INFO - ASR... Epoch: 0, Walltime: 20.796721 CPU time: 114.804159
2026-07-26 21:05:46,543 - Evaluate - INFO - ASR Module... Epoch: 0, RSS: 3.36 GB
2026-07-26 21:05:46,544 - Evaluate - INFO - ASR... Epoch: 0, Walltime: 22.321731 CPU time: 122.588051
2026-07-26 21:06:06,540 - Evaluate - INFO - ASR Module... Epoch: 0, RSS: 3.36 GB
2026-07-26 21:06:06,542 - Evaluate - INFO - ASR... Epoch: 0, Walltime: 19.992243 CPU time: 110.792567
2026-07-26 21:06:27,604 - Evaluate - INFO - ASR Module... Epoch: 0, RSS: 3.36 GB
2026-07-26 21:06:27,605 - Evaluate - INFO - ASR... Epoch: 0, Walltime: 21.058066 CPU time: 116.606155
2026-07-26 21:06:46,836 - Evaluate - INFO - ASR Module... Epoch: 0, RSS: 3.36 GB
2026-07-26 21:06:46,837 - Evaluate - INFO - ASR... Epoch: 0, Walltime: 19.227593 CPU time: 106.385125
2026-07-26 21:07:06,110 - Evaluate - INFO - ASR Module... Epoch: 0, RSS: 3.36 GB
2026-07-26 21:07:06,111 - Evaluate - INFO - ASR... Epoch: 0, Walltime: 19.269817 CPU time: 106.851374
2026-07-26 21:07:25,613 - Evaluate - INFO - ASR Module... Epoch: 0, RSS: 3.36 GB
2026-07-26 21:07:25,615 - Evaluate - INFO - ASR... Epoch: 0, Walltime: 19.495662 CPU time: 107.326500
2026-07-26 21:07:47,102 - Evaluate - INFO - ASR Module... Epoch: 0, RSS: 3.36 GB
2026-07-26 21:07:47,103 - Evaluate - INFO - ASR... Epoch: 0, Walltime: 21.483344 CPU time: 112.232632
2026-07-26 21:08:07,034 - Evaluate - INFO - ASR Module... Epoch: 0, RSS: 3.36 GB
2026-07-26 21:08:07,035 - Evaluate - INFO - ASR... Epoch: 0, Walltime: 19.928013 CPU time: 110.335716
2026-07-26 21:08:27,833 - Evaluate - INFO - ASR Module... Epoch: 0, RSS: 3.36 GB
2026-07-26 21:08:27,834 - Evaluate - INFO - ASR... Epoch: 0, Walltime: 20.795006 CPU time: 114.089511
2026-07-26 21:08:49,341 - Evaluate - INFO - ASR Module... Epoch: 0, RSS: 3.36 GB
2026-07-26 21:08:49,342 - Evaluate - INFO - ASR... Epoch: 0, Walltime: 21.501905 CPU time: 118.537100
2026-07-26 21:09:09,416 - Evaluate - INFO - ASR Module... Epoch: 0, RSS: 3.36 GB
2026-07-26 21:09:09,417 - Evaluate - INFO - ASR... Epoch: 0, Walltime: 20.070376 CPU time: 106.907376
2026-07-26 21:09:29,055 - Evaluate - INFO - ASR Module... Epoch: 0, RSS: 3.36 GB
2026-07-26 21:09:29,056 - Evaluate - INFO - ASR... Epoch: 0, Walltime: 19.634787 CPU time: 108.570965
2026-07-26 21:09:52,258 - Evaluate - INFO - ASR Module... Epoch: 0, RSS: 3.36 GB
2026-07-26 21:09:52,259 - Evaluate - INFO - ASR... Epoch: 0, Walltime: 23.198089 CPU time: 120.700908
2026-07-26 21:10:13,082 - Evaluate - INFO - ASR Module... Epoch: 0, RSS: 3.36 GB
2026-07-26 21:10:13,082 - Evaluate - INFO - ASR... Epoch: 0, Walltime: 20.818237 CPU time: 114.478767
2026-07-26 21:10:35,769 - Evaluate - INFO - ASR Module... Epoch: 0, RSS: 3.36 GB
2026-07-26 21:10:35,770 - Evaluate - INFO - ASR... Epoch: 0, Walltime: 22.681928 CPU time: 118.635142
2026-07-26 21:10:57,774 - Evaluate - INFO - ASR Module... Epoch: 0, RSS: 3.36 GB
2026-07-26 21:10:57,775 - Evaluate - INFO - ASR... Epoch: 0, Walltime: 22.000366 CPU time: 117.751441
2026-07-26 21:11:17,674 - Evaluate - INFO - ASR Module... Epoch: 0, RSS: 3.36 GB
2026-07-26 21:11:17,675 - Evaluate - INFO - ASR... Epoch: 0, Walltime: 19.894957 CPU time: 110.356561
2026-07-26 21:11:37,975 - Evaluate - INFO - ASR Module... Epoch: 0, RSS: 3.36 GB
2026-07-26 21:11:37,977 - Evaluate - INFO - ASR... Epoch: 0, Walltime: 20.296638 CPU time: 112.398740
2026-07-26 21:11:57,574 - Evaluate - INFO - ASR Module... Epoch: 0, RSS: 3.36 GB
2026-07-26 21:11:57,575 - Evaluate - INFO - ASR... Epoch: 0, Walltime: 19.593471 CPU time: 107.283325
2026-07-26 21:12:18,031 - Evaluate - INFO - ASR Module... Epoch: 0, RSS: 3.36 GB
2026-07-26 21:12:18,032 - Evaluate - INFO - ASR... Epoch: 0, Walltime: 20.453392 CPU time: 112.087064
2026-07-26 21:12:39,458 - Evaluate - INFO - ASR Module... Epoch: 0, RSS: 3.36 GB
2026-07-26 21:12:39,459 - Evaluate - INFO - ASR... Epoch: 0, Walltime: 21.422270 CPU time: 117.291427
2026-07-26 21:12:59,869 - Evaluate - INFO - ASR Module... Epoch: 0, RSS: 3.36 GB
2026-07-26 21:12:59,870 - Evaluate - INFO - ASR... Epoch: 0, Walltime: 20.406291 CPU time: 113.357132
2026-07-26 21:13:23,872 - Evaluate - INFO - ASR Module... Epoch: 0, RSS: 3.36 GB
2026-07-26 21:13:23,873 - Evaluate - INFO - ASR... Epoch: 0, Walltime: 23.997198 CPU time: 130.579103
2026-07-26 21:13:44,871 - Evaluate - INFO - ASR Module... Epoch: 0, RSS: 3.36 GB
2026-07-26 21:13:44,872 - Evaluate - INFO - ASR... Epoch: 0, Walltime: 20.993824 CPU time: 115.678130
2026-07-26 21:14:04,640 - Evaluate - INFO - ASR Module... Epoch: 0, RSS: 3.36 GB
2026-07-26 21:14:04,641 - Evaluate - INFO - ASR... Epoch: 0, Walltime: 19.764848 CPU time: 109.495623
2026-07-26 21:14:24,481 - Evaluate - INFO - ASR Module... Epoch: 0, RSS: 3.36 GB
2026-07-26 21:14:24,483 - Evaluate - INFO - ASR... Epoch: 0, Walltime: 19.835384 CPU time: 109.220249
2026-07-26 21:14:44,724 - Evaluate - INFO - ASR Module... Epoch: 0, RSS: 3.36 GB
2026-07-26 21:14:44,726 - Evaluate - INFO - ASR... Epoch: 0, Walltime: 20.238107 CPU time: 110.295604
2026-07-26 21:15:03,836 - Evaluate - INFO - ASR Module... Epoch: 0, RSS: 3.36 GB
2026-07-26 21:15:03,837 - Evaluate - INFO - ASR... Epoch: 0, Walltime: 19.104947 CPU time: 106.221693
2026-07-26 21:15:24,424 - Evaluate - INFO - ASR Module... Epoch: 0, RSS: 3.36 GB
2026-07-26 21:15:24,427 - Evaluate - INFO - ASR... Epoch: 0, Walltime: 20.581778 CPU time: 113.952357
2026-07-26 21:15:45,424 - Evaluate - INFO - ASR Module... Epoch: 0, RSS: 3.36 GB
2026-07-26 21:15:45,425 - Evaluate - INFO - ASR... Epoch: 0, Walltime: 20.993998 CPU time: 114.757750
2026-07-26 21:16:06,364 - Evaluate - INFO - ASR Module... Epoch: 0, RSS: 3.36 GB
2026-07-26 21:16:06,365 - Evaluate - INFO - ASR... Epoch: 0, Walltime: 20.933827 CPU time: 113.672234
2026-07-26 21:16:26,318 - Evaluate - INFO - ASR Module... Epoch: 0, RSS: 3.36 GB
2026-07-26 21:16:26,319 - Evaluate - INFO - ASR... Epoch: 0, Walltime: 19.950411 CPU time: 110.249898
2026-07-26 21:16:47,388 - Evaluate - INFO - ASR Module... Epoch: 0, RSS: 3.36 GB
2026-07-26 21:16:47,389 - Evaluate - INFO - ASR... Epoch: 0, Walltime: 21.065411 CPU time: 116.360388
2026-07-26 21:17:08,486 - Evaluate - INFO - ASR Module... Epoch: 0, RSS: 3.36 GB
2026-07-26 21:17:08,487 - Evaluate - INFO - ASR... Epoch: 0, Walltime: 21.093368 CPU time: 110.031602
2026-07-26 21:17:30,419 - Evaluate - INFO - ASR Module... Epoch: 0, RSS: 3.36 GB
2026-07-26 21:17:30,420 - Evaluate - INFO - ASR... Epoch: 0, Walltime: 21.928837 CPU time: 120.704810
2026-07-26 21:17:49,569 - Evaluate - INFO - ASR Module... Epoch: 0, RSS: 3.36 GB
2026-07-26 21:17:49,570 - Evaluate - INFO - ASR... Epoch: 0, Walltime: 19.145626 CPU time: 106.891937
2026-07-26 21:18:09,975 - Evaluate - INFO - ASR Module... Epoch: 0, RSS: 3.36 GB
2026-07-26 21:18:09,976 - Evaluate - INFO - ASR... Epoch: 0, Walltime: 20.402285 CPU time: 113.276666
2026-07-26 21:18:30,701 - Evaluate - INFO - ASR Module... Epoch: 0, RSS: 3.36 GB
2026-07-26 21:18:30,703 - Evaluate - INFO - ASR... Epoch: 0, Walltime: 20.721971 CPU time: 114.092737
2026-07-26 21:18:52,000 - Evaluate - INFO - ASR Module... Epoch: 0, RSS: 3.36 GB
2026-07-26 21:18:52,001 - Evaluate - INFO - ASR... Epoch: 0, Walltime: 21.293254 CPU time: 114.796034
2026-07-26 21:19:13,866 - Evaluate - INFO - ASR Module... Epoch: 0, RSS: 3.36 GB
2026-07-26 21:19:13,867 - Evaluate - INFO - ASR... Epoch: 0, Walltime: 21.861186 CPU time: 113.408608
2026-07-26 21:19:33,326 - Evaluate - INFO - ASR Module... Epoch: 0, RSS: 3.36 GB
2026-07-26 21:19:33,327 - Evaluate - INFO - ASR... Epoch: 0, Walltime: 19.455641 CPU time: 107.145250
2026-07-26 21:19:54,108 - Evaluate - INFO - ASR Module... Epoch: 0, RSS: 3.36 GB
2026-07-26 21:19:54,109 - Evaluate - INFO - ASR... Epoch: 0, Walltime: 20.776721 CPU time: 113.269867
2026-07-26 21:20:15,149 - Evaluate - INFO - ASR Module... Epoch: 0, RSS: 3.36 GB
2026-07-26 21:20:15,150 - Evaluate - INFO - ASR... Epoch: 0, Walltime: 21.036745 CPU time: 116.302015
2026-07-26 21:20:35,819 - Evaluate - INFO - ASR Module... Epoch: 0, RSS: 3.36 GB
2026-07-26 21:20:35,820 - Evaluate - INFO - ASR... Epoch: 0, Walltime: 20.665179 CPU time: 114.141390
2026-07-26 21:21:00,504 - Evaluate - INFO - ASR Module... Epoch: 0, RSS: 3.36 GB
2026-07-26 21:21:00,505 - Evaluate - INFO - ASR... Epoch: 0, Walltime: 24.679052 CPU time: 129.304273
2026-07-26 21:21:21,193 - Evaluate - INFO - ASR Module... Epoch: 0, RSS: 3.36 GB
2026-07-26 21:21:21,194 - Evaluate - INFO - ASR... Epoch: 0, Walltime: 20.684412 CPU time: 114.214630
2026-07-26 21:21:43,512 - Evaluate - INFO - ASR Module... Epoch: 0, RSS: 3.36 GB
2026-07-26 21:21:43,513 - Evaluate - INFO - ASR... Epoch: 0, Walltime: 22.313728 CPU time: 117.346762
2026-07-26 21:22:04,473 - Evaluate - INFO - ASR Module... Epoch: 0, RSS: 3.36 GB
2026-07-26 21:22:04,474 - Evaluate - INFO - ASR... Epoch: 0, Walltime: 20.956854 CPU time: 115.182367
2026-07-26 21:22:25,698 - Evaluate - INFO - ASR Module... Epoch: 0, RSS: 3.36 GB
2026-07-26 21:22:25,700 - Evaluate - INFO - ASR... Epoch: 0, Walltime: 21.219859 CPU time: 115.212378
2026-07-26 21:22:46,729 - Evaluate - INFO - ASR Module... Epoch: 0, RSS: 3.36 GB
2026-07-26 21:22:46,730 - Evaluate - INFO - ASR... Epoch: 0, Walltime: 21.025999 CPU time: 115.225813
2026-07-26 21:23:09,439 - Evaluate - INFO - ASR Module... Epoch: 0, RSS: 3.36 GB
2026-07-26 21:23:09,441 - Evaluate - INFO - ASR... Epoch: 0, Walltime: 22.705931 CPU time: 110.073681
2026-07-26 21:23:32,422 - Evaluate - INFO - ASR Module... Epoch: 0, RSS: 3.36 GB
2026-07-26 21:23:32,424 - Evaluate - INFO - ASR... Epoch: 0, Walltime: 22.976544 CPU time: 118.398717
2026-07-26 21:23:52,644 - Evaluate - INFO - ASR Module... Epoch: 0, RSS: 3.36 GB
2026-07-26 21:23:52,646 - Evaluate - INFO - ASR... Epoch: 0, Walltime: 20.216081 CPU time: 111.968812
2026-07-26 21:24:12,916 - Evaluate - INFO - ASR Module... Epoch: 0, RSS: 3.36 GB
2026-07-26 21:24:12,917 - Evaluate - INFO - ASR... Epoch: 0, Walltime: 20.267981 CPU time: 112.210748
2026-07-26 21:24:34,550 - Evaluate - INFO - ASR Module... Epoch: 0, RSS: 3.36 GB
2026-07-26 21:24:34,552 - Evaluate - INFO - ASR... Epoch: 0, Walltime: 21.628864 CPU time: 119.066668
2026-07-26 21:24:54,172 - Evaluate - INFO - ASR Module... Epoch: 0, RSS: 3.36 GB
2026-07-26 21:24:54,173 - Evaluate - INFO - ASR... Epoch: 0, Walltime: 19.616002 CPU time: 108.322781
2026-07-26 21:25:16,039 - Evaluate - INFO - ASR Module... Epoch: 0, RSS: 3.36 GB
2026-07-26 21:25:16,040 - Evaluate - INFO - ASR... Epoch: 0, Walltime: 21.861570 CPU time: 118.821633
2026-07-26 21:25:35,362 - Evaluate - INFO - ASR Module... Epoch: 0, RSS: 3.36 GB
2026-07-26 21:25:35,363 - Evaluate - INFO - ASR... Epoch: 0, Walltime: 19.318175 CPU time: 107.101875
2026-07-26 21:25:54,885 - Evaluate - INFO - ASR Module... Epoch: 0, RSS: 3.36 GB
2026-07-26 21:25:54,886 - Evaluate - INFO - ASR... Epoch: 0, Walltime: 19.519236 CPU time: 108.084626
2026-07-26 21:26:14,530 - Evaluate - INFO - ASR Module... Epoch: 0, RSS: 3.36 GB
2026-07-26 21:26:14,531 - Evaluate - INFO - ASR... Epoch: 0, Walltime: 19.640836 CPU time: 108.922164
2026-07-26 21:26:37,947 - Evaluate - INFO - ASR Module... Epoch: 0, RSS: 3.36 GB
2026-07-26 21:26:37,949 - Evaluate - INFO - ASR... Epoch: 0, Walltime: 23.411871 CPU time: 125.120837
2026-07-26 21:26:58,742 - Evaluate - INFO - ASR Module... Epoch: 0, RSS: 3.36 GB
2026-07-26 21:26:58,743 - Evaluate - INFO - ASR... Epoch: 0, Walltime: 20.789919 CPU time: 115.068970
2026-07-26 21:27:19,554 - Evaluate - INFO - ASR Module... Epoch: 0, RSS: 3.36 GB
2026-07-26 21:27:19,555 - Evaluate - INFO - ASR... Epoch: 0, Walltime: 20.807308 CPU time: 107.994012
2026-07-26 21:27:40,693 - Evaluate - INFO - ASR Module... Epoch: 0, RSS: 3.36 GB
2026-07-26 21:27:40,694 - Evaluate - INFO - ASR... Epoch: 0, Walltime: 21.135456 CPU time: 113.235223
2026-07-26 21:28:02,631 - Evaluate - INFO - ASR Module... Epoch: 0, RSS: 3.36 GB
2026-07-26 21:28:02,632 - Evaluate - INFO - ASR... Epoch: 0, Walltime: 21.933896 CPU time: 110.922658
2026-07-26 21:28:22,781 - Evaluate - INFO - ASR Module... Epoch: 0, RSS: 3.36 GB
2026-07-26 21:28:22,782 - Evaluate - INFO - ASR... Epoch: 0, Walltime: 20.145712 CPU time: 109.969187
2026-07-26 21:28:43,281 - Evaluate - INFO - ASR Module... Epoch: 0, RSS: 3.36 GB
2026-07-26 21:28:43,282 - Evaluate - INFO - ASR... Epoch: 0, Walltime: 20.494634 CPU time: 113.474298
2026-07-26 21:29:04,264 - Evaluate - INFO - ASR Module... Epoch: 0, RSS: 3.36 GB
2026-07-26 21:29:04,265 - Evaluate - INFO - ASR... Epoch: 0, Walltime: 20.979806 CPU time: 115.420031
2026-07-26 21:29:24,459 - Evaluate - INFO - ASR Module... Epoch: 0, RSS: 3.36 GB
2026-07-26 21:29:24,460 - Evaluate - INFO - ASR... Epoch: 0, Walltime: 20.189717 CPU time: 111.905447
2026-07-26 21:29:46,558 - Evaluate - INFO - ASR Module... Epoch: 0, RSS: 3.36 GB
2026-07-26 21:29:46,559 - Evaluate - INFO - ASR... Epoch: 0, Walltime: 22.094048 CPU time: 120.075099
2026-07-26 21:30:08,216 - Evaluate - INFO - ASR Module... Epoch: 0, RSS: 3.36 GB
2026-07-26 21:30:08,217 - Evaluate - INFO - ASR... Epoch: 0, Walltime: 21.652853 CPU time: 114.037460
2026-07-26 21:30:27,963 - Evaluate - INFO - ASR Module... Epoch: 0, RSS: 3.36 GB
2026-07-26 21:30:27,964 - Evaluate - INFO - ASR... Epoch: 0, Walltime: 19.742505 CPU time: 109.159498
2026-07-26 21:30:48,393 - Evaluate - INFO - ASR Module... Epoch: 0, RSS: 3.36 GB
2026-07-26 21:30:48,394 - Evaluate - INFO - ASR... Epoch: 0, Walltime: 20.426413 CPU time: 107.861501
2026-07-26 21:31:09,012 - Evaluate - INFO - ASR Module... Epoch: 0, RSS: 3.36 GB
2026-07-26 21:31:09,013 - Evaluate - INFO - ASR... Epoch: 0, Walltime: 20.614351 CPU time: 113.806273
2026-07-26 21:31:28,127 - Evaluate - INFO - ASR Module... Epoch: 0, RSS: 3.36 GB
2026-07-26 21:31:28,128 - Evaluate - INFO - ASR... Epoch: 0, Walltime: 19.110325 CPU time: 106.280957
2026-07-26 21:31:47,382 - Evaluate - INFO - ASR Module... Epoch: 0, RSS: 3.36 GB
2026-07-26 21:31:47,383 - Evaluate - INFO - ASR... Epoch: 0, Walltime: 19.251751 CPU time: 106.254569
2026-07-26 21:32:06,424 - Evaluate - INFO - ASR Module... Epoch: 0, RSS: 3.36 GB
2026-07-26 21:32:06,425 - Evaluate - INFO - ASR... Epoch: 0, Walltime: 19.038624 CPU time: 106.009653
2026-07-26 21:32:26,253 - Evaluate - INFO - ASR Module... Epoch: 0, RSS: 3.36 GB
2026-07-26 21:32:26,255 - Evaluate - INFO - ASR... Epoch: 0, Walltime: 19.825878 CPU time: 109.847951
2026-07-26 21:32:46,411 - Evaluate - INFO - ASR Module... Epoch: 0, RSS: 3.36 GB
2026-07-26 21:32:46,412 - Evaluate - INFO - ASR... Epoch: 0, Walltime: 20.151995 CPU time: 110.873539
2026-07-26 21:33:06,294 - Evaluate - INFO - ASR Module... Epoch: 0, RSS: 3.36 GB
2026-07-26 21:33:06,295 - Evaluate - INFO - ASR... Epoch: 0, Walltime: 19.879308 CPU time: 109.036481
2026-07-26 21:33:27,563 - Evaluate - INFO - ASR Module... Epoch: 0, RSS: 3.36 GB
2026-07-26 21:33:27,564 - Evaluate - INFO - ASR... Epoch: 0, Walltime: 21.265365 CPU time: 114.974780
2026-07-26 21:33:47,576 - Evaluate - INFO - ASR Module... Epoch: 0, RSS: 3.36 GB
2026-07-26 21:33:47,576 - Evaluate - INFO - ASR... Epoch: 0, Walltime: 20.008211 CPU time: 110.897457
2026-07-26 21:34:07,035 - Evaluate - INFO - ASR Module... Epoch: 0, RSS: 3.36 GB
2026-07-26 21:34:07,036 - Evaluate - INFO - ASR... Epoch: 0, Walltime: 19.455239 CPU time: 107.928222
2026-07-26 21:34:26,190 - Evaluate - INFO - ASR Module... Epoch: 0, RSS: 3.36 GB
2026-07-26 21:34:26,190 - Evaluate - INFO - ASR... Epoch: 0, Walltime: 19.151357 CPU time: 105.741134
2026-07-26 21:34:45,783 - Evaluate - INFO - ASR Module... Epoch: 0, RSS: 3.36 GB
2026-07-26 21:34:45,784 - Evaluate - INFO - ASR... Epoch: 0, Walltime: 19.589571 CPU time: 106.794804
2026-07-26 21:35:05,852 - Evaluate - INFO - ASR Module... Epoch: 0, RSS: 3.36 GB
2026-07-26 21:35:05,853 - Evaluate - INFO - ASR... Epoch: 0, Walltime: 20.065842 CPU time: 108.509212
2026-07-26 21:35:25,026 - Evaluate - INFO - ASR Module... Epoch: 0, RSS: 3.36 GB
2026-07-26 21:35:25,028 - Evaluate - INFO - ASR... Epoch: 0, Walltime: 19.170776 CPU time: 106.440853
2026-07-26 21:35:46,892 - Evaluate - INFO - ASR Module... Epoch: 0, RSS: 3.36 GB
2026-07-26 21:35:46,893 - Evaluate - INFO - ASR... Epoch: 0, Walltime: 21.861264 CPU time: 113.221075
2026-07-26 21:36:07,747 - Evaluate - INFO - ASR Module... Epoch: 0, RSS: 3.36 GB
2026-07-26 21:36:07,749 - Evaluate - INFO - ASR... Epoch: 0, Walltime: 20.850915 CPU time: 114.132125
2026-07-26 21:36:26,990 - Evaluate - INFO - ASR Module... Epoch: 0, RSS: 3.36 GB
2026-07-26 21:36:26,991 - Evaluate - INFO - ASR... Epoch: 0, Walltime: 19.238544 CPU time: 104.766644
2026-07-26 21:36:46,463 - Evaluate - INFO - ASR Module... Epoch: 0, RSS: 3.36 GB
2026-07-26 21:36:46,464 - Evaluate - INFO - ASR... Epoch: 0, Walltime: 19.469635 CPU time: 106.935163
2026-07-26 21:37:05,707 - Evaluate - INFO - ASR Module... Epoch: 0, RSS: 3.36 GB
2026-07-26 21:37:05,708 - Evaluate - INFO - ASR... Epoch: 0, Walltime: 19.239986 CPU time: 106.657928
2026-07-26 21:37:25,993 - Evaluate - INFO - ASR Module... Epoch: 0, RSS: 3.36 GB
2026-07-26 21:37:25,994 - Evaluate - INFO - ASR... Epoch: 0, Walltime: 20.282891 CPU time: 106.762112
2026-07-26 21:37:44,989 - Evaluate - INFO - ASR Module... Epoch: 0, RSS: 3.36 GB
2026-07-26 21:37:44,991 - Evaluate - INFO - ASR... Epoch: 0, Walltime: 18.993276 CPU time: 104.446017
2026-07-26 21:38:03,799 - Evaluate - INFO - ASR Module... Epoch: 0, RSS: 3.36 GB
2026-07-26 21:38:03,801 - Evaluate - INFO - ASR... Epoch: 0, Walltime: 18.806234 CPU time: 104.592445
2026-07-26 21:38:23,137 - Evaluate - INFO - ASR Module... Epoch: 0, RSS: 3.36 GB
2026-07-26 21:38:23,138 - Evaluate - INFO - ASR... Epoch: 0, Walltime: 19.332672 CPU time: 107.393974
2026-07-26 21:38:42,859 - Evaluate - INFO - ASR Module... Epoch: 0, RSS: 3.36 GB
2026-07-26 21:38:42,861 - Evaluate - INFO - ASR... Epoch: 0, Walltime: 19.719667 CPU time: 109.623908
2026-07-26 21:39:02,861 - Evaluate - INFO - ASR Module... Epoch: 0, RSS: 3.36 GB
2026-07-26 21:39:02,862 - Evaluate - INFO - ASR... Epoch: 0, Walltime: 19.997640 CPU time: 110.321779
2026-07-26 21:39:26,695 - Evaluate - INFO - ASR Module... Epoch: 0, RSS: 3.36 GB
2026-07-26 21:39:26,696 - Evaluate - INFO - ASR... Epoch: 0, Walltime: 23.829793 CPU time: 108.092480
2026-07-26 21:39:47,411 - Evaluate - INFO - ASR Module... Epoch: 0, RSS: 3.36 GB
2026-07-26 21:39:47,412 - Evaluate - INFO - ASR... Epoch: 0, Walltime: 20.712106 CPU time: 114.244222
2026-07-26 21:40:09,342 - Evaluate - INFO - ASR Module... Epoch: 0, RSS: 3.36 GB
2026-07-26 21:40:09,343 - Evaluate - INFO - ASR... Epoch: 0, Walltime: 21.926609 CPU time: 106.211453
2026-07-26 21:40:27,923 - Evaluate - INFO - ASR Module... Epoch: 0, RSS: 3.36 GB
2026-07-26 21:40:27,924 - Evaluate - INFO - ASR... Epoch: 0, Walltime: 18.578204 CPU time: 103.309650
2026-07-26 21:40:47,718 - Evaluate - INFO - ASR Module... Epoch: 0, RSS: 3.36 GB
2026-07-26 21:40:47,719 - Evaluate - INFO - ASR... Epoch: 0, Walltime: 19.791605 CPU time: 109.146352
2026-07-26 21:41:07,473 - Evaluate - INFO - ASR Module... Epoch: 0, RSS: 3.36 GB
2026-07-26 21:41:07,474 - Evaluate - INFO - ASR... Epoch: 0, Walltime: 19.750852 CPU time: 109.216841
2026-07-26 21:41:27,742 - Evaluate - INFO - ASR Module... Epoch: 0, RSS: 3.36 GB
2026-07-26 21:41:27,744 - Evaluate - INFO - ASR... Epoch: 0, Walltime: 20.265074 CPU time: 111.197323
2026-07-26 21:41:47,831 - Evaluate - INFO - ASR Module... Epoch: 0, RSS: 3.36 GB
2026-07-26 21:41:47,832 - Evaluate - INFO - ASR... Epoch: 0, Walltime: 20.084525 CPU time: 108.096133
2026-07-26 21:42:07,445 - Evaluate - INFO - ASR Module... Epoch: 0, RSS: 3.36 GB
2026-07-26 21:42:07,446 - Evaluate - INFO - ASR... Epoch: 0, Walltime: 19.609904 CPU time: 108.618538
2026-07-26 21:42:29,585 - Evaluate - INFO - ASR Module... Epoch: 0, RSS: 3.36 GB
2026-07-26 21:42:29,586 - Evaluate - INFO - ASR... Epoch: 0, Walltime: 22.136323 CPU time: 106.280069
2026-07-26 21:42:49,676 - Evaluate - INFO - ASR Module... Epoch: 0, RSS: 3.36 GB
2026-07-26 21:42:49,677 - Evaluate - INFO - ASR... Epoch: 0, Walltime: 20.087417 CPU time: 111.468914
2026-07-26 21:43:08,854 - Evaluate - INFO - ASR Module... Epoch: 0, RSS: 3.36 GB
2026-07-26 21:43:08,856 - Evaluate - INFO - ASR... Epoch: 0, Walltime: 19.173912 CPU time: 106.162034
2026-07-26 21:43:29,337 - Evaluate - INFO - ASR Module... Epoch: 0, RSS: 3.36 GB
2026-07-26 21:43:29,338 - Evaluate - INFO - ASR... Epoch: 0, Walltime: 20.477136 CPU time: 110.736173
2026-07-26 21:43:49,196 - Evaluate - INFO - ASR Module... Epoch: 0, RSS: 3.36 GB
2026-07-26 21:43:49,197 - Evaluate - INFO - ASR... Epoch: 0, Walltime: 19.854966 CPU time: 110.381071
2026-07-26 21:44:08,790 - Evaluate - INFO - ASR Module... Epoch: 0, RSS: 3.36 GB
2026-07-26 21:44:08,793 - Evaluate - INFO - ASR... Epoch: 0, Walltime: 19.588727 CPU time: 108.776650
2026-07-26 21:44:28,132 - Evaluate - INFO - ASR Module... Epoch: 0, RSS: 3.36 GB
2026-07-26 21:44:28,133 - Evaluate - INFO - ASR... Epoch: 0, Walltime: 19.335521 CPU time: 107.031224
2026-07-26 21:44:48,482 - Evaluate - INFO - ASR Module... Epoch: 0, RSS: 3.36 GB
2026-07-26 21:44:48,483 - Evaluate - INFO - ASR... Epoch: 0, Walltime: 20.345326 CPU time: 111.563384
2026-07-26 21:45:09,651 - Evaluate - INFO - ASR Module... Epoch: 0, RSS: 3.36 GB
2026-07-26 21:45:09,652 - Evaluate - INFO - ASR... Epoch: 0, Walltime: 21.164129 CPU time: 116.875958
2026-07-26 21:45:29,246 - Evaluate - INFO - ASR Module... Epoch: 0, RSS: 3.36 GB
2026-07-26 21:45:29,247 - Evaluate - INFO - ASR... Epoch: 0, Walltime: 19.591596 CPU time: 107.867255
2026-07-26 21:45:50,719 - Evaluate - INFO - ASR Module... Epoch: 0, RSS: 3.36 GB
2026-07-26 21:45:50,720 - Evaluate - INFO - ASR... Epoch: 0, Walltime: 21.468264 CPU time: 116.074352
2026-07-26 21:46:10,415 - Evaluate - INFO - ASR Module... Epoch: 0, RSS: 3.36 GB
2026-07-26 21:46:10,416 - Evaluate - INFO - ASR... Epoch: 0, Walltime: 19.691647 CPU time: 106.432533
2026-07-26 21:46:31,814 - Evaluate - INFO - ASR Module... Epoch: 0, RSS: 3.36 GB
2026-07-26 21:46:31,815 - Evaluate - INFO - ASR... Epoch: 0, Walltime: 21.394959 CPU time: 112.200894
2026-07-26 21:46:51,106 - Evaluate - INFO - ASR Module... Epoch: 0, RSS: 3.36 GB
2026-07-26 21:46:51,107 - Evaluate - INFO - ASR... Epoch: 0, Walltime: 19.287565 CPU time: 107.421012
2026-07-26 21:47:10,981 - Evaluate - INFO - ASR Module... Epoch: 0, RSS: 3.36 GB
2026-07-26 21:47:10,982 - Evaluate - INFO - ASR... Epoch: 0, Walltime: 19.869808 CPU time: 109.359843
2026-07-26 21:47:32,069 - Evaluate - INFO - ASR Module... Epoch: 0, RSS: 3.36 GB
2026-07-26 21:47:32,070 - Evaluate - INFO - ASR... Epoch: 0, Walltime: 21.082351 CPU time: 110.995772
2026-07-26 21:47:52,775 - Evaluate - INFO - ASR Module... Epoch: 0, RSS: 3.36 GB
2026-07-26 21:47:52,776 - Evaluate - INFO - ASR... Epoch: 0, Walltime: 20.701391 CPU time: 111.675152
2026-07-26 21:48:12,340 - Evaluate - INFO - ASR Module... Epoch: 0, RSS: 3.36 GB
2026-07-26 21:48:12,342 - Evaluate - INFO - ASR... Epoch: 0, Walltime: 19.560381 CPU time: 108.159698
2026-07-26 21:48:33,737 - Evaluate - INFO - ASR Module... Epoch: 0, RSS: 3.36 GB
2026-07-26 21:48:33,738 - Evaluate - INFO - ASR... Epoch: 0, Walltime: 21.391946 CPU time: 115.233730
2026-07-26 21:48:53,154 - Evaluate - INFO - ASR Module... Epoch: 0, RSS: 3.36 GB
2026-07-26 21:48:53,155 - Evaluate - INFO - ASR... Epoch: 0, Walltime: 19.412040 CPU time: 107.433739
2026-07-26 21:49:12,110 - Evaluate - INFO - ASR Module... Epoch: 0, RSS: 3.36 GB
2026-07-26 21:49:12,111 - Evaluate - INFO - ASR... Epoch: 0, Walltime: 18.952276 CPU time: 105.502217
2026-07-26 21:49:31,100 - Evaluate - INFO - ASR Module... Epoch: 0, RSS: 3.36 GB
2026-07-26 21:49:31,101 - Evaluate - INFO - ASR... Epoch: 0, Walltime: 18.986345 CPU time: 105.311203
2026-07-26 21:49:51,238 - Evaluate - INFO - ASR Module... Epoch: 0, RSS: 3.36 GB
2026-07-26 21:49:51,239 - Evaluate - INFO - ASR... Epoch: 0, Walltime: 20.132805 CPU time: 109.379040
2026-07-26 21:50:11,549 - Evaluate - INFO - ASR Module... Epoch: 0, RSS: 3.36 GB
2026-07-26 21:50:11,550 - Evaluate - INFO - ASR... Epoch: 0, Walltime: 20.307030 CPU time: 112.243364
2026-07-26 21:50:30,887 - Evaluate - INFO - ASR Module... Epoch: 0, RSS: 3.36 GB
2026-07-26 21:50:30,888 - Evaluate - INFO - ASR... Epoch: 0, Walltime: 19.334556 CPU time: 106.759837
2026-07-26 21:50:49,657 - Evaluate - INFO - ASR Module... Epoch: 0, RSS: 3.36 GB
2026-07-26 21:50:49,658 - Evaluate - INFO - ASR... Epoch: 0, Walltime: 18.766641 CPU time: 104.480174
2026-07-26 21:51:09,259 - Evaluate - INFO - ASR Module... Epoch: 0, RSS: 3.36 GB
2026-07-26 21:51:09,260 - Evaluate - INFO - ASR... Epoch: 0, Walltime: 19.598368 CPU time: 108.217582
2026-07-26 21:51:29,005 - Evaluate - INFO - ASR Module... Epoch: 0, RSS: 3.36 GB
2026-07-26 21:51:29,006 - Evaluate - INFO - ASR... Epoch: 0, Walltime: 19.742042 CPU time: 109.041299
2026-07-26 21:51:50,394 - Evaluate - INFO - ASR Module... Epoch: 0, RSS: 3.36 GB
2026-07-26 21:51:50,395 - Evaluate - INFO - ASR... Epoch: 0, Walltime: 21.385767 CPU time: 109.804473
2026-07-26 21:52:11,428 - Evaluate - INFO - ASR Module... Epoch: 0, RSS: 3.36 GB
2026-07-26 21:52:11,429 - Evaluate - INFO - ASR... Epoch: 0, Walltime: 21.028093 CPU time: 113.453658
2026-07-26 21:52:31,359 - Evaluate - INFO - ASR Module... Epoch: 0, RSS: 3.36 GB
2026-07-26 21:52:31,360 - Evaluate - INFO - ASR... Epoch: 0, Walltime: 19.926057 CPU time: 110.578514
2026-07-26 21:52:50,640 - Evaluate - INFO - ASR Module... Epoch: 0, RSS: 3.36 GB
2026-07-26 21:52:50,641 - Evaluate - INFO - ASR... Epoch: 0, Walltime: 19.276520 CPU time: 106.782150
2026-07-26 21:53:10,776 - Evaluate - INFO - ASR Module... Epoch: 0, RSS: 3.36 GB
2026-07-26 21:53:10,777 - Evaluate - INFO - ASR... Epoch: 0, Walltime: 20.131127 CPU time: 111.672949
2026-07-26 21:53:31,470 - Evaluate - INFO - ASR Module... Epoch: 0, RSS: 3.36 GB
2026-07-26 21:53:31,471 - Evaluate - INFO - ASR... Epoch: 0, Walltime: 20.690373 CPU time: 111.047264
2026-07-26 21:53:52,802 - Evaluate - INFO - ASR Module... Epoch: 0, RSS: 3.36 GB
2026-07-26 21:53:52,803 - Evaluate - INFO - ASR... Epoch: 0, Walltime: 21.327253 CPU time: 117.239420
2026-07-26 21:54:13,793 - Evaluate - INFO - ASR Module... Epoch: 0, RSS: 3.36 GB
2026-07-26 21:54:13,794 - Evaluate - INFO - ASR... Epoch: 0, Walltime: 20.985019 CPU time: 115.855064
2026-07-26 21:54:33,073 - Evaluate - INFO - ASR Module... Epoch: 0, RSS: 3.36 GB
2026-07-26 21:54:33,074 - Evaluate - INFO - ASR... Epoch: 0, Walltime: 19.276173 CPU time: 107.065421
2026-07-26 21:54:52,077 - Evaluate - INFO - ASR Module... Epoch: 0, RSS: 3.36 GB
2026-07-26 21:54:52,078 - Evaluate - INFO - ASR... Epoch: 0, Walltime: 18.999997 CPU time: 105.354094
2026-07-26 21:55:11,752 - Evaluate - INFO - ASR Module... Epoch: 0, RSS: 3.36 GB
2026-07-26 21:55:11,753 - Evaluate - INFO - ASR... Epoch: 0, Walltime: 19.669549 CPU time: 108.960661
2026-07-26 21:55:35,949 - Evaluate - INFO - ASR Module... Epoch: 0, RSS: 3.36 GB
2026-07-26 21:55:35,950 - Evaluate - INFO - ASR... Epoch: 0, Walltime: 24.190578 CPU time: 113.887838
2026-07-26 21:55:58,725 - Evaluate - INFO - ASR Module... Epoch: 0, RSS: 3.36 GB
2026-07-26 21:55:58,728 - Evaluate - INFO - ASR... Epoch: 0, Walltime: 22.770490 CPU time: 121.989956
2026-07-26 21:56:24,490 - Evaluate - INFO - ASR Module... Epoch: 0, RSS: 3.36 GB
2026-07-26 21:56:24,491 - Evaluate - INFO - ASR... Epoch: 0, Walltime: 25.755934 CPU time: 122.841075
2026-07-26 21:56:46,823 - Evaluate - INFO - ASR Module... Epoch: 0, RSS: 3.36 GB
2026-07-26 21:56:46,824 - Evaluate - INFO - ASR... Epoch: 0, Walltime: 22.326631 CPU time: 123.015378
2026-07-26 21:57:08,004 - Evaluate - INFO - ASR Module... Epoch: 0, RSS: 3.36 GB
2026-07-26 21:57:08,005 - Evaluate - INFO - ASR... Epoch: 0, Walltime: 21.175015 CPU time: 117.048102
2026-07-26 21:57:29,391 - Evaluate - INFO - ASR Module... Epoch: 0, RSS: 3.36 GB
2026-07-26 21:57:29,392 - Evaluate - INFO - ASR... Epoch: 0, Walltime: 21.380431 CPU time: 115.642920
2026-07-26 21:57:50,453 - Evaluate - INFO - ASR Module... Epoch: 0, RSS: 3.36 GB
2026-07-26 21:57:50,454 - Evaluate - INFO - ASR... Epoch: 0, Walltime: 21.056985 CPU time: 116.144482
2026-07-26 21:58:12,309 - Evaluate - INFO - ASR Module... Epoch: 0, RSS: 3.36 GB
2026-07-26 21:58:12,310 - Evaluate - INFO - ASR... Epoch: 0, Walltime: 21.849631 CPU time: 121.090945
2026-07-26 21:58:35,127 - Evaluate - INFO - ASR Module... Epoch: 0, RSS: 3.36 GB
2026-07-26 21:58:35,128 - Evaluate - INFO - ASR... Epoch: 0, Walltime: 22.811431 CPU time: 124.067456
2026-07-26 21:58:55,410 - Evaluate - INFO - ASR Module... Epoch: 0, RSS: 3.36 GB
2026-07-26 21:58:55,411 - Evaluate - INFO - ASR... Epoch: 0, Walltime: 20.278720 CPU time: 112.135537
2026-07-26 21:59:15,967 - Evaluate - INFO - ASR Module... Epoch: 0, RSS: 3.36 GB
2026-07-26 21:59:15,968 - Evaluate - INFO - ASR... Epoch: 0, Walltime: 20.551998 CPU time: 113.379998
2026-07-26 21:59:42,108 - Evaluate - INFO - ASR Module... Epoch: 0, RSS: 3.36 GB
2026-07-26 21:59:42,109 - Evaluate - INFO - ASR... Epoch: 0, Walltime: 26.135662 CPU time: 110.809500
2026-07-26 22:00:02,557 - Evaluate - INFO - ASR Module... Epoch: 0, RSS: 3.36 GB
2026-07-26 22:00:02,559 - Evaluate - INFO - ASR... Epoch: 0, Walltime: 20.444927 CPU time: 112.891385
2026-07-26 22:00:23,778 - Evaluate - INFO - ASR Module... Epoch: 0, RSS: 3.36 GB
2026-07-26 22:00:23,779 - Evaluate - INFO - ASR... Epoch: 0, Walltime: 21.214502 CPU time: 117.330721
2026-07-26 22:00:44,728 - Evaluate - INFO - ASR Module... Epoch: 0, RSS: 3.36 GB
2026-07-26 22:00:44,731 - Evaluate - INFO - ASR... Epoch: 0, Walltime: 20.944094 CPU time: 116.072830
2026-07-26 22:01:05,235 - Evaluate - INFO - ASR Module... Epoch: 0, RSS: 3.36 GB
2026-07-26 22:01:05,237 - Evaluate - INFO - ASR... Epoch: 0, Walltime: 20.498852 CPU time: 113.699604
2026-07-26 22:01:26,451 - Evaluate - INFO - ASR Module... Epoch: 0, RSS: 3.36 GB
2026-07-26 22:01:26,452 - Evaluate - INFO - ASR... Epoch: 0, Walltime: 21.208788 CPU time: 117.129950
2026-07-26 22:01:46,741 - Evaluate - INFO - ASR Module... Epoch: 0, RSS: 3.36 GB
2026-07-26 22:01:46,742 - Evaluate - INFO - ASR... Epoch: 0, Walltime: 20.284777 CPU time: 112.615918
2026-07-26 22:02:07,632 - Evaluate - INFO - ASR Module... Epoch: 0, RSS: 3.36 GB
2026-07-26 22:02:07,633 - Evaluate - INFO - ASR... Epoch: 0, Walltime: 20.887120 CPU time: 115.450081
2026-07-26 22:02:28,668 - Evaluate - INFO - ASR Module... Epoch: 0, RSS: 3.36 GB
2026-07-26 22:02:28,669 - Evaluate - INFO - ASR... Epoch: 0, Walltime: 21.030487 CPU time: 116.402508
2026-07-26 22:02:49,150 - Evaluate - INFO - ASR Module... Epoch: 0, RSS: 3.36 GB
2026-07-26 22:02:49,151 - Evaluate - INFO - ASR... Epoch: 0, Walltime: 20.476071 CPU time: 112.981292
2026-07-26 22:03:09,057 - Evaluate - INFO - ASR Module... Epoch: 0, RSS: 3.36 GB
2026-07-26 22:03:09,058 - Evaluate - INFO - ASR... Epoch: 0, Walltime: 19.902606 CPU time: 110.078743
2026-07-26 22:03:29,072 - Evaluate - INFO - ASR Module... Epoch: 0, RSS: 3.36 GB
2026-07-26 22:03:29,073 - Evaluate - INFO - ASR... Epoch: 0, Walltime: 20.010741 CPU time: 110.351244
2026-07-26 22:03:54,869 - Evaluate - INFO - ASR Module... Epoch: 0, RSS: 3.36 GB
2026-07-26 22:03:54,870 - Evaluate - INFO - ASR... Epoch: 0, Walltime: 25.790246 CPU time: 119.253746
2026-07-26 22:04:13,764 - Evaluate - INFO - ASR Module... Epoch: 0, RSS: 3.36 GB
2026-07-26 22:04:13,766 - Evaluate - INFO - ASR... Epoch: 0, Walltime: 18.890981 CPU time: 104.941992
2026-07-26 22:04:34,336 - Evaluate - INFO - ASR Module... Epoch: 0, RSS: 3.36 GB
2026-07-26 22:04:34,337 - Evaluate - INFO - ASR... Epoch: 0, Walltime: 20.567025 CPU time: 110.577664
2026-07-26 22:04:54,493 - Evaluate - INFO - ASR Module... Epoch: 0, RSS: 3.36 GB
2026-07-26 22:04:54,494 - Evaluate - INFO - ASR... Epoch: 0, Walltime: 20.153029 CPU time: 109.678684
2026-07-26 22:05:15,120 - Evaluate - INFO - ASR Module... Epoch: 0, RSS: 3.36 GB
2026-07-26 22:05:15,122 - Evaluate - INFO - ASR... Epoch: 0, Walltime: 20.621577 CPU time: 112.659392
2026-07-26 22:05:36,079 - Evaluate - INFO - ASR Module... Epoch: 0, RSS: 3.36 GB
2026-07-26 22:05:36,080 - Evaluate - INFO - ASR... Epoch: 0, Walltime: 20.952123 CPU time: 114.934889
2026-07-26 22:05:57,238 - Evaluate - INFO - ASR Module... Epoch: 0, RSS: 3.36 GB
2026-07-26 22:05:57,239 - Evaluate - INFO - ASR... Epoch: 0, Walltime: 21.153578 CPU time: 116.657808
2026-07-26 22:06:17,043 - Evaluate - INFO - ASR Module... Epoch: 0, RSS: 3.36 GB
2026-07-26 22:06:17,044 - Evaluate - INFO - ASR... Epoch: 0, Walltime: 19.799774 CPU time: 109.532268
2026-07-26 22:06:39,041 - Evaluate - INFO - ASR Module... Epoch: 0, RSS: 3.36 GB
2026-07-26 22:06:39,042 - Evaluate - INFO - ASR... Epoch: 0, Walltime: 21.993354 CPU time: 115.579285
2026-07-26 22:06:59,988 - Evaluate - INFO - ASR Module... Epoch: 0, RSS: 3.36 GB
2026-07-26 22:06:59,989 - Evaluate - INFO - ASR... Epoch: 0, Walltime: 20.941203 CPU time: 115.382121
2026-07-26 22:07:20,915 - Evaluate - INFO - ASR Module... Epoch: 0, RSS: 3.36 GB
2026-07-26 22:07:20,916 - Evaluate - INFO - ASR... Epoch: 0, Walltime: 20.921079 CPU time: 115.301470
2026-07-26 22:07:41,359 - Evaluate - INFO - ASR Module... Epoch: 0, RSS: 3.36 GB
2026-07-26 22:07:41,362 - Evaluate - INFO - ASR... Epoch: 0, Walltime: 20.439384 CPU time: 113.245134
2026-07-26 22:08:02,099 - Evaluate - INFO - ASR Module... Epoch: 0, RSS: 3.36 GB
2026-07-26 22:08:02,100 - Evaluate - INFO - ASR... Epoch: 0, Walltime: 20.732533 CPU time: 112.232303
2026-07-26 22:08:23,276 - Evaluate - INFO - ASR Module... Epoch: 0, RSS: 3.36 GB
2026-07-26 22:08:23,277 - Evaluate - INFO - ASR... Epoch: 0, Walltime: 21.172821 CPU time: 114.180078
2026-07-26 22:08:43,091 - Evaluate - INFO - ASR Module... Epoch: 0, RSS: 3.36 GB
2026-07-26 22:08:43,092 - Evaluate - INFO - ASR... Epoch: 0, Walltime: 19.810698 CPU time: 110.113875
2026-07-26 22:09:02,901 - Evaluate - INFO - ASR Module... Epoch: 0, RSS: 3.36 GB
2026-07-26 22:09:02,903 - Evaluate - INFO - ASR... Epoch: 0, Walltime: 19.804992 CPU time: 107.405191
2026-07-26 22:09:25,044 - Evaluate - INFO - ASR Module... Epoch: 0, RSS: 3.36 GB
2026-07-26 22:09:25,045 - Evaluate - INFO - ASR... Epoch: 0, Walltime: 22.136594 CPU time: 119.514465
2026-07-26 22:09:44,845 - Evaluate - INFO - ASR Module... Epoch: 0, RSS: 3.36 GB
2026-07-26 22:09:44,846 - Evaluate - INFO - ASR... Epoch: 0, Walltime: 19.795507 CPU time: 110.408556
2026-07-26 22:10:04,950 - Evaluate - INFO - ASR Module... Epoch: 0, RSS: 3.36 GB
2026-07-26 22:10:04,952 - Evaluate - INFO - ASR... Epoch: 0, Walltime: 20.100001 CPU time: 111.430750
2026-07-26 22:10:23,794 - Evaluate - INFO - ASR Module... Epoch: 0, RSS: 3.36 GB
2026-07-26 22:10:23,795 - Evaluate - INFO - ASR... Epoch: 0, Walltime: 18.837769 CPU time: 104.860364
2026-07-26 22:10:43,044 - Evaluate - INFO - ASR Module... Epoch: 0, RSS: 3.36 GB
2026-07-26 22:10:43,045 - Evaluate - INFO - ASR... Epoch: 0, Walltime: 19.245460 CPU time: 103.857713
2026-07-26 22:11:04,456 - Evaluate - INFO - ASR Module... Epoch: 0, RSS: 3.36 GB
2026-07-26 22:11:04,457 - Evaluate - INFO - ASR... Epoch: 0, Walltime: 21.407796 CPU time: 118.142765
2026-07-26 22:11:24,720 - Evaluate - INFO - ASR Module... Epoch: 0, RSS: 3.36 GB
2026-07-26 22:11:24,721 - Evaluate - INFO - ASR... Epoch: 0, Walltime: 20.258239 CPU time: 112.828577
2026-07-26 22:11:45,985 - Evaluate - INFO - ASR Module... Epoch: 0, RSS: 3.36 GB
2026-07-26 22:11:45,986 - Evaluate - INFO - ASR... Epoch: 0, Walltime: 21.259331 CPU time: 116.661444
2026-07-26 22:12:05,936 - Evaluate - INFO - ASR Module... Epoch: 0, RSS: 3.36 GB
2026-07-26 22:12:05,937 - Evaluate - INFO - ASR... Epoch: 0, Walltime: 19.945512 CPU time: 110.416022
2026-07-26 22:12:25,380 - Evaluate - INFO - ASR Module... Epoch: 0, RSS: 3.36 GB
2026-07-26 22:12:25,381 - Evaluate - INFO - ASR... Epoch: 0, Walltime: 19.440109 CPU time: 108.088770
2026-07-26 22:12:45,732 - Evaluate - INFO - ASR Module... Epoch: 0, RSS: 3.36 GB
2026-07-26 22:12:45,733 - Evaluate - INFO - ASR... Epoch: 0, Walltime: 20.347286 CPU time: 111.711704
2026-07-26 22:13:07,452 - Evaluate - INFO - ASR Module... Epoch: 0, RSS: 3.36 GB
2026-07-26 22:13:07,453 - Evaluate - INFO - ASR... Epoch: 0, Walltime: 21.713394 CPU time: 119.186603
2026-07-26 22:13:25,662 - Evaluate - INFO - ASR Module... Epoch: 0, RSS: 3.36 GB
2026-07-26 22:13:25,663 - Evaluate - INFO - ASR... Epoch: 0, Walltime: 18.206708 CPU time: 101.372665
2026-07-26 22:13:44,488 - Evaluate - INFO - ASR Module... Epoch: 0, RSS: 3.36 GB
2026-07-26 22:13:44,489 - Evaluate - INFO - ASR... Epoch: 0, Walltime: 18.822410 CPU time: 104.659641
2026-07-26 22:14:03,808 - Evaluate - INFO - ASR Module... Epoch: 0, RSS: 3.36 GB
2026-07-26 22:14:03,809 - Evaluate - INFO - ASR... Epoch: 0, Walltime: 19.316032 CPU time: 106.785851
2026-07-26 22:14:22,403 - Evaluate - INFO - ASR Module... Epoch: 0, RSS: 3.36 GB
2026-07-26 22:14:22,404 - Evaluate - INFO - ASR... Epoch: 0, Walltime: 18.590629 CPU time: 103.555952
2026-07-26 22:14:42,324 - Evaluate - INFO - ASR Module... Epoch: 0, RSS: 3.36 GB
2026-07-26 22:14:42,324 - Evaluate - INFO - ASR... Epoch: 0, Walltime: 19.917234 CPU time: 110.219810
2026-07-26 22:15:02,994 - Evaluate - INFO - ASR Module... Epoch: 0, RSS: 3.36 GB
2026-07-26 22:15:02,995 - Evaluate - INFO - ASR... Epoch: 0, Walltime: 20.665786 CPU time: 112.642172
2026-07-26 22:15:23,218 - Evaluate - INFO - ASR Module... Epoch: 0, RSS: 3.36 GB
2026-07-26 22:15:23,219 - Evaluate - INFO - ASR... Epoch: 0, Walltime: 20.219483 CPU time: 111.565665
2026-07-26 22:15:43,407 - Evaluate - INFO - ASR Module... Epoch: 0, RSS: 3.36 GB
2026-07-26 22:15:43,408 - Evaluate - INFO - ASR... Epoch: 0, Walltime: 20.183723 CPU time: 111.914623
2026-07-26 22:16:03,000 - Evaluate - INFO - ASR Module... Epoch: 0, RSS: 3.36 GB
2026-07-26 22:16:03,001 - Evaluate - INFO - ASR... Epoch: 0, Walltime: 19.588315 CPU time: 108.697719
2026-07-26 22:16:22,154 - Evaluate - INFO - ASR Module... Epoch: 0, RSS: 3.36 GB
2026-07-26 22:16:22,155 - Evaluate - INFO - ASR... Epoch: 0, Walltime: 19.150185 CPU time: 106.682431
2026-07-26 22:16:41,742 - Evaluate - INFO - ASR Module... Epoch: 0, RSS: 3.36 GB
2026-07-26 22:16:41,743 - Evaluate - INFO - ASR... Epoch: 0, Walltime: 19.583700 CPU time: 108.631148
2026-07-26 22:17:00,881 - Evaluate - INFO - ASR Module... Epoch: 0, RSS: 3.36 GB
2026-07-26 22:17:00,882 - Evaluate - INFO - ASR... Epoch: 0, Walltime: 19.135308 CPU time: 106.225372
2026-07-26 22:17:22,685 - Evaluate - INFO - ASR Module... Epoch: 0, RSS: 3.36 GB
2026-07-26 22:17:22,686 - Evaluate - INFO - ASR... Epoch: 0, Walltime: 21.799785 CPU time: 111.417362
2026-07-26 22:17:47,045 - Evaluate - INFO - ASR Module... Epoch: 0, RSS: 3.36 GB
2026-07-26 22:17:47,046 - Evaluate - INFO - ASR... Epoch: 0, Walltime: 24.354721 CPU time: 113.303624
2026-07-26 22:18:06,312 - Evaluate - INFO - ASR Module... Epoch: 0, RSS: 3.36 GB
2026-07-26 22:18:06,313 - Evaluate - INFO - ASR... Epoch: 0, Walltime: 19.263533 CPU time: 107.114284
2026-07-26 22:18:26,239 - Evaluate - INFO - ASR Module... Epoch: 0, RSS: 3.36 GB
2026-07-26 22:18:26,240 - Evaluate - INFO - ASR... Epoch: 0, Walltime: 19.922208 CPU time: 109.952259
2026-07-26 22:18:47,265 - Evaluate - INFO - ASR Module... Epoch: 0, RSS: 3.36 GB
2026-07-26 22:18:47,266 - Evaluate - INFO - ASR... Epoch: 0, Walltime: 21.021202 CPU time: 110.203020
2026-07-26 22:19:07,195 - Evaluate - INFO - ASR Module... Epoch: 0, RSS: 3.36 GB
2026-07-26 22:19:07,195 - Evaluate - INFO - ASR... Epoch: 0, Walltime: 19.924426 CPU time: 109.402621
2026-07-26 22:19:27,135 - Evaluate - INFO - ASR Module... Epoch: 0, RSS: 3.36 GB
2026-07-26 22:19:27,136 - Evaluate - INFO - ASR... Epoch: 0, Walltime: 19.934818 CPU time: 109.349530
2026-07-26 22:19:48,353 - Evaluate - INFO - ASR Module... Epoch: 0, RSS: 3.36 GB
2026-07-26 22:19:48,354 - Evaluate - INFO - ASR... Epoch: 0, Walltime: 21.213163 CPU time: 113.118342
2026-07-26 22:20:08,919 - Evaluate - INFO - ASR Module... Epoch: 0, RSS: 3.36 GB
2026-07-26 22:20:08,920 - Evaluate - INFO - ASR... Epoch: 0, Walltime: 20.559443 CPU time: 113.665399
2026-07-26 22:20:28,496 - Evaluate - INFO - ASR Module... Epoch: 0, RSS: 3.36 GB
2026-07-26 22:20:28,497 - Evaluate - INFO - ASR... Epoch: 0, Walltime: 19.572621 CPU time: 108.989552
2026-07-26 22:20:49,046 - Evaluate - INFO - ASR Module... Epoch: 0, RSS: 3.36 GB
2026-07-26 22:20:49,047 - Evaluate - INFO - ASR... Epoch: 0, Walltime: 20.545820 CPU time: 109.588769
2026-07-26 22:21:08,880 - Evaluate - INFO - ASR Module... Epoch: 0, RSS: 3.36 GB
2026-07-26 22:21:08,882 - Evaluate - INFO - ASR... Epoch: 0, Walltime: 19.830576 CPU time: 109.797074
2026-07-26 22:21:28,549 - Evaluate - INFO - ASR Module... Epoch: 0, RSS: 3.36 GB
2026-07-26 22:21:28,551 - Evaluate - INFO - ASR... Epoch: 0, Walltime: 19.663378 CPU time: 108.998764
2026-07-26 22:21:50,852 - Evaluate - INFO - ASR Module... Epoch: 0, RSS: 3.36 GB
2026-07-26 22:21:50,853 - Evaluate - INFO - ASR... Epoch: 0, Walltime: 22.295886 CPU time: 113.015815
2026-07-26 22:22:15,438 - Evaluate - INFO - ASR Module... Epoch: 0, RSS: 3.36 GB
2026-07-26 22:22:15,439 - Evaluate - INFO - ASR... Epoch: 0, Walltime: 24.579632 CPU time: 134.337815
2026-07-26 22:22:39,093 - Evaluate - INFO - ASR Module... Epoch: 0, RSS: 3.36 GB
2026-07-26 22:22:39,094 - Evaluate - INFO - ASR... Epoch: 0, Walltime: 23.646560 CPU time: 124.388800
2026-07-26 22:23:01,843 - Evaluate - INFO - ASR Module... Epoch: 0, RSS: 3.36 GB
2026-07-26 22:23:01,844 - Evaluate - INFO - ASR... Epoch: 0, Walltime: 22.744804 CPU time: 123.357291
2026-07-26 22:23:24,036 - Evaluate - INFO - ASR Module... Epoch: 0, RSS: 3.36 GB
2026-07-26 22:23:24,037 - Evaluate - INFO - ASR... Epoch: 0, Walltime: 22.186534 CPU time: 121.376142
2026-07-26 22:23:47,353 - Evaluate - INFO - ASR Module... Epoch: 0, RSS: 3.36 GB
2026-07-26 22:23:47,354 - Evaluate - INFO - ASR... Epoch: 0, Walltime: 23.312003 CPU time: 127.546555
2026-07-26 22:24:10,104 - Evaluate - INFO - ASR Module... Epoch: 0, RSS: 3.36 GB
2026-07-26 22:24:10,105 - Evaluate - INFO - ASR... Epoch: 0, Walltime: 22.743292 CPU time: 123.909201
2026-07-26 22:24:31,118 - Evaluate - INFO - ASR Module... Epoch: 0, RSS: 3.36 GB
2026-07-26 22:24:31,119 - Evaluate - INFO - ASR... Epoch: 0, Walltime: 21.008721 CPU time: 113.536240
2026-07-26 22:24:51,221 - Evaluate - INFO - ASR Module... Epoch: 0, RSS: 3.36 GB
2026-07-26 22:24:51,222 - Evaluate - INFO - ASR... Epoch: 0, Walltime: 20.097896 CPU time: 110.393901
2026-07-26 22:25:13,461 - Evaluate - INFO - ASR Module... Epoch: 0, RSS: 3.36 GB
2026-07-26 22:25:13,462 - Evaluate - INFO - ASR... Epoch: 0, Walltime: 22.235355 CPU time: 121.614853
2026-07-26 22:25:34,338 - Evaluate - INFO - ASR Module... Epoch: 0, RSS: 3.36 GB
2026-07-26 22:25:34,339 - Evaluate - INFO - ASR... Epoch: 0, Walltime: 20.871464 CPU time: 114.833011
2026-07-26 22:25:59,549 - Evaluate - INFO - ASR Module... Epoch: 0, RSS: 3.36 GB
2026-07-26 22:25:59,550 - Evaluate - INFO - ASR... Epoch: 0, Walltime: 25.203709 CPU time: 135.710001
2026-07-26 22:26:25,713 - Evaluate - INFO - ASR Module... Epoch: 0, RSS: 3.37 GB
2026-07-26 22:26:25,714 - Evaluate - INFO - ASR... Epoch: 0, Walltime: 26.156951 CPU time: 142.540975
2026-07-26 22:26:46,996 - Evaluate - INFO - ASR Module... Epoch: 0, RSS: 3.37 GB
2026-07-26 22:26:46,997 - Evaluate - INFO - ASR... Epoch: 0, Walltime: 21.276967 CPU time: 116.676418
2026-07-26 22:27:09,354 - Evaluate - INFO - ASR Module... Epoch: 0, RSS: 3.37 GB
2026-07-26 22:27:09,355 - Evaluate - INFO - ASR... Epoch: 0, Walltime: 22.352611 CPU time: 122.189998
2026-07-26 22:27:31,723 - Evaluate - INFO - ASR Module... Epoch: 0, RSS: 3.37 GB
2026-07-26 22:27:31,724 - Evaluate - INFO - ASR... Epoch: 0, Walltime: 22.363160 CPU time: 123.335192
2026-07-26 22:27:54,943 - Evaluate - INFO - ASR Module... Epoch: 0, RSS: 3.37 GB
2026-07-26 22:27:54,944 - Evaluate - INFO - ASR... Epoch: 0, Walltime: 23.214029 CPU time: 124.899660
2026-07-26 22:28:18,695 - Evaluate - INFO - ASR Module... Epoch: 0, RSS: 3.37 GB
2026-07-26 22:28:18,696 - Evaluate - INFO - ASR... Epoch: 0, Walltime: 23.745038 CPU time: 129.501529
2026-07-26 22:28:43,021 - Evaluate - INFO - ASR Module... Epoch: 0, RSS: 3.37 GB
2026-07-26 22:28:43,022 - Evaluate - INFO - ASR... Epoch: 0, Walltime: 24.318975 CPU time: 130.786460
2026-07-26 22:29:06,978 - Evaluate - INFO - ASR Module... Epoch: 0, RSS: 3.37 GB
2026-07-26 22:29:06,979 - Evaluate - INFO - ASR... Epoch: 0, Walltime: 23.950954 CPU time: 127.412236
2026-07-26 22:29:29,984 - Evaluate - INFO - ASR Module... Epoch: 0, RSS: 3.37 GB
2026-07-26 22:29:29,985 - Evaluate - INFO - ASR... Epoch: 0, Walltime: 22.999505 CPU time: 126.228092
2026-07-26 22:29:50,603 - Evaluate - INFO - ASR Module... Epoch: 0, RSS: 3.37 GB
2026-07-26 22:29:50,604 - Evaluate - INFO - ASR... Epoch: 0, Walltime: 20.614779 CPU time: 110.137291
2026-07-26 22:30:13,030 - Evaluate - INFO - ASR Module... Epoch: 0, RSS: 3.37 GB
2026-07-26 22:30:13,031 - Evaluate - INFO - ASR... Epoch: 0, Walltime: 22.421561 CPU time: 122.560342
2026-07-26 22:30:33,020 - Evaluate - INFO - ASR Module... Epoch: 0, RSS: 3.37 GB
2026-07-26 22:30:33,021 - Evaluate - INFO - ASR... Epoch: 0, Walltime: 19.985503 CPU time: 104.346060
2026-07-26 22:30:58,564 - Evaluate - INFO - ASR Module... Epoch: 0, RSS: 3.37 GB
2026-07-26 22:30:58,565 - Evaluate - INFO - ASR... Epoch: 0, Walltime: 25.539371 CPU time: 128.683723
2026-07-26 22:31:20,558 - Evaluate - INFO - ASR Module... Epoch: 0, RSS: 3.37 GB
2026-07-26 22:31:20,559 - Evaluate - INFO - ASR... Epoch: 0, Walltime: 21.988826 CPU time: 117.601364
2026-07-26 22:31:43,557 - Evaluate - INFO - ASR Module... Epoch: 0, RSS: 3.37 GB
2026-07-26 22:31:43,558 - Evaluate - INFO - ASR... Epoch: 0, Walltime: 22.992660 CPU time: 120.609966
2026-07-26 22:32:03,150 - Evaluate - INFO - ASR Module... Epoch: 0, RSS: 3.37 GB
2026-07-26 22:32:03,152 - Evaluate - INFO - ASR... Epoch: 0, Walltime: 19.588021 CPU time: 106.974483
2026-07-26 22:32:24,313 - Evaluate - INFO - ASR Module... Epoch: 0, RSS: 3.37 GB
2026-07-26 22:32:24,314 - Evaluate - INFO - ASR... Epoch: 0, Walltime: 21.156036 CPU time: 114.924943
2026-07-26 22:32:46,737 - Evaluate - INFO - ASR Module... Epoch: 0, RSS: 3.37 GB
2026-07-26 22:32:46,738 - Evaluate - INFO - ASR... Epoch: 0, Walltime: 22.417923 CPU time: 119.887255
2026-07-26 22:33:11,975 - Evaluate - INFO - ASR Module... Epoch: 0, RSS: 3.37 GB
2026-07-26 22:33:11,976 - Evaluate - INFO - ASR... Epoch: 0, Walltime: 25.232665 CPU time: 131.775845
2026-07-26 22:33:33,310 - Evaluate - INFO - ASR Module... Epoch: 0, RSS: 3.37 GB
2026-07-26 22:33:33,311 - Evaluate - INFO - ASR... Epoch: 0, Walltime: 21.329354 CPU time: 113.496895
2026-07-26 22:33:56,481 - Evaluate - INFO - ASR Module... Epoch: 0, RSS: 3.37 GB
2026-07-26 22:33:56,482 - Evaluate - INFO - ASR... Epoch: 0, Walltime: 23.165442 CPU time: 123.985996
2026-07-26 22:34:21,421 - Evaluate - INFO - ASR Module... Epoch: 0, RSS: 3.37 GB
2026-07-26 22:34:21,422 - Evaluate - INFO - ASR... Epoch: 0, Walltime: 24.933813 CPU time: 130.726107
2026-07-26 22:34:43,655 - Evaluate - INFO - ASR Module... Epoch: 0, RSS: 3.37 GB
2026-07-26 22:34:43,656 - Evaluate - INFO - ASR... Epoch: 0, Walltime: 22.228350 CPU time: 119.707855
2026-07-26 22:35:08,196 - Evaluate - INFO - ASR Module... Epoch: 0, RSS: 3.37 GB
2026-07-26 22:35:08,197 - Evaluate - INFO - ASR... Epoch: 0, Walltime: 24.534999 CPU time: 130.651925
2026-07-26 22:35:29,630 - Evaluate - INFO - ASR Module... Epoch: 0, RSS: 3.37 GB
2026-07-26 22:35:29,631 - Evaluate - INFO - ASR... Epoch: 0, Walltime: 21.427633 CPU time: 113.858220
2026-07-26 22:35:50,654 - Evaluate - INFO - ASR Module... Epoch: 0, RSS: 3.37 GB
2026-07-26 22:35:50,655 - Evaluate - INFO - ASR... Epoch: 0, Walltime: 21.019436 CPU time: 114.605445
2026-07-26 22:36:17,783 - Evaluate - INFO - ASR Module... Epoch: 0, RSS: 3.37 GB
2026-07-26 22:36:17,784 - Evaluate - INFO - ASR... Epoch: 0, Walltime: 27.121162 CPU time: 141.891215
2026-07-26 22:36:40,034 - Evaluate - INFO - ASR Module... Epoch: 0, RSS: 3.37 GB
2026-07-26 22:36:40,034 - Evaluate - INFO - ASR... Epoch: 0, Walltime: 22.244521 CPU time: 122.354326
2026-07-26 22:37:02,424 - Evaluate - INFO - ASR Module... Epoch: 0, RSS: 3.37 GB
2026-07-26 22:37:02,425 - Evaluate - INFO - ASR... Epoch: 0, Walltime: 22.383173 CPU time: 119.333019
2026-07-26 22:37:25,646 - Evaluate - INFO - ASR Module... Epoch: 0, RSS: 3.37 GB
2026-07-26 22:37:25,647 - Evaluate - INFO - ASR... Epoch: 0, Walltime: 23.217136 CPU time: 124.424927
2026-07-26 22:37:45,558 - Evaluate - INFO - ASR Module... Epoch: 0, RSS: 3.37 GB
2026-07-26 22:37:45,559 - Evaluate - INFO - ASR... Epoch: 0, Walltime: 19.907614 CPU time: 108.709470
2026-07-26 22:38:07,354 - Evaluate - INFO - ASR Module... Epoch: 0, RSS: 3.37 GB
2026-07-26 22:38:07,355 - Evaluate - INFO - ASR... Epoch: 0, Walltime: 21.790410 CPU time: 117.816080
2026-07-26 22:38:33,288 - Evaluate - INFO - ASR Module... Epoch: 0, RSS: 3.37 GB
2026-07-26 22:38:33,289 - Evaluate - INFO - ASR... Epoch: 0, Walltime: 25.929250 CPU time: 111.982089
2026-07-26 22:38:55,218 - Evaluate - INFO - ASR Module... Epoch: 0, RSS: 3.37 GB
2026-07-26 22:38:55,219 - Evaluate - INFO - ASR... Epoch: 0, Walltime: 21.923140 CPU time: 118.339747
2026-07-26 22:39:18,324 - Evaluate - INFO - ASR Module... Epoch: 0, RSS: 3.37 GB
2026-07-26 22:39:18,325 - Evaluate - INFO - ASR... Epoch: 0, Walltime: 23.102023 CPU time: 122.653080
2026-07-26 22:39:39,267 - Evaluate - INFO - ASR Module... Epoch: 0, RSS: 3.37 GB
2026-07-26 22:39:39,268 - Evaluate - INFO - ASR... Epoch: 0, Walltime: 20.937155 CPU time: 114.029524
2026-07-26 22:40:00,694 - Evaluate - INFO - ASR Module... Epoch: 0, RSS: 3.37 GB
2026-07-26 22:40:00,696 - Evaluate - INFO - ASR... Epoch: 0, Walltime: 21.422129 CPU time: 117.424321
2026-07-26 22:40:21,688 - Evaluate - INFO - ASR Module... Epoch: 0, RSS: 3.37 GB
2026-07-26 22:40:21,688 - Evaluate - INFO - ASR... Epoch: 0, Walltime: 20.987650 CPU time: 115.372348
2026-07-26 22:40:41,049 - Evaluate - INFO - ASR Module... Epoch: 0, RSS: 3.37 GB
2026-07-26 22:40:41,050 - Evaluate - INFO - ASR... Epoch: 0, Walltime: 19.357148 CPU time: 107.197203
2026-07-26 22:41:00,671 - Evaluate - INFO - ASR Module... Epoch: 0, RSS: 3.37 GB
2026-07-26 22:41:00,672 - Evaluate - INFO - ASR... Epoch: 0, Walltime: 19.617900 CPU time: 107.322255
2026-07-26 22:41:23,889 - Evaluate - INFO - ASR Module... Epoch: 0, RSS: 3.37 GB
2026-07-26 22:41:23,890 - Evaluate - INFO - ASR... Epoch: 0, Walltime: 23.212512 CPU time: 126.951000
2026-07-26 22:41:43,626 - Evaluate - INFO - ASR Module... Epoch: 0, RSS: 3.37 GB
2026-07-26 22:41:43,627 - Evaluate - INFO - ASR... Epoch: 0, Walltime: 19.732486 CPU time: 108.405777
2026-07-26 22:42:04,603 - Evaluate - INFO - ASR Module... Epoch: 0, RSS: 3.37 GB
2026-07-26 22:42:04,604 - Evaluate - INFO - ASR... Epoch: 0, Walltime: 20.973200 CPU time: 111.030567
2026-07-26 22:42:26,095 - Evaluate - INFO - ASR Module... Epoch: 0, RSS: 3.37 GB
2026-07-26 22:42:26,096 - Evaluate - INFO - ASR... Epoch: 0, Walltime: 21.487652 CPU time: 118.446938
2026-07-26 22:42:49,186 - Evaluate - INFO - ASR Module... Epoch: 0, RSS: 3.37 GB
2026-07-26 22:42:49,187 - Evaluate - INFO - ASR... Epoch: 0, Walltime: 23.084284 CPU time: 126.875618
2026-07-26 22:43:14,045 - Evaluate - INFO - ASR Module... Epoch: 0, RSS: 3.37 GB
2026-07-26 22:43:14,046 - Evaluate - INFO - ASR... Epoch: 0, Walltime: 24.853596 CPU time: 125.760171
2026-07-26 22:43:36,790 - Evaluate - INFO - ASR Module... Epoch: 0, RSS: 3.37 GB
2026-07-26 22:43:36,791 - Evaluate - INFO - ASR... Epoch: 0, Walltime: 22.737345 CPU time: 124.309539
2026-07-26 22:44:01,718 - Evaluate - INFO - ASR Module... Epoch: 0, RSS: 3.37 GB
2026-07-26 22:44:01,719 - Evaluate - INFO - ASR... Epoch: 0, Walltime: 24.921581 CPU time: 134.279017
2026-07-26 22:44:24,774 - Evaluate - INFO - ASR Module... Epoch: 0, RSS: 3.37 GB
2026-07-26 22:44:24,775 - Evaluate - INFO - ASR... Epoch: 0, Walltime: 23.048466 CPU time: 120.281709
2026-07-26 22:44:47,179 - Evaluate - INFO - ASR Module... Epoch: 0, RSS: 3.37 GB
2026-07-26 22:44:47,180 - Evaluate - INFO - ASR... Epoch: 0, Walltime: 22.399727 CPU time: 123.145226
2026-07-26 22:45:13,301 - Evaluate - INFO - ASR Module... Epoch: 0, RSS: 3.37 GB
2026-07-26 22:45:13,301 - Evaluate - INFO - ASR... Epoch: 0, Walltime: 26.113383 CPU time: 137.381853
2026-07-26 22:45:38,345 - Evaluate - INFO - ASR Module... Epoch: 0, RSS: 3.37 GB
2026-07-26 22:45:38,346 - Evaluate - INFO - ASR... Epoch: 0, Walltime: 25.038808 CPU time: 136.149161
2026-07-26 22:46:00,864 - Evaluate - INFO - ASR Module... Epoch: 0, RSS: 3.37 GB
2026-07-26 22:46:00,865 - Evaluate - INFO - ASR... Epoch: 0, Walltime: 22.512472 CPU time: 121.793864
2026-07-26 22:46:25,674 - Evaluate - INFO - ASR Module... Epoch: 0, RSS: 3.37 GB
2026-07-26 22:46:25,675 - Evaluate - INFO - ASR... Epoch: 0, Walltime: 24.802663 CPU time: 134.885033
2026-07-26 22:46:54,312 - Evaluate - INFO - ASR Module... Epoch: 0, RSS: 3.33 GB
2026-07-26 22:46:54,313 - Evaluate - INFO - ASR... Epoch: 0, Walltime: 28.630617 CPU time: 153.495952
2026-07-26 22:47:13,241 - Evaluate - INFO - ASR Module... Epoch: 0, RSS: 3.33 GB
2026-07-26 22:47:13,243 - Evaluate - INFO - ASR... Epoch: 0, Walltime: 18.922372 CPU time: 104.223931
2026-07-26 22:47:33,585 - Evaluate - INFO - ASR Module... Epoch: 0, RSS: 3.33 GB
2026-07-26 22:47:33,586 - Evaluate - INFO - ASR... Epoch: 0, Walltime: 20.337712 CPU time: 112.049966
2026-07-26 22:47:55,349 - Evaluate - INFO - ASR Module... Epoch: 0, RSS: 3.33 GB
2026-07-26 22:47:55,350 - Evaluate - INFO - ASR... Epoch: 0, Walltime: 21.758223 CPU time: 119.230986
2026-07-26 22:48:15,181 - Evaluate - INFO - ASR Module... Epoch: 0, RSS: 3.33 GB
2026-07-26 22:48:15,182 - Evaluate - INFO - ASR... Epoch: 0, Walltime: 19.827337 CPU time: 108.006428
2026-07-26 22:48:35,580 - Evaluate - INFO - ASR Module... Epoch: 0, RSS: 3.33 GB
2026-07-26 22:48:35,582 - Evaluate - INFO - ASR... Epoch: 0, Walltime: 20.395285 CPU time: 111.810228
2026-07-26 22:48:56,311 - Evaluate - INFO - ASR Module... Epoch: 0, RSS: 3.33 GB
2026-07-26 22:48:56,314 - Evaluate - INFO - ASR... Epoch: 0, Walltime: 20.726385 CPU time: 113.882072
2026-07-26 22:49:16,770 - Evaluate - INFO - ASR Module... Epoch: 0, RSS: 3.33 GB
2026-07-26 22:49:16,771 - Evaluate - INFO - ASR... Epoch: 0, Walltime: 20.451786 CPU time: 111.400535
2026-07-26 22:49:40,195 - Evaluate - INFO - ASR Module... Epoch: 0, RSS: 3.33 GB
2026-07-26 22:49:40,196 - Evaluate - INFO - ASR... Epoch: 0, Walltime: 23.419607 CPU time: 127.408564
2026-07-26 22:50:04,505 - Evaluate - INFO - ASR Module... Epoch: 0, RSS: 3.33 GB
2026-07-26 22:50:04,506 - Evaluate - INFO - ASR... Epoch: 0, Walltime: 24.302859 CPU time: 117.696301
2026-07-26 22:50:24,057 - Evaluate - INFO - ASR Module... Epoch: 0, RSS: 3.33 GB
2026-07-26 22:50:24,058 - Evaluate - INFO - ASR... Epoch: 0, Walltime: 19.548193 CPU time: 107.695901
2026-07-26 22:50:43,807 - Evaluate - INFO - ASR Module... Epoch: 0, RSS: 3.33 GB
2026-07-26 22:50:43,808 - Evaluate - INFO - ASR... Epoch: 0, Walltime: 19.745482 CPU time: 109.086358
2026-07-26 22:51:04,642 - Evaluate - INFO - ASR Module... Epoch: 0, RSS: 3.33 GB
2026-07-26 22:51:04,643 - Evaluate - INFO - ASR... Epoch: 0, Walltime: 20.829939 CPU time: 113.119069
2026-07-26 22:51:24,681 - Evaluate - INFO - ASR Module... Epoch: 0, RSS: 3.33 GB
2026-07-26 22:51:24,683 - Evaluate - INFO - ASR... Epoch: 0, Walltime: 20.034126 CPU time: 110.373492
2026-07-26 22:51:43,978 - Evaluate - INFO - ASR Module... Epoch: 0, RSS: 3.33 GB
2026-07-26 22:51:43,980 - Evaluate - INFO - ASR... Epoch: 0, Walltime: 19.291956 CPU time: 106.636249
2026-07-26 22:52:03,291 - Evaluate - INFO - ASR Module... Epoch: 0, RSS: 3.33 GB
2026-07-26 22:52:03,292 - Evaluate - INFO - ASR... Epoch: 0, Walltime: 19.307544 CPU time: 106.305760
2026-07-26 22:52:23,501 - Evaluate - INFO - ASR Module... Epoch: 0, RSS: 3.33 GB
2026-07-26 22:52:23,502 - Evaluate - INFO - ASR... Epoch: 0, Walltime: 20.205301 CPU time: 111.310103
2026-07-26 22:52:43,701 - Evaluate - INFO - ASR Module... Epoch: 0, RSS: 3.33 GB
2026-07-26 22:52:43,702 - Evaluate - INFO - ASR... Epoch: 0, Walltime: 20.195221 CPU time: 109.724640
2026-07-26 22:53:03,458 - Evaluate - INFO - ASR Module... Epoch: 0, RSS: 3.33 GB
2026-07-26 22:53:03,460 - Evaluate - INFO - ASR... Epoch: 0, Walltime: 19.751155 CPU time: 109.752155
2026-07-26 22:53:23,717 - Evaluate - INFO - ASR Module... Epoch: 0, RSS: 3.33 GB
2026-07-26 22:53:23,718 - Evaluate - INFO - ASR... Epoch: 0, Walltime: 20.253471 CPU time: 110.640551
2026-07-26 22:53:43,942 - Evaluate - INFO - ASR Module... Epoch: 0, RSS: 3.33 GB
2026-07-26 22:53:43,943 - Evaluate - INFO - ASR... Epoch: 0, Walltime: 20.221251 CPU time: 108.803352
2026-07-26 22:54:03,244 - Evaluate - INFO - ASR Module... Epoch: 0, RSS: 3.33 GB
2026-07-26 22:54:03,245 - Evaluate - INFO - ASR... Epoch: 0, Walltime: 19.297417 CPU time: 107.199313
2026-07-26 22:54:23,687 - Evaluate - INFO - ASR Module... Epoch: 0, RSS: 3.33 GB
2026-07-26 22:54:23,688 - Evaluate - INFO - ASR... Epoch: 0, Walltime: 20.439955 CPU time: 109.994882
2026-07-26 22:54:44,255 - Evaluate - INFO - ASR Module... Epoch: 0, RSS: 3.33 GB
2026-07-26 22:54:44,256 - Evaluate - INFO - ASR... Epoch: 0, Walltime: 20.563090 CPU time: 110.618370
2026-07-26 22:55:04,999 - Evaluate - INFO - ASR Module... Epoch: 0, RSS: 3.33 GB
2026-07-26 22:55:05,000 - Evaluate - INFO - ASR... Epoch: 0, Walltime: 20.739850 CPU time: 106.380909
2026-07-26 22:55:25,403 - Evaluate - INFO - ASR Module... Epoch: 0, RSS: 3.33 GB
2026-07-26 22:55:25,404 - Evaluate - INFO - ASR... Epoch: 0, Walltime: 20.399941 CPU time: 112.853085
2026-07-26 22:55:46,080 - Evaluate - INFO - ASR Module... Epoch: 0, RSS: 3.33 GB
2026-07-26 22:55:46,081 - Evaluate - INFO - ASR... Epoch: 0, Walltime: 20.671053 CPU time: 112.827947
2026-07-26 22:56:05,727 - Evaluate - INFO - ASR Module... Epoch: 0, RSS: 3.33 GB
2026-07-26 22:56:05,728 - Evaluate - INFO - ASR... Epoch: 0, Walltime: 19.641848 CPU time: 108.204962
2026-07-26 22:56:25,293 - Evaluate - INFO - ASR Module... Epoch: 0, RSS: 3.33 GB
2026-07-26 22:56:25,294 - Evaluate - INFO - ASR... Epoch: 0, Walltime: 19.562040 CPU time: 107.684986
2026-07-26 22:56:45,617 - Evaluate - INFO - ASR Module... Epoch: 0, RSS: 3.33 GB
2026-07-26 22:56:45,618 - Evaluate - INFO - ASR... Epoch: 0, Walltime: 20.318552 CPU time: 111.632670
2026-07-26 22:57:06,721 - Evaluate - INFO - ASR Module... Epoch: 0, RSS: 3.33 GB
2026-07-26 22:57:06,723 - Evaluate - INFO - ASR... Epoch: 0, Walltime: 21.099322 CPU time: 111.643001
2026-07-26 22:57:28,381 - Evaluate - INFO - ASR Module... Epoch: 0, RSS: 3.33 GB
2026-07-26 22:57:28,382 - Evaluate - INFO - ASR... Epoch: 0, Walltime: 21.654038 CPU time: 118.951038
2026-07-26 22:57:51,344 - Evaluate - INFO - ASR Module... Epoch: 0, RSS: 3.33 GB
2026-07-26 22:57:51,345 - Evaluate - INFO - ASR... Epoch: 0, Walltime: 22.956671 CPU time: 117.388914
2026-07-26 22:58:12,219 - Evaluate - INFO - ASR Module... Epoch: 0, RSS: 3.33 GB
2026-07-26 22:58:12,220 - Evaluate - INFO - ASR... Epoch: 0, Walltime: 20.870337 CPU time: 115.088512
2026-07-26 22:58:32,680 - Evaluate - INFO - ASR Module... Epoch: 0, RSS: 3.33 GB
2026-07-26 22:58:32,681 - Evaluate - INFO - ASR... Epoch: 0, Walltime: 20.454801 CPU time: 108.335693
2026-07-26 22:58:52,201 - Evaluate - INFO - ASR Module... Epoch: 0, RSS: 3.33 GB
2026-07-26 22:58:52,202 - Evaluate - INFO - ASR... Epoch: 0, Walltime: 19.517305 CPU time: 108.118658
2026-07-26 22:59:12,950 - Evaluate - INFO - ASR Module... Epoch: 0, RSS: 3.33 GB
2026-07-26 22:59:12,951 - Evaluate - INFO - ASR... Epoch: 0, Walltime: 20.744254 CPU time: 109.673532
2026-07-26 22:59:32,221 - Evaluate - INFO - ASR Module... Epoch: 0, RSS: 3.33 GB
2026-07-26 22:59:32,222 - Evaluate - INFO - ASR... Epoch: 0, Walltime: 19.267085 CPU time: 104.174729
2026-07-26 22:59:56,860 - Evaluate - INFO - ASR Module... Epoch: 0, RSS: 3.33 GB
2026-07-26 22:59:56,861 - Evaluate - INFO - ASR... Epoch: 0, Walltime: 24.634559 CPU time: 106.144513
2026-07-26 23:00:17,025 - Evaluate - INFO - ASR Module... Epoch: 0, RSS: 3.33 GB
2026-07-26 23:00:17,026 - Evaluate - INFO - ASR... Epoch: 0, Walltime: 20.160012 CPU time: 109.232261
2026-07-26 23:00:36,862 - Evaluate - INFO - ASR Module... Epoch: 0, RSS: 3.33 GB
2026-07-26 23:00:36,863 - Evaluate - INFO - ASR... Epoch: 0, Walltime: 19.832603 CPU time: 107.848846
2026-07-26 23:01:01,553 - Evaluate - INFO - ASR Module... Epoch: 0, RSS: 3.33 GB
2026-07-26 23:01:01,553 - Evaluate - INFO - ASR... Epoch: 0, Walltime: 24.686781 CPU time: 107.612900
2026-07-26 23:01:20,202 - Evaluate - INFO - ASR Module... Epoch: 0, RSS: 3.33 GB
2026-07-26 23:01:20,203 - Evaluate - INFO - ASR... Epoch: 0, Walltime: 18.646064 CPU time: 104.331995
2026-07-26 23:01:40,416 - Evaluate - INFO - ASR Module... Epoch: 0, RSS: 3.33 GB
2026-07-26 23:01:40,417 - Evaluate - INFO - ASR... Epoch: 0, Walltime: 20.210548 CPU time: 111.365906
2026-07-26 23:02:01,928 - Evaluate - INFO - ASR Module... Epoch: 0, RSS: 3.33 GB
2026-07-26 23:02:01,929 - Evaluate - INFO - ASR... Epoch: 0, Walltime: 21.506909 CPU time: 117.442844
2026-07-26 23:02:22,818 - Evaluate - INFO - ASR Module... Epoch: 0, RSS: 3.33 GB
2026-07-26 23:02:22,819 - Evaluate - INFO - ASR... Epoch: 0, Walltime: 20.885359 CPU time: 111.401138
2026-07-26 23:02:43,102 - Evaluate - INFO - ASR Module... Epoch: 0, RSS: 3.33 GB
2026-07-26 23:02:43,103 - Evaluate - INFO - ASR... Epoch: 0, Walltime: 20.278863 CPU time: 111.589017
2026-07-26 23:03:04,097 - Evaluate - INFO - ASR Module... Epoch: 0, RSS: 3.33 GB
2026-07-26 23:03:04,098 - Evaluate - INFO - ASR... Epoch: 0, Walltime: 20.989215 CPU time: 115.698291
2026-07-26 23:03:23,458 - Evaluate - INFO - ASR Module... Epoch: 0, RSS: 3.33 GB
2026-07-26 23:03:23,459 - Evaluate - INFO - ASR... Epoch: 0, Walltime: 19.356547 CPU time: 106.941227
2026-07-26 23:03:43,092 - Evaluate - INFO - ASR Module... Epoch: 0, RSS: 3.33 GB
2026-07-26 23:03:43,093 - Evaluate - INFO - ASR... Epoch: 0, Walltime: 19.629656 CPU time: 108.574062
2026-07-26 23:04:03,586 - Evaluate - INFO - ASR Module... Epoch: 0, RSS: 3.33 GB
2026-07-26 23:04:03,587 - Evaluate - INFO - ASR... Epoch: 0, Walltime: 20.489114 CPU time: 109.961076
2026-07-26 23:04:23,607 - Evaluate - INFO - ASR Module... Epoch: 0, RSS: 3.33 GB
2026-07-26 23:04:23,608 - Evaluate - INFO - ASR... Epoch: 0, Walltime: 20.016464 CPU time: 109.755083
2026-07-26 23:04:43,046 - Evaluate - INFO - ASR Module... Epoch: 0, RSS: 3.33 GB
2026-07-26 23:04:43,047 - Evaluate - INFO - ASR... Epoch: 0, Walltime: 19.435536 CPU time: 107.800041
2026-07-26 23:05:03,090 - Evaluate - INFO - ASR Module... Epoch: 0, RSS: 3.33 GB
2026-07-26 23:05:03,091 - Evaluate - INFO - ASR... Epoch: 0, Walltime: 20.039199 CPU time: 110.371356
2026-07-26 23:05:23,262 - Evaluate - INFO - ASR Module... Epoch: 0, RSS: 3.33 GB
2026-07-26 23:05:23,263 - Evaluate - INFO - ASR... Epoch: 0, Walltime: 20.166877 CPU time: 110.206448
2026-07-26 23:05:42,774 - Evaluate - INFO - ASR Module... Epoch: 0, RSS: 3.33 GB
2026-07-26 23:05:42,775 - Evaluate - INFO - ASR... Epoch: 0, Walltime: 19.507144 CPU time: 107.882847
2026-07-26 23:06:04,410 - Evaluate - INFO - ASR Module... Epoch: 0, RSS: 3.33 GB
2026-07-26 23:06:04,411 - Evaluate - INFO - ASR... Epoch: 0, Walltime: 21.630888 CPU time: 112.779050
2026-07-26 23:06:25,112 - Evaluate - INFO - ASR Module... Epoch: 0, RSS: 3.33 GB
2026-07-26 23:06:25,113 - Evaluate - INFO - ASR... Epoch: 0, Walltime: 20.697540 CPU time: 111.432915
2026-07-26 23:06:45,781 - Evaluate - INFO - ASR Module... Epoch: 0, RSS: 3.33 GB
2026-07-26 23:06:45,782 - Evaluate - INFO - ASR... Epoch: 0, Walltime: 20.662237 CPU time: 112.899619
2026-07-26 23:07:06,207 - Evaluate - INFO - ASR Module... Epoch: 0, RSS: 3.33 GB
2026-07-26 23:07:06,208 - Evaluate - INFO - ASR... Epoch: 0, Walltime: 20.421449 CPU time: 106.334382
2026-07-26 23:07:26,409 - Evaluate - INFO - ASR Module... Epoch: 0, RSS: 3.33 GB
2026-07-26 23:07:26,410 - Evaluate - INFO - ASR... Epoch: 0, Walltime: 20.196991 CPU time: 111.568041
2026-07-26 23:07:46,487 - Evaluate - INFO - ASR Module... Epoch: 0, RSS: 3.33 GB
2026-07-26 23:07:46,488 - Evaluate - INFO - ASR... Epoch: 0, Walltime: 20.073202 CPU time: 110.018068
2026-07-26 23:08:06,412 - Evaluate - INFO - ASR Module... Epoch: 0, RSS: 3.33 GB
2026-07-26 23:08:06,413 - Evaluate - INFO - ASR... Epoch: 0, Walltime: 19.919672 CPU time: 110.665033
2026-07-26 23:08:27,114 - Evaluate - INFO - ASR Module... Epoch: 0, RSS: 3.33 GB
2026-07-26 23:08:27,115 - Evaluate - INFO - ASR... Epoch: 0, Walltime: 20.696773 CPU time: 111.865925
2026-07-26 23:08:46,626 - Evaluate - INFO - ASR Module... Epoch: 0, RSS: 3.33 GB
2026-07-26 23:08:46,627 - Evaluate - INFO - ASR... Epoch: 0, Walltime: 19.507676 CPU time: 108.427503
2026-07-26 23:09:07,569 - Evaluate - INFO - ASR Module... Epoch: 0, RSS: 3.33 GB
2026-07-26 23:09:07,570 - Evaluate - INFO - ASR... Epoch: 0, Walltime: 20.938137 CPU time: 116.245716
2026-07-26 23:09:27,864 - Evaluate - INFO - ASR Module... Epoch: 0, RSS: 3.33 GB
2026-07-26 23:09:27,865 - Evaluate - INFO - ASR... Epoch: 0, Walltime: 20.290553 CPU time: 112.052000
2026-07-26 23:09:49,469 - Evaluate - INFO - ASR Module... Epoch: 0, RSS: 3.33 GB
2026-07-26 23:09:49,471 - Evaluate - INFO - ASR... Epoch: 0, Walltime: 21.599599 CPU time: 113.837048
2026-07-26 23:10:09,543 - Evaluate - INFO - ASR Module... Epoch: 0, RSS: 3.33 GB
2026-07-26 23:10:09,544 - Evaluate - INFO - ASR... Epoch: 0, Walltime: 20.068483 CPU time: 111.393528
2026-07-26 23:10:29,637 - Evaluate - INFO - ASR Module... Epoch: 0, RSS: 3.33 GB
2026-07-26 23:10:29,638 - Evaluate - INFO - ASR... Epoch: 0, Walltime: 20.089812 CPU time: 109.022407
2026-07-26 23:10:50,551 - Evaluate - INFO - ASR Module... Epoch: 0, RSS: 3.33 GB
2026-07-26 23:10:50,552 - Evaluate - INFO - ASR... Epoch: 0, Walltime: 20.908952 CPU time: 115.972237
2026-07-26 23:11:10,171 - Evaluate - INFO - ASR Module... Epoch: 0, RSS: 3.33 GB
2026-07-26 23:11:10,171 - Evaluate - INFO - ASR... Epoch: 0, Walltime: 19.614499 CPU time: 107.767644
2026-07-26 23:11:30,654 - Evaluate - INFO - ASR Module... Epoch: 0, RSS: 3.33 GB
2026-07-26 23:11:30,655 - Evaluate - INFO - ASR... Epoch: 0, Walltime: 20.479606 CPU time: 108.525031
2026-07-26 23:11:50,369 - Evaluate - INFO - ASR Module... Epoch: 0, RSS: 3.33 GB
2026-07-26 23:11:50,370 - Evaluate - INFO - ASR... Epoch: 0, Walltime: 19.710583 CPU time: 107.891668
2026-07-26 23:12:09,869 - Evaluate - INFO - ASR Module... Epoch: 0, RSS: 3.33 GB
2026-07-26 23:12:09,870 - Evaluate - INFO - ASR... Epoch: 0, Walltime: 19.496260 CPU time: 107.575647
2026-07-26 23:12:32,092 - Evaluate - INFO - ASR Module... Epoch: 0, RSS: 3.33 GB
2026-07-26 23:12:32,093 - Evaluate - INFO - ASR... Epoch: 0, Walltime: 22.218434 CPU time: 115.459097
2026-07-26 23:12:53,279 - Evaluate - INFO - ASR Module... Epoch: 0, RSS: 3.33 GB
2026-07-26 23:12:53,279 - Evaluate - INFO - ASR... Epoch: 0, Walltime: 21.181160 CPU time: 114.467335
2026-07-26 23:13:16,212 - Evaluate - INFO - ASR Module... Epoch: 0, RSS: 3.33 GB
2026-07-26 23:13:16,213 - Evaluate - INFO - ASR... Epoch: 0, Walltime: 22.928206 CPU time: 114.379172
2026-07-26 23:13:36,481 - Evaluate - INFO - ASR Module... Epoch: 0, RSS: 3.33 GB
2026-07-26 23:13:36,482 - Evaluate - INFO - ASR... Epoch: 0, Walltime: 20.264204 CPU time: 109.931267
2026-07-26 23:13:56,178 - Evaluate - INFO - ASR Module... Epoch: 0, RSS: 3.33 GB
2026-07-26 23:13:56,179 - Evaluate - INFO - ASR... Epoch: 0, Walltime: 19.692409 CPU time: 108.801427
2026-07-26 23:14:17,430 - Evaluate - INFO - ASR Module... Epoch: 0, RSS: 3.33 GB
2026-07-26 23:14:17,431 - Evaluate - INFO - ASR... Epoch: 0, Walltime: 21.246784 CPU time: 113.477824
2026-07-26 23:14:39,376 - Evaluate - INFO - ASR Module... Epoch: 0, RSS: 3.33 GB
2026-07-26 23:14:39,377 - Evaluate - INFO - ASR... Epoch: 0, Walltime: 21.939985 CPU time: 120.415839
2026-07-26 23:14:59,672 - Evaluate - INFO - ASR Module... Epoch: 0, RSS: 3.33 GB
2026-07-26 23:14:59,673 - Evaluate - INFO - ASR... Epoch: 0, Walltime: 20.289969 CPU time: 108.821285
2026-07-26 23:15:22,040 - Evaluate - INFO - ASR Module... Epoch: 0, RSS: 3.33 GB
2026-07-26 23:15:22,041 - Evaluate - INFO - ASR... Epoch: 0, Walltime: 22.363186 CPU time: 120.203052
2026-07-26 23:15:42,582 - Evaluate - INFO - ASR Module... Epoch: 0, RSS: 3.33 GB
2026-07-26 23:15:42,583 - Evaluate - INFO - ASR... Epoch: 0, Walltime: 20.536716 CPU time: 110.930411
2026-07-26 23:16:03,483 - Evaluate - INFO - ASR Module... Epoch: 0, RSS: 3.33 GB
2026-07-26 23:16:03,485 - Evaluate - INFO - ASR... Epoch: 0, Walltime: 20.896426 CPU time: 115.491356
2026-07-26 23:16:23,470 - Evaluate - INFO - ASR Module... Epoch: 0, RSS: 3.33 GB
2026-07-26 23:16:23,471 - Evaluate - INFO - ASR... Epoch: 0, Walltime: 19.981376 CPU time: 109.935928
2026-07-26 23:16:45,279 - Evaluate - INFO - ASR Module... Epoch: 0, RSS: 3.33 GB
2026-07-26 23:16:45,282 - Evaluate - INFO - ASR... Epoch: 0, Walltime: 21.804823 CPU time: 117.076225
2026-07-26 23:17:06,124 - Evaluate - INFO - ASR Module... Epoch: 0, RSS: 3.33 GB
2026-07-26 23:17:06,125 - Evaluate - INFO - ASR... Epoch: 0, Walltime: 20.837458 CPU time: 112.930487
2026-07-26 23:17:26,172 - Evaluate - INFO - ASR Module... Epoch: 0, RSS: 3.33 GB
2026-07-26 23:17:26,173 - Evaluate - INFO - ASR... Epoch: 0, Walltime: 20.043042 CPU time: 110.196087
2026-07-26 23:17:46,754 - Evaluate - INFO - ASR Module... Epoch: 0, RSS: 3.33 GB
2026-07-26 23:17:46,755 - Evaluate - INFO - ASR... Epoch: 0, Walltime: 20.577438 CPU time: 113.522294
2026-07-26 23:18:09,036 - Evaluate - INFO - ASR Module... Epoch: 0, RSS: 3.33 GB
2026-07-26 23:18:09,037 - Evaluate - INFO - ASR... Epoch: 0, Walltime: 22.275059 CPU time: 123.026610
2026-07-26 23:18:30,019 - Evaluate - INFO - ASR Module... Epoch: 0, RSS: 3.33 GB
2026-07-26 23:18:30,020 - Evaluate - INFO - ASR... Epoch: 0, Walltime: 20.977588 CPU time: 115.442731
2026-07-26 23:18:49,835 - Evaluate - INFO - ASR Module... Epoch: 0, RSS: 3.33 GB
2026-07-26 23:18:49,836 - Evaluate - INFO - ASR... Epoch: 0, Walltime: 19.811558 CPU time: 106.627211
2026-07-26 23:19:09,668 - Evaluate - INFO - ASR Module... Epoch: 0, RSS: 3.33 GB
2026-07-26 23:19:09,669 - Evaluate - INFO - ASR... Epoch: 0, Walltime: 19.828015 CPU time: 107.207636
2026-07-26 23:19:33,916 - Evaluate - INFO - ASR Module... Epoch: 0, RSS: 3.33 GB
2026-07-26 23:19:33,918 - Evaluate - INFO - ASR... Epoch: 0, Walltime: 24.241933 CPU time: 124.612803
2026-07-26 23:19:54,757 - Evaluate - INFO - ASR Module... Epoch: 0, RSS: 3.33 GB
2026-07-26 23:19:54,758 - Evaluate - INFO - ASR... Epoch: 0, Walltime: 20.835114 CPU time: 114.231962
2026-07-26 23:20:15,915 - Evaluate - INFO - ASR Module... Epoch: 0, RSS: 3.33 GB
2026-07-26 23:20:15,916 - Evaluate - INFO - ASR... Epoch: 0, Walltime: 21.153208 CPU time: 106.660285
2026-07-26 23:20:35,790 - Evaluate - INFO - ASR Module... Epoch: 0, RSS: 3.33 GB
2026-07-26 23:20:35,791 - Evaluate - INFO - ASR... Epoch: 0, Walltime: 19.870889 CPU time: 108.088022
2026-07-26 23:20:57,681 - Evaluate - INFO - ASR Module... Epoch: 0, RSS: 3.33 GB
2026-07-26 23:20:57,682 - Evaluate - INFO - ASR... Epoch: 0, Walltime: 21.886988 CPU time: 108.418908
2026-07-26 23:21:19,592 - Evaluate - INFO - ASR Module... Epoch: 0, RSS: 3.33 GB
2026-07-26 23:21:19,593 - Evaluate - INFO - ASR... Epoch: 0, Walltime: 21.905985 CPU time: 111.887433
2026-07-26 23:21:43,057 - Evaluate - INFO - ASR Module... Epoch: 0, RSS: 3.33 GB
2026-07-26 23:21:43,058 - Evaluate - INFO - ASR... Epoch: 0, Walltime: 23.458928 CPU time: 126.934338
2026-07-26 23:21:55,470 - Evaluate - INFO - ASR Module... Epoch: 0, RSS: 3.33 GB
2026-07-26 23:21:55,471 - Evaluate - INFO - ASR... Epoch: 0, Walltime: 12.408428 CPU time: 66.392401
2026-07-26 23:22:28,131 - Evaluate - INFO - ASR Module... Epoch: 1, RSS: 3.33 GB
2026-07-26 23:22:28,132 - Evaluate - INFO - ASR... Epoch: 1, Walltime: 20.587604 CPU time: 112.237962
2026-07-26 23:22:54,466 - Evaluate - INFO - ASR Module... Epoch: 1, RSS: 3.33 GB
2026-07-26 23:22:54,467 - Evaluate - INFO - ASR... Epoch: 1, Walltime: 26.326122 CPU time: 139.725381
2026-07-26 23:23:19,651 - Evaluate - INFO - ASR Module... Epoch: 1, RSS: 3.33 GB
2026-07-26 23:23:19,652 - Evaluate - INFO - ASR... Epoch: 1, Walltime: 25.176379 CPU time: 137.112859
2026-07-26 23:23:48,858 - Evaluate - INFO - ASR Module... Epoch: 1, RSS: 3.35 GB
2026-07-26 23:23:48,859 - Evaluate - INFO - ASR... Epoch: 1, Walltime: 29.197967 CPU time: 155.883020
2026-07-26 23:24:17,302 - Evaluate - INFO - ASR Module... Epoch: 1, RSS: 3.37 GB
2026-07-26 23:24:17,303 - Evaluate - INFO - ASR... Epoch: 1, Walltime: 28.433973 CPU time: 153.699256
2026-07-26 23:24:40,326 - Evaluate - INFO - ASR Module... Epoch: 1, RSS: 3.37 GB
2026-07-26 23:24:40,327 - Evaluate - INFO - ASR... Epoch: 1, Walltime: 23.016082 CPU time: 125.567418
2026-07-26 23:25:02,534 - Evaluate - INFO - ASR Module... Epoch: 1, RSS: 3.37 GB
2026-07-26 23:25:02,535 - Evaluate - INFO - ASR... Epoch: 1, Walltime: 22.202090 CPU time: 118.548903
2026-07-26 23:25:24,554 - Evaluate - INFO - ASR Module... Epoch: 1, RSS: 3.37 GB
2026-07-26 23:25:24,555 - Evaluate - INFO - ASR... Epoch: 1, Walltime: 22.013772 CPU time: 120.999573
2026-07-26 23:25:48,951 - Evaluate - INFO - ASR Module... Epoch: 1, RSS: 3.37 GB
2026-07-26 23:25:48,952 - Evaluate - INFO - ASR... Epoch: 1, Walltime: 24.390746 CPU time: 125.191389
2026-07-26 23:26:11,588 - Evaluate - INFO - ASR Module... Epoch: 1, RSS: 3.37 GB
2026-07-26 23:26:11,588 - Evaluate - INFO - ASR... Epoch: 1, Walltime: 22.631122 CPU time: 123.485766
2026-07-26 23:26:36,907 - Evaluate - INFO - ASR Module... Epoch: 1, RSS: 3.33 GB
2026-07-26 23:26:36,908 - Evaluate - INFO - ASR... Epoch: 1, Walltime: 25.311677 CPU time: 136.182380
2026-07-26 23:26:56,787 - Evaluate - INFO - ASR Module... Epoch: 1, RSS: 3.33 GB
2026-07-26 23:26:56,788 - Evaluate - INFO - ASR... Epoch: 1, Walltime: 19.874755 CPU time: 109.978631
2026-07-26 23:27:18,212 - Evaluate - INFO - ASR Module... Epoch: 1, RSS: 3.33 GB
2026-07-26 23:27:18,213 - Evaluate - INFO - ASR... Epoch: 1, Walltime: 21.420207 CPU time: 117.617804
2026-07-26 23:27:45,425 - Evaluate - INFO - ASR Module... Epoch: 1, RSS: 3.33 GB
2026-07-26 23:27:45,426 - Evaluate - INFO - ASR... Epoch: 1, Walltime: 27.204906 CPU time: 143.679085
2026-07-26 23:28:09,877 - Evaluate - INFO - ASR Module... Epoch: 1, RSS: 3.34 GB
2026-07-26 23:28:09,878 - Evaluate - INFO - ASR... Epoch: 1, Walltime: 24.444265 CPU time: 131.820079
2026-07-26 23:28:29,704 - Evaluate - INFO - ASR Module... Epoch: 1, RSS: 3.34 GB
2026-07-26 23:28:29,705 - Evaluate - INFO - ASR... Epoch: 1, Walltime: 19.821648 CPU time: 109.490768
2026-07-26 23:28:51,821 - Evaluate - INFO - ASR Module... Epoch: 1, RSS: 3.34 GB
2026-07-26 23:28:51,822 - Evaluate - INFO - ASR... Epoch: 1, Walltime: 22.112367 CPU time: 117.748132
2026-07-26 23:29:11,693 - Evaluate - INFO - ASR Module... Epoch: 1, RSS: 3.34 GB
2026-07-26 23:29:11,694 - Evaluate - INFO - ASR... Epoch: 1, Walltime: 19.866611 CPU time: 109.296265
2026-07-26 23:29:33,376 - Evaluate - INFO - ASR Module... Epoch: 1, RSS: 3.34 GB
2026-07-26 23:29:33,377 - Evaluate - INFO - ASR... Epoch: 1, Walltime: 21.679031 CPU time: 109.070279
2026-07-26 23:29:54,372 - Evaluate - INFO - ASR Module... Epoch: 1, RSS: 3.34 GB
2026-07-26 23:29:54,373 - Evaluate - INFO - ASR... Epoch: 1, Walltime: 20.990967 CPU time: 112.650614
2026-07-26 23:30:19,266 - Evaluate - INFO - ASR Module... Epoch: 1, RSS: 3.34 GB
2026-07-26 23:30:19,267 - Evaluate - INFO - ASR... Epoch: 1, Walltime: 24.886113 CPU time: 134.773937
2026-07-26 23:30:48,928 - Evaluate - INFO - ASR Module... Epoch: 1, RSS: 3.36 GB
2026-07-26 23:30:48,929 - Evaluate - INFO - ASR... Epoch: 1, Walltime: 29.654113 CPU time: 157.288070
2026-07-26 23:31:11,282 - Evaluate - INFO - ASR Module... Epoch: 1, RSS: 3.36 GB
2026-07-26 23:31:11,283 - Evaluate - INFO - ASR... Epoch: 1, Walltime: 22.346620 CPU time: 119.558345
2026-07-26 23:31:36,013 - Evaluate - INFO - ASR Module... Epoch: 1, RSS: 3.36 GB
2026-07-26 23:31:36,014 - Evaluate - INFO - ASR... Epoch: 1, Walltime: 24.726641 CPU time: 113.876157
2026-07-26 23:31:58,037 - Evaluate - INFO - ASR Module... Epoch: 1, RSS: 3.36 GB
2026-07-26 23:31:58,038 - Evaluate - INFO - ASR... Epoch: 1, Walltime: 22.017415 CPU time: 120.064329
2026-07-26 23:32:21,223 - Evaluate - INFO - ASR Module... Epoch: 1, RSS: 3.36 GB
2026-07-26 23:32:21,224 - Evaluate - INFO - ASR... Epoch: 1, Walltime: 23.180760 CPU time: 119.367091
2026-07-26 23:32:43,281 - Evaluate - INFO - ASR Module... Epoch: 1, RSS: 3.36 GB
2026-07-26 23:32:43,283 - Evaluate - INFO - ASR... Epoch: 1, Walltime: 22.052166 CPU time: 120.576947
2026-07-26 23:33:05,673 - Evaluate - INFO - ASR Module... Epoch: 1, RSS: 3.36 GB
2026-07-26 23:33:05,674 - Evaluate - INFO - ASR... Epoch: 1, Walltime: 22.385349 CPU time: 123.025080
2026-07-26 23:33:27,216 - Evaluate - INFO - ASR Module... Epoch: 1, RSS: 3.36 GB
2026-07-26 23:33:27,217 - Evaluate - INFO - ASR... Epoch: 1, Walltime: 21.537194 CPU time: 118.584297
2026-07-26 23:33:48,385 - Evaluate - INFO - ASR Module... Epoch: 1, RSS: 3.36 GB
2026-07-26 23:33:48,386 - Evaluate - INFO - ASR... Epoch: 1, Walltime: 21.163282 CPU time: 116.566215
2026-07-26 23:34:10,980 - Evaluate - INFO - ASR Module... Epoch: 1, RSS: 3.36 GB
2026-07-26 23:34:10,981 - Evaluate - INFO - ASR... Epoch: 1, Walltime: 22.589293 CPU time: 120.948207
2026-07-26 23:34:32,335 - Evaluate - INFO - ASR Module... Epoch: 1, RSS: 3.36 GB
2026-07-26 23:34:32,336 - Evaluate - INFO - ASR... Epoch: 1, Walltime: 21.350552 CPU time: 115.920884
2026-07-26 23:34:54,874 - Evaluate - INFO - ASR Module... Epoch: 1, RSS: 3.36 GB
2026-07-26 23:34:54,875 - Evaluate - INFO - ASR... Epoch: 1, Walltime: 22.533721 CPU time: 118.794004
2026-07-26 23:35:16,637 - Evaluate - INFO - ASR Module... Epoch: 1, RSS: 3.36 GB
2026-07-26 23:35:16,638 - Evaluate - INFO - ASR... Epoch: 1, Walltime: 21.756729 CPU time: 118.967028
2026-07-26 23:35:37,392 - Evaluate - INFO - ASR Module... Epoch: 1, RSS: 3.36 GB
2026-07-26 23:35:37,393 - Evaluate - INFO - ASR... Epoch: 1, Walltime: 20.751251 CPU time: 113.348925
2026-07-26 23:36:01,739 - Evaluate - INFO - ASR Module... Epoch: 1, RSS: 3.36 GB
2026-07-26 23:36:01,740 - Evaluate - INFO - ASR... Epoch: 1, Walltime: 24.340000 CPU time: 131.870035
2026-07-26 23:36:27,170 - Evaluate - INFO - ASR Module... Epoch: 1, RSS: 3.36 GB
2026-07-26 23:36:27,171 - Evaluate - INFO - ASR... Epoch: 1, Walltime: 25.423139 CPU time: 138.196317
2026-07-26 23:36:52,387 - Evaluate - INFO - ASR Module... Epoch: 1, RSS: 3.36 GB
2026-07-26 23:36:52,388 - Evaluate - INFO - ASR... Epoch: 1, Walltime: 25.209088 CPU time: 137.160205
2026-07-26 23:37:21,818 - Evaluate - INFO - ASR Module... Epoch: 1, RSS: 3.36 GB
2026-07-26 23:37:21,819 - Evaluate - INFO - ASR... Epoch: 1, Walltime: 29.424420 CPU time: 129.808717
2026-07-26 23:37:41,949 - Evaluate - INFO - ASR Module... Epoch: 1, RSS: 3.36 GB
2026-07-26 23:37:41,950 - Evaluate - INFO - ASR... Epoch: 1, Walltime: 20.125884 CPU time: 110.425232
2026-07-26 23:38:01,938 - Evaluate - INFO - ASR Module... Epoch: 1, RSS: 3.36 GB
2026-07-26 23:38:01,939 - Evaluate - INFO - ASR... Epoch: 1, Walltime: 19.982586 CPU time: 109.966575
2026-07-26 23:38:23,375 - Evaluate - INFO - ASR Module... Epoch: 1, RSS: 3.36 GB
2026-07-26 23:38:23,377 - Evaluate - INFO - ASR... Epoch: 1, Walltime: 21.432243 CPU time: 116.942895
2026-07-26 23:38:43,511 - Evaluate - INFO - ASR Module... Epoch: 1, RSS: 3.36 GB
2026-07-26 23:38:43,512 - Evaluate - INFO - ASR... Epoch: 1, Walltime: 20.128913 CPU time: 111.379114
2026-07-26 23:39:03,705 - Evaluate - INFO - ASR Module... Epoch: 1, RSS: 3.36 GB
2026-07-26 23:39:03,706 - Evaluate - INFO - ASR... Epoch: 1, Walltime: 20.188773 CPU time: 111.664656
2026-07-26 23:39:24,816 - Evaluate - INFO - ASR Module... Epoch: 1, RSS: 3.36 GB
2026-07-26 23:39:24,817 - Evaluate - INFO - ASR... Epoch: 1, Walltime: 21.106257 CPU time: 116.779443
2026-07-26 23:39:44,332 - Evaluate - INFO - ASR Module... Epoch: 1, RSS: 3.36 GB
2026-07-26 23:39:44,333 - Evaluate - INFO - ASR... Epoch: 1, Walltime: 19.511012 CPU time: 108.225547
2026-07-26 23:40:04,008 - Evaluate - INFO - ASR Module... Epoch: 1, RSS: 3.36 GB
2026-07-26 23:40:04,009 - Evaluate - INFO - ASR... Epoch: 1, Walltime: 19.672605 CPU time: 109.051506
2026-07-26 23:40:24,886 - Evaluate - INFO - ASR Module... Epoch: 1, RSS: 3.36 GB
2026-07-26 23:40:24,887 - Evaluate - INFO - ASR... Epoch: 1, Walltime: 20.872994 CPU time: 114.929324
2026-07-26 23:40:45,607 - Evaluate - INFO - ASR Module... Epoch: 1, RSS: 3.36 GB
2026-07-26 23:40:45,608 - Evaluate - INFO - ASR... Epoch: 1, Walltime: 20.715071 CPU time: 114.085309
2026-07-26 23:41:06,040 - Evaluate - INFO - ASR Module... Epoch: 1, RSS: 3.36 GB
2026-07-26 23:41:06,041 - Evaluate - INFO - ASR... Epoch: 1, Walltime: 20.430056 CPU time: 106.461654
2026-07-26 23:41:25,809 - Evaluate - INFO - ASR Module... Epoch: 1, RSS: 3.36 GB
2026-07-26 23:41:25,810 - Evaluate - INFO - ASR... Epoch: 1, Walltime: 19.764350 CPU time: 109.245288
2026-07-26 23:41:45,784 - Evaluate - INFO - ASR Module... Epoch: 1, RSS: 3.36 GB
2026-07-26 23:41:45,785 - Evaluate - INFO - ASR... Epoch: 1, Walltime: 19.971074 CPU time: 106.992581
2026-07-26 23:42:07,133 - Evaluate - INFO - ASR Module... Epoch: 1, RSS: 3.36 GB
2026-07-26 23:42:07,134 - Evaluate - INFO - ASR... Epoch: 1, Walltime: 21.345065 CPU time: 117.652835
2026-07-26 23:42:27,244 - Evaluate - INFO - ASR Module... Epoch: 1, RSS: 3.36 GB
2026-07-26 23:42:27,245 - Evaluate - INFO - ASR... Epoch: 1, Walltime: 20.104910 CPU time: 111.002164
2026-07-26 23:42:51,763 - Evaluate - INFO - ASR Module... Epoch: 1, RSS: 3.36 GB
2026-07-26 23:42:51,764 - Evaluate - INFO - ASR... Epoch: 1, Walltime: 24.513907 CPU time: 113.179156
2026-07-26 23:43:13,675 - Evaluate - INFO - ASR Module... Epoch: 1, RSS: 3.36 GB
2026-07-26 23:43:13,676 - Evaluate - INFO - ASR... Epoch: 1, Walltime: 21.906906 CPU time: 113.147869
2026-07-26 23:43:34,449 - Evaluate - INFO - ASR Module... Epoch: 1, RSS: 3.36 GB
2026-07-26 23:43:34,452 - Evaluate - INFO - ASR... Epoch: 1, Walltime: 20.767958 CPU time: 114.710150
2026-07-26 23:43:56,037 - Evaluate - INFO - ASR Module... Epoch: 1, RSS: 3.36 GB
2026-07-26 23:43:56,038 - Evaluate - INFO - ASR... Epoch: 1, Walltime: 21.579058 CPU time: 118.526618
2026-07-26 23:44:17,026 - Evaluate - INFO - ASR Module... Epoch: 1, RSS: 3.36 GB
2026-07-26 23:44:17,027 - Evaluate - INFO - ASR... Epoch: 1, Walltime: 20.982901 CPU time: 115.323515
2026-07-26 23:44:38,882 - Evaluate - INFO - ASR Module... Epoch: 1, RSS: 3.36 GB
2026-07-26 23:44:38,883 - Evaluate - INFO - ASR... Epoch: 1, Walltime: 21.851408 CPU time: 116.928409
2026-07-26 23:44:58,833 - Evaluate - INFO - ASR Module... Epoch: 1, RSS: 3.36 GB
2026-07-26 23:44:58,834 - Evaluate - INFO - ASR... Epoch: 1, Walltime: 19.946426 CPU time: 110.538361
2026-07-26 23:45:18,949 - Evaluate - INFO - ASR Module... Epoch: 1, RSS: 3.36 GB
2026-07-26 23:45:18,950 - Evaluate - INFO - ASR... Epoch: 1, Walltime: 20.109534 CPU time: 111.588281
2026-07-26 23:45:38,597 - Evaluate - INFO - ASR Module... Epoch: 1, RSS: 3.36 GB
2026-07-26 23:45:38,599 - Evaluate - INFO - ASR... Epoch: 1, Walltime: 19.644620 CPU time: 108.187901
2026-07-26 23:45:59,692 - Evaluate - INFO - ASR Module... Epoch: 1, RSS: 3.36 GB
2026-07-26 23:45:59,693 - Evaluate - INFO - ASR... Epoch: 1, Walltime: 21.089035 CPU time: 116.145538
2026-07-26 23:46:20,223 - Evaluate - INFO - ASR Module... Epoch: 1, RSS: 3.36 GB
2026-07-26 23:46:20,225 - Evaluate - INFO - ASR... Epoch: 1, Walltime: 20.524560 CPU time: 113.341160
2026-07-26 23:46:41,065 - Evaluate - INFO - ASR Module... Epoch: 1, RSS: 3.36 GB
2026-07-26 23:46:41,066 - Evaluate - INFO - ASR... Epoch: 1, Walltime: 20.835671 CPU time: 115.755696
2026-07-26 23:47:00,364 - Evaluate - INFO - ASR Module... Epoch: 1, RSS: 3.36 GB
2026-07-26 23:47:00,367 - Evaluate - INFO - ASR... Epoch: 1, Walltime: 19.294399 CPU time: 106.520934
2026-07-26 23:47:20,667 - Evaluate - INFO - ASR Module... Epoch: 1, RSS: 3.36 GB
2026-07-26 23:47:20,668 - Evaluate - INFO - ASR... Epoch: 1, Walltime: 20.294851 CPU time: 112.265094
2026-07-26 23:47:41,342 - Evaluate - INFO - ASR Module... Epoch: 1, RSS: 3.36 GB
2026-07-26 23:47:41,344 - Evaluate - INFO - ASR... Epoch: 1, Walltime: 20.671570 CPU time: 114.302917
2026-07-26 23:48:02,413 - Evaluate - INFO - ASR Module... Epoch: 1, RSS: 3.36 GB
2026-07-26 23:48:02,414 - Evaluate - INFO - ASR... Epoch: 1, Walltime: 21.064181 CPU time: 116.319168
2026-07-26 23:48:21,658 - Evaluate - INFO - ASR Module... Epoch: 1, RSS: 3.36 GB
2026-07-26 23:48:21,659 - Evaluate - INFO - ASR... Epoch: 1, Walltime: 19.241733 CPU time: 106.521268
2026-07-26 23:48:40,849 - Evaluate - INFO - ASR Module... Epoch: 1, RSS: 3.36 GB
2026-07-26 23:48:40,850 - Evaluate - INFO - ASR... Epoch: 1, Walltime: 19.186812 CPU time: 106.281521
2026-07-26 23:49:02,567 - Evaluate - INFO - ASR Module... Epoch: 1, RSS: 3.36 GB
2026-07-26 23:49:02,569 - Evaluate - INFO - ASR... Epoch: 1, Walltime: 21.712351 CPU time: 112.441673
2026-07-26 23:49:21,811 - Evaluate - INFO - ASR Module... Epoch: 1, RSS: 3.36 GB
2026-07-26 23:49:21,812 - Evaluate - INFO - ASR... Epoch: 1, Walltime: 19.238976 CPU time: 102.439389
2026-07-26 23:49:41,134 - Evaluate - INFO - ASR Module... Epoch: 1, RSS: 3.36 GB
2026-07-26 23:49:41,135 - Evaluate - INFO - ASR... Epoch: 1, Walltime: 19.319772 CPU time: 104.908970
2026-07-26 23:49:59,960 - Evaluate - INFO - ASR Module... Epoch: 1, RSS: 3.36 GB
2026-07-26 23:49:59,961 - Evaluate - INFO - ASR... Epoch: 1, Walltime: 18.821888 CPU time: 104.386709
2026-07-26 23:50:19,297 - Evaluate - INFO - ASR Module... Epoch: 1, RSS: 3.36 GB
2026-07-26 23:50:19,298 - Evaluate - INFO - ASR... Epoch: 1, Walltime: 19.332888 CPU time: 106.837168
2026-07-26 23:50:38,404 - Evaluate - INFO - ASR Module... Epoch: 1, RSS: 3.36 GB
2026-07-26 23:50:38,405 - Evaluate - INFO - ASR... Epoch: 1, Walltime: 19.103464 CPU time: 105.729607
2026-07-26 23:50:58,729 - Evaluate - INFO - ASR Module... Epoch: 1, RSS: 3.36 GB
2026-07-26 23:50:58,730 - Evaluate - INFO - ASR... Epoch: 1, Walltime: 20.319879 CPU time: 112.308837
2026-07-26 23:51:17,980 - Evaluate - INFO - ASR Module... Epoch: 1, RSS: 3.36 GB
2026-07-26 23:51:17,981 - Evaluate - INFO - ASR... Epoch: 1, Walltime: 19.247029 CPU time: 107.080670
2026-07-26 23:51:36,706 - Evaluate - INFO - ASR Module... Epoch: 1, RSS: 3.36 GB
2026-07-26 23:51:36,707 - Evaluate - INFO - ASR... Epoch: 1, Walltime: 18.722429 CPU time: 104.289123
2026-07-26 23:51:57,024 - Evaluate - INFO - ASR Module... Epoch: 1, RSS: 3.36 GB
2026-07-26 23:51:57,026 - Evaluate - INFO - ASR... Epoch: 1, Walltime: 20.313389 CPU time: 112.802508
2026-07-26 23:52:17,656 - Evaluate - INFO - ASR Module... Epoch: 1, RSS: 3.36 GB
2026-07-26 23:52:17,658 - Evaluate - INFO - ASR... Epoch: 1, Walltime: 20.626204 CPU time: 113.383195
2026-07-26 23:52:36,657 - Evaluate - INFO - ASR Module... Epoch: 1, RSS: 3.36 GB
2026-07-26 23:52:36,658 - Evaluate - INFO - ASR... Epoch: 1, Walltime: 18.996963 CPU time: 105.685293
2026-07-26 23:52:56,933 - Evaluate - INFO - ASR Module... Epoch: 1, RSS: 3.36 GB
2026-07-26 23:52:56,934 - Evaluate - INFO - ASR... Epoch: 1, Walltime: 20.272357 CPU time: 110.432616
2026-07-26 23:53:15,746 - Evaluate - INFO - ASR Module... Epoch: 1, RSS: 3.36 GB
2026-07-26 23:53:15,747 - Evaluate - INFO - ASR... Epoch: 1, Walltime: 18.808977 CPU time: 104.117044
2026-07-26 23:53:34,866 - Evaluate - INFO - ASR Module... Epoch: 1, RSS: 3.36 GB
2026-07-26 23:53:34,867 - Evaluate - INFO - ASR... Epoch: 1, Walltime: 19.115919 CPU time: 103.679877
2026-07-26 23:53:53,615 - Evaluate - INFO - ASR Module... Epoch: 1, RSS: 3.36 GB
2026-07-26 23:53:53,617 - Evaluate - INFO - ASR... Epoch: 1, Walltime: 18.744624 CPU time: 104.918020
2026-07-26 23:54:13,090 - Evaluate - INFO - ASR Module... Epoch: 1, RSS: 3.36 GB
2026-07-26 23:54:13,091 - Evaluate - INFO - ASR... Epoch: 1, Walltime: 19.469866 CPU time: 107.409179
2026-07-26 23:54:32,576 - Evaluate - INFO - ASR Module... Epoch: 1, RSS: 3.36 GB
2026-07-26 23:54:32,577 - Evaluate - INFO - ASR... Epoch: 1, Walltime: 19.481451 CPU time: 107.286131
2026-07-26 23:54:53,484 - Evaluate - INFO - ASR Module... Epoch: 1, RSS: 3.36 GB
2026-07-26 23:54:53,485 - Evaluate - INFO - ASR... Epoch: 1, Walltime: 20.903590 CPU time: 116.341635
2026-07-26 23:55:12,600 - Evaluate - INFO - ASR Module... Epoch: 1, RSS: 3.36 GB
2026-07-26 23:55:12,601 - Evaluate - INFO - ASR... Epoch: 1, Walltime: 19.110141 CPU time: 105.306313
2026-07-26 23:55:32,536 - Evaluate - INFO - ASR Module... Epoch: 1, RSS: 3.36 GB
2026-07-26 23:55:32,537 - Evaluate - INFO - ASR... Epoch: 1, Walltime: 19.932423 CPU time: 110.028094
2026-07-26 23:55:51,585 - Evaluate - INFO - ASR Module... Epoch: 1, RSS: 3.36 GB
2026-07-26 23:55:51,586 - Evaluate - INFO - ASR... Epoch: 1, Walltime: 19.045092 CPU time: 105.510642
2026-07-26 23:56:12,182 - Evaluate - INFO - ASR Module... Epoch: 1, RSS: 3.36 GB
2026-07-26 23:56:12,183 - Evaluate - INFO - ASR... Epoch: 1, Walltime: 20.592344 CPU time: 111.076377
2026-07-26 23:56:31,335 - Evaluate - INFO - ASR Module... Epoch: 1, RSS: 3.36 GB
2026-07-26 23:56:31,336 - Evaluate - INFO - ASR... Epoch: 1, Walltime: 19.148451 CPU time: 105.664694
2026-07-26 23:56:50,856 - Evaluate - INFO - ASR Module... Epoch: 1, RSS: 3.36 GB
2026-07-26 23:56:50,857 - Evaluate - INFO - ASR... Epoch: 1, Walltime: 19.516769 CPU time: 107.864238
2026-07-26 23:57:10,285 - Evaluate - INFO - ASR Module... Epoch: 1, RSS: 3.36 GB
2026-07-26 23:57:10,286 - Evaluate - INFO - ASR... Epoch: 1, Walltime: 19.425376 CPU time: 103.864764
2026-07-26 23:57:29,643 - Evaluate - INFO - ASR Module... Epoch: 1, RSS: 3.36 GB
2026-07-26 23:57:29,644 - Evaluate - INFO - ASR... Epoch: 1, Walltime: 19.353874 CPU time: 106.448623
2026-07-26 23:57:48,778 - Evaluate - INFO - ASR Module... Epoch: 1, RSS: 3.36 GB
2026-07-26 23:57:48,779 - Evaluate - INFO - ASR... Epoch: 1, Walltime: 19.130486 CPU time: 105.660608
2026-07-26 23:58:07,620 - Evaluate - INFO - ASR Module... Epoch: 1, RSS: 3.36 GB
2026-07-26 23:58:07,621 - Evaluate - INFO - ASR... Epoch: 1, Walltime: 18.838454 CPU time: 104.276958
2026-07-26 23:58:27,353 - Evaluate - INFO - ASR Module... Epoch: 1, RSS: 3.36 GB
2026-07-26 23:58:27,354 - Evaluate - INFO - ASR... Epoch: 1, Walltime: 19.729690 CPU time: 107.706600
2026-07-26 23:58:47,284 - Evaluate - INFO - ASR Module... Epoch: 1, RSS: 3.36 GB
2026-07-26 23:58:47,285 - Evaluate - INFO - ASR... Epoch: 1, Walltime: 19.926723 CPU time: 106.583772
2026-07-26 23:59:06,610 - Evaluate - INFO - ASR Module... Epoch: 1, RSS: 3.36 GB
2026-07-26 23:59:06,611 - Evaluate - INFO - ASR... Epoch: 1, Walltime: 19.322041 CPU time: 101.185148
2026-07-26 23:59:24,993 - Evaluate - INFO - ASR Module... Epoch: 1, RSS: 3.36 GB
2026-07-26 23:59:24,994 - Evaluate - INFO - ASR... Epoch: 1, Walltime: 18.379654 CPU time: 102.829171
2026-07-26 23:59:44,304 - Evaluate - INFO - ASR Module... Epoch: 1, RSS: 3.36 GB
2026-07-26 23:59:44,305 - Evaluate - INFO - ASR... Epoch: 1, Walltime: 19.306989 CPU time: 104.852363
2026-07-27 00:00:03,622 - Evaluate - INFO - ASR Module... Epoch: 1, RSS: 3.36 GB
2026-07-27 00:00:03,623 - Evaluate - INFO - ASR... Epoch: 1, Walltime: 19.313515 CPU time: 105.000442
2026-07-27 00:00:22,068 - Evaluate - INFO - ASR Module... Epoch: 1, RSS: 3.36 GB
2026-07-27 00:00:22,069 - Evaluate - INFO - ASR... Epoch: 1, Walltime: 18.442473 CPU time: 102.481043
2026-07-27 00:00:42,536 - Evaluate - INFO - ASR Module... Epoch: 1, RSS: 3.36 GB
2026-07-27 00:00:42,537 - Evaluate - INFO - ASR... Epoch: 1, Walltime: 20.461807 CPU time: 111.955817
2026-07-27 00:01:02,178 - Evaluate - INFO - ASR Module... Epoch: 1, RSS: 3.36 GB
2026-07-27 00:01:02,179 - Evaluate - INFO - ASR... Epoch: 1, Walltime: 19.638397 CPU time: 107.192526
2026-07-27 00:01:21,730 - Evaluate - INFO - ASR Module... Epoch: 1, RSS: 3.36 GB
2026-07-27 00:01:21,731 - Evaluate - INFO - ASR... Epoch: 1, Walltime: 19.547592 CPU time: 108.134841
2026-07-27 00:01:40,660 - Evaluate - INFO - ASR Module... Epoch: 1, RSS: 3.36 GB
2026-07-27 00:01:40,661 - Evaluate - INFO - ASR... Epoch: 1, Walltime: 18.926055 CPU time: 103.776807
2026-07-27 00:02:00,587 - Evaluate - INFO - ASR Module... Epoch: 1, RSS: 3.36 GB
2026-07-27 00:02:00,588 - Evaluate - INFO - ASR... Epoch: 1, Walltime: 19.922255 CPU time: 109.830681
2026-07-27 00:02:22,120 - Evaluate - INFO - ASR Module... Epoch: 1, RSS: 3.36 GB
2026-07-27 00:02:22,121 - Evaluate - INFO - ASR... Epoch: 1, Walltime: 21.527274 CPU time: 115.439698
2026-07-27 00:02:42,856 - Evaluate - INFO - ASR Module... Epoch: 1, RSS: 3.36 GB
2026-07-27 00:02:42,857 - Evaluate - INFO - ASR... Epoch: 1, Walltime: 20.729813 CPU time: 114.052038
2026-07-27 00:03:01,921 - Evaluate - INFO - ASR Module... Epoch: 1, RSS: 3.36 GB
2026-07-27 00:03:01,922 - Evaluate - INFO - ASR... Epoch: 1, Walltime: 19.060870 CPU time: 104.036233
2026-07-27 00:03:20,812 - Evaluate - INFO - ASR Module... Epoch: 1, RSS: 3.36 GB
2026-07-27 00:03:20,813 - Evaluate - INFO - ASR... Epoch: 1, Walltime: 18.886544 CPU time: 105.219447
2026-07-27 00:03:42,256 - Evaluate - INFO - ASR Module... Epoch: 1, RSS: 3.36 GB
2026-07-27 00:03:42,257 - Evaluate - INFO - ASR... Epoch: 1, Walltime: 21.440182 CPU time: 114.684464
2026-07-27 00:04:02,591 - Evaluate - INFO - ASR Module... Epoch: 1, RSS: 3.36 GB
2026-07-27 00:04:02,592 - Evaluate - INFO - ASR... Epoch: 1, Walltime: 20.329237 CPU time: 110.304330
2026-07-27 00:04:22,074 - Evaluate - INFO - ASR Module... Epoch: 1, RSS: 3.36 GB
2026-07-27 00:04:22,075 - Evaluate - INFO - ASR... Epoch: 1, Walltime: 19.478835 CPU time: 106.484622
2026-07-27 00:04:42,072 - Evaluate - INFO - ASR Module... Epoch: 1, RSS: 3.36 GB
2026-07-27 00:04:42,073 - Evaluate - INFO - ASR... Epoch: 1, Walltime: 19.993730 CPU time: 108.743578
2026-07-27 00:05:01,514 - Evaluate - INFO - ASR Module... Epoch: 1, RSS: 3.36 GB
2026-07-27 00:05:01,514 - Evaluate - INFO - ASR... Epoch: 1, Walltime: 19.437210 CPU time: 107.627878
2026-07-27 00:05:24,276 - Evaluate - INFO - ASR Module... Epoch: 1, RSS: 3.36 GB
2026-07-27 00:05:24,277 - Evaluate - INFO - ASR... Epoch: 1, Walltime: 22.755544 CPU time: 123.910638
2026-07-27 00:05:42,951 - Evaluate - INFO - ASR Module... Epoch: 1, RSS: 3.36 GB
2026-07-27 00:05:42,952 - Evaluate - INFO - ASR... Epoch: 1, Walltime: 18.669854 CPU time: 104.077446
2026-07-27 00:06:05,651 - Evaluate - INFO - ASR Module... Epoch: 1, RSS: 3.36 GB
2026-07-27 00:06:05,652 - Evaluate - INFO - ASR... Epoch: 1, Walltime: 22.694537 CPU time: 122.303751
2026-07-27 00:06:26,276 - Evaluate - INFO - ASR Module... Epoch: 1, RSS: 3.36 GB
2026-07-27 00:06:26,277 - Evaluate - INFO - ASR... Epoch: 1, Walltime: 20.619615 CPU time: 113.088201
2026-07-27 00:06:50,733 - Evaluate - INFO - ASR Module... Epoch: 1, RSS: 3.36 GB
2026-07-27 00:06:50,734 - Evaluate - INFO - ASR... Epoch: 1, Walltime: 24.450230 CPU time: 123.341076
2026-07-27 00:07:11,997 - Evaluate - INFO - ASR Module... Epoch: 1, RSS: 3.36 GB
2026-07-27 00:07:11,998 - Evaluate - INFO - ASR... Epoch: 1, Walltime: 21.257228 CPU time: 115.797064
2026-07-27 00:07:31,053 - Evaluate - INFO - ASR Module... Epoch: 1, RSS: 3.36 GB
2026-07-27 00:07:31,054 - Evaluate - INFO - ASR... Epoch: 1, Walltime: 19.051629 CPU time: 105.050467
2026-07-27 00:07:50,838 - Evaluate - INFO - ASR Module... Epoch: 1, RSS: 3.36 GB
2026-07-27 00:07:50,839 - Evaluate - INFO - ASR... Epoch: 1, Walltime: 19.780155 CPU time: 108.449467
2026-07-27 00:08:10,705 - Evaluate - INFO - ASR Module... Epoch: 1, RSS: 3.36 GB
2026-07-27 00:08:10,706 - Evaluate - INFO - ASR... Epoch: 1, Walltime: 19.863370 CPU time: 108.458777
2026-07-27 00:08:29,377 - Evaluate - INFO - ASR Module... Epoch: 1, RSS: 3.36 GB
2026-07-27 00:08:29,378 - Evaluate - INFO - ASR... Epoch: 1, Walltime: 18.668651 CPU time: 102.922928
2026-07-27 00:08:51,064 - Evaluate - INFO - ASR Module... Epoch: 1, RSS: 3.36 GB
2026-07-27 00:08:51,065 - Evaluate - INFO - ASR... Epoch: 1, Walltime: 21.682395 CPU time: 117.819397
2026-07-27 00:09:11,262 - Evaluate - INFO - ASR Module... Epoch: 1, RSS: 3.36 GB
2026-07-27 00:09:11,263 - Evaluate - INFO - ASR... Epoch: 1, Walltime: 20.193174 CPU time: 110.679336
2026-07-27 00:09:31,154 - Evaluate - INFO - ASR Module... Epoch: 1, RSS: 3.36 GB
2026-07-27 00:09:31,155 - Evaluate - INFO - ASR... Epoch: 1, Walltime: 19.888015 CPU time: 109.629218
2026-07-27 00:09:51,836 - Evaluate - INFO - ASR Module... Epoch: 1, RSS: 3.36 GB
2026-07-27 00:09:51,837 - Evaluate - INFO - ASR... Epoch: 1, Walltime: 20.677448 CPU time: 113.890364
2026-07-27 00:10:11,099 - Evaluate - INFO - ASR Module... Epoch: 1, RSS: 3.36 GB
2026-07-27 00:10:11,100 - Evaluate - INFO - ASR... Epoch: 1, Walltime: 19.258966 CPU time: 107.075180
2026-07-27 00:10:31,412 - Evaluate - INFO - ASR Module... Epoch: 1, RSS: 3.36 GB
2026-07-27 00:10:31,413 - Evaluate - INFO - ASR... Epoch: 1, Walltime: 20.308776 CPU time: 105.387241
2026-07-27 00:10:52,351 - Evaluate - INFO - ASR Module... Epoch: 1, RSS: 3.36 GB
2026-07-27 00:10:52,352 - Evaluate - INFO - ASR... Epoch: 1, Walltime: 20.933355 CPU time: 115.427491
2026-07-27 00:11:15,451 - Evaluate - INFO - ASR Module... Epoch: 1, RSS: 3.36 GB
2026-07-27 00:11:15,452 - Evaluate - INFO - ASR... Epoch: 1, Walltime: 23.093564 CPU time: 127.411430
2026-07-27 00:11:37,418 - Evaluate - INFO - ASR Module... Epoch: 1, RSS: 3.36 GB
2026-07-27 00:11:37,419 - Evaluate - INFO - ASR... Epoch: 1, Walltime: 21.960410 CPU time: 120.159776
2026-07-27 00:11:56,970 - Evaluate - INFO - ASR Module... Epoch: 1, RSS: 3.36 GB
2026-07-27 00:11:56,971 - Evaluate - INFO - ASR... Epoch: 1, Walltime: 19.548078 CPU time: 102.453699
2026-07-27 00:12:18,007 - Evaluate - INFO - ASR Module... Epoch: 1, RSS: 3.36 GB
2026-07-27 00:12:18,008 - Evaluate - INFO - ASR... Epoch: 1, Walltime: 21.032136 CPU time: 115.635302
2026-07-27 00:12:40,032 - Evaluate - INFO - ASR Module... Epoch: 1, RSS: 3.36 GB
2026-07-27 00:12:40,034 - Evaluate - INFO - ASR... Epoch: 1, Walltime: 22.020378 CPU time: 115.190826
2026-07-27 00:13:00,131 - Evaluate - INFO - ASR Module... Epoch: 1, RSS: 3.36 GB
2026-07-27 00:13:00,132 - Evaluate - INFO - ASR... Epoch: 1, Walltime: 20.094117 CPU time: 111.025078
2026-07-27 00:13:20,846 - Evaluate - INFO - ASR Module... Epoch: 1, RSS: 3.36 GB
2026-07-27 00:13:20,847 - Evaluate - INFO - ASR... Epoch: 1, Walltime: 20.710453 CPU time: 114.039211
2026-07-27 00:13:40,614 - Evaluate - INFO - ASR Module... Epoch: 1, RSS: 3.36 GB
2026-07-27 00:13:40,616 - Evaluate - INFO - ASR... Epoch: 1, Walltime: 19.763287 CPU time: 107.623971
2026-07-27 00:13:59,932 - Evaluate - INFO - ASR Module... Epoch: 1, RSS: 3.36 GB
2026-07-27 00:13:59,933 - Evaluate - INFO - ASR... Epoch: 1, Walltime: 19.313554 CPU time: 106.426229
2026-07-27 00:14:19,890 - Evaluate - INFO - ASR Module... Epoch: 1, RSS: 3.36 GB
2026-07-27 00:14:19,891 - Evaluate - INFO - ASR... Epoch: 1, Walltime: 19.953756 CPU time: 110.073023
2026-07-27 00:14:39,197 - Evaluate - INFO - ASR Module... Epoch: 1, RSS: 3.36 GB
2026-07-27 00:14:39,198 - Evaluate - INFO - ASR... Epoch: 1, Walltime: 19.302700 CPU time: 105.051474
2026-07-27 00:14:58,978 - Evaluate - INFO - ASR Module... Epoch: 1, RSS: 3.36 GB
2026-07-27 00:14:58,980 - Evaluate - INFO - ASR... Epoch: 1, Walltime: 19.776203 CPU time: 109.247151
2026-07-27 00:15:19,030 - Evaluate - INFO - ASR Module... Epoch: 1, RSS: 3.36 GB
2026-07-27 00:15:19,031 - Evaluate - INFO - ASR... Epoch: 1, Walltime: 20.047430 CPU time: 107.351400
2026-07-27 00:15:38,521 - Evaluate - INFO - ASR Module... Epoch: 1, RSS: 3.36 GB
2026-07-27 00:15:38,522 - Evaluate - INFO - ASR... Epoch: 1, Walltime: 19.486997 CPU time: 108.272146
2026-07-27 00:15:59,137 - Evaluate - INFO - ASR Module... Epoch: 1, RSS: 3.36 GB
2026-07-27 00:15:59,138 - Evaluate - INFO - ASR... Epoch: 1, Walltime: 20.612014 CPU time: 112.262054
2026-07-27 00:16:20,129 - Evaluate - INFO - ASR Module... Epoch: 1, RSS: 3.36 GB
2026-07-27 00:16:20,130 - Evaluate - INFO - ASR... Epoch: 1, Walltime: 20.987349 CPU time: 114.646896
2026-07-27 00:16:41,401 - Evaluate - INFO - ASR Module... Epoch: 1, RSS: 3.36 GB
2026-07-27 00:16:41,402 - Evaluate - INFO - ASR... Epoch: 1, Walltime: 21.267621 CPU time: 115.756251
2026-07-27 00:17:03,440 - Evaluate - INFO - ASR Module... Epoch: 1, RSS: 3.36 GB
2026-07-27 00:17:03,441 - Evaluate - INFO - ASR... Epoch: 1, Walltime: 22.034674 CPU time: 112.472974
2026-07-27 00:17:24,096 - Evaluate - INFO - ASR Module... Epoch: 1, RSS: 3.36 GB
2026-07-27 00:17:24,097 - Evaluate - INFO - ASR... Epoch: 1, Walltime: 20.651447 CPU time: 114.467933
2026-07-27 00:17:43,581 - Evaluate - INFO - ASR Module... Epoch: 1, RSS: 3.36 GB
2026-07-27 00:17:43,583 - Evaluate - INFO - ASR... Epoch: 1, Walltime: 19.481188 CPU time: 106.597760
2026-07-27 00:18:06,093 - Evaluate - INFO - ASR Module... Epoch: 1, RSS: 3.36 GB
2026-07-27 00:18:06,094 - Evaluate - INFO - ASR... Epoch: 1, Walltime: 22.506114 CPU time: 116.523892
2026-07-27 00:18:26,390 - Evaluate - INFO - ASR Module... Epoch: 1, RSS: 3.36 GB
2026-07-27 00:18:26,391 - Evaluate - INFO - ASR... Epoch: 1, Walltime: 20.292344 CPU time: 111.656384
2026-07-27 00:18:46,126 - Evaluate - INFO - ASR Module... Epoch: 1, RSS: 3.36 GB
2026-07-27 00:18:46,127 - Evaluate - INFO - ASR... Epoch: 1, Walltime: 19.732675 CPU time: 108.361529
2026-07-27 00:19:09,297 - Evaluate - INFO - ASR Module... Epoch: 1, RSS: 3.36 GB
2026-07-27 00:19:09,298 - Evaluate - INFO - ASR... Epoch: 1, Walltime: 23.166625 CPU time: 112.128791
2026-07-27 00:19:30,985 - Evaluate - INFO - ASR Module... Epoch: 1, RSS: 3.36 GB
2026-07-27 00:19:30,986 - Evaluate - INFO - ASR... Epoch: 1, Walltime: 21.682780 CPU time: 117.731820
2026-07-27 00:19:54,107 - Evaluate - INFO - ASR Module... Epoch: 1, RSS: 3.36 GB
2026-07-27 00:19:54,108 - Evaluate - INFO - ASR... Epoch: 1, Walltime: 23.116263 CPU time: 125.842831
2026-07-27 00:20:15,558 - Evaluate - INFO - ASR Module... Epoch: 1, RSS: 3.36 GB
2026-07-27 00:20:15,559 - Evaluate - INFO - ASR... Epoch: 1, Walltime: 21.445735 CPU time: 110.462532
2026-07-27 00:20:34,875 - Evaluate - INFO - ASR Module... Epoch: 1, RSS: 3.36 GB
2026-07-27 00:20:34,876 - Evaluate - INFO - ASR... Epoch: 1, Walltime: 19.312735 CPU time: 107.357957
2026-07-27 00:20:56,226 - Evaluate - INFO - ASR Module... Epoch: 1, RSS: 3.36 GB
2026-07-27 00:20:56,227 - Evaluate - INFO - ASR... Epoch: 1, Walltime: 21.346374 CPU time: 109.731404
2026-07-27 00:21:15,335 - Evaluate - INFO - ASR Module... Epoch: 1, RSS: 3.36 GB
2026-07-27 00:21:15,336 - Evaluate - INFO - ASR... Epoch: 1, Walltime: 19.104957 CPU time: 105.855019
2026-07-27 00:21:40,723 - Evaluate - INFO - ASR Module... Epoch: 1, RSS: 3.36 GB
2026-07-27 00:21:40,724 - Evaluate - INFO - ASR... Epoch: 1, Walltime: 25.382402 CPU time: 123.224115
2026-07-27 00:22:00,229 - Evaluate - INFO - ASR Module... Epoch: 1, RSS: 3.36 GB
2026-07-27 00:22:00,230 - Evaluate - INFO - ASR... Epoch: 1, Walltime: 19.500586 CPU time: 107.105210
2026-07-27 00:22:21,150 - Evaluate - INFO - ASR Module... Epoch: 1, RSS: 3.36 GB
2026-07-27 00:22:21,151 - Evaluate - INFO - ASR... Epoch: 1, Walltime: 20.916717 CPU time: 115.376175
2026-07-27 00:22:41,196 - Evaluate - INFO - ASR Module... Epoch: 1, RSS: 3.36 GB
2026-07-27 00:22:41,197 - Evaluate - INFO - ASR... Epoch: 1, Walltime: 20.042064 CPU time: 110.977658
2026-07-27 00:23:02,799 - Evaluate - INFO - ASR Module... Epoch: 1, RSS: 3.36 GB
2026-07-27 00:23:02,800 - Evaluate - INFO - ASR... Epoch: 1, Walltime: 21.597913 CPU time: 116.113684
2026-07-27 00:23:23,921 - Evaluate - INFO - ASR Module... Epoch: 1, RSS: 3.36 GB
2026-07-27 00:23:23,922 - Evaluate - INFO - ASR... Epoch: 1, Walltime: 21.117200 CPU time: 115.277546
2026-07-27 00:23:43,090 - Evaluate - INFO - ASR Module... Epoch: 1, RSS: 3.36 GB
2026-07-27 00:23:43,091 - Evaluate - INFO - ASR... Epoch: 1, Walltime: 19.164321 CPU time: 106.053829
2026-07-27 00:24:05,613 - Evaluate - INFO - ASR Module... Epoch: 1, RSS: 3.36 GB
2026-07-27 00:24:05,614 - Evaluate - INFO - ASR... Epoch: 1, Walltime: 22.518100 CPU time: 121.642140
2026-07-27 00:24:25,636 - Evaluate - INFO - ASR Module... Epoch: 1, RSS: 3.36 GB
2026-07-27 00:24:25,637 - Evaluate - INFO - ASR... Epoch: 1, Walltime: 20.018568 CPU time: 108.797423
2026-07-27 00:24:47,721 - Evaluate - INFO - ASR Module... Epoch: 1, RSS: 3.36 GB
2026-07-27 00:24:47,722 - Evaluate - INFO - ASR... Epoch: 1, Walltime: 22.080918 CPU time: 105.646455
2026-07-27 00:25:08,046 - Evaluate - INFO - ASR Module... Epoch: 1, RSS: 3.36 GB
2026-07-27 00:25:08,047 - Evaluate - INFO - ASR... Epoch: 1, Walltime: 20.320338 CPU time: 112.270976
2026-07-27 00:25:29,043 - Evaluate - INFO - ASR Module... Epoch: 1, RSS: 3.36 GB
2026-07-27 00:25:29,047 - Evaluate - INFO - ASR... Epoch: 1, Walltime: 20.992889 CPU time: 111.207402
2026-07-27 00:25:48,675 - Evaluate - INFO - ASR Module... Epoch: 1, RSS: 3.36 GB
2026-07-27 00:25:48,676 - Evaluate - INFO - ASR... Epoch: 1, Walltime: 19.623904 CPU time: 107.572523
2026-07-27 00:26:09,130 - Evaluate - INFO - ASR Module... Epoch: 1, RSS: 3.36 GB
2026-07-27 00:26:09,131 - Evaluate - INFO - ASR... Epoch: 1, Walltime: 20.451112 CPU time: 112.660933
2026-07-27 00:26:28,374 - Evaluate - INFO - ASR Module... Epoch: 1, RSS: 3.36 GB
2026-07-27 00:26:28,375 - Evaluate - INFO - ASR... Epoch: 1, Walltime: 19.239273 CPU time: 106.809839
2026-07-27 00:26:48,422 - Evaluate - INFO - ASR Module... Epoch: 1, RSS: 3.36 GB
2026-07-27 00:26:48,423 - Evaluate - INFO - ASR... Epoch: 1, Walltime: 20.044220 CPU time: 109.695105
2026-07-27 00:27:07,309 - Evaluate - INFO - ASR Module... Epoch: 1, RSS: 3.36 GB
2026-07-27 00:27:07,311 - Evaluate - INFO - ASR... Epoch: 1, Walltime: 18.883534 CPU time: 105.362633
2026-07-27 00:27:27,725 - Evaluate - INFO - ASR Module... Epoch: 1, RSS: 3.36 GB
2026-07-27 00:27:27,726 - Evaluate - INFO - ASR... Epoch: 1, Walltime: 20.410598 CPU time: 113.001627
2026-07-27 00:27:47,073 - Evaluate - INFO - ASR Module... Epoch: 1, RSS: 3.36 GB
2026-07-27 00:27:47,074 - Evaluate - INFO - ASR... Epoch: 1, Walltime: 19.344401 CPU time: 107.030282
2026-07-27 00:28:05,856 - Evaluate - INFO - ASR Module... Epoch: 1, RSS: 3.36 GB
2026-07-27 00:28:05,857 - Evaluate - INFO - ASR... Epoch: 1, Walltime: 18.778408 CPU time: 104.531740
2026-07-27 00:28:24,593 - Evaluate - INFO - ASR Module... Epoch: 1, RSS: 3.36 GB
2026-07-27 00:28:24,595 - Evaluate - INFO - ASR... Epoch: 1, Walltime: 18.734620 CPU time: 104.241661
2026-07-27 00:28:44,466 - Evaluate - INFO - ASR Module... Epoch: 1, RSS: 3.36 GB
2026-07-27 00:28:44,467 - Evaluate - INFO - ASR... Epoch: 1, Walltime: 19.868144 CPU time: 110.467435
2026-07-27 00:29:04,392 - Evaluate - INFO - ASR Module... Epoch: 1, RSS: 3.36 GB
2026-07-27 00:29:04,393 - Evaluate - INFO - ASR... Epoch: 1, Walltime: 19.921101 CPU time: 109.721353
2026-07-27 00:29:23,827 - Evaluate - INFO - ASR Module... Epoch: 1, RSS: 3.36 GB
2026-07-27 00:29:23,828 - Evaluate - INFO - ASR... Epoch: 1, Walltime: 19.431371 CPU time: 107.716734
2026-07-27 00:29:43,360 - Evaluate - INFO - ASR Module... Epoch: 1, RSS: 3.36 GB
2026-07-27 00:29:43,361 - Evaluate - INFO - ASR... Epoch: 1, Walltime: 19.528188 CPU time: 108.280283
2026-07-27 00:30:04,884 - Evaluate - INFO - ASR Module... Epoch: 1, RSS: 3.36 GB
2026-07-27 00:30:04,886 - Evaluate - INFO - ASR... Epoch: 1, Walltime: 21.519093 CPU time: 115.459553
2026-07-27 00:30:26,756 - Evaluate - INFO - ASR Module... Epoch: 1, RSS: 3.36 GB
2026-07-27 00:30:26,758 - Evaluate - INFO - ASR... Epoch: 1, Walltime: 21.866772 CPU time: 118.541167
2026-07-27 00:30:46,576 - Evaluate - INFO - ASR Module... Epoch: 1, RSS: 3.36 GB
2026-07-27 00:30:46,577 - Evaluate - INFO - ASR... Epoch: 1, Walltime: 19.814636 CPU time: 109.332480
2026-07-27 00:31:08,500 - Evaluate - INFO - ASR Module... Epoch: 1, RSS: 3.36 GB
2026-07-27 00:31:08,501 - Evaluate - INFO - ASR... Epoch: 1, Walltime: 21.918560 CPU time: 120.000005
2026-07-27 00:31:29,097 - Evaluate - INFO - ASR Module... Epoch: 1, RSS: 3.36 GB
2026-07-27 00:31:29,098 - Evaluate - INFO - ASR... Epoch: 1, Walltime: 20.593158 CPU time: 113.668257
2026-07-27 00:31:49,328 - Evaluate - INFO - ASR Module... Epoch: 1, RSS: 3.36 GB
2026-07-27 00:31:49,328 - Evaluate - INFO - ASR... Epoch: 1, Walltime: 20.225673 CPU time: 110.184038
2026-07-27 00:32:10,546 - Evaluate - INFO - ASR Module... Epoch: 1, RSS: 3.36 GB
2026-07-27 00:32:10,548 - Evaluate - INFO - ASR... Epoch: 1, Walltime: 21.212233 CPU time: 116.862989
2026-07-27 00:32:31,344 - Evaluate - INFO - ASR Module... Epoch: 1, RSS: 3.36 GB
2026-07-27 00:32:31,345 - Evaluate - INFO - ASR... Epoch: 1, Walltime: 20.791966 CPU time: 114.857885
2026-07-27 00:32:53,214 - Evaluate - INFO - ASR Module... Epoch: 1, RSS: 3.36 GB
2026-07-27 00:32:53,216 - Evaluate - INFO - ASR... Epoch: 1, Walltime: 21.864021 CPU time: 117.286471
2026-07-27 00:33:14,471 - Evaluate - INFO - ASR Module... Epoch: 1, RSS: 3.36 GB
2026-07-27 00:33:14,472 - Evaluate - INFO - ASR... Epoch: 1, Walltime: 21.251804 CPU time: 116.202329
2026-07-27 00:33:34,508 - Evaluate - INFO - ASR Module... Epoch: 1, RSS: 3.36 GB
2026-07-27 00:33:34,509 - Evaluate - INFO - ASR... Epoch: 1, Walltime: 20.032312 CPU time: 111.162051
2026-07-27 00:33:55,334 - Evaluate - INFO - ASR Module... Epoch: 1, RSS: 3.36 GB
2026-07-27 00:33:55,335 - Evaluate - INFO - ASR... Epoch: 1, Walltime: 20.821622 CPU time: 114.876033
2026-07-27 00:34:17,384 - Evaluate - INFO - ASR Module... Epoch: 1, RSS: 3.36 GB
2026-07-27 00:34:17,385 - Evaluate - INFO - ASR... Epoch: 1, Walltime: 22.044858 CPU time: 111.469040
2026-07-27 00:34:38,182 - Evaluate - INFO - ASR Module... Epoch: 1, RSS: 3.36 GB
2026-07-27 00:34:38,183 - Evaluate - INFO - ASR... Epoch: 1, Walltime: 20.793451 CPU time: 115.355436
2026-07-27 00:34:59,141 - Evaluate - INFO - ASR Module... Epoch: 1, RSS: 3.36 GB
2026-07-27 00:34:59,142 - Evaluate - INFO - ASR... Epoch: 1, Walltime: 20.954747 CPU time: 109.108812
2026-07-27 00:35:21,154 - Evaluate - INFO - ASR Module... Epoch: 1, RSS: 3.36 GB
2026-07-27 00:35:21,155 - Evaluate - INFO - ASR... Epoch: 1, Walltime: 22.007842 CPU time: 120.047012
2026-07-27 00:35:42,419 - Evaluate - INFO - ASR Module... Epoch: 1, RSS: 3.36 GB
2026-07-27 00:35:42,420 - Evaluate - INFO - ASR... Epoch: 1, Walltime: 21.259545 CPU time: 114.240914
2026-07-27 00:36:03,546 - Evaluate - INFO - ASR Module... Epoch: 1, RSS: 3.36 GB
2026-07-27 00:36:03,547 - Evaluate - INFO - ASR... Epoch: 1, Walltime: 21.122760 CPU time: 116.320540
2026-07-27 00:36:24,719 - Evaluate - INFO - ASR Module... Epoch: 1, RSS: 3.36 GB
2026-07-27 00:36:24,720 - Evaluate - INFO - ASR... Epoch: 1, Walltime: 21.166776 CPU time: 116.260389
2026-07-27 00:36:45,058 - Evaluate - INFO - ASR Module... Epoch: 1, RSS: 3.36 GB
2026-07-27 00:36:45,059 - Evaluate - INFO - ASR... Epoch: 1, Walltime: 20.334763 CPU time: 112.303629
2026-07-27 00:37:05,479 - Evaluate - INFO - ASR Module... Epoch: 1, RSS: 3.36 GB
2026-07-27 00:37:05,481 - Evaluate - INFO - ASR... Epoch: 1, Walltime: 20.417821 CPU time: 112.771350
2026-07-27 00:37:26,720 - Evaluate - INFO - ASR Module... Epoch: 1, RSS: 3.36 GB
2026-07-27 00:37:26,721 - Evaluate - INFO - ASR... Epoch: 1, Walltime: 21.235577 CPU time: 116.808779
2026-07-27 00:37:47,119 - Evaluate - INFO - ASR Module... Epoch: 1, RSS: 3.36 GB
2026-07-27 00:37:47,120 - Evaluate - INFO - ASR... Epoch: 1, Walltime: 20.393822 CPU time: 113.317755
2026-07-27 00:38:09,075 - Evaluate - INFO - ASR Module... Epoch: 1, RSS: 3.36 GB
2026-07-27 00:38:09,076 - Evaluate - INFO - ASR... Epoch: 1, Walltime: 21.950342 CPU time: 120.404192
2026-07-27 00:38:32,367 - Evaluate - INFO - ASR Module... Epoch: 1, RSS: 3.36 GB
2026-07-27 00:38:32,368 - Evaluate - INFO - ASR... Epoch: 1, Walltime: 23.285351 CPU time: 126.911466
2026-07-27 00:38:53,164 - Evaluate - INFO - ASR Module... Epoch: 1, RSS: 3.36 GB
2026-07-27 00:38:53,165 - Evaluate - INFO - ASR... Epoch: 1, Walltime: 20.791898 CPU time: 112.987815
2026-07-27 00:39:16,917 - Evaluate - INFO - ASR Module... Epoch: 1, RSS: 3.36 GB
2026-07-27 00:39:16,918 - Evaluate - INFO - ASR... Epoch: 1, Walltime: 23.748551 CPU time: 128.602185
2026-07-27 00:39:38,015 - Evaluate - INFO - ASR Module... Epoch: 1, RSS: 3.36 GB
2026-07-27 00:39:38,016 - Evaluate - INFO - ASR... Epoch: 1, Walltime: 21.092509 CPU time: 114.154491
2026-07-27 00:39:59,022 - Evaluate - INFO - ASR Module... Epoch: 1, RSS: 3.36 GB
2026-07-27 00:39:59,023 - Evaluate - INFO - ASR... Epoch: 1, Walltime: 21.001395 CPU time: 114.981091
2026-07-27 00:40:18,981 - Evaluate - INFO - ASR Module... Epoch: 1, RSS: 3.36 GB
2026-07-27 00:40:18,982 - Evaluate - INFO - ASR... Epoch: 1, Walltime: 19.955108 CPU time: 111.065385
2026-07-27 00:40:40,817 - Evaluate - INFO - ASR Module... Epoch: 1, RSS: 3.36 GB
2026-07-27 00:40:40,818 - Evaluate - INFO - ASR... Epoch: 1, Walltime: 21.830917 CPU time: 119.204957
2026-07-27 00:41:02,115 - Evaluate - INFO - ASR Module... Epoch: 1, RSS: 3.36 GB
2026-07-27 00:41:02,116 - Evaluate - INFO - ASR... Epoch: 1, Walltime: 21.291702 CPU time: 117.663938
2026-07-27 00:41:22,438 - Evaluate - INFO - ASR Module... Epoch: 1, RSS: 3.36 GB
2026-07-27 00:41:22,439 - Evaluate - INFO - ASR... Epoch: 1, Walltime: 20.317113 CPU time: 111.643808
2026-07-27 00:41:42,974 - Evaluate - INFO - ASR Module... Epoch: 1, RSS: 3.36 GB
2026-07-27 00:41:42,975 - Evaluate - INFO - ASR... Epoch: 1, Walltime: 20.531654 CPU time: 113.935488
2026-07-27 00:42:02,225 - Evaluate - INFO - ASR Module... Epoch: 1, RSS: 3.36 GB
2026-07-27 00:42:02,226 - Evaluate - INFO - ASR... Epoch: 1, Walltime: 19.247304 CPU time: 106.332421
2026-07-27 00:42:20,954 - Evaluate - INFO - ASR Module... Epoch: 1, RSS: 3.36 GB
2026-07-27 00:42:20,955 - Evaluate - INFO - ASR... Epoch: 1, Walltime: 18.724791 CPU time: 104.280043
2026-07-27 00:42:40,378 - Evaluate - INFO - ASR Module... Epoch: 1, RSS: 3.36 GB
2026-07-27 00:42:40,380 - Evaluate - INFO - ASR... Epoch: 1, Walltime: 19.420056 CPU time: 107.504915
2026-07-27 00:42:59,344 - Evaluate - INFO - ASR Module... Epoch: 1, RSS: 3.36 GB
2026-07-27 00:42:59,345 - Evaluate - INFO - ASR... Epoch: 1, Walltime: 18.961220 CPU time: 105.260113
2026-07-27 00:43:20,470 - Evaluate - INFO - ASR Module... Epoch: 1, RSS: 3.36 GB
2026-07-27 00:43:20,471 - Evaluate - INFO - ASR... Epoch: 1, Walltime: 21.121984 CPU time: 115.669112
2026-07-27 00:43:40,058 - Evaluate - INFO - ASR Module... Epoch: 1, RSS: 3.36 GB
2026-07-27 00:43:40,059 - Evaluate - INFO - ASR... Epoch: 1, Walltime: 19.583401 CPU time: 108.908717
2026-07-27 00:44:00,207 - Evaluate - INFO - ASR Module... Epoch: 1, RSS: 3.36 GB
2026-07-27 00:44:00,208 - Evaluate - INFO - ASR... Epoch: 1, Walltime: 20.143657 CPU time: 111.396454
2026-07-27 00:44:21,683 - Evaluate - INFO - ASR Module... Epoch: 1, RSS: 3.36 GB
2026-07-27 00:44:21,684 - Evaluate - INFO - ASR... Epoch: 1, Walltime: 21.471070 CPU time: 117.918829
2026-07-27 00:44:41,548 - Evaluate - INFO - ASR Module... Epoch: 1, RSS: 3.36 GB
2026-07-27 00:44:41,549 - Evaluate - INFO - ASR... Epoch: 1, Walltime: 19.860883 CPU time: 109.666651
2026-07-27 00:45:02,945 - Evaluate - INFO - ASR Module... Epoch: 1, RSS: 3.36 GB
2026-07-27 00:45:02,946 - Evaluate - INFO - ASR... Epoch: 1, Walltime: 21.392375 CPU time: 115.531842
2026-07-27 00:45:23,184 - Evaluate - INFO - ASR Module... Epoch: 1, RSS: 3.36 GB
2026-07-27 00:45:23,185 - Evaluate - INFO - ASR... Epoch: 1, Walltime: 20.234174 CPU time: 111.703467
2026-07-27 00:45:41,863 - Evaluate - INFO - ASR Module... Epoch: 1, RSS: 3.36 GB
2026-07-27 00:45:41,864 - Evaluate - INFO - ASR... Epoch: 1, Walltime: 18.676318 CPU time: 103.851498
2026-07-27 00:46:01,664 - Evaluate - INFO - ASR Module... Epoch: 1, RSS: 3.36 GB
2026-07-27 00:46:01,665 - Evaluate - INFO - ASR... Epoch: 1, Walltime: 19.797170 CPU time: 109.619923
2026-07-27 00:46:22,242 - Evaluate - INFO - ASR Module... Epoch: 1, RSS: 3.36 GB
2026-07-27 00:46:22,243 - Evaluate - INFO - ASR... Epoch: 1, Walltime: 20.572825 CPU time: 111.995274
2026-07-27 00:46:41,607 - Evaluate - INFO - ASR Module... Epoch: 1, RSS: 3.36 GB
2026-07-27 00:46:41,608 - Evaluate - INFO - ASR... Epoch: 1, Walltime: 19.361492 CPU time: 107.591978
2026-07-27 00:47:01,474 - Evaluate - INFO - ASR Module... Epoch: 1, RSS: 3.36 GB
2026-07-27 00:47:01,475 - Evaluate - INFO - ASR... Epoch: 1, Walltime: 19.863039 CPU time: 109.862781
2026-07-27 00:47:22,496 - Evaluate - INFO - ASR Module... Epoch: 1, RSS: 3.36 GB
2026-07-27 00:47:22,497 - Evaluate - INFO - ASR... Epoch: 1, Walltime: 21.016996 CPU time: 113.207870
2026-07-27 00:47:42,187 - Evaluate - INFO - ASR Module... Epoch: 1, RSS: 3.36 GB
2026-07-27 00:47:42,188 - Evaluate - INFO - ASR... Epoch: 1, Walltime: 19.685931 CPU time: 109.120950
2026-07-27 00:48:01,812 - Evaluate - INFO - ASR Module... Epoch: 1, RSS: 3.36 GB
2026-07-27 00:48:01,813 - Evaluate - INFO - ASR... Epoch: 1, Walltime: 19.620890 CPU time: 108.841337
2026-07-27 00:48:22,124 - Evaluate - INFO - ASR Module... Epoch: 1, RSS: 3.36 GB
2026-07-27 00:48:22,125 - Evaluate - INFO - ASR... Epoch: 1, Walltime: 20.308312 CPU time: 111.409051
2026-07-27 00:48:43,329 - Evaluate - INFO - ASR Module... Epoch: 1, RSS: 3.36 GB
2026-07-27 00:48:43,330 - Evaluate - INFO - ASR... Epoch: 1, Walltime: 21.200513 CPU time: 115.101066
2026-07-27 00:49:03,502 - Evaluate - INFO - ASR Module... Epoch: 1, RSS: 3.36 GB
2026-07-27 00:49:03,503 - Evaluate - INFO - ASR... Epoch: 1, Walltime: 20.168364 CPU time: 112.066485
2026-07-27 00:49:22,957 - Evaluate - INFO - ASR Module... Epoch: 1, RSS: 3.36 GB
2026-07-27 00:49:22,958 - Evaluate - INFO - ASR... Epoch: 1, Walltime: 19.451168 CPU time: 107.620540
2026-07-27 00:49:43,301 - Evaluate - INFO - ASR Module... Epoch: 1, RSS: 3.36 GB
2026-07-27 00:49:43,302 - Evaluate - INFO - ASR... Epoch: 1, Walltime: 20.339109 CPU time: 112.714010
2026-07-27 00:50:03,581 - Evaluate - INFO - ASR Module... Epoch: 1, RSS: 3.36 GB
2026-07-27 00:50:03,582 - Evaluate - INFO - ASR... Epoch: 1, Walltime: 20.274720 CPU time: 112.772416
2026-07-27 00:50:23,161 - Evaluate - INFO - ASR Module... Epoch: 1, RSS: 3.36 GB
2026-07-27 00:50:23,162 - Evaluate - INFO - ASR... Epoch: 1, Walltime: 19.575026 CPU time: 108.430907
2026-07-27 00:50:43,236 - Evaluate - INFO - ASR Module... Epoch: 1, RSS: 3.36 GB
2026-07-27 00:50:43,238 - Evaluate - INFO - ASR... Epoch: 1, Walltime: 20.070827 CPU time: 109.717863
2026-07-27 00:51:03,863 - Evaluate - INFO - ASR Module... Epoch: 1, RSS: 3.36 GB
2026-07-27 00:51:03,864 - Evaluate - INFO - ASR... Epoch: 1, Walltime: 20.621636 CPU time: 113.046278
2026-07-27 00:51:24,752 - Evaluate - INFO - ASR Module... Epoch: 1, RSS: 3.36 GB
2026-07-27 00:51:24,753 - Evaluate - INFO - ASR... Epoch: 1, Walltime: 20.884115 CPU time: 114.668453
2026-07-27 00:51:44,627 - Evaluate - INFO - ASR Module... Epoch: 1, RSS: 3.36 GB
2026-07-27 00:51:44,628 - Evaluate - INFO - ASR... Epoch: 1, Walltime: 19.870254 CPU time: 109.716521
2026-07-27 00:52:04,507 - Evaluate - INFO - ASR Module... Epoch: 1, RSS: 3.36 GB
2026-07-27 00:52:04,508 - Evaluate - INFO - ASR... Epoch: 1, Walltime: 19.875827 CPU time: 107.821942
2026-07-27 00:52:26,384 - Evaluate - INFO - ASR Module... Epoch: 1, RSS: 3.36 GB
2026-07-27 00:52:26,385 - Evaluate - INFO - ASR... Epoch: 1, Walltime: 21.871173 CPU time: 119.948362
2026-07-27 00:52:48,362 - Evaluate - INFO - ASR Module... Epoch: 1, RSS: 3.36 GB
2026-07-27 00:52:48,363 - Evaluate - INFO - ASR... Epoch: 1, Walltime: 21.972717 CPU time: 115.687650
2026-07-27 00:53:08,890 - Evaluate - INFO - ASR Module... Epoch: 1, RSS: 3.36 GB
2026-07-27 00:53:08,892 - Evaluate - INFO - ASR... Epoch: 1, Walltime: 20.524859 CPU time: 110.943505
2026-07-27 00:53:27,986 - Evaluate - INFO - ASR Module... Epoch: 1, RSS: 3.36 GB
2026-07-27 00:53:27,987 - Evaluate - INFO - ASR... Epoch: 1, Walltime: 19.090987 CPU time: 105.816584
2026-07-27 00:53:47,239 - Evaluate - INFO - ASR Module... Epoch: 1, RSS: 3.36 GB
2026-07-27 00:53:47,240 - Evaluate - INFO - ASR... Epoch: 1, Walltime: 19.249248 CPU time: 107.168461
2026-07-27 00:54:06,090 - Evaluate - INFO - ASR Module... Epoch: 1, RSS: 3.36 GB
2026-07-27 00:54:06,091 - Evaluate - INFO - ASR... Epoch: 1, Walltime: 18.847181 CPU time: 105.249694
2026-07-27 00:54:26,834 - Evaluate - INFO - ASR Module... Epoch: 1, RSS: 3.36 GB
2026-07-27 00:54:26,835 - Evaluate - INFO - ASR... Epoch: 1, Walltime: 20.740101 CPU time: 107.608439
2026-07-27 00:54:46,410 - Evaluate - INFO - ASR Module... Epoch: 1, RSS: 3.36 GB
2026-07-27 00:54:46,411 - Evaluate - INFO - ASR... Epoch: 1, Walltime: 19.572316 CPU time: 107.281786
2026-07-27 00:55:06,777 - Evaluate - INFO - ASR Module... Epoch: 1, RSS: 3.36 GB
2026-07-27 00:55:06,778 - Evaluate - INFO - ASR... Epoch: 1, Walltime: 20.362925 CPU time: 111.813300
2026-07-27 00:55:33,074 - Evaluate - INFO - ASR Module... Epoch: 1, RSS: 3.36 GB
2026-07-27 00:55:33,075 - Evaluate - INFO - ASR... Epoch: 1, Walltime: 26.291513 CPU time: 121.560207
2026-07-27 00:55:54,607 - Evaluate - INFO - ASR Module... Epoch: 1, RSS: 3.36 GB
2026-07-27 00:55:54,608 - Evaluate - INFO - ASR... Epoch: 1, Walltime: 21.526585 CPU time: 118.107124
2026-07-27 00:56:15,708 - Evaluate - INFO - ASR Module... Epoch: 1, RSS: 3.36 GB
2026-07-27 00:56:15,709 - Evaluate - INFO - ASR... Epoch: 1, Walltime: 21.095984 CPU time: 116.279010
2026-07-27 00:56:34,794 - Evaluate - INFO - ASR Module... Epoch: 1, RSS: 3.36 GB
2026-07-27 00:56:34,796 - Evaluate - INFO - ASR... Epoch: 1, Walltime: 19.082124 CPU time: 105.900045
2026-07-27 00:56:58,489 - Evaluate - INFO - ASR Module... Epoch: 1, RSS: 3.36 GB
2026-07-27 00:56:58,490 - Evaluate - INFO - ASR... Epoch: 1, Walltime: 23.687980 CPU time: 130.268700
2026-07-27 00:57:19,370 - Evaluate - INFO - ASR Module... Epoch: 1, RSS: 3.36 GB
2026-07-27 00:57:19,370 - Evaluate - INFO - ASR... Epoch: 1, Walltime: 20.874977 CPU time: 113.657604
2026-07-27 00:57:38,642 - Evaluate - INFO - ASR Module... Epoch: 1, RSS: 3.36 GB
2026-07-27 00:57:38,643 - Evaluate - INFO - ASR... Epoch: 1, Walltime: 19.269084 CPU time: 107.062734
2026-07-27 00:58:01,271 - Evaluate - INFO - ASR Module... Epoch: 1, RSS: 3.36 GB
2026-07-27 00:58:01,272 - Evaluate - INFO - ASR... Epoch: 1, Walltime: 22.623861 CPU time: 122.220013
2026-07-27 00:58:24,217 - Evaluate - INFO - ASR Module... Epoch: 1, RSS: 3.36 GB
2026-07-27 00:58:24,218 - Evaluate - INFO - ASR... Epoch: 1, Walltime: 22.940132 CPU time: 123.617238
2026-07-27 00:58:45,248 - Evaluate - INFO - ASR Module... Epoch: 1, RSS: 3.36 GB
2026-07-27 00:58:45,249 - Evaluate - INFO - ASR... Epoch: 1, Walltime: 21.026030 CPU time: 115.336652
2026-07-27 00:59:05,315 - Evaluate - INFO - ASR Module... Epoch: 1, RSS: 3.36 GB
2026-07-27 00:59:05,316 - Evaluate - INFO - ASR... Epoch: 1, Walltime: 20.062294 CPU time: 108.946493
2026-07-27 00:59:29,963 - Evaluate - INFO - ASR Module... Epoch: 1, RSS: 3.36 GB
2026-07-27 00:59:29,964 - Evaluate - INFO - ASR... Epoch: 1, Walltime: 24.643210 CPU time: 123.950231
2026-07-27 00:59:52,849 - Evaluate - INFO - ASR Module... Epoch: 1, RSS: 3.36 GB
2026-07-27 00:59:52,850 - Evaluate - INFO - ASR... Epoch: 1, Walltime: 22.880274 CPU time: 122.923153
2026-07-27 01:00:13,401 - Evaluate - INFO - ASR Module... Epoch: 1, RSS: 3.36 GB
2026-07-27 01:00:13,402 - Evaluate - INFO - ASR... Epoch: 1, Walltime: 20.547203 CPU time: 112.751732
2026-07-27 01:00:33,459 - Evaluate - INFO - ASR Module... Epoch: 1, RSS: 3.36 GB
2026-07-27 01:00:33,460 - Evaluate - INFO - ASR... Epoch: 1, Walltime: 20.053065 CPU time: 109.256409
2026-07-27 01:00:53,775 - Evaluate - INFO - ASR Module... Epoch: 1, RSS: 3.36 GB
2026-07-27 01:00:53,776 - Evaluate - INFO - ASR... Epoch: 1, Walltime: 20.311583 CPU time: 112.512000
2026-07-27 01:01:15,518 - Evaluate - INFO - ASR Module... Epoch: 1, RSS: 3.36 GB
2026-07-27 01:01:15,519 - Evaluate - INFO - ASR... Epoch: 1, Walltime: 21.738851 CPU time: 116.291178
2026-07-27 01:01:36,302 - Evaluate - INFO - ASR Module... Epoch: 1, RSS: 3.36 GB
2026-07-27 01:01:36,303 - Evaluate - INFO - ASR... Epoch: 1, Walltime: 20.779627 CPU time: 114.278341
2026-07-27 01:02:02,083 - Evaluate - INFO - ASR Module... Epoch: 1, RSS: 3.36 GB
2026-07-27 01:02:02,084 - Evaluate - INFO - ASR... Epoch: 1, Walltime: 25.775240 CPU time: 115.830927
2026-07-27 01:02:26,772 - Evaluate - INFO - ASR Module... Epoch: 1, RSS: 3.36 GB
2026-07-27 01:02:26,773 - Evaluate - INFO - ASR... Epoch: 1, Walltime: 24.684084 CPU time: 120.922318
2026-07-27 01:02:47,644 - Evaluate - INFO - ASR Module... Epoch: 1, RSS: 3.36 GB
2026-07-27 01:02:47,645 - Evaluate - INFO - ASR... Epoch: 1, Walltime: 20.866192 CPU time: 113.528126
2026-07-27 01:03:13,702 - Evaluate - INFO - ASR Module... Epoch: 1, RSS: 3.36 GB
2026-07-27 01:03:13,704 - Evaluate - INFO - ASR... Epoch: 1, Walltime: 26.051900 CPU time: 134.971916
2026-07-27 01:03:33,834 - Evaluate - INFO - ASR Module... Epoch: 1, RSS: 3.36 GB
2026-07-27 01:03:33,835 - Evaluate - INFO - ASR... Epoch: 1, Walltime: 20.125664 CPU time: 110.678771
2026-07-27 01:03:54,068 - Evaluate - INFO - ASR Module... Epoch: 1, RSS: 3.36 GB
2026-07-27 01:03:54,069 - Evaluate - INFO - ASR... Epoch: 1, Walltime: 20.229671 CPU time: 110.652812
2026-07-27 01:04:15,378 - Evaluate - INFO - ASR Module... Epoch: 1, RSS: 3.36 GB
2026-07-27 01:04:15,379 - Evaluate - INFO - ASR... Epoch: 1, Walltime: 21.305478 CPU time: 117.513557
2026-07-27 01:04:38,007 - Evaluate - INFO - ASR Module... Epoch: 1, RSS: 3.36 GB
2026-07-27 01:04:38,009 - Evaluate - INFO - ASR... Epoch: 1, Walltime: 22.623709 CPU time: 122.732814
2026-07-27 01:05:00,491 - Evaluate - INFO - ASR Module... Epoch: 1, RSS: 3.36 GB
2026-07-27 01:05:00,492 - Evaluate - INFO - ASR... Epoch: 1, Walltime: 22.479107 CPU time: 122.801679
2026-07-27 01:05:25,425 - Evaluate - INFO - ASR Module... Epoch: 1, RSS: 3.36 GB
2026-07-27 01:05:25,426 - Evaluate - INFO - ASR... Epoch: 1, Walltime: 24.927071 CPU time: 136.123818
2026-07-27 01:05:46,529 - Evaluate - INFO - ASR Module... Epoch: 1, RSS: 3.36 GB
2026-07-27 01:05:46,530 - Evaluate - INFO - ASR... Epoch: 1, Walltime: 21.098580 CPU time: 114.582869
2026-07-27 01:06:08,939 - Evaluate - INFO - ASR Module... Epoch: 1, RSS: 3.36 GB
2026-07-27 01:06:08,940 - Evaluate - INFO - ASR... Epoch: 1, Walltime: 22.404454 CPU time: 120.131463
2026-07-27 01:06:29,698 - Evaluate - INFO - ASR Module... Epoch: 1, RSS: 3.36 GB
2026-07-27 01:06:29,699 - Evaluate - INFO - ASR... Epoch: 1, Walltime: 20.753190 CPU time: 113.554301
2026-07-27 01:06:53,352 - Evaluate - INFO - ASR Module... Epoch: 1, RSS: 3.36 GB
2026-07-27 01:06:53,353 - Evaluate - INFO - ASR... Epoch: 1, Walltime: 23.648129 CPU time: 130.295632
2026-07-27 01:07:14,123 - Evaluate - INFO - ASR Module... Epoch: 1, RSS: 3.36 GB
2026-07-27 01:07:14,125 - Evaluate - INFO - ASR... Epoch: 1, Walltime: 20.765687 CPU time: 115.419410
2026-07-27 01:07:37,731 - Evaluate - INFO - ASR Module... Epoch: 1, RSS: 3.36 GB
2026-07-27 01:07:37,733 - Evaluate - INFO - ASR... Epoch: 1, Walltime: 23.601326 CPU time: 129.044226
2026-07-27 01:07:59,552 - Evaluate - INFO - ASR Module... Epoch: 1, RSS: 3.36 GB
2026-07-27 01:07:59,553 - Evaluate - INFO - ASR... Epoch: 1, Walltime: 21.814594 CPU time: 117.245083
2026-07-27 01:08:25,135 - Evaluate - INFO - ASR Module... Epoch: 1, RSS: 3.36 GB
2026-07-27 01:08:25,136 - Evaluate - INFO - ASR... Epoch: 1, Walltime: 25.576390 CPU time: 134.803477
2026-07-27 01:08:50,422 - Evaluate - INFO - ASR Module... Epoch: 1, RSS: 3.36 GB
2026-07-27 01:08:50,423 - Evaluate - INFO - ASR... Epoch: 1, Walltime: 25.280476 CPU time: 118.592595
2026-07-27 01:09:15,649 - Evaluate - INFO - ASR Module... Epoch: 1, RSS: 3.33 GB
2026-07-27 01:09:15,650 - Evaluate - INFO - ASR... Epoch: 1, Walltime: 25.219176 CPU time: 138.147716
2026-07-27 01:09:37,009 - Evaluate - INFO - ASR Module... Epoch: 1, RSS: 3.33 GB
2026-07-27 01:09:37,010 - Evaluate - INFO - ASR... Epoch: 1, Walltime: 21.353973 CPU time: 118.457962
2026-07-27 01:09:59,756 - Evaluate - INFO - ASR Module... Epoch: 1, RSS: 3.34 GB
2026-07-27 01:09:59,757 - Evaluate - INFO - ASR... Epoch: 1, Walltime: 22.739453 CPU time: 125.962116
2026-07-27 01:10:22,584 - Evaluate - INFO - ASR Module... Epoch: 1, RSS: 3.34 GB
2026-07-27 01:10:22,585 - Evaluate - INFO - ASR... Epoch: 1, Walltime: 22.822040 CPU time: 125.769133
2026-07-27 01:10:43,035 - Evaluate - INFO - ASR Module... Epoch: 1, RSS: 3.34 GB
2026-07-27 01:10:43,037 - Evaluate - INFO - ASR... Epoch: 1, Walltime: 20.445259 CPU time: 110.671736
2026-07-27 01:11:04,515 - Evaluate - INFO - ASR Module... Epoch: 1, RSS: 3.34 GB
2026-07-27 01:11:04,517 - Evaluate - INFO - ASR... Epoch: 1, Walltime: 21.474652 CPU time: 118.686715
2026-07-27 01:11:26,200 - Evaluate - INFO - ASR Module... Epoch: 1, RSS: 3.34 GB
2026-07-27 01:11:26,201 - Evaluate - INFO - ASR... Epoch: 1, Walltime: 21.677431 CPU time: 119.031322
2026-07-27 01:11:51,584 - Evaluate - INFO - ASR Module... Epoch: 1, RSS: 3.34 GB
2026-07-27 01:11:51,585 - Evaluate - INFO - ASR... Epoch: 1, Walltime: 25.377847 CPU time: 138.945734
2026-07-27 01:12:13,683 - Evaluate - INFO - ASR Module... Epoch: 1, RSS: 3.34 GB
2026-07-27 01:12:13,684 - Evaluate - INFO - ASR... Epoch: 1, Walltime: 22.090309 CPU time: 121.310921
2026-07-27 01:12:36,095 - Evaluate - INFO - ASR Module... Epoch: 1, RSS: 3.34 GB
2026-07-27 01:12:36,097 - Evaluate - INFO - ASR... Epoch: 1, Walltime: 22.407126 CPU time: 122.888889
2026-07-27 01:12:59,108 - Evaluate - INFO - ASR Module... Epoch: 1, RSS: 3.34 GB
2026-07-27 01:12:59,109 - Evaluate - INFO - ASR... Epoch: 1, Walltime: 23.004904 CPU time: 127.204452
2026-07-27 01:13:21,512 - Evaluate - INFO - ASR Module... Epoch: 1, RSS: 3.34 GB
2026-07-27 01:13:21,513 - Evaluate - INFO - ASR... Epoch: 1, Walltime: 22.397075 CPU time: 122.617184
2026-07-27 01:13:43,876 - Evaluate - INFO - ASR Module... Epoch: 1, RSS: 3.34 GB
2026-07-27 01:13:43,877 - Evaluate - INFO - ASR... Epoch: 1, Walltime: 22.359166 CPU time: 118.898038
2026-07-27 01:14:03,473 - Evaluate - INFO - ASR Module... Epoch: 1, RSS: 3.34 GB
2026-07-27 01:14:03,474 - Evaluate - INFO - ASR... Epoch: 1, Walltime: 19.591981 CPU time: 108.820716
2026-07-27 01:14:24,596 - Evaluate - INFO - ASR Module... Epoch: 1, RSS: 3.34 GB
2026-07-27 01:14:24,597 - Evaluate - INFO - ASR... Epoch: 1, Walltime: 21.118534 CPU time: 116.157206
2026-07-27 01:14:43,755 - Evaluate - INFO - ASR Module... Epoch: 1, RSS: 3.34 GB
2026-07-27 01:14:43,756 - Evaluate - INFO - ASR... Epoch: 1, Walltime: 19.154321 CPU time: 106.272860
2026-07-27 01:15:02,765 - Evaluate - INFO - ASR Module... Epoch: 1, RSS: 3.34 GB
2026-07-27 01:15:02,767 - Evaluate - INFO - ASR... Epoch: 1, Walltime: 19.006494 CPU time: 106.156772
2026-07-27 01:15:23,605 - Evaluate - INFO - ASR Module... Epoch: 1, RSS: 3.34 GB
2026-07-27 01:15:23,607 - Evaluate - INFO - ASR... Epoch: 1, Walltime: 20.835476 CPU time: 113.674617
2026-07-27 01:15:44,584 - Evaluate - INFO - ASR Module... Epoch: 1, RSS: 3.34 GB
2026-07-27 01:15:44,585 - Evaluate - INFO - ASR... Epoch: 1, Walltime: 20.972043 CPU time: 114.941305
2026-07-27 01:16:05,006 - Evaluate - INFO - ASR Module... Epoch: 1, RSS: 3.34 GB
2026-07-27 01:16:05,007 - Evaluate - INFO - ASR... Epoch: 1, Walltime: 20.417482 CPU time: 113.377115
2026-07-27 01:16:26,737 - Evaluate - INFO - ASR Module... Epoch: 1, RSS: 3.34 GB
2026-07-27 01:16:26,738 - Evaluate - INFO - ASR... Epoch: 1, Walltime: 21.726021 CPU time: 120.072719
2026-07-27 01:16:46,210 - Evaluate - INFO - ASR Module... Epoch: 1, RSS: 3.34 GB
2026-07-27 01:16:46,211 - Evaluate - INFO - ASR... Epoch: 1, Walltime: 19.468041 CPU time: 108.402402
2026-07-27 01:17:06,746 - Evaluate - INFO - ASR Module... Epoch: 1, RSS: 3.34 GB
2026-07-27 01:17:06,747 - Evaluate - INFO - ASR... Epoch: 1, Walltime: 20.530653 CPU time: 112.949921
2026-07-27 01:17:26,864 - Evaluate - INFO - ASR Module... Epoch: 1, RSS: 3.34 GB
2026-07-27 01:17:26,865 - Evaluate - INFO - ASR... Epoch: 1, Walltime: 20.114422 CPU time: 110.177443
2026-07-27 01:17:46,754 - Evaluate - INFO - ASR Module... Epoch: 1, RSS: 3.34 GB
2026-07-27 01:17:46,755 - Evaluate - INFO - ASR... Epoch: 1, Walltime: 19.885974 CPU time: 108.895249
2026-07-27 01:18:07,198 - Evaluate - INFO - ASR Module... Epoch: 1, RSS: 3.34 GB
2026-07-27 01:18:07,199 - Evaluate - INFO - ASR... Epoch: 1, Walltime: 20.440277 CPU time: 113.139609
2026-07-27 01:18:26,752 - Evaluate - INFO - ASR Module... Epoch: 1, RSS: 3.34 GB
2026-07-27 01:18:26,753 - Evaluate - INFO - ASR... Epoch: 1, Walltime: 19.549144 CPU time: 108.171830
2026-07-27 01:18:46,638 - Evaluate - INFO - ASR Module... Epoch: 1, RSS: 3.34 GB
2026-07-27 01:18:46,639 - Evaluate - INFO - ASR... Epoch: 1, Walltime: 19.881895 CPU time: 110.587117
2026-07-27 01:19:06,100 - Evaluate - INFO - ASR Module... Epoch: 1, RSS: 3.34 GB
2026-07-27 01:19:06,101 - Evaluate - INFO - ASR... Epoch: 1, Walltime: 19.457608 CPU time: 107.697701
2026-07-27 01:19:26,460 - Evaluate - INFO - ASR Module... Epoch: 1, RSS: 3.34 GB
2026-07-27 01:19:26,461 - Evaluate - INFO - ASR... Epoch: 1, Walltime: 20.355016 CPU time: 110.468197
2026-07-27 01:19:47,587 - Evaluate - INFO - ASR Module... Epoch: 1, RSS: 3.34 GB
2026-07-27 01:19:47,589 - Evaluate - INFO - ASR... Epoch: 1, Walltime: 21.123293 CPU time: 115.678235
2026-07-27 01:20:08,599 - Evaluate - INFO - ASR Module... Epoch: 1, RSS: 3.34 GB
2026-07-27 01:20:08,600 - Evaluate - INFO - ASR... Epoch: 1, Walltime: 21.005792 CPU time: 113.612913
2026-07-27 01:20:28,103 - Evaluate - INFO - ASR Module... Epoch: 1, RSS: 3.34 GB
2026-07-27 01:20:28,105 - Evaluate - INFO - ASR... Epoch: 1, Walltime: 19.500192 CPU time: 107.608571
2026-07-27 01:20:48,233 - Evaluate - INFO - ASR Module... Epoch: 1, RSS: 3.34 GB
2026-07-27 01:20:48,234 - Evaluate - INFO - ASR... Epoch: 1, Walltime: 20.125413 CPU time: 108.969907
2026-07-27 01:21:08,292 - Evaluate - INFO - ASR Module... Epoch: 1, RSS: 3.34 GB
2026-07-27 01:21:08,293 - Evaluate - INFO - ASR... Epoch: 1, Walltime: 20.054834 CPU time: 110.781734
2026-07-27 01:21:29,210 - Evaluate - INFO - ASR Module... Epoch: 1, RSS: 3.34 GB
2026-07-27 01:21:29,211 - Evaluate - INFO - ASR... Epoch: 1, Walltime: 20.913170 CPU time: 113.862746
2026-07-27 01:21:50,864 - Evaluate - INFO - ASR Module... Epoch: 1, RSS: 3.34 GB
2026-07-27 01:21:50,865 - Evaluate - INFO - ASR... Epoch: 1, Walltime: 21.649490 CPU time: 119.405302
2026-07-27 01:22:11,436 - Evaluate - INFO - ASR Module... Epoch: 1, RSS: 3.34 GB
2026-07-27 01:22:11,437 - Evaluate - INFO - ASR... Epoch: 1, Walltime: 20.567165 CPU time: 114.063288
2026-07-27 01:22:31,759 - Evaluate - INFO - ASR Module... Epoch: 1, RSS: 3.34 GB
2026-07-27 01:22:31,760 - Evaluate - INFO - ASR... Epoch: 1, Walltime: 20.319045 CPU time: 112.458473
2026-07-27 01:22:51,615 - Evaluate - INFO - ASR Module... Epoch: 1, RSS: 3.34 GB
2026-07-27 01:22:51,617 - Evaluate - INFO - ASR... Epoch: 1, Walltime: 19.852041 CPU time: 109.794973
2026-07-27 01:23:13,487 - Evaluate - INFO - ASR Module... Epoch: 1, RSS: 3.34 GB
2026-07-27 01:23:13,488 - Evaluate - INFO - ASR... Epoch: 1, Walltime: 21.866566 CPU time: 106.575449
2026-07-27 01:23:34,211 - Evaluate - INFO - ASR Module... Epoch: 1, RSS: 3.34 GB
2026-07-27 01:23:34,212 - Evaluate - INFO - ASR... Epoch: 1, Walltime: 20.719056 CPU time: 113.200625
2026-07-27 01:23:54,577 - Evaluate - INFO - ASR Module... Epoch: 1, RSS: 3.34 GB
2026-07-27 01:23:54,579 - Evaluate - INFO - ASR... Epoch: 1, Walltime: 20.362714 CPU time: 109.354299
2026-07-27 01:24:15,206 - Evaluate - INFO - ASR Module... Epoch: 1, RSS: 3.34 GB
2026-07-27 01:24:15,207 - Evaluate - INFO - ASR... Epoch: 1, Walltime: 20.622598 CPU time: 111.358942
2026-07-27 01:24:35,703 - Evaluate - INFO - ASR Module... Epoch: 1, RSS: 3.34 GB
2026-07-27 01:24:35,704 - Evaluate - INFO - ASR... Epoch: 1, Walltime: 20.491343 CPU time: 112.456300
2026-07-27 01:24:57,375 - Evaluate - INFO - ASR Module... Epoch: 1, RSS: 3.34 GB
2026-07-27 01:24:57,376 - Evaluate - INFO - ASR... Epoch: 1, Walltime: 21.667876 CPU time: 109.291068
2026-07-27 01:25:17,954 - Evaluate - INFO - ASR Module... Epoch: 1, RSS: 3.34 GB
2026-07-27 01:25:17,955 - Evaluate - INFO - ASR... Epoch: 1, Walltime: 20.574528 CPU time: 113.761456
2026-07-27 01:25:38,439 - Evaluate - INFO - ASR Module... Epoch: 1, RSS: 3.34 GB
2026-07-27 01:25:38,439 - Evaluate - INFO - ASR... Epoch: 1, Walltime: 20.480285 CPU time: 110.162867
2026-07-27 01:25:58,694 - Evaluate - INFO - ASR Module... Epoch: 1, RSS: 3.34 GB
2026-07-27 01:25:58,696 - Evaluate - INFO - ASR... Epoch: 1, Walltime: 20.252608 CPU time: 110.583655
2026-07-27 01:26:22,210 - Evaluate - INFO - ASR Module... Epoch: 1, RSS: 3.34 GB
2026-07-27 01:26:22,211 - Evaluate - INFO - ASR... Epoch: 1, Walltime: 23.508765 CPU time: 127.726064
2026-07-27 01:26:43,811 - Evaluate - INFO - ASR Module... Epoch: 1, RSS: 3.34 GB
2026-07-27 01:26:43,812 - Evaluate - INFO - ASR... Epoch: 1, Walltime: 21.595215 CPU time: 118.975035
2026-07-27 01:27:04,384 - Evaluate - INFO - ASR Module... Epoch: 1, RSS: 3.34 GB
2026-07-27 01:27:04,386 - Evaluate - INFO - ASR... Epoch: 1, Walltime: 20.569317 CPU time: 111.173826
2026-07-27 01:27:24,298 - Evaluate - INFO - ASR Module... Epoch: 1, RSS: 3.34 GB
2026-07-27 01:27:24,299 - Evaluate - INFO - ASR... Epoch: 1, Walltime: 19.909169 CPU time: 110.310933
2026-07-27 01:27:44,432 - Evaluate - INFO - ASR Module... Epoch: 1, RSS: 3.34 GB
2026-07-27 01:27:44,433 - Evaluate - INFO - ASR... Epoch: 1, Walltime: 20.128108 CPU time: 107.750666
2026-07-27 01:28:06,417 - Evaluate - INFO - ASR Module... Epoch: 1, RSS: 3.34 GB
2026-07-27 01:28:06,418 - Evaluate - INFO - ASR... Epoch: 1, Walltime: 21.980818 CPU time: 115.532316
2026-07-27 01:28:29,229 - Evaluate - INFO - ASR Module... Epoch: 1, RSS: 3.34 GB
2026-07-27 01:28:29,230 - Evaluate - INFO - ASR... Epoch: 1, Walltime: 22.806153 CPU time: 122.370270
2026-07-27 01:28:48,510 - Evaluate - INFO - ASR Module... Epoch: 1, RSS: 3.34 GB
2026-07-27 01:28:48,511 - Evaluate - INFO - ASR... Epoch: 1, Walltime: 19.276093 CPU time: 106.730763
2026-07-27 01:29:10,930 - Evaluate - INFO - ASR Module... Epoch: 1, RSS: 3.34 GB
2026-07-27 01:29:10,931 - Evaluate - INFO - ASR... Epoch: 1, Walltime: 22.414951 CPU time: 122.987602
2026-07-27 01:29:31,453 - Evaluate - INFO - ASR Module... Epoch: 1, RSS: 3.34 GB
2026-07-27 01:29:31,454 - Evaluate - INFO - ASR... Epoch: 1, Walltime: 20.517755 CPU time: 112.632328
2026-07-27 01:29:53,984 - Evaluate - INFO - ASR Module... Epoch: 1, RSS: 3.34 GB
2026-07-27 01:29:53,985 - Evaluate - INFO - ASR... Epoch: 1, Walltime: 22.524979 CPU time: 121.022858
2026-07-27 01:30:15,339 - Evaluate - INFO - ASR Module... Epoch: 1, RSS: 3.34 GB
2026-07-27 01:30:15,341 - Evaluate - INFO - ASR... Epoch: 1, Walltime: 21.350005 CPU time: 117.714939
2026-07-27 01:30:36,735 - Evaluate - INFO - ASR Module... Epoch: 1, RSS: 3.34 GB
2026-07-27 01:30:36,736 - Evaluate - INFO - ASR... Epoch: 1, Walltime: 21.389424 CPU time: 117.732585
2026-07-27 01:30:56,826 - Evaluate - INFO - ASR Module... Epoch: 1, RSS: 3.34 GB
2026-07-27 01:30:56,827 - Evaluate - INFO - ASR... Epoch: 1, Walltime: 20.086109 CPU time: 111.094120
2026-07-27 01:31:17,318 - Evaluate - INFO - ASR Module... Epoch: 1, RSS: 3.34 GB
2026-07-27 01:31:17,319 - Evaluate - INFO - ASR... Epoch: 1, Walltime: 20.488350 CPU time: 112.732042
2026-07-27 01:31:38,594 - Evaluate - INFO - ASR Module... Epoch: 1, RSS: 3.34 GB
2026-07-27 01:31:38,594 - Evaluate - INFO - ASR... Epoch: 1, Walltime: 21.269974 CPU time: 114.968771
2026-07-27 01:31:57,497 - Evaluate - INFO - ASR Module... Epoch: 1, RSS: 3.34 GB
2026-07-27 01:31:57,498 - Evaluate - INFO - ASR... Epoch: 1, Walltime: 18.899728 CPU time: 105.145484
2026-07-27 01:32:20,367 - Evaluate - INFO - ASR Module... Epoch: 1, RSS: 3.34 GB
2026-07-27 01:32:20,367 - Evaluate - INFO - ASR... Epoch: 1, Walltime: 22.863590 CPU time: 124.181523
2026-07-27 01:32:41,330 - Evaluate - INFO - ASR Module... Epoch: 1, RSS: 3.34 GB
2026-07-27 01:32:41,331 - Evaluate - INFO - ASR... Epoch: 1, Walltime: 20.958502 CPU time: 115.662394
2026-07-27 01:33:02,248 - Evaluate - INFO - ASR Module... Epoch: 1, RSS: 3.34 GB
2026-07-27 01:33:02,249 - Evaluate - INFO - ASR... Epoch: 1, Walltime: 20.912445 CPU time: 110.155553
2026-07-27 01:33:25,004 - Evaluate - INFO - ASR Module... Epoch: 1, RSS: 3.34 GB
2026-07-27 01:33:25,005 - Evaluate - INFO - ASR... Epoch: 1, Walltime: 22.749588 CPU time: 123.354978
2026-07-27 01:33:48,071 - Evaluate - INFO - ASR Module... Epoch: 1, RSS: 3.34 GB
2026-07-27 01:33:48,072 - Evaluate - INFO - ASR... Epoch: 1, Walltime: 23.061895 CPU time: 125.023587
2026-07-27 01:34:09,610 - Evaluate - INFO - ASR Module... Epoch: 1, RSS: 3.34 GB
2026-07-27 01:34:09,611 - Evaluate - INFO - ASR... Epoch: 1, Walltime: 21.531988 CPU time: 114.692429
2026-07-27 01:34:30,292 - Evaluate - INFO - ASR Module... Epoch: 1, RSS: 3.34 GB
2026-07-27 01:34:30,293 - Evaluate - INFO - ASR... Epoch: 1, Walltime: 20.676390 CPU time: 114.078440
2026-07-27 01:34:54,833 - Evaluate - INFO - ASR Module... Epoch: 1, RSS: 3.34 GB
2026-07-27 01:34:54,834 - Evaluate - INFO - ASR... Epoch: 1, Walltime: 24.535338 CPU time: 131.589631
2026-07-27 01:35:14,177 - Evaluate - INFO - ASR Module... Epoch: 1, RSS: 3.34 GB
2026-07-27 01:35:14,178 - Evaluate - INFO - ASR... Epoch: 1, Walltime: 19.337404 CPU time: 107.201453
2026-07-27 01:35:36,944 - Evaluate - INFO - ASR Module... Epoch: 1, RSS: 3.34 GB
2026-07-27 01:35:36,945 - Evaluate - INFO - ASR... Epoch: 1, Walltime: 22.762847 CPU time: 120.517433
2026-07-27 01:35:58,703 - Evaluate - INFO - ASR Module... Epoch: 1, RSS: 3.34 GB
2026-07-27 01:35:58,704 - Evaluate - INFO - ASR... Epoch: 1, Walltime: 21.750532 CPU time: 117.782841
2026-07-27 01:36:20,842 - Evaluate - INFO - ASR Module... Epoch: 1, RSS: 3.34 GB
2026-07-27 01:36:20,843 - Evaluate - INFO - ASR... Epoch: 1, Walltime: 22.134515 CPU time: 119.978520
2026-07-27 01:36:42,079 - Evaluate - INFO - ASR Module... Epoch: 1, RSS: 3.34 GB
2026-07-27 01:36:42,080 - Evaluate - INFO - ASR... Epoch: 1, Walltime: 21.231310 CPU time: 113.934843
2026-07-27 01:37:05,989 - Evaluate - INFO - ASR Module... Epoch: 1, RSS: 3.34 GB
2026-07-27 01:37:05,990 - Evaluate - INFO - ASR... Epoch: 1, Walltime: 23.902446 CPU time: 130.743564
2026-07-27 01:37:27,064 - Evaluate - INFO - ASR Module... Epoch: 1, RSS: 3.34 GB
2026-07-27 01:37:27,065 - Evaluate - INFO - ASR... Epoch: 1, Walltime: 21.069091 CPU time: 115.972573
2026-07-27 01:37:50,663 - Evaluate - INFO - ASR Module... Epoch: 1, RSS: 3.34 GB
2026-07-27 01:37:50,664 - Evaluate - INFO - ASR... Epoch: 1, Walltime: 23.592515 CPU time: 128.981160
2026-07-27 01:38:10,997 - Evaluate - INFO - ASR Module... Epoch: 1, RSS: 3.34 GB
2026-07-27 01:38:10,998 - Evaluate - INFO - ASR... Epoch: 1, Walltime: 20.329863 CPU time: 112.568717
2026-07-27 01:38:32,685 - Evaluate - INFO - ASR Module... Epoch: 1, RSS: 3.34 GB
2026-07-27 01:38:32,686 - Evaluate - INFO - ASR... Epoch: 1, Walltime: 21.683727 CPU time: 117.671470
2026-07-27 01:38:53,934 - Evaluate - INFO - ASR Module... Epoch: 1, RSS: 3.34 GB
2026-07-27 01:38:53,935 - Evaluate - INFO - ASR... Epoch: 1, Walltime: 21.244249 CPU time: 115.977563
2026-07-27 01:39:17,901 - Evaluate - INFO - ASR Module... Epoch: 1, RSS: 3.34 GB
2026-07-27 01:39:17,902 - Evaluate - INFO - ASR... Epoch: 1, Walltime: 23.960742 CPU time: 131.610136
2026-07-27 01:39:39,928 - Evaluate - INFO - ASR Module... Epoch: 1, RSS: 3.34 GB
2026-07-27 01:39:39,929 - Evaluate - INFO - ASR... Epoch: 1, Walltime: 22.021635 CPU time: 121.283212
2026-07-27 01:40:00,353 - Evaluate - INFO - ASR Module... Epoch: 1, RSS: 3.34 GB
2026-07-27 01:40:00,354 - Evaluate - INFO - ASR... Epoch: 1, Walltime: 20.420748 CPU time: 113.270928
2026-07-27 01:40:27,373 - Evaluate - INFO - ASR Module... Epoch: 1, RSS: 3.33 GB
2026-07-27 01:40:27,374 - Evaluate - INFO - ASR... Epoch: 1, Walltime: 27.010776 CPU time: 144.937120
2026-07-27 01:40:53,709 - Evaluate - INFO - ASR Module... Epoch: 1, RSS: 3.33 GB
2026-07-27 01:40:53,710 - Evaluate - INFO - ASR... Epoch: 1, Walltime: 26.328394 CPU time: 142.111860
2026-07-27 01:41:22,091 - Evaluate - INFO - ASR Module... Epoch: 1, RSS: 3.33 GB
2026-07-27 01:41:22,092 - Evaluate - INFO - ASR... Epoch: 1, Walltime: 28.373028 CPU time: 151.933267
2026-07-27 01:41:45,946 - Evaluate - INFO - ASR Module... Epoch: 1, RSS: 3.33 GB
2026-07-27 01:41:45,947 - Evaluate - INFO - ASR... Epoch: 1, Walltime: 23.846352 CPU time: 127.274098
2026-07-27 01:42:13,482 - Evaluate - INFO - ASR Module... Epoch: 1, RSS: 3.33 GB
2026-07-27 01:42:13,483 - Evaluate - INFO - ASR... Epoch: 1, Walltime: 27.527136 CPU time: 148.038864
2026-07-27 01:42:37,067 - Evaluate - INFO - ASR Module... Epoch: 1, RSS: 3.33 GB
2026-07-27 01:42:37,068 - Evaluate - INFO - ASR... Epoch: 1, Walltime: 23.576840 CPU time: 128.531787
2026-07-27 01:43:00,522 - Evaluate - INFO - ASR Module... Epoch: 1, RSS: 3.33 GB
2026-07-27 01:43:00,523 - Evaluate - INFO - ASR... Epoch: 1, Walltime: 23.447170 CPU time: 126.479257
2026-07-27 01:43:20,916 - Evaluate - INFO - ASR Module... Epoch: 1, RSS: 3.33 GB
2026-07-27 01:43:20,917 - Evaluate - INFO - ASR... Epoch: 1, Walltime: 20.389557 CPU time: 107.330467
2026-07-27 01:43:43,759 - Evaluate - INFO - ASR Module... Epoch: 1, RSS: 3.33 GB
2026-07-27 01:43:43,760 - Evaluate - INFO - ASR... Epoch: 1, Walltime: 22.837591 CPU time: 119.771299
2026-07-27 01:44:03,797 - Evaluate - INFO - ASR Module... Epoch: 1, RSS: 3.33 GB
2026-07-27 01:44:03,798 - Evaluate - INFO - ASR... Epoch: 1, Walltime: 20.032927 CPU time: 111.215760
2026-07-27 01:44:23,821 - Evaluate - INFO - ASR Module... Epoch: 1, RSS: 3.33 GB
2026-07-27 01:44:23,822 - Evaluate - INFO - ASR... Epoch: 1, Walltime: 20.019841 CPU time: 110.557998
2026-07-27 01:44:43,123 - Evaluate - INFO - ASR Module... Epoch: 1, RSS: 3.33 GB
2026-07-27 01:44:43,124 - Evaluate - INFO - ASR... Epoch: 1, Walltime: 19.297971 CPU time: 106.473781
2026-07-27 01:45:03,149 - Evaluate - INFO - ASR Module... Epoch: 1, RSS: 3.33 GB
2026-07-27 01:45:03,150 - Evaluate - INFO - ASR... Epoch: 1, Walltime: 20.021392 CPU time: 110.000762
2026-07-27 01:45:23,529 - Evaluate - INFO - ASR Module... Epoch: 1, RSS: 3.33 GB
2026-07-27 01:45:23,530 - Evaluate - INFO - ASR... Epoch: 1, Walltime: 20.375518 CPU time: 112.090410
2026-07-27 01:45:43,781 - Evaluate - INFO - ASR Module... Epoch: 1, RSS: 3.33 GB
2026-07-27 01:45:43,782 - Evaluate - INFO - ASR... Epoch: 1, Walltime: 20.248217 CPU time: 111.987203
2026-07-27 01:46:03,319 - Evaluate - INFO - ASR Module... Epoch: 1, RSS: 3.33 GB
2026-07-27 01:46:03,321 - Evaluate - INFO - ASR... Epoch: 1, Walltime: 19.532841 CPU time: 108.809334
2026-07-27 01:46:22,921 - Evaluate - INFO - ASR Module... Epoch: 1, RSS: 3.33 GB
2026-07-27 01:46:22,922 - Evaluate - INFO - ASR... Epoch: 1, Walltime: 19.597024 CPU time: 109.002277
2026-07-27 01:46:42,636 - Evaluate - INFO - ASR Module... Epoch: 1, RSS: 3.33 GB
2026-07-27 01:46:42,637 - Evaluate - INFO - ASR... Epoch: 1, Walltime: 19.709826 CPU time: 109.895727
2026-07-27 01:47:02,378 - Evaluate - INFO - ASR Module... Epoch: 1, RSS: 3.33 GB
2026-07-27 01:47:02,379 - Evaluate - INFO - ASR... Epoch: 1, Walltime: 19.737229 CPU time: 109.333248
2026-07-27 01:47:23,282 - Evaluate - INFO - ASR Module... Epoch: 1, RSS: 3.33 GB
2026-07-27 01:47:23,283 - Evaluate - INFO - ASR... Epoch: 1, Walltime: 20.899857 CPU time: 115.187764
2026-07-27 01:47:44,834 - Evaluate - INFO - ASR Module... Epoch: 1, RSS: 3.33 GB
2026-07-27 01:47:44,835 - Evaluate - INFO - ASR... Epoch: 1, Walltime: 21.547671 CPU time: 115.355648
2026-07-27 01:48:08,668 - Evaluate - INFO - ASR Module... Epoch: 1, RSS: 3.33 GB
2026-07-27 01:48:08,668 - Evaluate - INFO - ASR... Epoch: 1, Walltime: 23.826965 CPU time: 121.053025
2026-07-27 01:48:29,245 - Evaluate - INFO - ASR Module... Epoch: 1, RSS: 3.33 GB
2026-07-27 01:48:29,247 - Evaluate - INFO - ASR... Epoch: 1, Walltime: 20.573557 CPU time: 112.881047
2026-07-27 01:48:49,074 - Evaluate - INFO - ASR Module... Epoch: 1, RSS: 3.33 GB
2026-07-27 01:48:49,075 - Evaluate - INFO - ASR... Epoch: 1, Walltime: 19.823218 CPU time: 110.218661
2026-07-27 01:49:09,160 - Evaluate - INFO - ASR Module... Epoch: 1, RSS: 3.33 GB
2026-07-27 01:49:09,161 - Evaluate - INFO - ASR... Epoch: 1, Walltime: 20.081548 CPU time: 111.490502
2026-07-27 01:49:30,699 - Evaluate - INFO - ASR Module... Epoch: 1, RSS: 3.33 GB
2026-07-27 01:49:30,701 - Evaluate - INFO - ASR... Epoch: 1, Walltime: 21.534026 CPU time: 118.570574
2026-07-27 01:49:50,491 - Evaluate - INFO - ASR Module... Epoch: 1, RSS: 3.33 GB
2026-07-27 01:49:50,492 - Evaluate - INFO - ASR... Epoch: 1, Walltime: 19.784791 CPU time: 108.113265
2026-07-27 01:50:09,727 - Evaluate - INFO - ASR Module... Epoch: 1, RSS: 3.33 GB
2026-07-27 01:50:09,728 - Evaluate - INFO - ASR... Epoch: 1, Walltime: 19.233208 CPU time: 107.129281
2026-07-27 01:50:30,209 - Evaluate - INFO - ASR Module... Epoch: 1, RSS: 3.33 GB
2026-07-27 01:50:30,210 - Evaluate - INFO - ASR... Epoch: 1, Walltime: 20.477711 CPU time: 111.718324
2026-07-27 01:50:51,928 - Evaluate - INFO - ASR Module... Epoch: 1, RSS: 3.33 GB
2026-07-27 01:50:51,930 - Evaluate - INFO - ASR... Epoch: 1, Walltime: 21.714412 CPU time: 118.743136
2026-07-27 01:51:13,130 - Evaluate - INFO - ASR Module... Epoch: 1, RSS: 3.33 GB
2026-07-27 01:51:13,131 - Evaluate - INFO - ASR... Epoch: 1, Walltime: 21.196464 CPU time: 116.272151
2026-07-27 01:51:33,794 - Evaluate - INFO - ASR Module... Epoch: 1, RSS: 3.33 GB
2026-07-27 01:51:33,795 - Evaluate - INFO - ASR... Epoch: 1, Walltime: 20.658350 CPU time: 111.016127
2026-07-27 01:51:54,927 - Evaluate - INFO - ASR Module... Epoch: 1, RSS: 3.33 GB
2026-07-27 01:51:54,928 - Evaluate - INFO - ASR... Epoch: 1, Walltime: 21.129819 CPU time: 116.370432
2026-07-27 01:52:15,033 - Evaluate - INFO - ASR Module... Epoch: 1, RSS: 3.33 GB
2026-07-27 01:52:15,034 - Evaluate - INFO - ASR... Epoch: 1, Walltime: 20.100856 CPU time: 111.558458
2026-07-27 01:52:34,831 - Evaluate - INFO - ASR Module... Epoch: 1, RSS: 3.33 GB
2026-07-27 01:52:34,832 - Evaluate - INFO - ASR... Epoch: 1, Walltime: 19.793175 CPU time: 105.658360
2026-07-27 01:52:54,966 - Evaluate - INFO - ASR Module... Epoch: 1, RSS: 3.33 GB
2026-07-27 01:52:54,967 - Evaluate - INFO - ASR... Epoch: 1, Walltime: 20.130974 CPU time: 111.135052
2026-07-27 01:53:14,870 - Evaluate - INFO - ASR Module... Epoch: 1, RSS: 3.33 GB
2026-07-27 01:53:14,871 - Evaluate - INFO - ASR... Epoch: 1, Walltime: 19.899782 CPU time: 110.631250
2026-07-27 01:53:35,182 - Evaluate - INFO - ASR Module... Epoch: 1, RSS: 3.33 GB
2026-07-27 01:53:35,183 - Evaluate - INFO - ASR... Epoch: 1, Walltime: 20.307146 CPU time: 107.130756
2026-07-27 01:53:54,788 - Evaluate - INFO - ASR Module... Epoch: 1, RSS: 3.33 GB
2026-07-27 01:53:54,789 - Evaluate - INFO - ASR... Epoch: 1, Walltime: 19.602855 CPU time: 109.053611
2026-07-27 01:54:15,649 - Evaluate - INFO - ASR Module... Epoch: 1, RSS: 3.33 GB
2026-07-27 01:54:15,650 - Evaluate - INFO - ASR... Epoch: 1, Walltime: 20.856696 CPU time: 115.581318
2026-07-27 01:54:36,144 - Evaluate - INFO - ASR Module... Epoch: 1, RSS: 3.33 GB
2026-07-27 01:54:36,145 - Evaluate - INFO - ASR... Epoch: 1, Walltime: 20.488822 CPU time: 110.099053
2026-07-27 01:54:56,164 - Evaluate - INFO - ASR Module... Epoch: 1, RSS: 3.33 GB
2026-07-27 01:54:56,165 - Evaluate - INFO - ASR... Epoch: 1, Walltime: 20.016691 CPU time: 109.427217
2026-07-27 01:55:15,899 - Evaluate - INFO - ASR Module... Epoch: 1, RSS: 3.33 GB
2026-07-27 01:55:15,900 - Evaluate - INFO - ASR... Epoch: 1, Walltime: 19.729631 CPU time: 108.818959
2026-07-27 01:55:36,500 - Evaluate - INFO - ASR Module... Epoch: 1, RSS: 3.33 GB
2026-07-27 01:55:36,501 - Evaluate - INFO - ASR... Epoch: 1, Walltime: 20.596645 CPU time: 113.652438
2026-07-27 01:55:56,673 - Evaluate - INFO - ASR Module... Epoch: 1, RSS: 3.33 GB
2026-07-27 01:55:56,674 - Evaluate - INFO - ASR... Epoch: 1, Walltime: 20.169193 CPU time: 111.967909
2026-07-27 01:56:16,916 - Evaluate - INFO - ASR Module... Epoch: 1, RSS: 3.33 GB
2026-07-27 01:56:16,918 - Evaluate - INFO - ASR... Epoch: 1, Walltime: 20.238501 CPU time: 111.642623
2026-07-27 01:56:35,824 - Evaluate - INFO - ASR Module... Epoch: 1, RSS: 3.33 GB
2026-07-27 01:56:35,825 - Evaluate - INFO - ASR... Epoch: 1, Walltime: 18.903084 CPU time: 104.192861
2026-07-27 01:56:56,605 - Evaluate - INFO - ASR Module... Epoch: 1, RSS: 3.33 GB
2026-07-27 01:56:56,606 - Evaluate - INFO - ASR... Epoch: 1, Walltime: 20.776475 CPU time: 114.290292
2026-07-27 01:57:18,709 - Evaluate - INFO - ASR Module... Epoch: 1, RSS: 3.33 GB
2026-07-27 01:57:18,711 - Evaluate - INFO - ASR... Epoch: 1, Walltime: 22.098014 CPU time: 121.420133
2026-07-27 01:57:41,047 - Evaluate - INFO - ASR Module... Epoch: 1, RSS: 3.33 GB
2026-07-27 01:57:41,048 - Evaluate - INFO - ASR... Epoch: 1, Walltime: 22.329918 CPU time: 122.453628
2026-07-27 01:58:02,552 - Evaluate - INFO - ASR Module... Epoch: 1, RSS: 3.33 GB
2026-07-27 01:58:02,554 - Evaluate - INFO - ASR... Epoch: 1, Walltime: 21.499458 CPU time: 117.718942
2026-07-27 01:58:23,850 - Evaluate - INFO - ASR Module... Epoch: 1, RSS: 3.33 GB
2026-07-27 01:58:23,853 - Evaluate - INFO - ASR... Epoch: 1, Walltime: 21.290949 CPU time: 117.567511
2026-07-27 01:58:45,926 - Evaluate - INFO - ASR Module... Epoch: 1, RSS: 3.33 GB
2026-07-27 01:58:45,928 - Evaluate - INFO - ASR... Epoch: 1, Walltime: 22.068627 CPU time: 120.055028
2026-07-27 01:59:08,380 - Evaluate - INFO - ASR Module... Epoch: 1, RSS: 3.33 GB
2026-07-27 01:59:08,382 - Evaluate - INFO - ASR... Epoch: 1, Walltime: 22.448365 CPU time: 123.664760
2026-07-27 01:59:33,240 - Evaluate - INFO - ASR Module... Epoch: 1, RSS: 3.33 GB
2026-07-27 01:59:33,240 - Evaluate - INFO - ASR... Epoch: 1, Walltime: 24.850784 CPU time: 133.896784
2026-07-27 01:59:56,609 - Evaluate - INFO - ASR Module... Epoch: 1, RSS: 3.33 GB
2026-07-27 01:59:56,610 - Evaluate - INFO - ASR... Epoch: 1, Walltime: 23.363697 CPU time: 125.208894
2026-07-27 02:00:19,001 - Evaluate - INFO - ASR Module... Epoch: 1, RSS: 3.33 GB
2026-07-27 02:00:19,002 - Evaluate - INFO - ASR... Epoch: 1, Walltime: 22.385726 CPU time: 123.474846
2026-07-27 02:00:42,505 - Evaluate - INFO - ASR Module... Epoch: 1, RSS: 3.33 GB
2026-07-27 02:00:42,506 - Evaluate - INFO - ASR... Epoch: 1, Walltime: 23.496365 CPU time: 126.683868
2026-07-27 02:01:04,729 - Evaluate - INFO - ASR Module... Epoch: 1, RSS: 3.33 GB
2026-07-27 02:01:04,731 - Evaluate - INFO - ASR... Epoch: 1, Walltime: 22.219584 CPU time: 121.963780
2026-07-27 02:01:26,668 - Evaluate - INFO - ASR Module... Epoch: 1, RSS: 3.33 GB
2026-07-27 02:01:26,669 - Evaluate - INFO - ASR... Epoch: 1, Walltime: 21.932014 CPU time: 121.082854
2026-07-27 02:01:49,819 - Evaluate - INFO - ASR Module... Epoch: 1, RSS: 3.33 GB
2026-07-27 02:01:49,820 - Evaluate - INFO - ASR... Epoch: 1, Walltime: 23.145396 CPU time: 127.221357
2026-07-27 02:02:11,966 - Evaluate - INFO - ASR Module... Epoch: 1, RSS: 3.33 GB
2026-07-27 02:02:11,967 - Evaluate - INFO - ASR... Epoch: 1, Walltime: 22.140457 CPU time: 121.876033
2026-07-27 02:02:34,956 - Evaluate - INFO - ASR Module... Epoch: 1, RSS: 3.33 GB
2026-07-27 02:02:34,958 - Evaluate - INFO - ASR... Epoch: 1, Walltime: 22.983577 CPU time: 126.734444
2026-07-27 02:02:56,821 - Evaluate - INFO - ASR Module... Epoch: 1, RSS: 3.33 GB
2026-07-27 02:02:56,822 - Evaluate - INFO - ASR... Epoch: 1, Walltime: 21.858447 CPU time: 118.152249
2026-07-27 02:03:19,280 - Evaluate - INFO - ASR Module... Epoch: 1, RSS: 3.33 GB
2026-07-27 02:03:19,281 - Evaluate - INFO - ASR... Epoch: 1, Walltime: 22.453556 CPU time: 121.549827
2026-07-27 02:03:42,723 - Evaluate - INFO - ASR Module... Epoch: 1, RSS: 3.33 GB
2026-07-27 02:03:42,724 - Evaluate - INFO - ASR... Epoch: 1, Walltime: 23.436370 CPU time: 127.035940
2026-07-27 02:04:05,790 - Evaluate - INFO - ASR Module... Epoch: 1, RSS: 3.33 GB
2026-07-27 02:04:05,791 - Evaluate - INFO - ASR... Epoch: 1, Walltime: 23.060750 CPU time: 124.258736
2026-07-27 02:04:29,971 - Evaluate - INFO - ASR Module... Epoch: 1, RSS: 3.33 GB
2026-07-27 02:04:29,973 - Evaluate - INFO - ASR... Epoch: 1, Walltime: 24.173676 CPU time: 131.258886
2026-07-27 02:04:52,998 - Evaluate - INFO - ASR Module... Epoch: 1, RSS: 3.33 GB
2026-07-27 02:04:52,999 - Evaluate - INFO - ASR... Epoch: 1, Walltime: 23.020988 CPU time: 126.590641
2026-07-27 02:05:16,332 - Evaluate - INFO - ASR Module... Epoch: 1, RSS: 3.33 GB
2026-07-27 02:05:16,334 - Evaluate - INFO - ASR... Epoch: 1, Walltime: 23.326770 CPU time: 127.646854
2026-07-27 02:05:39,030 - Evaluate - INFO - ASR Module... Epoch: 1, RSS: 3.33 GB
2026-07-27 02:05:39,031 - Evaluate - INFO - ASR... Epoch: 1, Walltime: 22.691294 CPU time: 124.809338
2026-07-27 02:05:59,130 - Evaluate - INFO - ASR Module... Epoch: 1, RSS: 3.33 GB
2026-07-27 02:05:59,131 - Evaluate - INFO - ASR... Epoch: 1, Walltime: 20.094194 CPU time: 111.220805
2026-07-27 02:06:20,648 - Evaluate - INFO - ASR Module... Epoch: 1, RSS: 3.33 GB
2026-07-27 02:06:20,649 - Evaluate - INFO - ASR... Epoch: 1, Walltime: 21.512301 CPU time: 119.034841
2026-07-27 02:06:39,948 - Evaluate - INFO - ASR Module... Epoch: 1, RSS: 3.33 GB
2026-07-27 02:06:39,949 - Evaluate - INFO - ASR... Epoch: 1, Walltime: 19.295411 CPU time: 105.303835
2026-07-27 02:07:00,181 - Evaluate - INFO - ASR Module... Epoch: 1, RSS: 3.33 GB
2026-07-27 02:07:00,182 - Evaluate - INFO - ASR... Epoch: 1, Walltime: 20.228462 CPU time: 110.726386
2026-07-27 02:07:20,001 - Evaluate - INFO - ASR Module... Epoch: 1, RSS: 3.33 GB
2026-07-27 02:07:20,002 - Evaluate - INFO - ASR... Epoch: 1, Walltime: 19.815763 CPU time: 109.931936
2026-07-27 02:07:39,922 - Evaluate - INFO - ASR Module... Epoch: 1, RSS: 3.33 GB
2026-07-27 02:07:39,923 - Evaluate - INFO - ASR... Epoch: 1, Walltime: 19.916700 CPU time: 109.615162
2026-07-27 02:08:00,138 - Evaluate - INFO - ASR Module... Epoch: 1, RSS: 3.33 GB
2026-07-27 02:08:00,139 - Evaluate - INFO - ASR... Epoch: 1, Walltime: 20.211292 CPU time: 111.618116
2026-07-27 02:08:19,434 - Evaluate - INFO - ASR Module... Epoch: 1, RSS: 3.33 GB
2026-07-27 02:08:19,435 - Evaluate - INFO - ASR... Epoch: 1, Walltime: 19.291798 CPU time: 107.192006
2026-07-27 02:08:40,585 - Evaluate - INFO - ASR Module... Epoch: 1, RSS: 3.33 GB
2026-07-27 02:08:40,586 - Evaluate - INFO - ASR... Epoch: 1, Walltime: 21.145599 CPU time: 116.746482
2026-07-27 02:09:00,764 - Evaluate - INFO - ASR Module... Epoch: 1, RSS: 3.33 GB
2026-07-27 02:09:00,765 - Evaluate - INFO - ASR... Epoch: 1, Walltime: 20.174801 CPU time: 109.395025
2026-07-27 02:09:21,520 - Evaluate - INFO - ASR Module... Epoch: 1, RSS: 3.33 GB
2026-07-27 02:09:21,522 - Evaluate - INFO - ASR... Epoch: 1, Walltime: 20.751773 CPU time: 114.251137
2026-07-27 02:09:42,055 - Evaluate - INFO - ASR Module... Epoch: 1, RSS: 3.33 GB
2026-07-27 02:09:42,056 - Evaluate - INFO - ASR... Epoch: 1, Walltime: 20.529170 CPU time: 111.903898
2026-07-27 02:10:03,396 - Evaluate - INFO - ASR Module... Epoch: 1, RSS: 3.33 GB
2026-07-27 02:10:03,397 - Evaluate - INFO - ASR... Epoch: 1, Walltime: 21.336067 CPU time: 116.536816
2026-07-27 02:10:24,774 - Evaluate - INFO - ASR Module... Epoch: 1, RSS: 3.33 GB
2026-07-27 02:10:24,775 - Evaluate - INFO - ASR... Epoch: 1, Walltime: 21.372422 CPU time: 117.848207
2026-07-27 02:10:46,218 - Evaluate - INFO - ASR Module... Epoch: 1, RSS: 3.33 GB
2026-07-27 02:10:46,219 - Evaluate - INFO - ASR... Epoch: 1, Walltime: 21.438171 CPU time: 118.216674
2026-07-27 02:11:06,896 - Evaluate - INFO - ASR Module... Epoch: 1, RSS: 3.33 GB
2026-07-27 02:11:06,897 - Evaluate - INFO - ASR... Epoch: 1, Walltime: 20.673994 CPU time: 113.367143
2026-07-27 02:11:26,107 - Evaluate - INFO - ASR Module... Epoch: 1, RSS: 3.33 GB
2026-07-27 02:11:26,108 - Evaluate - INFO - ASR... Epoch: 1, Walltime: 19.206440 CPU time: 106.758914
2026-07-27 02:11:45,528 - Evaluate - INFO - ASR Module... Epoch: 1, RSS: 3.33 GB
2026-07-27 02:11:45,529 - Evaluate - INFO - ASR... Epoch: 1, Walltime: 19.417188 CPU time: 107.478408
2026-07-27 02:12:06,547 - Evaluate - INFO - ASR Module... Epoch: 1, RSS: 3.33 GB
2026-07-27 02:12:06,548 - Evaluate - INFO - ASR... Epoch: 1, Walltime: 21.015113 CPU time: 111.328348
2026-07-27 02:12:26,243 - Evaluate - INFO - ASR Module... Epoch: 1, RSS: 3.33 GB
2026-07-27 02:12:26,244 - Evaluate - INFO - ASR... Epoch: 1, Walltime: 19.691018 CPU time: 108.687942
2026-07-27 02:12:46,284 - Evaluate - INFO - ASR Module... Epoch: 1, RSS: 3.33 GB
2026-07-27 02:12:46,285 - Evaluate - INFO - ASR... Epoch: 1, Walltime: 20.036892 CPU time: 110.738681
2026-07-27 02:13:06,241 - Evaluate - INFO - ASR Module... Epoch: 1, RSS: 3.33 GB
2026-07-27 02:13:06,242 - Evaluate - INFO - ASR... Epoch: 1, Walltime: 19.952340 CPU time: 110.813704
2026-07-27 02:13:25,970 - Evaluate - INFO - ASR Module... Epoch: 1, RSS: 3.33 GB
2026-07-27 02:13:25,971 - Evaluate - INFO - ASR... Epoch: 1, Walltime: 19.723980 CPU time: 108.891824
2026-07-27 02:13:46,401 - Evaluate - INFO - ASR Module... Epoch: 1, RSS: 3.33 GB
2026-07-27 02:13:46,403 - Evaluate - INFO - ASR... Epoch: 1, Walltime: 20.427598 CPU time: 112.193532
2026-07-27 02:14:05,855 - Evaluate - INFO - ASR Module... Epoch: 1, RSS: 3.33 GB
2026-07-27 02:14:05,856 - Evaluate - INFO - ASR... Epoch: 1, Walltime: 19.448319 CPU time: 107.317407
2026-07-27 02:14:26,690 - Evaluate - INFO - ASR Module... Epoch: 1, RSS: 3.33 GB
2026-07-27 02:14:26,692 - Evaluate - INFO - ASR... Epoch: 1, Walltime: 20.829884 CPU time: 111.976549
2026-07-27 02:14:46,924 - Evaluate - INFO - ASR Module... Epoch: 1, RSS: 3.33 GB
2026-07-27 02:14:46,925 - Evaluate - INFO - ASR... Epoch: 1, Walltime: 20.228459 CPU time: 109.291324
2026-07-27 02:15:08,759 - Evaluate - INFO - ASR Module... Epoch: 1, RSS: 3.33 GB
2026-07-27 02:15:08,760 - Evaluate - INFO - ASR... Epoch: 1, Walltime: 21.829477 CPU time: 118.831051
2026-07-27 02:15:32,210 - Evaluate - INFO - ASR Module... Epoch: 1, RSS: 3.33 GB
2026-07-27 02:15:32,211 - Evaluate - INFO - ASR... Epoch: 1, Walltime: 23.445842 CPU time: 125.063687
2026-07-27 02:15:53,102 - Evaluate - INFO - ASR Module... Epoch: 1, RSS: 3.33 GB
2026-07-27 02:15:53,103 - Evaluate - INFO - ASR... Epoch: 1, Walltime: 20.884727 CPU time: 113.482206
2026-07-27 02:16:12,461 - Evaluate - INFO - ASR Module... Epoch: 1, RSS: 3.33 GB
2026-07-27 02:16:12,462 - Evaluate - INFO - ASR... Epoch: 1, Walltime: 19.354342 CPU time: 107.354067
2026-07-27 02:16:33,429 - Evaluate - INFO - ASR Module... Epoch: 1, RSS: 3.33 GB
2026-07-27 02:16:33,430 - Evaluate - INFO - ASR... Epoch: 1, Walltime: 20.962407 CPU time: 115.353788
2026-07-27 02:16:54,435 - Evaluate - INFO - ASR Module... Epoch: 1, RSS: 3.33 GB
2026-07-27 02:16:54,436 - Evaluate - INFO - ASR... Epoch: 1, Walltime: 21.001665 CPU time: 115.296159
2026-07-27 02:17:14,609 - Evaluate - INFO - ASR Module... Epoch: 1, RSS: 3.33 GB
2026-07-27 02:17:14,610 - Evaluate - INFO - ASR... Epoch: 1, Walltime: 20.170021 CPU time: 111.185877
2026-07-27 02:17:34,329 - Evaluate - INFO - ASR Module... Epoch: 1, RSS: 3.33 GB
2026-07-27 02:17:34,330 - Evaluate - INFO - ASR... Epoch: 1, Walltime: 19.715847 CPU time: 107.458755
2026-07-27 02:17:55,071 - Evaluate - INFO - ASR Module... Epoch: 1, RSS: 3.33 GB
2026-07-27 02:17:55,072 - Evaluate - INFO - ASR... Epoch: 1, Walltime: 20.737523 CPU time: 113.913780
2026-07-27 02:18:15,062 - Evaluate - INFO - ASR Module... Epoch: 1, RSS: 3.33 GB
2026-07-27 02:18:15,063 - Evaluate - INFO - ASR... Epoch: 1, Walltime: 19.986260 CPU time: 108.108988
2026-07-27 02:18:34,640 - Evaluate - INFO - ASR Module... Epoch: 1, RSS: 3.33 GB
2026-07-27 02:18:34,641 - Evaluate - INFO - ASR... Epoch: 1, Walltime: 19.574328 CPU time: 108.694135
2026-07-27 02:18:53,637 - Evaluate - INFO - ASR Module... Epoch: 1, RSS: 3.33 GB
2026-07-27 02:18:53,638 - Evaluate - INFO - ASR... Epoch: 1, Walltime: 18.992476 CPU time: 105.957045
2026-07-27 02:19:13,791 - Evaluate - INFO - ASR Module... Epoch: 1, RSS: 3.33 GB
2026-07-27 02:19:13,792 - Evaluate - INFO - ASR... Epoch: 1, Walltime: 20.150362 CPU time: 111.094498
2026-07-27 02:19:33,566 - Evaluate - INFO - ASR Module... Epoch: 1, RSS: 3.33 GB
2026-07-27 02:19:33,567 - Evaluate - INFO - ASR... Epoch: 1, Walltime: 19.770570 CPU time: 109.044191
2026-07-27 02:19:54,033 - Evaluate - INFO - ASR Module... Epoch: 1, RSS: 3.33 GB
2026-07-27 02:19:54,034 - Evaluate - INFO - ASR... Epoch: 1, Walltime: 20.461311 CPU time: 112.603202
2026-07-27 02:20:13,221 - Evaluate - INFO - ASR Module... Epoch: 1, RSS: 3.33 GB
2026-07-27 02:20:13,223 - Evaluate - INFO - ASR... Epoch: 1, Walltime: 19.183875 CPU time: 105.583125
2026-07-27 02:20:31,656 - Evaluate - INFO - ASR Module... Epoch: 1, RSS: 3.33 GB
2026-07-27 02:20:31,658 - Evaluate - INFO - ASR... Epoch: 1, Walltime: 18.429747 CPU time: 102.045021
2026-07-27 02:20:51,893 - Evaluate - INFO - ASR Module... Epoch: 1, RSS: 3.33 GB
2026-07-27 02:20:51,894 - Evaluate - INFO - ASR... Epoch: 1, Walltime: 20.232724 CPU time: 108.514715
2026-07-27 02:21:12,217 - Evaluate - INFO - ASR Module... Epoch: 1, RSS: 3.33 GB
2026-07-27 02:21:12,218 - Evaluate - INFO - ASR... Epoch: 1, Walltime: 20.318484 CPU time: 111.312216
2026-07-27 02:21:31,814 - Evaluate - INFO - ASR Module... Epoch: 1, RSS: 3.33 GB
2026-07-27 02:21:31,815 - Evaluate - INFO - ASR... Epoch: 1, Walltime: 19.592462 CPU time: 104.926648
2026-07-27 02:21:50,588 - Evaluate - INFO - ASR Module... Epoch: 1, RSS: 3.33 GB
2026-07-27 02:21:50,589 - Evaluate - INFO - ASR... Epoch: 1, Walltime: 18.769890 CPU time: 103.187417
2026-07-27 02:22:09,425 - Evaluate - INFO - ASR Module... Epoch: 1, RSS: 3.33 GB
2026-07-27 02:22:09,426 - Evaluate - INFO - ASR... Epoch: 1, Walltime: 18.832689 CPU time: 104.179663
2026-07-27 02:22:28,221 - Evaluate - INFO - ASR Module... Epoch: 1, RSS: 3.33 GB
2026-07-27 02:22:28,223 - Evaluate - INFO - ASR... Epoch: 1, Walltime: 18.792020 CPU time: 103.721184
2026-07-27 02:22:47,624 - Evaluate - INFO - ASR Module... Epoch: 1, RSS: 3.33 GB
2026-07-27 02:22:47,625 - Evaluate - INFO - ASR... Epoch: 1, Walltime: 19.397367 CPU time: 106.751165
2026-07-27 02:23:08,035 - Evaluate - INFO - ASR Module... Epoch: 1, RSS: 3.33 GB
2026-07-27 02:23:08,038 - Evaluate - INFO - ASR... Epoch: 1, Walltime: 20.407105 CPU time: 109.456583
2026-07-27 02:23:27,109 - Evaluate - INFO - ASR Module... Epoch: 1, RSS: 3.33 GB
2026-07-27 02:23:27,110 - Evaluate - INFO - ASR... Epoch: 1, Walltime: 19.067494 CPU time: 105.612193
2026-07-27 02:23:46,963 - Evaluate - INFO - ASR Module... Epoch: 1, RSS: 3.33 GB
2026-07-27 02:23:46,964 - Evaluate - INFO - ASR... Epoch: 1, Walltime: 19.849608 CPU time: 107.452167
2026-07-27 02:24:06,123 - Evaluate - INFO - ASR Module... Epoch: 1, RSS: 3.33 GB
2026-07-27 02:24:06,124 - Evaluate - INFO - ASR... Epoch: 1, Walltime: 19.155505 CPU time: 104.880302
2026-07-27 02:24:27,270 - Evaluate - INFO - ASR Module... Epoch: 1, RSS: 3.33 GB
2026-07-27 02:24:27,271 - Evaluate - INFO - ASR... Epoch: 1, Walltime: 21.141379 CPU time: 114.596780
2026-07-27 02:24:46,398 - Evaluate - INFO - ASR Module... Epoch: 1, RSS: 3.33 GB
2026-07-27 02:24:46,399 - Evaluate - INFO - ASR... Epoch: 1, Walltime: 19.123185 CPU time: 105.647918
2026-07-27 02:25:06,928 - Evaluate - INFO - ASR Module... Epoch: 1, RSS: 3.33 GB
2026-07-27 02:25:06,930 - Evaluate - INFO - ASR... Epoch: 1, Walltime: 20.525590 CPU time: 111.985968
2026-07-27 02:25:25,974 - Evaluate - INFO - ASR Module... Epoch: 1, RSS: 3.33 GB
2026-07-27 02:25:25,975 - Evaluate - INFO - ASR... Epoch: 1, Walltime: 19.040935 CPU time: 105.544809
2026-07-27 02:25:45,477 - Evaluate - INFO - ASR Module... Epoch: 1, RSS: 3.33 GB
2026-07-27 02:25:45,478 - Evaluate - INFO - ASR... Epoch: 1, Walltime: 19.498713 CPU time: 106.993809
2026-07-27 02:26:03,884 - Evaluate - INFO - ASR Module... Epoch: 1, RSS: 3.33 GB
2026-07-27 02:26:03,886 - Evaluate - INFO - ASR... Epoch: 1, Walltime: 18.403940 CPU time: 101.638112
2026-07-27 02:26:23,691 - Evaluate - INFO - ASR Module... Epoch: 1, RSS: 3.33 GB
2026-07-27 02:26:23,692 - Evaluate - INFO - ASR... Epoch: 1, Walltime: 19.801720 CPU time: 108.607359
2026-07-27 02:26:43,339 - Evaluate - INFO - ASR Module... Epoch: 1, RSS: 3.33 GB
2026-07-27 02:26:43,340 - Evaluate - INFO - ASR... Epoch: 1, Walltime: 19.643314 CPU time: 107.246048
2026-07-27 02:27:02,327 - Evaluate - INFO - ASR Module... Epoch: 1, RSS: 3.33 GB
2026-07-27 02:27:02,328 - Evaluate - INFO - ASR... Epoch: 1, Walltime: 18.983042 CPU time: 104.565337
2026-07-27 02:27:20,950 - Evaluate - INFO - ASR Module... Epoch: 1, RSS: 3.33 GB
2026-07-27 02:27:20,952 - Evaluate - INFO - ASR... Epoch: 1, Walltime: 18.619405 CPU time: 102.982825
2026-07-27 02:27:40,652 - Evaluate - INFO - ASR Module... Epoch: 1, RSS: 3.33 GB
2026-07-27 02:27:40,653 - Evaluate - INFO - ASR... Epoch: 1, Walltime: 19.696376 CPU time: 108.201001
2026-07-27 02:28:00,891 - Evaluate - INFO - ASR Module... Epoch: 1, RSS: 3.33 GB
2026-07-27 02:28:00,892 - Evaluate - INFO - ASR... Epoch: 1, Walltime: 20.233540 CPU time: 111.380892
2026-07-27 02:28:18,623 - Evaluate - INFO - ASR Module... Epoch: 1, RSS: 3.33 GB
2026-07-27 02:28:18,625 - Evaluate - INFO - ASR... Epoch: 1, Walltime: 17.727902 CPU time: 98.086708
2026-07-27 02:28:36,690 - Evaluate - INFO - ASR Module... Epoch: 1, RSS: 3.33 GB
2026-07-27 02:28:36,692 - Evaluate - INFO - ASR... Epoch: 1, Walltime: 18.062861 CPU time: 99.631931
2026-07-27 02:28:54,853 - Evaluate - INFO - ASR Module... Epoch: 1, RSS: 3.33 GB
2026-07-27 02:28:54,854 - Evaluate - INFO - ASR... Epoch: 1, Walltime: 18.158356 CPU time: 100.643284
2026-07-27 02:29:13,187 - Evaluate - INFO - ASR Module... Epoch: 1, RSS: 3.33 GB
2026-07-27 02:29:13,188 - Evaluate - INFO - ASR... Epoch: 1, Walltime: 18.329743 CPU time: 101.500614
2026-07-27 02:29:31,482 - Evaluate - INFO - ASR Module... Epoch: 1, RSS: 3.33 GB
2026-07-27 02:29:31,483 - Evaluate - INFO - ASR... Epoch: 1, Walltime: 18.291044 CPU time: 101.074800
2026-07-27 02:29:50,627 - Evaluate - INFO - ASR Module... Epoch: 1, RSS: 3.33 GB
2026-07-27 02:29:50,628 - Evaluate - INFO - ASR... Epoch: 1, Walltime: 19.141139 CPU time: 105.750493
2026-07-27 02:30:09,537 - Evaluate - INFO - ASR Module... Epoch: 1, RSS: 3.33 GB
2026-07-27 02:30:09,538 - Evaluate - INFO - ASR... Epoch: 1, Walltime: 18.904993 CPU time: 104.595436
2026-07-27 02:30:28,523 - Evaluate - INFO - ASR Module... Epoch: 1, RSS: 3.33 GB
2026-07-27 02:30:28,525 - Evaluate - INFO - ASR... Epoch: 1, Walltime: 18.981952 CPU time: 104.825124
2026-07-27 02:30:46,900 - Evaluate - INFO - ASR Module... Epoch: 1, RSS: 3.33 GB
2026-07-27 02:30:46,901 - Evaluate - INFO - ASR... Epoch: 1, Walltime: 18.372896 CPU time: 101.737498
2026-07-27 02:31:05,823 - Evaluate - INFO - ASR Module... Epoch: 1, RSS: 3.33 GB
2026-07-27 02:31:05,825 - Evaluate - INFO - ASR... Epoch: 1, Walltime: 18.918301 CPU time: 104.161381
2026-07-27 02:31:24,205 - Evaluate - INFO - ASR Module... Epoch: 1, RSS: 3.33 GB
2026-07-27 02:31:24,206 - Evaluate - INFO - ASR... Epoch: 1, Walltime: 18.375932 CPU time: 102.124482
2026-07-27 02:31:43,146 - Evaluate - INFO - ASR Module... Epoch: 1, RSS: 3.33 GB
2026-07-27 02:31:43,147 - Evaluate - INFO - ASR... Epoch: 1, Walltime: 18.938266 CPU time: 104.870149
2026-07-27 02:32:01,799 - Evaluate - INFO - ASR Module... Epoch: 1, RSS: 3.33 GB
2026-07-27 02:32:01,800 - Evaluate - INFO - ASR... Epoch: 1, Walltime: 18.648688 CPU time: 102.664686
2026-07-27 02:32:20,477 - Evaluate - INFO - ASR Module... Epoch: 1, RSS: 3.33 GB
2026-07-27 02:32:20,478 - Evaluate - INFO - ASR... Epoch: 1, Walltime: 18.673401 CPU time: 103.278527
2026-07-27 02:32:39,163 - Evaluate - INFO - ASR Module... Epoch: 1, RSS: 3.33 GB
2026-07-27 02:32:39,164 - Evaluate - INFO - ASR... Epoch: 1, Walltime: 18.682000 CPU time: 103.415496
2026-07-27 02:32:57,099 - Evaluate - INFO - ASR Module... Epoch: 1, RSS: 3.33 GB
2026-07-27 02:32:57,101 - Evaluate - INFO - ASR... Epoch: 1, Walltime: 17.931944 CPU time: 100.107586
2026-07-27 02:33:15,054 - Evaluate - INFO - ASR Module... Epoch: 1, RSS: 3.33 GB
2026-07-27 02:33:15,055 - Evaluate - INFO - ASR... Epoch: 1, Walltime: 17.949613 CPU time: 99.697102
2026-07-27 02:33:34,026 - Evaluate - INFO - ASR Module... Epoch: 1, RSS: 3.33 GB
2026-07-27 02:33:34,029 - Evaluate - INFO - ASR... Epoch: 1, Walltime: 18.968019 CPU time: 105.046078
2026-07-27 02:33:52,643 - Evaluate - INFO - ASR Module... Epoch: 1, RSS: 3.33 GB
2026-07-27 02:33:52,644 - Evaluate - INFO - ASR... Epoch: 1, Walltime: 18.609327 CPU time: 102.724515
2026-07-27 02:34:11,429 - Evaluate - INFO - ASR Module... Epoch: 1, RSS: 3.33 GB
2026-07-27 02:34:11,429 - Evaluate - INFO - ASR... Epoch: 1, Walltime: 18.780852 CPU time: 104.151639
2026-07-27 02:34:30,310 - Evaluate - INFO - ASR Module... Epoch: 1, RSS: 3.33 GB
2026-07-27 02:34:30,311 - Evaluate - INFO - ASR... Epoch: 1, Walltime: 18.877521 CPU time: 103.936118
2026-07-27 02:34:49,112 - Evaluate - INFO - ASR Module... Epoch: 1, RSS: 3.33 GB
2026-07-27 02:34:49,113 - Evaluate - INFO - ASR... Epoch: 1, Walltime: 18.797548 CPU time: 103.917671
2026-07-27 02:35:07,794 - Evaluate - INFO - ASR Module... Epoch: 1, RSS: 3.33 GB
2026-07-27 02:35:07,795 - Evaluate - INFO - ASR... Epoch: 1, Walltime: 18.677491 CPU time: 103.621324
2026-07-27 02:35:26,407 - Evaluate - INFO - ASR Module... Epoch: 1, RSS: 3.33 GB
2026-07-27 02:35:26,408 - Evaluate - INFO - ASR... Epoch: 1, Walltime: 18.609614 CPU time: 102.811339
2026-07-27 02:35:44,808 - Evaluate - INFO - ASR Module... Epoch: 1, RSS: 3.33 GB
2026-07-27 02:35:44,809 - Evaluate - INFO - ASR... Epoch: 1, Walltime: 18.397168 CPU time: 101.690215
2026-07-27 02:36:03,868 - Evaluate - INFO - ASR Module... Epoch: 1, RSS: 3.33 GB
2026-07-27 02:36:03,870 - Evaluate - INFO - ASR... Epoch: 1, Walltime: 19.055862 CPU time: 104.360511
2026-07-27 02:36:22,183 - Evaluate - INFO - ASR Module... Epoch: 1, RSS: 3.33 GB
2026-07-27 02:36:22,184 - Evaluate - INFO - ASR... Epoch: 1, Walltime: 18.309988 CPU time: 101.454087
2026-07-27 02:36:41,059 - Evaluate - INFO - ASR Module... Epoch: 1, RSS: 3.33 GB
2026-07-27 02:36:41,060 - Evaluate - INFO - ASR... Epoch: 1, Walltime: 18.871328 CPU time: 102.077354
2026-07-27 02:37:00,871 - Evaluate - INFO - ASR Module... Epoch: 1, RSS: 3.33 GB
2026-07-27 02:37:00,872 - Evaluate - INFO - ASR... Epoch: 1, Walltime: 19.807873 CPU time: 108.962588
2026-07-27 02:37:22,070 - Evaluate - INFO - ASR Module... Epoch: 1, RSS: 3.33 GB
2026-07-27 02:37:22,071 - Evaluate - INFO - ASR... Epoch: 1, Walltime: 21.195231 CPU time: 102.726101
2026-07-27 02:37:40,424 - Evaluate - INFO - ASR Module... Epoch: 1, RSS: 3.33 GB
2026-07-27 02:37:40,425 - Evaluate - INFO - ASR... Epoch: 1, Walltime: 18.350000 CPU time: 101.093232
2026-07-27 02:37:58,853 - Evaluate - INFO - ASR Module... Epoch: 1, RSS: 3.33 GB
2026-07-27 02:37:58,854 - Evaluate - INFO - ASR... Epoch: 1, Walltime: 18.424823 CPU time: 102.170641
2026-07-27 02:38:16,804 - Evaluate - INFO - ASR Module... Epoch: 1, RSS: 3.33 GB
2026-07-27 02:38:16,805 - Evaluate - INFO - ASR... Epoch: 1, Walltime: 17.947206 CPU time: 99.600891
2026-07-27 02:38:35,724 - Evaluate - INFO - ASR Module... Epoch: 1, RSS: 3.33 GB
2026-07-27 02:38:35,725 - Evaluate - INFO - ASR... Epoch: 1, Walltime: 18.915764 CPU time: 104.383352
2026-07-27 02:38:54,284 - Evaluate - INFO - ASR Module... Epoch: 1, RSS: 3.33 GB
2026-07-27 02:38:54,285 - Evaluate - INFO - ASR... Epoch: 1, Walltime: 18.555800 CPU time: 102.312253
2026-07-27 02:39:12,643 - Evaluate - INFO - ASR Module... Epoch: 1, RSS: 3.33 GB
2026-07-27 02:39:12,645 - Evaluate - INFO - ASR... Epoch: 1, Walltime: 18.354612 CPU time: 101.524985
2026-07-27 02:39:32,014 - Evaluate - INFO - ASR Module... Epoch: 1, RSS: 3.33 GB
2026-07-27 02:39:32,015 - Evaluate - INFO - ASR... Epoch: 1, Walltime: 19.364353 CPU time: 106.169056
2026-07-27 02:39:51,457 - Evaluate - INFO - ASR Module... Epoch: 1, RSS: 3.33 GB
2026-07-27 02:39:51,458 - Evaluate - INFO - ASR... Epoch: 1, Walltime: 19.438975 CPU time: 107.021748
2026-07-27 02:40:10,208 - Evaluate - INFO - ASR Module... Epoch: 1, RSS: 3.33 GB
2026-07-27 02:40:10,209 - Evaluate - INFO - ASR... Epoch: 1, Walltime: 18.746783 CPU time: 102.953369
2026-07-27 02:40:28,537 - Evaluate - INFO - ASR Module... Epoch: 1, RSS: 3.33 GB
2026-07-27 02:40:28,538 - Evaluate - INFO - ASR... Epoch: 1, Walltime: 18.324362 CPU time: 101.433548
2026-07-27 02:40:47,734 - Evaluate - INFO - ASR Module... Epoch: 1, RSS: 3.33 GB
2026-07-27 02:40:47,735 - Evaluate - INFO - ASR... Epoch: 1, Walltime: 19.193262 CPU time: 105.992692
2026-07-27 02:41:06,153 - Evaluate - INFO - ASR Module... Epoch: 1, RSS: 3.33 GB
2026-07-27 02:41:06,154 - Evaluate - INFO - ASR... Epoch: 1, Walltime: 18.414749 CPU time: 102.112639
2026-07-27 02:41:25,256 - Evaluate - INFO - ASR Module... Epoch: 1, RSS: 3.33 GB
2026-07-27 02:41:25,257 - Evaluate - INFO - ASR... Epoch: 1, Walltime: 19.098190 CPU time: 105.414812
2026-07-27 02:41:44,158 - Evaluate - INFO - ASR Module... Epoch: 1, RSS: 3.33 GB
2026-07-27 02:41:44,159 - Evaluate - INFO - ASR... Epoch: 1, Walltime: 18.897388 CPU time: 104.560453
2026-07-27 02:42:03,514 - Evaluate - INFO - ASR Module... Epoch: 1, RSS: 3.33 GB
2026-07-27 02:42:03,515 - Evaluate - INFO - ASR... Epoch: 1, Walltime: 19.351700 CPU time: 107.023173
2026-07-27 02:42:22,097 - Evaluate - INFO - ASR Module... Epoch: 1, RSS: 3.33 GB
2026-07-27 02:42:22,098 - Evaluate - INFO - ASR... Epoch: 1, Walltime: 18.578766 CPU time: 102.951095
2026-07-27 02:42:40,928 - Evaluate - INFO - ASR Module... Epoch: 1, RSS: 3.33 GB
2026-07-27 02:42:40,929 - Evaluate - INFO - ASR... Epoch: 1, Walltime: 18.826520 CPU time: 104.491559
2026-07-27 02:43:00,026 - Evaluate - INFO - ASR Module... Epoch: 1, RSS: 3.33 GB
2026-07-27 02:43:00,027 - Evaluate - INFO - ASR... Epoch: 1, Walltime: 19.093046 CPU time: 105.069036
2026-07-27 02:43:20,008 - Evaluate - INFO - ASR Module... Epoch: 1, RSS: 3.33 GB
2026-07-27 02:43:20,009 - Evaluate - INFO - ASR... Epoch: 1, Walltime: 19.977638 CPU time: 109.710869
2026-07-27 02:43:39,656 - Evaluate - INFO - ASR Module... Epoch: 1, RSS: 3.33 GB
2026-07-27 02:43:39,657 - Evaluate - INFO - ASR... Epoch: 1, Walltime: 19.642787 CPU time: 108.193006
2026-07-27 02:43:59,063 - Evaluate - INFO - ASR Module... Epoch: 1, RSS: 3.33 GB
2026-07-27 02:43:59,064 - Evaluate - INFO - ASR... Epoch: 1, Walltime: 19.402897 CPU time: 107.308570
2026-07-27 02:44:19,015 - Evaluate - INFO - ASR Module... Epoch: 1, RSS: 3.33 GB
2026-07-27 02:44:19,016 - Evaluate - INFO - ASR... Epoch: 1, Walltime: 19.946925 CPU time: 109.247874
2026-07-27 02:44:37,559 - Evaluate - INFO - ASR Module... Epoch: 1, RSS: 3.33 GB
2026-07-27 02:44:37,560 - Evaluate - INFO - ASR... Epoch: 1, Walltime: 18.539424 CPU time: 102.340072
2026-07-27 02:44:58,325 - Evaluate - INFO - ASR Module... Epoch: 1, RSS: 3.33 GB
2026-07-27 02:44:58,326 - Evaluate - INFO - ASR... Epoch: 1, Walltime: 20.761085 CPU time: 112.585149
2026-07-27 02:45:17,640 - Evaluate - INFO - ASR Module... Epoch: 1, RSS: 3.33 GB
2026-07-27 02:45:17,641 - Evaluate - INFO - ASR... Epoch: 1, Walltime: 19.310071 CPU time: 106.372400
2026-07-27 02:45:36,832 - Evaluate - INFO - ASR Module... Epoch: 1, RSS: 3.33 GB
2026-07-27 02:45:36,833 - Evaluate - INFO - ASR... Epoch: 1, Walltime: 19.186096 CPU time: 105.950590
2026-07-27 02:45:56,930 - Evaluate - INFO - ASR Module... Epoch: 1, RSS: 3.33 GB
2026-07-27 02:45:56,931 - Evaluate - INFO - ASR... Epoch: 1, Walltime: 20.092705 CPU time: 109.052377
2026-07-27 02:46:15,626 - Evaluate - INFO - ASR Module... Epoch: 1, RSS: 3.33 GB
2026-07-27 02:46:15,627 - Evaluate - INFO - ASR... Epoch: 1, Walltime: 18.692190 CPU time: 102.718669
2026-07-27 02:46:35,202 - Evaluate - INFO - ASR Module... Epoch: 1, RSS: 3.33 GB
2026-07-27 02:46:35,203 - Evaluate - INFO - ASR... Epoch: 1, Walltime: 19.571096 CPU time: 106.548778
2026-07-27 02:46:55,446 - Evaluate - INFO - ASR Module... Epoch: 1, RSS: 3.33 GB
2026-07-27 02:46:55,447 - Evaluate - INFO - ASR... Epoch: 1, Walltime: 20.238303 CPU time: 109.191619
2026-07-27 02:47:16,398 - Evaluate - INFO - ASR Module... Epoch: 1, RSS: 3.33 GB
2026-07-27 02:47:16,399 - Evaluate - INFO - ASR... Epoch: 1, Walltime: 20.946831 CPU time: 114.361433
2026-07-27 02:47:37,230 - Evaluate - INFO - ASR Module... Epoch: 1, RSS: 3.33 GB
2026-07-27 02:47:37,231 - Evaluate - INFO - ASR... Epoch: 1, Walltime: 20.826250 CPU time: 113.230055
2026-07-27 02:47:56,663 - Evaluate - INFO - ASR Module... Epoch: 1, RSS: 3.33 GB
2026-07-27 02:47:56,664 - Evaluate - INFO - ASR... Epoch: 1, Walltime: 19.427467 CPU time: 107.050198
2026-07-27 02:48:17,095 - Evaluate - INFO - ASR Module... Epoch: 1, RSS: 3.33 GB
2026-07-27 02:48:17,096 - Evaluate - INFO - ASR... Epoch: 1, Walltime: 20.427213 CPU time: 112.266329
2026-07-27 02:48:36,833 - Evaluate - INFO - ASR Module... Epoch: 1, RSS: 3.33 GB
2026-07-27 02:48:36,836 - Evaluate - INFO - ASR... Epoch: 1, Walltime: 19.733086 CPU time: 109.161174
2026-07-27 02:48:55,784 - Evaluate - INFO - ASR Module... Epoch: 1, RSS: 3.33 GB
2026-07-27 02:48:55,785 - Evaluate - INFO - ASR... Epoch: 1, Walltime: 18.941730 CPU time: 104.738164
2026-07-27 02:49:16,623 - Evaluate - INFO - ASR Module... Epoch: 1, RSS: 3.33 GB
2026-07-27 02:49:16,624 - Evaluate - INFO - ASR... Epoch: 1, Walltime: 20.835138 CPU time: 114.507733
2026-07-27 02:49:36,203 - Evaluate - INFO - ASR Module... Epoch: 1, RSS: 3.33 GB
2026-07-27 02:49:36,204 - Evaluate - INFO - ASR... Epoch: 1, Walltime: 19.573620 CPU time: 107.313647
2026-07-27 02:49:55,309 - Evaluate - INFO - ASR Module... Epoch: 1, RSS: 3.33 GB
2026-07-27 02:49:55,310 - Evaluate - INFO - ASR... Epoch: 1, Walltime: 19.100184 CPU time: 105.816329
2026-07-27 02:50:15,280 - Evaluate - INFO - ASR Module... Epoch: 1, RSS: 3.33 GB
2026-07-27 02:50:15,281 - Evaluate - INFO - ASR... Epoch: 1, Walltime: 19.966252 CPU time: 109.672930
2026-07-27 02:50:35,478 - Evaluate - INFO - ASR Module... Epoch: 1, RSS: 3.33 GB
2026-07-27 02:50:35,479 - Evaluate - INFO - ASR... Epoch: 1, Walltime: 20.190773 CPU time: 111.563748
2026-07-27 02:50:54,986 - Evaluate - INFO - ASR Module... Epoch: 1, RSS: 3.33 GB
2026-07-27 02:50:54,987 - Evaluate - INFO - ASR... Epoch: 1, Walltime: 19.503468 CPU time: 107.308662
2026-07-27 02:51:14,851 - Evaluate - INFO - ASR Module... Epoch: 1, RSS: 3.33 GB
2026-07-27 02:51:14,852 - Evaluate - INFO - ASR... Epoch: 1, Walltime: 19.859964 CPU time: 108.074623
2026-07-27 02:51:33,780 - Evaluate - INFO - ASR Module... Epoch: 1, RSS: 3.33 GB
2026-07-27 02:51:33,781 - Evaluate - INFO - ASR... Epoch: 1, Walltime: 18.924385 CPU time: 104.288621
2026-07-27 02:51:53,995 - Evaluate - INFO - ASR Module... Epoch: 1, RSS: 3.33 GB
2026-07-27 02:51:53,996 - Evaluate - INFO - ASR... Epoch: 1, Walltime: 20.209322 CPU time: 109.968217
2026-07-27 02:52:14,195 - Evaluate - INFO - ASR Module... Epoch: 1, RSS: 3.33 GB
2026-07-27 02:52:14,196 - Evaluate - INFO - ASR... Epoch: 1, Walltime: 20.194540 CPU time: 111.358474
2026-07-27 02:52:33,452 - Evaluate - INFO - ASR Module... Epoch: 1, RSS: 3.33 GB
2026-07-27 02:52:33,455 - Evaluate - INFO - ASR... Epoch: 1, Walltime: 19.251381 CPU time: 105.731719
2026-07-27 02:52:51,783 - Evaluate - INFO - ASR Module... Epoch: 1, RSS: 3.33 GB
2026-07-27 02:52:51,785 - Evaluate - INFO - ASR... Epoch: 1, Walltime: 18.324756 CPU time: 101.973969
2026-07-27 02:53:11,637 - Evaluate - INFO - ASR Module... Epoch: 1, RSS: 3.33 GB
2026-07-27 02:53:11,638 - Evaluate - INFO - ASR... Epoch: 1, Walltime: 19.848711 CPU time: 109.931076
2026-07-27 02:53:30,995 - Evaluate - INFO - ASR Module... Epoch: 1, RSS: 3.33 GB
2026-07-27 02:53:30,996 - Evaluate - INFO - ASR... Epoch: 1, Walltime: 19.351993 CPU time: 106.431684
2026-07-27 02:53:50,354 - Evaluate - INFO - ASR Module... Epoch: 1, RSS: 3.33 GB
2026-07-27 02:53:50,355 - Evaluate - INFO - ASR... Epoch: 1, Walltime: 19.354568 CPU time: 107.310326
2026-07-27 02:54:09,265 - Evaluate - INFO - ASR Module... Epoch: 1, RSS: 3.33 GB
2026-07-27 02:54:09,266 - Evaluate - INFO - ASR... Epoch: 1, Walltime: 18.905793 CPU time: 104.231786
2026-07-27 02:54:29,226 - Evaluate - INFO - ASR Module... Epoch: 1, RSS: 3.33 GB
2026-07-27 02:54:29,227 - Evaluate - INFO - ASR... Epoch: 1, Walltime: 19.955323 CPU time: 109.460312
2026-07-27 02:54:47,732 - Evaluate - INFO - ASR Module... Epoch: 1, RSS: 3.33 GB
2026-07-27 02:54:47,734 - Evaluate - INFO - ASR... Epoch: 1, Walltime: 18.502515 CPU time: 101.987884
2026-07-27 02:55:07,628 - Evaluate - INFO - ASR Module... Epoch: 1, RSS: 3.33 GB
2026-07-27 02:55:07,629 - Evaluate - INFO - ASR... Epoch: 1, Walltime: 19.890091 CPU time: 108.047037
2026-07-27 02:55:27,400 - Evaluate - INFO - ASR Module... Epoch: 1, RSS: 3.33 GB
2026-07-27 02:55:27,401 - Evaluate - INFO - ASR... Epoch: 1, Walltime: 19.766542 CPU time: 107.278609
2026-07-27 02:55:45,940 - Evaluate - INFO - ASR Module... Epoch: 1, RSS: 3.33 GB
2026-07-27 02:55:45,942 - Evaluate - INFO - ASR... Epoch: 1, Walltime: 18.536144 CPU time: 101.741740
2026-07-27 02:56:04,531 - Evaluate - INFO - ASR Module... Epoch: 1, RSS: 3.33 GB
2026-07-27 02:56:04,533 - Evaluate - INFO - ASR... Epoch: 1, Walltime: 18.586379 CPU time: 101.832947
2026-07-27 02:56:23,821 - Evaluate - INFO - ASR Module... Epoch: 1, RSS: 3.33 GB
2026-07-27 02:56:23,822 - Evaluate - INFO - ASR... Epoch: 1, Walltime: 19.282102 CPU time: 106.063405
2026-07-27 02:56:42,480 - Evaluate - INFO - ASR Module... Epoch: 1, RSS: 3.33 GB
2026-07-27 02:56:42,481 - Evaluate - INFO - ASR... Epoch: 1, Walltime: 18.655443 CPU time: 102.998044
2026-07-27 02:57:02,131 - Evaluate - INFO - ASR Module... Epoch: 1, RSS: 3.33 GB
2026-07-27 02:57:02,132 - Evaluate - INFO - ASR... Epoch: 1, Walltime: 19.645904 CPU time: 107.299399
2026-07-27 02:57:21,767 - Evaluate - INFO - ASR Module... Epoch: 1, RSS: 3.33 GB
2026-07-27 02:57:21,769 - Evaluate - INFO - ASR... Epoch: 1, Walltime: 19.631424 CPU time: 108.525921
2026-07-27 02:57:42,045 - Evaluate - INFO - ASR Module... Epoch: 1, RSS: 3.33 GB
2026-07-27 02:57:42,046 - Evaluate - INFO - ASR... Epoch: 1, Walltime: 20.272265 CPU time: 111.772426
2026-07-27 02:58:01,384 - Evaluate - INFO - ASR Module... Epoch: 1, RSS: 3.33 GB
2026-07-27 02:58:01,385 - Evaluate - INFO - ASR... Epoch: 1, Walltime: 19.332960 CPU time: 106.313544
2026-07-27 02:58:21,221 - Evaluate - INFO - ASR Module... Epoch: 1, RSS: 3.33 GB
2026-07-27 02:58:21,222 - Evaluate - INFO - ASR... Epoch: 1, Walltime: 19.832382 CPU time: 108.287418
2026-07-27 02:58:40,330 - Evaluate - INFO - ASR Module... Epoch: 1, RSS: 3.33 GB
2026-07-27 02:58:40,331 - Evaluate - INFO - ASR... Epoch: 1, Walltime: 19.104684 CPU time: 105.025429
2026-07-27 02:58:59,098 - Evaluate - INFO - ASR Module... Epoch: 1, RSS: 3.33 GB
2026-07-27 02:58:59,099 - Evaluate - INFO - ASR... Epoch: 1, Walltime: 18.764116 CPU time: 103.706956
2026-07-27 02:59:18,396 - Evaluate - INFO - ASR Module... Epoch: 1, RSS: 3.33 GB
2026-07-27 02:59:18,397 - Evaluate - INFO - ASR... Epoch: 1, Walltime: 19.292555 CPU time: 106.445930
2026-07-27 02:59:37,329 - Evaluate - INFO - ASR Module... Epoch: 1, RSS: 3.33 GB
2026-07-27 02:59:37,330 - Evaluate - INFO - ASR... Epoch: 1, Walltime: 18.928482 CPU time: 105.066400
2026-07-27 02:59:55,985 - Evaluate - INFO - ASR Module... Epoch: 1, RSS: 3.33 GB
2026-07-27 02:59:55,986 - Evaluate - INFO - ASR... Epoch: 1, Walltime: 18.650568 CPU time: 103.702260
2026-07-27 03:00:14,709 - Evaluate - INFO - ASR Module... Epoch: 1, RSS: 3.33 GB
2026-07-27 03:00:14,710 - Evaluate - INFO - ASR... Epoch: 1, Walltime: 18.719667 CPU time: 103.734094
2026-07-27 03:00:34,346 - Evaluate - INFO - ASR Module... Epoch: 1, RSS: 3.33 GB
2026-07-27 03:00:34,347 - Evaluate - INFO - ASR... Epoch: 1, Walltime: 19.631923 CPU time: 108.296580
2026-07-27 03:00:53,971 - Evaluate - INFO - ASR Module... Epoch: 1, RSS: 3.33 GB
2026-07-27 03:00:53,972 - Evaluate - INFO - ASR... Epoch: 1, Walltime: 19.620361 CPU time: 107.874641
2026-07-27 03:01:12,836 - Evaluate - INFO - ASR Module... Epoch: 1, RSS: 3.33 GB
2026-07-27 03:01:12,838 - Evaluate - INFO - ASR... Epoch: 1, Walltime: 18.860330 CPU time: 103.297181
2026-07-27 03:01:31,548 - Evaluate - INFO - ASR Module... Epoch: 1, RSS: 3.33 GB
2026-07-27 03:01:31,550 - Evaluate - INFO - ASR... Epoch: 1, Walltime: 18.707287 CPU time: 102.276193
2026-07-27 03:01:49,492 - Evaluate - INFO - ASR Module... Epoch: 1, RSS: 3.33 GB
2026-07-27 03:01:49,493 - Evaluate - INFO - ASR... Epoch: 1, Walltime: 17.939261 CPU time: 99.915566
2026-07-27 03:02:08,834 - Evaluate - INFO - ASR Module... Epoch: 1, RSS: 3.33 GB
2026-07-27 03:02:08,835 - Evaluate - INFO - ASR... Epoch: 1, Walltime: 19.337467 CPU time: 107.033790
2026-07-27 03:02:27,890 - Evaluate - INFO - ASR Module... Epoch: 1, RSS: 3.33 GB
2026-07-27 03:02:27,891 - Evaluate - INFO - ASR... Epoch: 1, Walltime: 19.051650 CPU time: 105.032649
2026-07-27 03:02:46,237 - Evaluate - INFO - ASR Module... Epoch: 1, RSS: 3.33 GB
2026-07-27 03:02:46,238 - Evaluate - INFO - ASR... Epoch: 1, Walltime: 18.342636 CPU time: 101.220666
2026-07-27 03:03:05,420 - Evaluate - INFO - ASR Module... Epoch: 1, RSS: 3.33 GB
2026-07-27 03:03:05,423 - Evaluate - INFO - ASR... Epoch: 1, Walltime: 19.178728 CPU time: 106.085228
2026-07-27 03:03:25,147 - Evaluate - INFO - ASR Module... Epoch: 1, RSS: 3.33 GB
2026-07-27 03:03:25,148 - Evaluate - INFO - ASR... Epoch: 1, Walltime: 19.719607 CPU time: 107.552485
2026-07-27 03:03:45,101 - Evaluate - INFO - ASR Module... Epoch: 1, RSS: 3.33 GB
2026-07-27 03:03:45,102 - Evaluate - INFO - ASR... Epoch: 1, Walltime: 19.950043 CPU time: 108.450564
2026-07-27 03:04:04,417 - Evaluate - INFO - ASR Module... Epoch: 1, RSS: 3.33 GB
2026-07-27 03:04:04,418 - Evaluate - INFO - ASR... Epoch: 1, Walltime: 19.311363 CPU time: 106.503139
2026-07-27 03:04:24,519 - Evaluate - INFO - ASR Module... Epoch: 1, RSS: 3.33 GB
2026-07-27 03:04:24,520 - Evaluate - INFO - ASR... Epoch: 1, Walltime: 20.096772 CPU time: 110.213900
2026-07-27 03:04:42,774 - Evaluate - INFO - ASR Module... Epoch: 1, RSS: 3.33 GB
2026-07-27 03:04:42,775 - Evaluate - INFO - ASR... Epoch: 1, Walltime: 18.250344 CPU time: 101.567493
2026-07-27 03:05:02,037 - Evaluate - INFO - ASR Module... Epoch: 1, RSS: 3.33 GB
2026-07-27 03:05:02,038 - Evaluate - INFO - ASR... Epoch: 1, Walltime: 19.258280 CPU time: 106.442650
2026-07-27 03:05:22,998 - Evaluate - INFO - ASR Module... Epoch: 1, RSS: 3.33 GB
2026-07-27 03:05:23,001 - Evaluate - INFO - ASR... Epoch: 1, Walltime: 20.954519 CPU time: 114.881213
2026-07-27 03:05:44,056 - Evaluate - INFO - ASR Module... Epoch: 1, RSS: 3.33 GB
2026-07-27 03:05:44,057 - Evaluate - INFO - ASR... Epoch: 1, Walltime: 21.048515 CPU time: 115.882890
2026-07-27 03:06:04,687 - Evaluate - INFO - ASR Module... Epoch: 1, RSS: 3.33 GB
2026-07-27 03:06:04,688 - Evaluate - INFO - ASR... Epoch: 1, Walltime: 20.625074 CPU time: 112.550118
2026-07-27 03:06:25,146 - Evaluate - INFO - ASR Module... Epoch: 1, RSS: 3.33 GB
2026-07-27 03:06:25,147 - Evaluate - INFO - ASR... Epoch: 1, Walltime: 20.452080 CPU time: 111.819399
2026-07-27 03:06:45,965 - Evaluate - INFO - ASR Module... Epoch: 1, RSS: 3.33 GB
2026-07-27 03:06:45,966 - Evaluate - INFO - ASR... Epoch: 1, Walltime: 20.812624 CPU time: 113.810268
2026-07-27 03:07:08,797 - Evaluate - INFO - ASR Module... Epoch: 1, RSS: 3.39 GB
2026-07-27 03:07:08,798 - Evaluate - INFO - ASR... Epoch: 1, Walltime: 22.825571 CPU time: 125.366087
2026-07-27 03:07:31,804 - Evaluate - INFO - ASR Module... Epoch: 1, RSS: 3.39 GB
2026-07-27 03:07:31,805 - Evaluate - INFO - ASR... Epoch: 1, Walltime: 23.000925 CPU time: 125.741420
2026-07-27 03:07:52,627 - Evaluate - INFO - ASR Module... Epoch: 1, RSS: 3.39 GB
2026-07-27 03:07:52,629 - Evaluate - INFO - ASR... Epoch: 1, Walltime: 20.815613 CPU time: 114.018317
2026-07-27 03:08:15,779 - Evaluate - INFO - ASR Module... Epoch: 1, RSS: 3.39 GB
2026-07-27 03:08:15,780 - Evaluate - INFO - ASR... Epoch: 1, Walltime: 23.145574 CPU time: 126.079153
2026-07-27 03:08:34,061 - Evaluate - INFO - ASR Module... Epoch: 1, RSS: 3.39 GB
2026-07-27 03:08:34,062 - Evaluate - INFO - ASR... Epoch: 1, Walltime: 18.275105 CPU time: 101.305876
2026-07-27 03:08:57,250 - Evaluate - INFO - ASR Module... Epoch: 1, RSS: 3.39 GB
2026-07-27 03:08:57,251 - Evaluate - INFO - ASR... Epoch: 1, Walltime: 23.179993 CPU time: 126.808036
2026-07-27 03:09:21,478 - Evaluate - INFO - ASR Module... Epoch: 1, RSS: 3.39 GB
2026-07-27 03:09:21,479 - Evaluate - INFO - ASR... Epoch: 1, Walltime: 24.219151 CPU time: 132.034649
2026-07-27 03:09:44,272 - Evaluate - INFO - ASR Module... Epoch: 1, RSS: 3.39 GB
2026-07-27 03:09:44,273 - Evaluate - INFO - ASR... Epoch: 1, Walltime: 22.785044 CPU time: 122.793851
2026-07-27 03:10:06,981 - Evaluate - INFO - ASR Module... Epoch: 1, RSS: 3.39 GB
2026-07-27 03:10:06,982 - Evaluate - INFO - ASR... Epoch: 1, Walltime: 22.700927 CPU time: 123.590055
2026-07-27 03:10:28,591 - Evaluate - INFO - ASR Module... Epoch: 1, RSS: 3.39 GB
2026-07-27 03:10:28,593 - Evaluate - INFO - ASR... Epoch: 1, Walltime: 21.602828 CPU time: 118.442839
2026-07-27 03:10:48,177 - Evaluate - INFO - ASR Module... Epoch: 1, RSS: 3.39 GB
2026-07-27 03:10:48,178 - Evaluate - INFO - ASR... Epoch: 1, Walltime: 19.579096 CPU time: 106.206551
2026-07-27 03:11:08,501 - Evaluate - INFO - ASR Module... Epoch: 1, RSS: 3.39 GB
2026-07-27 03:11:08,502 - Evaluate - INFO - ASR... Epoch: 1, Walltime: 20.318201 CPU time: 111.460800
2026-07-27 03:11:26,988 - Evaluate - INFO - ASR Module... Epoch: 1, RSS: 3.39 GB
2026-07-27 03:11:26,989 - Evaluate - INFO - ASR... Epoch: 1, Walltime: 18.483597 CPU time: 101.715951
2026-07-27 03:11:48,426 - Evaluate - INFO - ASR Module... Epoch: 1, RSS: 3.39 GB
2026-07-27 03:11:48,427 - Evaluate - INFO - ASR... Epoch: 1, Walltime: 21.432145 CPU time: 117.366635
2026-07-27 03:12:10,132 - Evaluate - INFO - ASR Module... Epoch: 1, RSS: 3.39 GB
2026-07-27 03:12:10,133 - Evaluate - INFO - ASR... Epoch: 1, Walltime: 21.700996 CPU time: 118.740414
2026-07-27 03:12:28,538 - Evaluate - INFO - ASR Module... Epoch: 1, RSS: 3.39 GB
2026-07-27 03:12:28,540 - Evaluate - INFO - ASR... Epoch: 1, Walltime: 18.400134 CPU time: 102.011323
2026-07-27 03:12:48,680 - Evaluate - INFO - ASR Module... Epoch: 1, RSS: 3.39 GB
2026-07-27 03:12:48,682 - Evaluate - INFO - ASR... Epoch: 1, Walltime: 20.136620 CPU time: 110.897912
2026-07-27 03:13:10,328 - Evaluate - INFO - ASR Module... Epoch: 1, RSS: 3.39 GB
2026-07-27 03:13:10,330 - Evaluate - INFO - ASR... Epoch: 1, Walltime: 21.640000 CPU time: 118.808864
2026-07-27 03:13:31,822 - Evaluate - INFO - ASR Module... Epoch: 1, RSS: 3.39 GB
2026-07-27 03:13:31,825 - Evaluate - INFO - ASR... Epoch: 1, Walltime: 21.487226 CPU time: 117.561520
2026-07-27 03:13:54,481 - Evaluate - INFO - ASR Module... Epoch: 1, RSS: 3.39 GB
2026-07-27 03:13:54,485 - Evaluate - INFO - ASR... Epoch: 1, Walltime: 22.648321 CPU time: 122.885110
2026-07-27 03:14:14,666 - Evaluate - INFO - ASR Module... Epoch: 1, RSS: 3.39 GB
2026-07-27 03:14:14,667 - Evaluate - INFO - ASR... Epoch: 1, Walltime: 20.175907 CPU time: 110.559742
2026-07-27 03:14:33,626 - Evaluate - INFO - ASR Module... Epoch: 1, RSS: 3.39 GB
2026-07-27 03:14:33,627 - Evaluate - INFO - ASR... Epoch: 1, Walltime: 18.954323 CPU time: 104.862469
2026-07-27 03:14:54,848 - Evaluate - INFO - ASR Module... Epoch: 1, RSS: 3.39 GB
2026-07-27 03:14:54,849 - Evaluate - INFO - ASR... Epoch: 1, Walltime: 21.217404 CPU time: 115.733415
2026-07-27 03:15:15,826 - Evaluate - INFO - ASR Module... Epoch: 1, RSS: 3.39 GB
2026-07-27 03:15:15,827 - Evaluate - INFO - ASR... Epoch: 1, Walltime: 20.971904 CPU time: 115.137803
2026-07-27 03:15:34,342 - Evaluate - INFO - ASR Module... Epoch: 1, RSS: 3.39 GB
2026-07-27 03:15:34,343 - Evaluate - INFO - ASR... Epoch: 1, Walltime: 18.511100 CPU time: 101.853716
2026-07-27 03:15:54,987 - Evaluate - INFO - ASR Module... Epoch: 1, RSS: 3.39 GB
2026-07-27 03:15:54,988 - Evaluate - INFO - ASR... Epoch: 1, Walltime: 20.641228 CPU time: 113.276873
2026-07-27 03:16:14,632 - Evaluate - INFO - ASR Module... Epoch: 1, RSS: 3.39 GB
2026-07-27 03:16:14,633 - Evaluate - INFO - ASR... Epoch: 1, Walltime: 19.639732 CPU time: 108.428380
2026-07-27 03:16:36,586 - Evaluate - INFO - ASR Module... Epoch: 1, RSS: 3.39 GB
2026-07-27 03:16:36,587 - Evaluate - INFO - ASR... Epoch: 1, Walltime: 21.948335 CPU time: 119.912219
2026-07-27 03:16:58,695 - Evaluate - INFO - ASR Module... Epoch: 1, RSS: 3.39 GB
2026-07-27 03:16:58,697 - Evaluate - INFO - ASR... Epoch: 1, Walltime: 22.101751 CPU time: 121.324174
2026-07-27 03:17:19,202 - Evaluate - INFO - ASR Module... Epoch: 1, RSS: 3.39 GB
2026-07-27 03:17:19,203 - Evaluate - INFO - ASR... Epoch: 1, Walltime: 20.500208 CPU time: 111.942495
2026-07-27 03:17:38,893 - Evaluate - INFO - ASR Module... Epoch: 1, RSS: 3.39 GB
2026-07-27 03:17:38,894 - Evaluate - INFO - ASR... Epoch: 1, Walltime: 19.685824 CPU time: 108.360945
2026-07-27 03:17:59,199 - Evaluate - INFO - ASR Module... Epoch: 1, RSS: 3.39 GB
2026-07-27 03:17:59,200 - Evaluate - INFO - ASR... Epoch: 1, Walltime: 20.300230 CPU time: 111.437331
2026-07-27 03:18:18,650 - Evaluate - INFO - ASR Module... Epoch: 1, RSS: 3.39 GB
2026-07-27 03:18:18,651 - Evaluate - INFO - ASR... Epoch: 1, Walltime: 19.444863 CPU time: 107.872046
2026-07-27 03:18:38,373 - Evaluate - INFO - ASR Module... Epoch: 1, RSS: 3.39 GB
2026-07-27 03:18:38,374 - Evaluate - INFO - ASR... Epoch: 1, Walltime: 19.718276 CPU time: 108.546013
2026-07-27 03:18:57,295 - Evaluate - INFO - ASR Module... Epoch: 1, RSS: 3.39 GB
2026-07-27 03:18:57,296 - Evaluate - INFO - ASR... Epoch: 1, Walltime: 18.916308 CPU time: 104.560984
2026-07-27 03:19:17,930 - Evaluate - INFO - ASR Module... Epoch: 1, RSS: 3.39 GB
2026-07-27 03:19:17,931 - Evaluate - INFO - ASR... Epoch: 1, Walltime: 20.630069 CPU time: 113.128026
2026-07-27 03:19:38,484 - Evaluate - INFO - ASR Module... Epoch: 1, RSS: 3.39 GB
2026-07-27 03:19:38,485 - Evaluate - INFO - ASR... Epoch: 1, Walltime: 20.547076 CPU time: 112.934483
2026-07-27 03:19:58,617 - Evaluate - INFO - ASR Module... Epoch: 1, RSS: 3.39 GB
2026-07-27 03:19:58,619 - Evaluate - INFO - ASR... Epoch: 1, Walltime: 20.127027 CPU time: 110.846335
2026-07-27 03:20:17,648 - Evaluate - INFO - ASR Module... Epoch: 1, RSS: 3.39 GB
2026-07-27 03:20:17,649 - Evaluate - INFO - ASR... Epoch: 1, Walltime: 19.026024 CPU time: 104.903256
2026-07-27 03:20:39,833 - Evaluate - INFO - ASR Module... Epoch: 1, RSS: 3.39 GB
2026-07-27 03:20:39,834 - Evaluate - INFO - ASR... Epoch: 1, Walltime: 22.178093 CPU time: 120.163431
2026-07-27 03:21:02,627 - Evaluate - INFO - ASR Module... Epoch: 1, RSS: 3.39 GB
2026-07-27 03:21:02,629 - Evaluate - INFO - ASR... Epoch: 1, Walltime: 22.787071 CPU time: 124.186416
2026-07-27 03:21:22,598 - Evaluate - INFO - ASR Module... Epoch: 1, RSS: 3.39 GB
2026-07-27 03:21:22,599 - Evaluate - INFO - ASR... Epoch: 1, Walltime: 19.963618 CPU time: 110.152596
2026-07-27 03:21:43,566 - Evaluate - INFO - ASR Module... Epoch: 1, RSS: 3.39 GB
2026-07-27 03:21:43,567 - Evaluate - INFO - ASR... Epoch: 1, Walltime: 20.961905 CPU time: 115.297865
2026-07-27 03:22:05,265 - Evaluate - INFO - ASR Module... Epoch: 1, RSS: 3.39 GB
2026-07-27 03:22:05,266 - Evaluate - INFO - ASR... Epoch: 1, Walltime: 21.691830 CPU time: 118.386922
2026-07-27 03:22:25,674 - Evaluate - INFO - ASR Module... Epoch: 1, RSS: 3.39 GB
2026-07-27 03:22:25,676 - Evaluate - INFO - ASR... Epoch: 1, Walltime: 20.402730 CPU time: 111.829704
2026-07-27 03:22:47,666 - Evaluate - INFO - ASR Module... Epoch: 1, RSS: 3.39 GB
2026-07-27 03:22:47,667 - Evaluate - INFO - ASR... Epoch: 1, Walltime: 21.984859 CPU time: 118.832985
2026-07-27 03:23:08,571 - Evaluate - INFO - ASR Module... Epoch: 1, RSS: 3.39 GB
2026-07-27 03:23:08,572 - Evaluate - INFO - ASR... Epoch: 1, Walltime: 20.898602 CPU time: 114.699938
2026-07-27 03:23:34,031 - Evaluate - INFO - ASR Module... Epoch: 1, RSS: 3.39 GB
2026-07-27 03:23:34,032 - Evaluate - INFO - ASR... Epoch: 1, Walltime: 25.451943 CPU time: 137.734593
2026-07-27 03:23:56,342 - Evaluate - INFO - ASR Module... Epoch: 1, RSS: 3.39 GB
2026-07-27 03:23:56,344 - Evaluate - INFO - ASR... Epoch: 1, Walltime: 22.304884 CPU time: 122.795734
2026-07-27 03:24:18,916 - Evaluate - INFO - ASR Module... Epoch: 1, RSS: 3.39 GB
2026-07-27 03:24:18,918 - Evaluate - INFO - ASR... Epoch: 1, Walltime: 22.565763 CPU time: 122.694081
2026-07-27 03:24:41,261 - Evaluate - INFO - ASR Module... Epoch: 1, RSS: 3.39 GB
2026-07-27 03:24:41,262 - Evaluate - INFO - ASR... Epoch: 1, Walltime: 22.337226 CPU time: 121.217270
2026-07-27 03:25:00,775 - Evaluate - INFO - ASR Module... Epoch: 1, RSS: 3.39 GB
2026-07-27 03:25:00,776 - Evaluate - INFO - ASR... Epoch: 1, Walltime: 19.509256 CPU time: 107.002775
2026-07-27 03:25:20,236 - Evaluate - INFO - ASR Module... Epoch: 1, RSS: 3.39 GB
2026-07-27 03:25:20,237 - Evaluate - INFO - ASR... Epoch: 1, Walltime: 19.456374 CPU time: 107.021859
2026-07-27 03:25:39,841 - Evaluate - INFO - ASR Module... Epoch: 1, RSS: 3.39 GB
2026-07-27 03:25:39,842 - Evaluate - INFO - ASR... Epoch: 1, Walltime: 19.599779 CPU time: 106.610054
2026-07-27 03:25:59,055 - Evaluate - INFO - ASR Module... Epoch: 1, RSS: 3.39 GB
2026-07-27 03:25:59,056 - Evaluate - INFO - ASR... Epoch: 1, Walltime: 19.209444 CPU time: 105.155613
2026-07-27 03:26:16,896 - Evaluate - INFO - ASR Module... Epoch: 1, RSS: 3.39 GB
2026-07-27 03:26:16,898 - Evaluate - INFO - ASR... Epoch: 1, Walltime: 17.837288 CPU time: 99.165078
2026-07-27 03:26:36,516 - Evaluate - INFO - ASR Module... Epoch: 1, RSS: 3.39 GB
2026-07-27 03:26:36,518 - Evaluate - INFO - ASR... Epoch: 1, Walltime: 19.613988 CPU time: 108.165336
2026-07-27 03:26:55,824 - Evaluate - INFO - ASR Module... Epoch: 1, RSS: 3.39 GB
2026-07-27 03:26:55,825 - Evaluate - INFO - ASR... Epoch: 1, Walltime: 19.302451 CPU time: 105.813230
2026-07-27 03:27:15,160 - Evaluate - INFO - ASR Module... Epoch: 1, RSS: 3.39 GB
2026-07-27 03:27:15,161 - Evaluate - INFO - ASR... Epoch: 1, Walltime: 19.331093 CPU time: 106.681038
2026-07-27 03:27:35,467 - Evaluate - INFO - ASR Module... Epoch: 1, RSS: 3.39 GB
2026-07-27 03:27:35,468 - Evaluate - INFO - ASR... Epoch: 1, Walltime: 20.302049 CPU time: 111.450307
2026-07-27 03:27:55,732 - Evaluate - INFO - ASR Module... Epoch: 1, RSS: 3.39 GB
2026-07-27 03:27:55,733 - Evaluate - INFO - ASR... Epoch: 1, Walltime: 20.258149 CPU time: 111.201105
2026-07-27 03:28:16,338 - Evaluate - INFO - ASR Module... Epoch: 1, RSS: 3.39 GB
2026-07-27 03:28:16,339 - Evaluate - INFO - ASR... Epoch: 1, Walltime: 20.599725 CPU time: 112.824776
2026-07-27 03:28:35,032 - Evaluate - INFO - ASR Module... Epoch: 1, RSS: 3.39 GB
2026-07-27 03:28:35,034 - Evaluate - INFO - ASR... Epoch: 1, Walltime: 18.690538 CPU time: 103.367141
2026-07-27 03:28:54,468 - Evaluate - INFO - ASR Module... Epoch: 1, RSS: 3.39 GB
2026-07-27 03:28:54,469 - Evaluate - INFO - ASR... Epoch: 1, Walltime: 19.429673 CPU time: 107.312724
2026-07-27 03:29:14,034 - Evaluate - INFO - ASR Module... Epoch: 1, RSS: 3.39 GB
2026-07-27 03:29:14,035 - Evaluate - INFO - ASR... Epoch: 1, Walltime: 19.561373 CPU time: 107.654138
2026-07-27 03:29:33,828 - Evaluate - INFO - ASR Module... Epoch: 1, RSS: 3.39 GB
2026-07-27 03:29:33,829 - Evaluate - INFO - ASR... Epoch: 1, Walltime: 19.788964 CPU time: 108.955959
2026-07-27 03:29:52,866 - Evaluate - INFO - ASR Module... Epoch: 1, RSS: 3.39 GB
2026-07-27 03:29:52,867 - Evaluate - INFO - ASR... Epoch: 1, Walltime: 19.032221 CPU time: 105.334804
2026-07-27 03:30:13,377 - Evaluate - INFO - ASR Module... Epoch: 1, RSS: 3.39 GB
2026-07-27 03:30:13,378 - Evaluate - INFO - ASR... Epoch: 1, Walltime: 20.505808 CPU time: 113.261840
2026-07-27 03:30:35,348 - Evaluate - INFO - ASR Module... Epoch: 1, RSS: 3.39 GB
2026-07-27 03:30:35,349 - Evaluate - INFO - ASR... Epoch: 1, Walltime: 21.963861 CPU time: 120.358266
2026-07-27 03:30:55,802 - Evaluate - INFO - ASR Module... Epoch: 1, RSS: 3.39 GB
2026-07-27 03:30:55,803 - Evaluate - INFO - ASR... Epoch: 1, Walltime: 20.447953 CPU time: 111.958157
2026-07-27 03:31:19,049 - Evaluate - INFO - ASR Module... Epoch: 1, RSS: 3.39 GB
2026-07-27 03:31:19,050 - Evaluate - INFO - ASR... Epoch: 1, Walltime: 23.239864 CPU time: 125.141892
2026-07-27 03:31:39,566 - Evaluate - INFO - ASR Module... Epoch: 1, RSS: 3.39 GB
2026-07-27 03:31:39,567 - Evaluate - INFO - ASR... Epoch: 1, Walltime: 20.510120 CPU time: 112.233148
2026-07-27 03:31:58,888 - Evaluate - INFO - ASR Module... Epoch: 1, RSS: 3.39 GB
2026-07-27 03:31:58,889 - Evaluate - INFO - ASR... Epoch: 1, Walltime: 19.317309 CPU time: 106.722091
2026-07-27 03:32:17,172 - Evaluate - INFO - ASR Module... Epoch: 1, RSS: 3.39 GB
2026-07-27 03:32:17,173 - Evaluate - INFO - ASR... Epoch: 1, Walltime: 18.278797 CPU time: 101.147737
2026-07-27 03:32:36,408 - Evaluate - INFO - ASR Module... Epoch: 1, RSS: 3.39 GB
2026-07-27 03:32:36,409 - Evaluate - INFO - ASR... Epoch: 1, Walltime: 19.232318 CPU time: 105.742201
2026-07-27 03:32:56,662 - Evaluate - INFO - ASR Module... Epoch: 1, RSS: 3.39 GB
2026-07-27 03:32:56,663 - Evaluate - INFO - ASR... Epoch: 1, Walltime: 20.249324 CPU time: 109.789990
2026-07-27 03:33:16,162 - Evaluate - INFO - ASR Module... Epoch: 1, RSS: 3.39 GB
2026-07-27 03:33:16,163 - Evaluate - INFO - ASR... Epoch: 1, Walltime: 19.494949 CPU time: 106.988337
2026-07-27 03:33:34,976 - Evaluate - INFO - ASR Module... Epoch: 1, RSS: 3.39 GB
2026-07-27 03:33:34,977 - Evaluate - INFO - ASR... Epoch: 1, Walltime: 18.810575 CPU time: 103.979476
2026-07-27 03:33:53,764 - Evaluate - INFO - ASR Module... Epoch: 1, RSS: 3.39 GB
2026-07-27 03:33:53,765 - Evaluate - INFO - ASR... Epoch: 1, Walltime: 18.782945 CPU time: 103.504897
2026-07-27 03:34:13,089 - Evaluate - INFO - ASR Module... Epoch: 1, RSS: 3.39 GB
2026-07-27 03:34:13,090 - Evaluate - INFO - ASR... Epoch: 1, Walltime: 19.320120 CPU time: 106.004247
2026-07-27 03:34:31,966 - Evaluate - INFO - ASR Module... Epoch: 1, RSS: 3.39 GB
2026-07-27 03:34:31,967 - Evaluate - INFO - ASR... Epoch: 1, Walltime: 18.874047 CPU time: 104.399297
2026-07-27 03:34:51,434 - Evaluate - INFO - ASR Module... Epoch: 1, RSS: 3.39 GB
2026-07-27 03:34:51,435 - Evaluate - INFO - ASR... Epoch: 1, Walltime: 19.463166 CPU time: 107.665292
2026-07-27 03:35:10,254 - Evaluate - INFO - ASR Module... Epoch: 1, RSS: 3.39 GB
2026-07-27 03:35:10,255 - Evaluate - INFO - ASR... Epoch: 1, Walltime: 18.815656 CPU time: 102.891070
2026-07-27 03:35:30,120 - Evaluate - INFO - ASR Module... Epoch: 1, RSS: 3.39 GB
2026-07-27 03:35:30,121 - Evaluate - INFO - ASR... Epoch: 1, Walltime: 19.861805 CPU time: 109.288647
2026-07-27 03:35:49,402 - Evaluate - INFO - ASR Module... Epoch: 1, RSS: 3.39 GB
2026-07-27 03:35:49,403 - Evaluate - INFO - ASR... Epoch: 1, Walltime: 19.278337 CPU time: 104.570897
2026-07-27 03:36:08,511 - Evaluate - INFO - ASR Module... Epoch: 1, RSS: 3.39 GB
2026-07-27 03:36:08,512 - Evaluate - INFO - ASR... Epoch: 1, Walltime: 19.104131 CPU time: 105.610662
2026-07-27 03:36:27,855 - Evaluate - INFO - ASR Module... Epoch: 1, RSS: 3.39 GB
2026-07-27 03:36:27,856 - Evaluate - INFO - ASR... Epoch: 1, Walltime: 19.338258 CPU time: 106.602864
2026-07-27 03:36:46,678 - Evaluate - INFO - ASR Module... Epoch: 1, RSS: 3.39 GB
2026-07-27 03:36:46,679 - Evaluate - INFO - ASR... Epoch: 1, Walltime: 18.819927 CPU time: 104.057477
2026-07-27 03:37:05,147 - Evaluate - INFO - ASR Module... Epoch: 1, RSS: 3.39 GB
2026-07-27 03:37:05,148 - Evaluate - INFO - ASR... Epoch: 1, Walltime: 18.464131 CPU time: 102.367914
2026-07-27 03:37:24,612 - Evaluate - INFO - ASR Module... Epoch: 1, RSS: 3.39 GB
2026-07-27 03:37:24,613 - Evaluate - INFO - ASR... Epoch: 1, Walltime: 19.460401 CPU time: 106.755037
2026-07-27 03:37:43,606 - Evaluate - INFO - ASR Module... Epoch: 1, RSS: 3.39 GB
2026-07-27 03:37:43,607 - Evaluate - INFO - ASR... Epoch: 1, Walltime: 18.990280 CPU time: 105.392048
2026-07-27 03:38:02,392 - Evaluate - INFO - ASR Module... Epoch: 1, RSS: 3.39 GB
2026-07-27 03:38:02,393 - Evaluate - INFO - ASR... Epoch: 1, Walltime: 18.780676 CPU time: 104.038528
2026-07-27 03:38:21,769 - Evaluate - INFO - ASR Module... Epoch: 1, RSS: 3.39 GB
2026-07-27 03:38:21,770 - Evaluate - INFO - ASR... Epoch: 1, Walltime: 19.372225 CPU time: 107.226783
2026-07-27 03:38:40,234 - Evaluate - INFO - ASR Module... Epoch: 1, RSS: 3.39 GB
2026-07-27 03:38:40,235 - Evaluate - INFO - ASR... Epoch: 1, Walltime: 18.461558 CPU time: 101.115101
2026-07-27 03:38:58,708 - Evaluate - INFO - ASR Module... Epoch: 1, RSS: 3.39 GB
2026-07-27 03:38:58,709 - Evaluate - INFO - ASR... Epoch: 1, Walltime: 18.469358 CPU time: 101.450796
2026-07-27 03:39:17,136 - Evaluate - INFO - ASR Module... Epoch: 1, RSS: 3.39 GB
2026-07-27 03:39:17,137 - Evaluate - INFO - ASR... Epoch: 1, Walltime: 18.423317 CPU time: 102.006362
2026-07-27 03:39:37,163 - Evaluate - INFO - ASR Module... Epoch: 1, RSS: 3.39 GB
2026-07-27 03:39:37,165 - Evaluate - INFO - ASR... Epoch: 1, Walltime: 20.023868 CPU time: 109.794955
2026-07-27 03:39:55,778 - Evaluate - INFO - ASR Module... Epoch: 1, RSS: 3.39 GB
2026-07-27 03:39:55,779 - Evaluate - INFO - ASR... Epoch: 1, Walltime: 18.609635 CPU time: 103.562232
2026-07-27 03:40:15,198 - Evaluate - INFO - ASR Module... Epoch: 1, RSS: 3.39 GB
2026-07-27 03:40:15,199 - Evaluate - INFO - ASR... Epoch: 1, Walltime: 19.414311 CPU time: 106.689841
2026-07-27 03:40:33,425 - Evaluate - INFO - ASR Module... Epoch: 1, RSS: 3.39 GB
2026-07-27 03:40:33,426 - Evaluate - INFO - ASR... Epoch: 1, Walltime: 18.224261 CPU time: 100.771305
2026-07-27 03:40:53,047 - Evaluate - INFO - ASR Module... Epoch: 1, RSS: 3.39 GB
2026-07-27 03:40:53,048 - Evaluate - INFO - ASR... Epoch: 1, Walltime: 19.616789 CPU time: 108.144827
2026-07-27 03:41:11,676 - Evaluate - INFO - ASR Module... Epoch: 1, RSS: 3.39 GB
2026-07-27 03:41:11,677 - Evaluate - INFO - ASR... Epoch: 1, Walltime: 18.624296 CPU time: 102.584663
2026-07-27 03:41:30,533 - Evaluate - INFO - ASR Module... Epoch: 1, RSS: 3.39 GB
2026-07-27 03:41:30,534 - Evaluate - INFO - ASR... Epoch: 1, Walltime: 18.853272 CPU time: 104.128446
2026-07-27 03:41:49,997 - Evaluate - INFO - ASR Module... Epoch: 1, RSS: 3.39 GB
2026-07-27 03:41:49,998 - Evaluate - INFO - ASR... Epoch: 1, Walltime: 19.459713 CPU time: 107.648850
2026-07-27 03:42:08,790 - Evaluate - INFO - ASR Module... Epoch: 1, RSS: 3.39 GB
2026-07-27 03:42:08,791 - Evaluate - INFO - ASR... Epoch: 1, Walltime: 18.788167 CPU time: 104.014371
2026-07-27 03:42:27,299 - Evaluate - INFO - ASR Module... Epoch: 1, RSS: 3.39 GB
2026-07-27 03:42:27,300 - Evaluate - INFO - ASR... Epoch: 1, Walltime: 18.505065 CPU time: 102.058567
2026-07-27 03:42:45,869 - Evaluate - INFO - ASR Module... Epoch: 1, RSS: 3.39 GB
2026-07-27 03:42:45,870 - Evaluate - INFO - ASR... Epoch: 1, Walltime: 18.566099 CPU time: 102.261132
2026-07-27 03:43:04,494 - Evaluate - INFO - ASR Module... Epoch: 1, RSS: 3.39 GB
2026-07-27 03:43:04,495 - Evaluate - INFO - ASR... Epoch: 1, Walltime: 18.620664 CPU time: 102.718837
2026-07-27 03:43:22,859 - Evaluate - INFO - ASR Module... Epoch: 1, RSS: 3.39 GB
2026-07-27 03:43:22,860 - Evaluate - INFO - ASR... Epoch: 1, Walltime: 18.361626 CPU time: 101.700516
2026-07-27 03:43:41,901 - Evaluate - INFO - ASR Module... Epoch: 1, RSS: 3.39 GB
2026-07-27 03:43:41,902 - Evaluate - INFO - ASR... Epoch: 1, Walltime: 19.037670 CPU time: 104.923855
2026-07-27 03:44:00,417 - Evaluate - INFO - ASR Module... Epoch: 1, RSS: 3.39 GB
2026-07-27 03:44:00,418 - Evaluate - INFO - ASR... Epoch: 1, Walltime: 18.511097 CPU time: 101.954746
2026-07-27 03:44:20,293 - Evaluate - INFO - ASR Module... Epoch: 1, RSS: 3.39 GB
2026-07-27 03:44:20,295 - Evaluate - INFO - ASR... Epoch: 1, Walltime: 19.871865 CPU time: 109.033996
2026-07-27 03:44:39,736 - Evaluate - INFO - ASR Module... Epoch: 1, RSS: 3.39 GB
2026-07-27 03:44:39,737 - Evaluate - INFO - ASR... Epoch: 1, Walltime: 19.437843 CPU time: 107.664147
2026-07-27 03:44:58,462 - Evaluate - INFO - ASR Module... Epoch: 1, RSS: 3.39 GB
2026-07-27 03:44:58,463 - Evaluate - INFO - ASR... Epoch: 1, Walltime: 18.721710 CPU time: 103.316588
2026-07-27 03:45:17,546 - Evaluate - INFO - ASR Module... Epoch: 1, RSS: 3.39 GB
2026-07-27 03:45:17,547 - Evaluate - INFO - ASR... Epoch: 1, Walltime: 19.079328 CPU time: 105.737550
2026-07-27 03:45:36,058 - Evaluate - INFO - ASR Module... Epoch: 1, RSS: 3.39 GB
2026-07-27 03:45:36,059 - Evaluate - INFO - ASR... Epoch: 1, Walltime: 18.507830 CPU time: 102.457990
2026-07-27 03:45:54,648 - Evaluate - INFO - ASR Module... Epoch: 1, RSS: 3.39 GB
2026-07-27 03:45:54,649 - Evaluate - INFO - ASR... Epoch: 1, Walltime: 18.585660 CPU time: 102.756705
2026-07-27 03:46:14,087 - Evaluate - INFO - ASR Module... Epoch: 1, RSS: 3.39 GB
2026-07-27 03:46:14,089 - Evaluate - INFO - ASR... Epoch: 1, Walltime: 19.434965 CPU time: 107.448617
2026-07-27 03:46:32,414 - Evaluate - INFO - ASR Module... Epoch: 1, RSS: 3.39 GB
2026-07-27 03:46:32,415 - Evaluate - INFO - ASR... Epoch: 1, Walltime: 18.321999 CPU time: 101.322279
2026-07-27 03:46:51,742 - Evaluate - INFO - ASR Module... Epoch: 1, RSS: 3.39 GB
2026-07-27 03:46:51,743 - Evaluate - INFO - ASR... Epoch: 1, Walltime: 19.324491 CPU time: 105.910214
2026-07-27 03:47:10,264 - Evaluate - INFO - ASR Module... Epoch: 1, RSS: 3.39 GB
2026-07-27 03:47:10,266 - Evaluate - INFO - ASR... Epoch: 1, Walltime: 18.518046 CPU time: 102.625585
2026-07-27 03:47:29,874 - Evaluate - INFO - ASR Module... Epoch: 1, RSS: 3.39 GB
2026-07-27 03:47:29,875 - Evaluate - INFO - ASR... Epoch: 1, Walltime: 19.604100 CPU time: 107.408914
2026-07-27 03:47:49,711 - Evaluate - INFO - ASR Module... Epoch: 1, RSS: 3.39 GB
2026-07-27 03:47:49,712 - Evaluate - INFO - ASR... Epoch: 1, Walltime: 19.832120 CPU time: 109.429800
2026-07-27 03:48:07,978 - Evaluate - INFO - ASR Module... Epoch: 1, RSS: 3.39 GB
2026-07-27 03:48:07,979 - Evaluate - INFO - ASR... Epoch: 1, Walltime: 18.263172 CPU time: 101.482189
2026-07-27 03:48:26,246 - Evaluate - INFO - ASR Module... Epoch: 1, RSS: 3.39 GB
2026-07-27 03:48:26,247 - Evaluate - INFO - ASR... Epoch: 1, Walltime: 18.263707 CPU time: 100.917047
2026-07-27 03:48:46,059 - Evaluate - INFO - ASR Module... Epoch: 1, RSS: 3.39 GB
2026-07-27 03:48:46,060 - Evaluate - INFO - ASR... Epoch: 1, Walltime: 19.808877 CPU time: 109.356559
2026-07-27 03:49:05,779 - Evaluate - INFO - ASR Module... Epoch: 1, RSS: 3.39 GB
2026-07-27 03:49:05,781 - Evaluate - INFO - ASR... Epoch: 1, Walltime: 19.715981 CPU time: 108.669749
2026-07-27 03:49:24,835 - Evaluate - INFO - ASR Module... Epoch: 1, RSS: 3.39 GB
2026-07-27 03:49:24,836 - Evaluate - INFO - ASR... Epoch: 1, Walltime: 19.050596 CPU time: 105.197119
2026-07-27 03:49:43,230 - Evaluate - INFO - ASR Module... Epoch: 1, RSS: 3.39 GB
2026-07-27 03:49:43,231 - Evaluate - INFO - ASR... Epoch: 1, Walltime: 18.390768 CPU time: 101.837385
2026-07-27 03:50:06,071 - Evaluate - INFO - ASR Module... Epoch: 1, RSS: 3.39 GB
2026-07-27 03:50:06,073 - Evaluate - INFO - ASR... Epoch: 1, Walltime: 22.836834 CPU time: 125.197933
2026-07-27 03:50:30,425 - Evaluate - INFO - ASR Module... Epoch: 1, RSS: 3.40 GB
2026-07-27 03:50:30,426 - Evaluate - INFO - ASR... Epoch: 1, Walltime: 24.346381 CPU time: 131.806243
2026-07-27 03:50:53,777 - Evaluate - INFO - ASR Module... Epoch: 1, RSS: 3.40 GB
2026-07-27 03:50:53,778 - Evaluate - INFO - ASR... Epoch: 1, Walltime: 23.344855 CPU time: 126.656899
2026-07-27 03:51:16,999 - Evaluate - INFO - ASR Module... Epoch: 1, RSS: 3.40 GB
2026-07-27 03:51:17,000 - Evaluate - INFO - ASR... Epoch: 1, Walltime: 23.216681 CPU time: 126.336678
2026-07-27 03:51:35,044 - Evaluate - INFO - ASR Module... Epoch: 1, RSS: 3.40 GB
2026-07-27 03:51:35,045 - Evaluate - INFO - ASR... Epoch: 1, Walltime: 18.040390 CPU time: 100.276973
2026-07-27 03:51:58,837 - Evaluate - INFO - ASR Module... Epoch: 1, RSS: 3.40 GB
2026-07-27 03:51:58,839 - Evaluate - INFO - ASR... Epoch: 1, Walltime: 23.787840 CPU time: 129.409608
2026-07-27 03:52:23,422 - Evaluate - INFO - ASR Module... Epoch: 1, RSS: 3.40 GB
2026-07-27 03:52:23,424 - Evaluate - INFO - ASR... Epoch: 1, Walltime: 24.577463 CPU time: 131.443117
2026-07-27 03:52:49,917 - Evaluate - INFO - ASR Module... Epoch: 1, RSS: 3.40 GB
2026-07-27 03:52:49,918 - Evaluate - INFO - ASR... Epoch: 1, Walltime: 26.488595 CPU time: 142.095390
2026-07-27 03:53:16,555 - Evaluate - INFO - ASR Module... Epoch: 1, RSS: 3.40 GB
2026-07-27 03:53:16,556 - Evaluate - INFO - ASR... Epoch: 1, Walltime: 26.628715 CPU time: 142.722872
2026-07-27 03:53:40,047 - Evaluate - INFO - ASR Module... Epoch: 1, RSS: 3.40 GB
2026-07-27 03:53:40,048 - Evaluate - INFO - ASR... Epoch: 1, Walltime: 23.484470 CPU time: 127.917470
2026-07-27 03:54:01,957 - Evaluate - INFO - ASR Module... Epoch: 1, RSS: 3.40 GB
2026-07-27 03:54:01,958 - Evaluate - INFO - ASR... Epoch: 1, Walltime: 21.904042 CPU time: 118.914576
2026-07-27 03:54:21,257 - Evaluate - INFO - ASR Module... Epoch: 1, RSS: 3.40 GB
2026-07-27 03:54:21,258 - Evaluate - INFO - ASR... Epoch: 1, Walltime: 19.295300 CPU time: 106.644042
2026-07-27 03:54:43,669 - Evaluate - INFO - ASR Module... Epoch: 1, RSS: 3.40 GB
2026-07-27 03:54:43,670 - Evaluate - INFO - ASR... Epoch: 1, Walltime: 22.406773 CPU time: 122.801394
2026-07-27 03:55:04,354 - Evaluate - INFO - ASR Module... Epoch: 1, RSS: 3.40 GB
2026-07-27 03:55:04,355 - Evaluate - INFO - ASR... Epoch: 1, Walltime: 20.679819 CPU time: 114.517185
2026-07-27 03:55:27,197 - Evaluate - INFO - ASR Module... Epoch: 1, RSS: 3.40 GB
2026-07-27 03:55:27,198 - Evaluate - INFO - ASR... Epoch: 1, Walltime: 22.837423 CPU time: 124.360036
2026-07-27 03:55:49,326 - Evaluate - INFO - ASR Module... Epoch: 1, RSS: 3.40 GB
2026-07-27 03:55:49,328 - Evaluate - INFO - ASR... Epoch: 1, Walltime: 22.123503 CPU time: 119.951353
2026-07-27 03:56:09,085 - Evaluate - INFO - ASR Module... Epoch: 1, RSS: 3.40 GB
2026-07-27 03:56:09,086 - Evaluate - INFO - ASR... Epoch: 1, Walltime: 19.753782 CPU time: 108.497658
2026-07-27 03:56:30,617 - Evaluate - INFO - ASR Module... Epoch: 1, RSS: 3.40 GB
2026-07-27 03:56:30,618 - Evaluate - INFO - ASR... Epoch: 1, Walltime: 21.526218 CPU time: 118.456275
2026-07-27 03:56:53,113 - Evaluate - INFO - ASR Module... Epoch: 1, RSS: 3.40 GB
2026-07-27 03:56:53,114 - Evaluate - INFO - ASR... Epoch: 1, Walltime: 22.489174 CPU time: 123.057941
2026-07-27 03:57:13,411 - Evaluate - INFO - ASR Module... Epoch: 1, RSS: 3.40 GB
2026-07-27 03:57:13,412 - Evaluate - INFO - ASR... Epoch: 1, Walltime: 20.292607 CPU time: 111.659893
2026-07-27 03:57:32,663 - Evaluate - INFO - ASR Module... Epoch: 1, RSS: 3.40 GB
2026-07-27 03:57:32,664 - Evaluate - INFO - ASR... Epoch: 1, Walltime: 19.248488 CPU time: 106.500915
2026-07-27 03:57:53,948 - Evaluate - INFO - ASR Module... Epoch: 1, RSS: 3.40 GB
2026-07-27 03:57:53,949 - Evaluate - INFO - ASR... Epoch: 1, Walltime: 21.280167 CPU time: 115.067000
2026-07-27 03:58:13,423 - Evaluate - INFO - ASR Module... Epoch: 1, RSS: 3.40 GB
2026-07-27 03:58:13,424 - Evaluate - INFO - ASR... Epoch: 1, Walltime: 19.470513 CPU time: 106.916104
2026-07-27 03:58:35,905 - Evaluate - INFO - ASR Module... Epoch: 1, RSS: 3.40 GB
2026-07-27 03:58:35,906 - Evaluate - INFO - ASR... Epoch: 1, Walltime: 22.477678 CPU time: 122.161372
2026-07-27 03:58:55,096 - Evaluate - INFO - ASR Module... Epoch: 1, RSS: 3.40 GB
2026-07-27 03:58:55,097 - Evaluate - INFO - ASR... Epoch: 1, Walltime: 19.186199 CPU time: 105.003042
2026-07-27 03:59:16,567 - Evaluate - INFO - ASR Module... Epoch: 1, RSS: 3.40 GB
2026-07-27 03:59:16,568 - Evaluate - INFO - ASR... Epoch: 1, Walltime: 21.465837 CPU time: 117.239446
2026-07-27 03:59:38,188 - Evaluate - INFO - ASR Module... Epoch: 1, RSS: 3.40 GB
2026-07-27 03:59:38,189 - Evaluate - INFO - ASR... Epoch: 1, Walltime: 21.616744 CPU time: 117.714263
2026-07-27 04:00:00,692 - Evaluate - INFO - ASR Module... Epoch: 1, RSS: 3.40 GB
2026-07-27 04:00:00,693 - Evaluate - INFO - ASR... Epoch: 1, Walltime: 22.498446 CPU time: 123.636618
2026-07-27 04:00:20,451 - Evaluate - INFO - ASR Module... Epoch: 1, RSS: 3.40 GB
2026-07-27 04:00:20,452 - Evaluate - INFO - ASR... Epoch: 1, Walltime: 19.753760 CPU time: 108.718013
2026-07-27 04:00:40,028 - Evaluate - INFO - ASR Module... Epoch: 1, RSS: 3.40 GB
2026-07-27 04:00:40,029 - Evaluate - INFO - ASR... Epoch: 1, Walltime: 19.573722 CPU time: 107.567786
2026-07-27 04:00:59,843 - Evaluate - INFO - ASR Module... Epoch: 1, RSS: 3.40 GB
2026-07-27 04:00:59,844 - Evaluate - INFO - ASR... Epoch: 1, Walltime: 19.810925 CPU time: 108.810184
2026-07-27 04:01:21,124 - Evaluate - INFO - ASR Module... Epoch: 1, RSS: 3.40 GB
2026-07-27 04:01:21,125 - Evaluate - INFO - ASR... Epoch: 1, Walltime: 21.276347 CPU time: 116.156150
2026-07-27 04:01:44,911 - Evaluate - INFO - ASR Module... Epoch: 1, RSS: 3.40 GB
2026-07-27 04:01:44,912 - Evaluate - INFO - ASR... Epoch: 1, Walltime: 23.782832 CPU time: 128.378643
2026-07-27 04:02:09,276 - Evaluate - INFO - ASR Module... Epoch: 1, RSS: 3.40 GB
2026-07-27 04:02:09,277 - Evaluate - INFO - ASR... Epoch: 1, Walltime: 24.358070 CPU time: 132.017900
2026-07-27 04:02:32,013 - Evaluate - INFO - ASR Module... Epoch: 1, RSS: 3.40 GB
2026-07-27 04:02:32,014 - Evaluate - INFO - ASR... Epoch: 1, Walltime: 22.730710 CPU time: 124.360105
2026-07-27 04:02:53,225 - Evaluate - INFO - ASR Module... Epoch: 1, RSS: 3.40 GB
2026-07-27 04:02:53,226 - Evaluate - INFO - ASR... Epoch: 1, Walltime: 21.205329 CPU time: 116.990252
2026-07-27 04:03:14,115 - Evaluate - INFO - ASR Module... Epoch: 1, RSS: 3.40 GB
2026-07-27 04:03:14,117 - Evaluate - INFO - ASR... Epoch: 1, Walltime: 20.883985 CPU time: 114.583828
2026-07-27 04:03:35,274 - Evaluate - INFO - ASR Module... Epoch: 1, RSS: 3.40 GB
2026-07-27 04:03:35,275 - Evaluate - INFO - ASR... Epoch: 1, Walltime: 21.152119 CPU time: 115.759304
2026-07-27 04:03:56,267 - Evaluate - INFO - ASR Module... Epoch: 1, RSS: 3.40 GB
2026-07-27 04:03:56,268 - Evaluate - INFO - ASR... Epoch: 1, Walltime: 20.989004 CPU time: 115.118966
2026-07-27 04:04:17,778 - Evaluate - INFO - ASR Module... Epoch: 1, RSS: 3.40 GB
2026-07-27 04:04:17,780 - Evaluate - INFO - ASR... Epoch: 1, Walltime: 21.506052 CPU time: 116.830802
2026-07-27 04:04:38,276 - Evaluate - INFO - ASR Module... Epoch: 1, RSS: 3.40 GB
2026-07-27 04:04:38,277 - Evaluate - INFO - ASR... Epoch: 1, Walltime: 20.492080 CPU time: 111.453159
2026-07-27 04:04:58,651 - Evaluate - INFO - ASR Module... Epoch: 1, RSS: 3.40 GB
2026-07-27 04:04:58,652 - Evaluate - INFO - ASR... Epoch: 1, Walltime: 20.370959 CPU time: 112.197867
2026-07-27 04:05:16,695 - Evaluate - INFO - ASR Module... Epoch: 1, RSS: 3.40 GB
2026-07-27 04:05:16,697 - Evaluate - INFO - ASR... Epoch: 1, Walltime: 18.040788 CPU time: 99.940464
2026-07-27 04:05:35,575 - Evaluate - INFO - ASR Module... Epoch: 1, RSS: 3.40 GB
2026-07-27 04:05:35,576 - Evaluate - INFO - ASR... Epoch: 1, Walltime: 18.875687 CPU time: 104.078869
2026-07-27 04:05:55,845 - Evaluate - INFO - ASR Module... Epoch: 1, RSS: 3.40 GB
2026-07-27 04:05:55,846 - Evaluate - INFO - ASR... Epoch: 1, Walltime: 20.264616 CPU time: 111.524740
2026-07-27 04:06:17,025 - Evaluate - INFO - ASR Module... Epoch: 1, RSS: 3.40 GB
2026-07-27 04:06:17,026 - Evaluate - INFO - ASR... Epoch: 1, Walltime: 21.174855 CPU time: 116.140295
2026-07-27 04:06:37,445 - Evaluate - INFO - ASR Module... Epoch: 1, RSS: 3.40 GB
2026-07-27 04:06:37,446 - Evaluate - INFO - ASR... Epoch: 1, Walltime: 20.416387 CPU time: 112.014607
2026-07-27 04:06:56,393 - Evaluate - INFO - ASR Module... Epoch: 1, RSS: 3.40 GB
2026-07-27 04:06:56,394 - Evaluate - INFO - ASR... Epoch: 1, Walltime: 18.942971 CPU time: 104.593669
2026-07-27 04:07:15,965 - Evaluate - INFO - ASR Module... Epoch: 1, RSS: 3.40 GB
2026-07-27 04:07:15,966 - Evaluate - INFO - ASR... Epoch: 1, Walltime: 19.568656 CPU time: 107.827758
2026-07-27 04:07:36,856 - Evaluate - INFO - ASR Module... Epoch: 1, RSS: 3.40 GB
2026-07-27 04:07:36,858 - Evaluate - INFO - ASR... Epoch: 1, Walltime: 20.886010 CPU time: 114.420283
2026-07-27 04:07:57,111 - Evaluate - INFO - ASR Module... Epoch: 1, RSS: 3.40 GB
2026-07-27 04:07:57,112 - Evaluate - INFO - ASR... Epoch: 1, Walltime: 20.249856 CPU time: 110.596580
2026-07-27 04:08:19,631 - Evaluate - INFO - ASR Module... Epoch: 1, RSS: 3.40 GB
2026-07-27 04:08:19,632 - Evaluate - INFO - ASR... Epoch: 1, Walltime: 22.514909 CPU time: 122.827073
2026-07-27 04:08:38,949 - Evaluate - INFO - ASR Module... Epoch: 1, RSS: 3.40 GB
2026-07-27 04:08:38,950 - Evaluate - INFO - ASR... Epoch: 1, Walltime: 19.313198 CPU time: 106.831149
2026-07-27 04:08:59,480 - Evaluate - INFO - ASR Module... Epoch: 1, RSS: 3.40 GB
2026-07-27 04:08:59,481 - Evaluate - INFO - ASR... Epoch: 1, Walltime: 20.525424 CPU time: 112.640889
2026-07-27 04:09:20,889 - Evaluate - INFO - ASR Module... Epoch: 1, RSS: 3.40 GB
2026-07-27 04:09:20,890 - Evaluate - INFO - ASR... Epoch: 1, Walltime: 21.404012 CPU time: 117.399528
2026-07-27 04:09:42,765 - Evaluate - INFO - ASR Module... Epoch: 1, RSS: 3.40 GB
2026-07-27 04:09:42,766 - Evaluate - INFO - ASR... Epoch: 1, Walltime: 21.870813 CPU time: 119.988085
2026-07-27 04:10:03,353 - Evaluate - INFO - ASR Module... Epoch: 1, RSS: 3.40 GB
2026-07-27 04:10:03,354 - Evaluate - INFO - ASR... Epoch: 1, Walltime: 20.582056 CPU time: 112.697700
2026-07-27 04:10:25,897 - Evaluate - INFO - ASR Module... Epoch: 1, RSS: 3.40 GB
2026-07-27 04:10:25,898 - Evaluate - INFO - ASR... Epoch: 1, Walltime: 22.537558 CPU time: 121.813777
2026-07-27 04:10:47,096 - Evaluate - INFO - ASR Module... Epoch: 1, RSS: 3.40 GB
2026-07-27 04:10:47,097 - Evaluate - INFO - ASR... Epoch: 1, Walltime: 21.193772 CPU time: 116.359930
2026-07-27 04:11:08,774 - Evaluate - INFO - ASR Module... Epoch: 1, RSS: 3.40 GB
2026-07-27 04:11:08,775 - Evaluate - INFO - ASR... Epoch: 1, Walltime: 21.671945 CPU time: 119.213547
2026-07-27 04:11:30,536 - Evaluate - INFO - ASR Module... Epoch: 1, RSS: 3.40 GB
2026-07-27 04:11:30,537 - Evaluate - INFO - ASR... Epoch: 1, Walltime: 21.755581 CPU time: 119.280188
2026-07-27 04:11:55,007 - Evaluate - INFO - ASR Module... Epoch: 1, RSS: 3.40 GB
2026-07-27 04:11:55,008 - Evaluate - INFO - ASR... Epoch: 1, Walltime: 24.464429 CPU time: 119.517395
2026-07-27 04:12:17,425 - Evaluate - INFO - ASR Module... Epoch: 1, RSS: 3.40 GB
2026-07-27 04:12:17,426 - Evaluate - INFO - ASR... Epoch: 1, Walltime: 22.412327 CPU time: 122.569013
2026-07-27 04:12:38,090 - Evaluate - INFO - ASR Module... Epoch: 1, RSS: 3.40 GB
2026-07-27 04:12:38,091 - Evaluate - INFO - ASR... Epoch: 1, Walltime: 20.658479 CPU time: 113.727437
2026-07-27 04:13:00,579 - Evaluate - INFO - ASR Module... Epoch: 1, RSS: 3.40 GB
2026-07-27 04:13:00,580 - Evaluate - INFO - ASR... Epoch: 1, Walltime: 22.483362 CPU time: 122.815385
2026-07-27 04:13:21,873 - Evaluate - INFO - ASR Module... Epoch: 1, RSS: 3.40 GB
2026-07-27 04:13:21,875 - Evaluate - INFO - ASR... Epoch: 1, Walltime: 21.287740 CPU time: 118.039758
2026-07-27 04:13:43,051 - Evaluate - INFO - ASR Module... Epoch: 1, RSS: 3.40 GB
2026-07-27 04:13:43,052 - Evaluate - INFO - ASR... Epoch: 1, Walltime: 21.171295 CPU time: 117.527795
2026-07-27 04:14:05,681 - Evaluate - INFO - ASR Module... Epoch: 1, RSS: 3.40 GB
2026-07-27 04:14:05,682 - Evaluate - INFO - ASR... Epoch: 1, Walltime: 22.624116 CPU time: 124.050157
2026-07-27 04:14:28,446 - Evaluate - INFO - ASR Module... Epoch: 1, RSS: 3.40 GB
2026-07-27 04:14:28,447 - Evaluate - INFO - ASR... Epoch: 1, Walltime: 22.758440 CPU time: 124.742975
2026-07-27 04:14:49,488 - Evaluate - INFO - ASR Module... Epoch: 1, RSS: 3.40 GB
2026-07-27 04:14:49,489 - Evaluate - INFO - ASR... Epoch: 1, Walltime: 21.035500 CPU time: 115.390368
2026-07-27 04:15:11,083 - Evaluate - INFO - ASR Module... Epoch: 1, RSS: 3.40 GB
2026-07-27 04:15:11,084 - Evaluate - INFO - ASR... Epoch: 1, Walltime: 21.588691 CPU time: 118.405324
2026-07-27 04:15:33,703 - Evaluate - INFO - ASR Module... Epoch: 1, RSS: 3.40 GB
2026-07-27 04:15:33,704 - Evaluate - INFO - ASR... Epoch: 1, Walltime: 22.614835 CPU time: 123.375935
2026-07-27 04:15:55,242 - Evaluate - INFO - ASR Module... Epoch: 1, RSS: 3.40 GB
2026-07-27 04:15:55,243 - Evaluate - INFO - ASR... Epoch: 1, Walltime: 21.533866 CPU time: 117.988117
2026-07-27 04:16:16,152 - Evaluate - INFO - ASR Module... Epoch: 1, RSS: 3.40 GB
2026-07-27 04:16:16,153 - Evaluate - INFO - ASR... Epoch: 1, Walltime: 20.904373 CPU time: 114.729584
2026-07-27 04:16:37,585 - Evaluate - INFO - ASR Module... Epoch: 1, RSS: 3.40 GB
2026-07-27 04:16:37,587 - Evaluate - INFO - ASR... Epoch: 1, Walltime: 21.427717 CPU time: 118.047595
2026-07-27 04:16:59,798 - Evaluate - INFO - ASR Module... Epoch: 1, RSS: 3.40 GB
2026-07-27 04:16:59,799 - Evaluate - INFO - ASR... Epoch: 1, Walltime: 22.206026 CPU time: 122.027302
2026-07-27 04:17:22,047 - Evaluate - INFO - ASR Module... Epoch: 1, RSS: 3.40 GB
2026-07-27 04:17:22,048 - Evaluate - INFO - ASR... Epoch: 1, Walltime: 22.243585 CPU time: 121.944314
2026-07-27 04:17:43,214 - Evaluate - INFO - ASR Module... Epoch: 1, RSS: 3.40 GB
2026-07-27 04:17:43,215 - Evaluate - INFO - ASR... Epoch: 1, Walltime: 21.161307 CPU time: 116.233992
2026-07-27 04:18:02,202 - Evaluate - INFO - ASR Module... Epoch: 1, RSS: 3.40 GB
2026-07-27 04:18:02,203 - Evaluate - INFO - ASR... Epoch: 1, Walltime: 18.983361 CPU time: 104.181594
2026-07-27 04:18:21,361 - Evaluate - INFO - ASR Module... Epoch: 1, RSS: 3.40 GB
2026-07-27 04:18:21,362 - Evaluate - INFO - ASR... Epoch: 1, Walltime: 19.155243 CPU time: 105.875798
2026-07-27 04:18:40,527 - Evaluate - INFO - ASR Module... Epoch: 1, RSS: 3.40 GB
2026-07-27 04:18:40,528 - Evaluate - INFO - ASR... Epoch: 1, Walltime: 19.161524 CPU time: 105.643219
2026-07-27 04:18:59,420 - Evaluate - INFO - ASR Module... Epoch: 1, RSS: 3.40 GB
2026-07-27 04:18:59,421 - Evaluate - INFO - ASR... Epoch: 1, Walltime: 18.888938 CPU time: 104.172340
2026-07-27 04:19:19,386 - Evaluate - INFO - ASR Module... Epoch: 1, RSS: 3.40 GB
2026-07-27 04:19:19,387 - Evaluate - INFO - ASR... Epoch: 1, Walltime: 19.961915 CPU time: 110.155204
2026-07-27 04:19:38,420 - Evaluate - INFO - ASR Module... Epoch: 1, RSS: 3.40 GB
2026-07-27 04:19:38,421 - Evaluate - INFO - ASR... Epoch: 1, Walltime: 19.029542 CPU time: 104.956031
2026-07-27 04:19:58,172 - Evaluate - INFO - ASR Module... Epoch: 1, RSS: 3.40 GB
2026-07-27 04:19:58,173 - Evaluate - INFO - ASR... Epoch: 1, Walltime: 19.747770 CPU time: 108.074161
2026-07-27 04:20:17,633 - Evaluate - INFO - ASR Module... Epoch: 1, RSS: 3.40 GB
2026-07-27 04:20:17,634 - Evaluate - INFO - ASR... Epoch: 1, Walltime: 19.456590 CPU time: 107.551002
2026-07-27 04:20:36,773 - Evaluate - INFO - ASR Module... Epoch: 1, RSS: 3.40 GB
2026-07-27 04:20:36,774 - Evaluate - INFO - ASR... Epoch: 1, Walltime: 19.135736 CPU time: 106.373633
2026-07-27 04:20:55,647 - Evaluate - INFO - ASR Module... Epoch: 1, RSS: 3.40 GB
2026-07-27 04:20:55,648 - Evaluate - INFO - ASR... Epoch: 1, Walltime: 18.869328 CPU time: 104.242288
2026-07-27 04:21:14,534 - Evaluate - INFO - ASR Module... Epoch: 1, RSS: 3.40 GB
2026-07-27 04:21:14,535 - Evaluate - INFO - ASR... Epoch: 1, Walltime: 18.883557 CPU time: 104.687906
2026-07-27 04:21:34,316 - Evaluate - INFO - ASR Module... Epoch: 1, RSS: 3.40 GB
2026-07-27 04:21:34,317 - Evaluate - INFO - ASR... Epoch: 1, Walltime: 19.778235 CPU time: 107.274874
2026-07-27 04:21:53,792 - Evaluate - INFO - ASR Module... Epoch: 1, RSS: 3.40 GB
2026-07-27 04:21:53,793 - Evaluate - INFO - ASR... Epoch: 1, Walltime: 19.471054 CPU time: 106.279540
2026-07-27 04:22:13,284 - Evaluate - INFO - ASR Module... Epoch: 1, RSS: 3.40 GB
2026-07-27 04:22:13,285 - Evaluate - INFO - ASR... Epoch: 1, Walltime: 19.488041 CPU time: 106.685185
2026-07-27 04:22:32,526 - Evaluate - INFO - ASR Module... Epoch: 1, RSS: 3.40 GB
2026-07-27 04:22:32,527 - Evaluate - INFO - ASR... Epoch: 1, Walltime: 19.237620 CPU time: 106.140043
2026-07-27 04:22:51,843 - Evaluate - INFO - ASR Module... Epoch: 1, RSS: 3.40 GB
2026-07-27 04:22:51,844 - Evaluate - INFO - ASR... Epoch: 1, Walltime: 19.312685 CPU time: 106.684784
2026-07-27 04:23:11,176 - Evaluate - INFO - ASR Module... Epoch: 1, RSS: 3.40 GB
2026-07-27 04:23:11,178 - Evaluate - INFO - ASR... Epoch: 1, Walltime: 19.329359 CPU time: 105.384559
2026-07-27 04:23:30,704 - Evaluate - INFO - ASR Module... Epoch: 1, RSS: 3.40 GB
2026-07-27 04:23:30,705 - Evaluate - INFO - ASR... Epoch: 1, Walltime: 19.523529 CPU time: 107.546533
2026-07-27 04:23:50,985 - Evaluate - INFO - ASR Module... Epoch: 1, RSS: 3.40 GB
2026-07-27 04:23:50,986 - Evaluate - INFO - ASR... Epoch: 1, Walltime: 20.277437 CPU time: 111.758177
2026-07-27 04:24:10,081 - Evaluate - INFO - ASR Module... Epoch: 1, RSS: 3.40 GB
2026-07-27 04:24:10,082 - Evaluate - INFO - ASR... Epoch: 1, Walltime: 19.091305 CPU time: 105.644287
2026-07-27 04:24:29,111 - Evaluate - INFO - ASR Module... Epoch: 1, RSS: 3.40 GB
2026-07-27 04:24:29,112 - Evaluate - INFO - ASR... Epoch: 1, Walltime: 19.026097 CPU time: 105.198690
2026-07-27 04:24:47,993 - Evaluate - INFO - ASR Module... Epoch: 1, RSS: 3.40 GB
2026-07-27 04:24:47,994 - Evaluate - INFO - ASR... Epoch: 1, Walltime: 18.878158 CPU time: 104.555033
2026-07-27 04:25:06,960 - Evaluate - INFO - ASR Module... Epoch: 1, RSS: 3.40 GB
2026-07-27 04:25:06,961 - Evaluate - INFO - ASR... Epoch: 1, Walltime: 18.962351 CPU time: 104.728190
2026-07-27 04:25:26,684 - Evaluate - INFO - ASR Module... Epoch: 1, RSS: 3.40 GB
2026-07-27 04:25:26,685 - Evaluate - INFO - ASR... Epoch: 1, Walltime: 19.719198 CPU time: 107.449686
2026-07-27 04:25:46,451 - Evaluate - INFO - ASR Module... Epoch: 1, RSS: 3.40 GB
2026-07-27 04:25:46,452 - Evaluate - INFO - ASR... Epoch: 1, Walltime: 19.763217 CPU time: 108.750683
2026-07-27 04:26:05,787 - Evaluate - INFO - ASR Module... Epoch: 1, RSS: 3.40 GB
2026-07-27 04:26:05,788 - Evaluate - INFO - ASR... Epoch: 1, Walltime: 19.331992 CPU time: 106.545055
2026-07-27 04:26:24,987 - Evaluate - INFO - ASR Module... Epoch: 1, RSS: 3.40 GB
2026-07-27 04:26:24,988 - Evaluate - INFO - ASR... Epoch: 1, Walltime: 19.196200 CPU time: 105.627822
2026-07-27 04:26:44,563 - Evaluate - INFO - ASR Module... Epoch: 1, RSS: 3.40 GB
2026-07-27 04:26:44,565 - Evaluate - INFO - ASR... Epoch: 1, Walltime: 19.572344 CPU time: 107.215494
2026-07-27 04:27:04,367 - Evaluate - INFO - ASR Module... Epoch: 1, RSS: 3.40 GB
2026-07-27 04:27:04,368 - Evaluate - INFO - ASR... Epoch: 1, Walltime: 19.798535 CPU time: 109.126732
2026-07-27 04:27:24,110 - Evaluate - INFO - ASR Module... Epoch: 1, RSS: 3.40 GB
2026-07-27 04:27:24,111 - Evaluate - INFO - ASR... Epoch: 1, Walltime: 19.738280 CPU time: 108.530521
2026-07-27 04:27:43,254 - Evaluate - INFO - ASR Module... Epoch: 1, RSS: 3.40 GB
2026-07-27 04:27:43,255 - Evaluate - INFO - ASR... Epoch: 1, Walltime: 19.139560 CPU time: 105.570388
2026-07-27 04:28:03,986 - Evaluate - INFO - ASR Module... Epoch: 1, RSS: 3.40 GB
2026-07-27 04:28:03,987 - Evaluate - INFO - ASR... Epoch: 1, Walltime: 20.727491 CPU time: 114.004249
2026-07-27 04:28:23,149 - Evaluate - INFO - ASR Module... Epoch: 1, RSS: 3.40 GB
2026-07-27 04:28:23,150 - Evaluate - INFO - ASR... Epoch: 1, Walltime: 19.158516 CPU time: 105.595351
2026-07-27 04:28:43,457 - Evaluate - INFO - ASR Module... Epoch: 1, RSS: 3.40 GB
2026-07-27 04:28:43,458 - Evaluate - INFO - ASR... Epoch: 1, Walltime: 20.303979 CPU time: 110.122698
2026-07-27 04:29:02,923 - Evaluate - INFO - ASR Module... Epoch: 1, RSS: 3.40 GB
2026-07-27 04:29:02,924 - Evaluate - INFO - ASR... Epoch: 1, Walltime: 19.462009 CPU time: 107.271061
2026-07-27 04:29:22,031 - Evaluate - INFO - ASR Module... Epoch: 1, RSS: 3.40 GB
2026-07-27 04:29:22,032 - Evaluate - INFO - ASR... Epoch: 1, Walltime: 19.103684 CPU time: 105.073528
2026-07-27 04:29:41,376 - Evaluate - INFO - ASR Module... Epoch: 1, RSS: 3.40 GB
2026-07-27 04:29:41,378 - Evaluate - INFO - ASR... Epoch: 1, Walltime: 19.340962 CPU time: 105.035827
2026-07-27 04:30:00,309 - Evaluate - INFO - ASR Module... Epoch: 1, RSS: 3.40 GB
2026-07-27 04:30:00,310 - Evaluate - INFO - ASR... Epoch: 1, Walltime: 18.928505 CPU time: 103.352402
2026-07-27 04:30:19,773 - Evaluate - INFO - ASR Module... Epoch: 1, RSS: 3.40 GB
2026-07-27 04:30:19,774 - Evaluate - INFO - ASR... Epoch: 1, Walltime: 19.460019 CPU time: 107.247186
2026-07-27 04:30:39,355 - Evaluate - INFO - ASR Module... Epoch: 1, RSS: 3.40 GB
2026-07-27 04:30:39,356 - Evaluate - INFO - ASR... Epoch: 1, Walltime: 19.577242 CPU time: 106.160980
2026-07-27 04:30:58,853 - Evaluate - INFO - ASR Module... Epoch: 1, RSS: 3.40 GB
2026-07-27 04:30:58,854 - Evaluate - INFO - ASR... Epoch: 1, Walltime: 19.493573 CPU time: 107.618714
2026-07-27 04:31:18,478 - Evaluate - INFO - ASR Module... Epoch: 1, RSS: 3.40 GB
2026-07-27 04:31:18,479 - Evaluate - INFO - ASR... Epoch: 1, Walltime: 19.621149 CPU time: 108.530534
2026-07-27 04:31:37,721 - Evaluate - INFO - ASR Module... Epoch: 1, RSS: 3.40 GB
2026-07-27 04:31:37,722 - Evaluate - INFO - ASR... Epoch: 1, Walltime: 19.238018 CPU time: 105.354849
2026-07-27 04:31:56,685 - Evaluate - INFO - ASR Module... Epoch: 1, RSS: 3.40 GB
2026-07-27 04:31:56,686 - Evaluate - INFO - ASR... Epoch: 1, Walltime: 18.959733 CPU time: 104.864349
2026-07-27 04:32:16,136 - Evaluate - INFO - ASR Module... Epoch: 1, RSS: 3.40 GB
2026-07-27 04:32:16,138 - Evaluate - INFO - ASR... Epoch: 1, Walltime: 19.448206 CPU time: 106.513815
2026-07-27 04:32:35,153 - Evaluate - INFO - ASR Module... Epoch: 1, RSS: 3.40 GB
2026-07-27 04:32:35,154 - Evaluate - INFO - ASR... Epoch: 1, Walltime: 19.011525 CPU time: 105.306552
2026-07-27 04:32:54,267 - Evaluate - INFO - ASR Module... Epoch: 1, RSS: 3.40 GB
2026-07-27 04:32:54,269 - Evaluate - INFO - ASR... Epoch: 1, Walltime: 19.110760 CPU time: 105.774795
2026-07-27 04:33:13,610 - Evaluate - INFO - ASR Module... Epoch: 1, RSS: 3.40 GB
2026-07-27 04:33:13,611 - Evaluate - INFO - ASR... Epoch: 1, Walltime: 19.338659 CPU time: 106.593701
2026-07-27 04:33:33,315 - Evaluate - INFO - ASR Module... Epoch: 1, RSS: 3.40 GB
2026-07-27 04:33:33,316 - Evaluate - INFO - ASR... Epoch: 1, Walltime: 19.699918 CPU time: 108.657210
2026-07-27 04:33:52,651 - Evaluate - INFO - ASR Module... Epoch: 1, RSS: 3.40 GB
2026-07-27 04:33:52,652 - Evaluate - INFO - ASR... Epoch: 1, Walltime: 19.331944 CPU time: 106.148252
2026-07-27 04:34:11,828 - Evaluate - INFO - ASR Module... Epoch: 1, RSS: 3.40 GB
2026-07-27 04:34:11,830 - Evaluate - INFO - ASR... Epoch: 1, Walltime: 19.172371 CPU time: 105.505978
2026-07-27 04:34:31,626 - Evaluate - INFO - ASR Module... Epoch: 1, RSS: 3.40 GB
2026-07-27 04:34:31,628 - Evaluate - INFO - ASR... Epoch: 1, Walltime: 19.793693 CPU time: 109.386441
2026-07-27 04:34:51,879 - Evaluate - INFO - ASR Module... Epoch: 1, RSS: 3.40 GB
2026-07-27 04:34:51,880 - Evaluate - INFO - ASR... Epoch: 1, Walltime: 20.247822 CPU time: 111.339200
2026-07-27 04:35:11,937 - Evaluate - INFO - ASR Module... Epoch: 1, RSS: 3.40 GB
2026-07-27 04:35:11,938 - Evaluate - INFO - ASR... Epoch: 1, Walltime: 20.053613 CPU time: 110.910261
2026-07-27 04:35:31,171 - Evaluate - INFO - ASR Module... Epoch: 1, RSS: 3.40 GB
2026-07-27 04:35:31,172 - Evaluate - INFO - ASR... Epoch: 1, Walltime: 19.230274 CPU time: 106.359155
2026-07-27 04:35:50,378 - Evaluate - INFO - ASR Module... Epoch: 1, RSS: 3.40 GB
2026-07-27 04:35:50,379 - Evaluate - INFO - ASR... Epoch: 1, Walltime: 19.202452 CPU time: 106.197503
2026-07-27 04:36:09,543 - Evaluate - INFO - ASR Module... Epoch: 1, RSS: 3.40 GB
2026-07-27 04:36:09,544 - Evaluate - INFO - ASR... Epoch: 1, Walltime: 19.161036 CPU time: 104.529374
2026-07-27 04:36:29,278 - Evaluate - INFO - ASR Module... Epoch: 1, RSS: 3.40 GB
2026-07-27 04:36:29,279 - Evaluate - INFO - ASR... Epoch: 1, Walltime: 19.730953 CPU time: 109.234690
2026-07-27 04:36:49,970 - Evaluate - INFO - ASR Module... Epoch: 1, RSS: 3.40 GB
2026-07-27 04:36:49,971 - Evaluate - INFO - ASR... Epoch: 1, Walltime: 20.687096 CPU time: 112.546999
2026-07-27 04:37:08,558 - Evaluate - INFO - ASR Module... Epoch: 1, RSS: 3.40 GB
2026-07-27 04:37:08,559 - Evaluate - INFO - ASR... Epoch: 1, Walltime: 18.583836 CPU time: 102.639699
2026-07-27 04:37:27,040 - Evaluate - INFO - ASR Module... Epoch: 1, RSS: 3.40 GB
2026-07-27 04:37:27,041 - Evaluate - INFO - ASR... Epoch: 1, Walltime: 18.478566 CPU time: 102.529706
2026-07-27 04:37:46,566 - Evaluate - INFO - ASR Module... Epoch: 1, RSS: 3.40 GB
2026-07-27 04:37:46,567 - Evaluate - INFO - ASR... Epoch: 1, Walltime: 19.521982 CPU time: 107.729657
2026-07-27 04:38:06,304 - Evaluate - INFO - ASR Module... Epoch: 1, RSS: 3.40 GB
2026-07-27 04:38:06,305 - Evaluate - INFO - ASR... Epoch: 1, Walltime: 19.733718 CPU time: 108.404100
2026-07-27 04:38:25,965 - Evaluate - INFO - ASR Module... Epoch: 1, RSS: 3.40 GB
2026-07-27 04:38:25,966 - Evaluate - INFO - ASR... Epoch: 1, Walltime: 19.657387 CPU time: 108.774872
2026-07-27 04:38:45,826 - Evaluate - INFO - ASR Module... Epoch: 1, RSS: 3.40 GB
2026-07-27 04:38:45,827 - Evaluate - INFO - ASR... Epoch: 1, Walltime: 19.856254 CPU time: 108.946551
2026-07-27 04:39:05,391 - Evaluate - INFO - ASR Module... Epoch: 1, RSS: 3.40 GB
2026-07-27 04:39:05,392 - Evaluate - INFO - ASR... Epoch: 1, Walltime: 19.560593 CPU time: 107.822406
2026-07-27 04:39:24,920 - Evaluate - INFO - ASR Module... Epoch: 1, RSS: 3.40 GB
2026-07-27 04:39:24,921 - Evaluate - INFO - ASR... Epoch: 1, Walltime: 19.524953 CPU time: 107.386056
2026-07-27 04:39:44,414 - Evaluate - INFO - ASR Module... Epoch: 1, RSS: 3.40 GB
2026-07-27 04:39:44,415 - Evaluate - INFO - ASR... Epoch: 1, Walltime: 19.489834 CPU time: 107.216494
2026-07-27 04:40:06,392 - Evaluate - INFO - ASR Module... Epoch: 1, RSS: 3.40 GB
2026-07-27 04:40:06,393 - Evaluate - INFO - ASR... Epoch: 1, Walltime: 21.973446 CPU time: 119.858413
2026-07-27 04:40:25,930 - Evaluate - INFO - ASR Module... Epoch: 1, RSS: 3.40 GB
2026-07-27 04:40:25,931 - Evaluate - INFO - ASR... Epoch: 1, Walltime: 19.533237 CPU time: 107.529200
2026-07-27 04:40:45,559 - Evaluate - INFO - ASR Module... Epoch: 1, RSS: 3.40 GB
2026-07-27 04:40:45,560 - Evaluate - INFO - ASR... Epoch: 1, Walltime: 19.624041 CPU time: 108.384367
2026-07-27 04:41:06,559 - Evaluate - INFO - ASR Module... Epoch: 1, RSS: 3.40 GB
2026-07-27 04:41:06,560 - Evaluate - INFO - ASR... Epoch: 1, Walltime: 20.995030 CPU time: 114.088845
2026-07-27 04:41:25,833 - Evaluate - INFO - ASR Module... Epoch: 1, RSS: 3.40 GB
2026-07-27 04:41:25,834 - Evaluate - INFO - ASR... Epoch: 1, Walltime: 19.269383 CPU time: 105.260458
2026-07-27 04:41:44,859 - Evaluate - INFO - ASR Module... Epoch: 1, RSS: 3.40 GB
2026-07-27 04:41:44,860 - Evaluate - INFO - ASR... Epoch: 1, Walltime: 19.022606 CPU time: 104.959150
2026-07-27 04:42:04,597 - Evaluate - INFO - ASR Module... Epoch: 1, RSS: 3.40 GB
2026-07-27 04:42:04,598 - Evaluate - INFO - ASR... Epoch: 1, Walltime: 19.734183 CPU time: 107.870957
2026-07-27 04:42:25,104 - Evaluate - INFO - ASR Module... Epoch: 1, RSS: 3.40 GB
2026-07-27 04:42:25,105 - Evaluate - INFO - ASR... Epoch: 1, Walltime: 20.502476 CPU time: 112.578617
2026-07-27 04:42:45,167 - Evaluate - INFO - ASR Module... Epoch: 1, RSS: 3.40 GB
2026-07-27 04:42:45,168 - Evaluate - INFO - ASR... Epoch: 1, Walltime: 20.058210 CPU time: 111.161944
2026-07-27 04:43:04,119 - Evaluate - INFO - ASR Module... Epoch: 1, RSS: 3.40 GB
2026-07-27 04:43:04,121 - Evaluate - INFO - ASR... Epoch: 1, Walltime: 18.948830 CPU time: 104.849080
2026-07-27 04:43:23,088 - Evaluate - INFO - ASR Module... Epoch: 1, RSS: 3.40 GB
2026-07-27 04:43:23,089 - Evaluate - INFO - ASR... Epoch: 1, Walltime: 18.964471 CPU time: 105.414963
2026-07-27 04:43:43,815 - Evaluate - INFO - ASR Module... Epoch: 1, RSS: 3.40 GB
2026-07-27 04:43:43,816 - Evaluate - INFO - ASR... Epoch: 1, Walltime: 20.722351 CPU time: 114.138569
2026-07-27 04:44:03,006 - Evaluate - INFO - ASR Module... Epoch: 1, RSS: 3.40 GB
2026-07-27 04:44:03,007 - Evaluate - INFO - ASR... Epoch: 1, Walltime: 19.187170 CPU time: 106.161957
2026-07-27 04:44:22,697 - Evaluate - INFO - ASR Module... Epoch: 1, RSS: 3.40 GB
2026-07-27 04:44:22,698 - Evaluate - INFO - ASR... Epoch: 1, Walltime: 19.685968 CPU time: 108.389453
2026-07-27 04:44:42,080 - Evaluate - INFO - ASR Module... Epoch: 1, RSS: 3.40 GB
2026-07-27 04:44:42,081 - Evaluate - INFO - ASR... Epoch: 1, Walltime: 19.379294 CPU time: 107.080402
2026-07-27 04:45:01,006 - Evaluate - INFO - ASR Module... Epoch: 1, RSS: 3.40 GB
2026-07-27 04:45:01,007 - Evaluate - INFO - ASR... Epoch: 1, Walltime: 18.921726 CPU time: 104.422759
2026-07-27 04:45:20,592 - Evaluate - INFO - ASR Module... Epoch: 1, RSS: 3.40 GB
2026-07-27 04:45:20,593 - Evaluate - INFO - ASR... Epoch: 1, Walltime: 19.581069 CPU time: 107.326202
2026-07-27 04:45:39,952 - Evaluate - INFO - ASR Module... Epoch: 1, RSS: 3.40 GB
2026-07-27 04:45:39,953 - Evaluate - INFO - ASR... Epoch: 1, Walltime: 19.356235 CPU time: 106.713661
2026-07-27 04:45:59,127 - Evaluate - INFO - ASR Module... Epoch: 1, RSS: 3.40 GB
2026-07-27 04:45:59,128 - Evaluate - INFO - ASR... Epoch: 1, Walltime: 19.170856 CPU time: 103.998615
2026-07-27 04:46:18,311 - Evaluate - INFO - ASR Module... Epoch: 1, RSS: 3.40 GB
2026-07-27 04:46:18,312 - Evaluate - INFO - ASR... Epoch: 1, Walltime: 19.179365 CPU time: 106.006019
2026-07-27 04:46:37,928 - Evaluate - INFO - ASR Module... Epoch: 1, RSS: 3.40 GB
2026-07-27 04:46:37,929 - Evaluate - INFO - ASR... Epoch: 1, Walltime: 19.612657 CPU time: 107.776438
2026-07-27 04:47:00,760 - Evaluate - INFO - ASR Module... Epoch: 1, RSS: 3.40 GB
2026-07-27 04:47:00,761 - Evaluate - INFO - ASR... Epoch: 1, Walltime: 22.826155 CPU time: 124.370568
2026-07-27 04:47:21,588 - Evaluate - INFO - ASR Module... Epoch: 1, RSS: 3.40 GB
2026-07-27 04:47:21,589 - Evaluate - INFO - ASR... Epoch: 1, Walltime: 20.823025 CPU time: 113.418051
2026-07-27 04:47:41,824 - Evaluate - INFO - ASR Module... Epoch: 1, RSS: 3.40 GB
2026-07-27 04:47:41,825 - Evaluate - INFO - ASR... Epoch: 1, Walltime: 20.230667 CPU time: 110.260944
2026-07-27 04:48:01,694 - Evaluate - INFO - ASR Module... Epoch: 1, RSS: 3.40 GB
2026-07-27 04:48:01,696 - Evaluate - INFO - ASR... Epoch: 1, Walltime: 19.865941 CPU time: 108.738606
2026-07-27 04:48:21,337 - Evaluate - INFO - ASR Module... Epoch: 1, RSS: 3.40 GB
2026-07-27 04:48:21,338 - Evaluate - INFO - ASR... Epoch: 1, Walltime: 19.638579 CPU time: 106.676625
2026-07-27 04:48:41,487 - Evaluate - INFO - ASR Module... Epoch: 1, RSS: 3.40 GB
2026-07-27 04:48:41,488 - Evaluate - INFO - ASR... Epoch: 1, Walltime: 20.145013 CPU time: 111.180676
2026-07-27 04:49:01,663 - Evaluate - INFO - ASR Module... Epoch: 1, RSS: 3.40 GB
2026-07-27 04:49:01,664 - Evaluate - INFO - ASR... Epoch: 1, Walltime: 20.171365 CPU time: 110.742756
2026-07-27 04:49:20,559 - Evaluate - INFO - ASR Module... Epoch: 1, RSS: 3.40 GB
2026-07-27 04:49:20,561 - Evaluate - INFO - ASR... Epoch: 1, Walltime: 18.892015 CPU time: 104.188453
2026-07-27 04:49:41,626 - Evaluate - INFO - ASR Module... Epoch: 1, RSS: 3.40 GB
2026-07-27 04:49:41,627 - Evaluate - INFO - ASR... Epoch: 1, Walltime: 21.061185 CPU time: 115.059314
2026-07-27 04:50:01,334 - Evaluate - INFO - ASR Module... Epoch: 1, RSS: 3.40 GB
2026-07-27 04:50:01,335 - Evaluate - INFO - ASR... Epoch: 1, Walltime: 19.703919 CPU time: 107.446667
2026-07-27 04:50:21,089 - Evaluate - INFO - ASR Module... Epoch: 1, RSS: 3.40 GB
2026-07-27 04:50:21,091 - Evaluate - INFO - ASR... Epoch: 1, Walltime: 19.751119 CPU time: 108.426624
2026-07-27 04:50:42,051 - Evaluate - INFO - ASR Module... Epoch: 1, RSS: 3.40 GB
2026-07-27 04:50:42,052 - Evaluate - INFO - ASR... Epoch: 1, Walltime: 20.957124 CPU time: 114.796431
2026-07-27 04:51:01,672 - Evaluate - INFO - ASR Module... Epoch: 1, RSS: 3.40 GB
2026-07-27 04:51:01,673 - Evaluate - INFO - ASR... Epoch: 1, Walltime: 19.616043 CPU time: 108.487188
2026-07-27 04:51:22,215 - Evaluate - INFO - ASR Module... Epoch: 1, RSS: 3.40 GB
2026-07-27 04:51:22,217 - Evaluate - INFO - ASR... Epoch: 1, Walltime: 20.539424 CPU time: 113.411437
2026-07-27 04:51:40,344 - Evaluate - INFO - ASR Module... Epoch: 1, RSS: 3.40 GB
2026-07-27 04:51:40,345 - Evaluate - INFO - ASR... Epoch: 1, Walltime: 18.123922 CPU time: 100.554258
2026-07-27 04:51:59,001 - Evaluate - INFO - ASR Module... Epoch: 1, RSS: 3.40 GB
2026-07-27 04:51:59,002 - Evaluate - INFO - ASR... Epoch: 1, Walltime: 18.653936 CPU time: 103.348532
2026-07-27 04:52:19,403 - Evaluate - INFO - ASR Module... Epoch: 1, RSS: 3.40 GB
2026-07-27 04:52:19,404 - Evaluate - INFO - ASR... Epoch: 1, Walltime: 20.397562 CPU time: 111.922258
2026-07-27 04:52:41,985 - Evaluate - INFO - ASR Module... Epoch: 1, RSS: 3.40 GB
2026-07-27 04:52:41,986 - Evaluate - INFO - ASR... Epoch: 1, Walltime: 22.577429 CPU time: 121.298341
2026-07-27 04:53:00,908 - Evaluate - INFO - ASR Module... Epoch: 1, RSS: 3.40 GB
2026-07-27 04:53:00,909 - Evaluate - INFO - ASR... Epoch: 1, Walltime: 18.917527 CPU time: 104.826156
2026-07-27 04:53:20,456 - Evaluate - INFO - ASR Module... Epoch: 1, RSS: 3.40 GB
2026-07-27 04:53:20,456 - Evaluate - INFO - ASR... Epoch: 1, Walltime: 19.543375 CPU time: 106.807183
2026-07-27 04:53:45,190 - Evaluate - INFO - ASR Module... Epoch: 1, RSS: 3.40 GB
2026-07-27 04:53:45,191 - Evaluate - INFO - ASR... Epoch: 1, Walltime: 24.730257 CPU time: 133.412058
2026-07-27 04:54:03,890 - Evaluate - INFO - ASR Module... Epoch: 1, RSS: 3.40 GB
2026-07-27 04:54:03,891 - Evaluate - INFO - ASR... Epoch: 1, Walltime: 18.695038 CPU time: 103.191048
2026-07-27 04:54:22,066 - Evaluate - INFO - ASR Module... Epoch: 1, RSS: 3.40 GB
2026-07-27 04:54:22,067 - Evaluate - INFO - ASR... Epoch: 1, Walltime: 18.171996 CPU time: 101.088237
2026-07-27 04:54:40,301 - Evaluate - INFO - ASR Module... Epoch: 1, RSS: 3.40 GB
2026-07-27 04:54:40,302 - Evaluate - INFO - ASR... Epoch: 1, Walltime: 18.231100 CPU time: 100.908892
2026-07-27 04:54:58,742 - Evaluate - INFO - ASR Module... Epoch: 1, RSS: 3.40 GB
2026-07-27 04:54:58,743 - Evaluate - INFO - ASR... Epoch: 1, Walltime: 18.437051 CPU time: 102.535052
2026-07-27 04:55:17,505 - Evaluate - INFO - ASR Module... Epoch: 1, RSS: 3.40 GB
2026-07-27 04:55:17,506 - Evaluate - INFO - ASR... Epoch: 1, Walltime: 18.758954 CPU time: 102.894396
2026-07-27 04:55:35,419 - Evaluate - INFO - ASR Module... Epoch: 1, RSS: 3.40 GB
2026-07-27 04:55:35,420 - Evaluate - INFO - ASR... Epoch: 1, Walltime: 17.910399 CPU time: 99.518392
2026-07-27 04:55:54,678 - Evaluate - INFO - ASR Module... Epoch: 1, RSS: 3.40 GB
2026-07-27 04:55:54,679 - Evaluate - INFO - ASR... Epoch: 1, Walltime: 19.254811 CPU time: 104.989628
2026-07-27 04:56:13,137 - Evaluate - INFO - ASR Module... Epoch: 1, RSS: 3.40 GB
2026-07-27 04:56:13,138 - Evaluate - INFO - ASR... Epoch: 1, Walltime: 18.454382 CPU time: 101.630647
2026-07-27 04:56:31,442 - Evaluate - INFO - ASR Module... Epoch: 1, RSS: 3.40 GB
2026-07-27 04:56:31,444 - Evaluate - INFO - ASR... Epoch: 1, Walltime: 18.302196 CPU time: 100.848615
2026-07-27 04:56:50,366 - Evaluate - INFO - ASR Module... Epoch: 1, RSS: 3.40 GB
2026-07-27 04:56:50,367 - Evaluate - INFO - ASR... Epoch: 1, Walltime: 18.919667 CPU time: 104.174779
2026-07-27 04:57:08,391 - Evaluate - INFO - ASR Module... Epoch: 1, RSS: 3.40 GB
2026-07-27 04:57:08,392 - Evaluate - INFO - ASR... Epoch: 1, Walltime: 18.020963 CPU time: 100.006776
2026-07-27 04:57:27,163 - Evaluate - INFO - ASR Module... Epoch: 1, RSS: 3.40 GB
2026-07-27 04:57:27,164 - Evaluate - INFO - ASR... Epoch: 1, Walltime: 18.768384 CPU time: 102.086949
2026-07-27 04:57:45,324 - Evaluate - INFO - ASR Module... Epoch: 1, RSS: 3.40 GB
2026-07-27 04:57:45,325 - Evaluate - INFO - ASR... Epoch: 1, Walltime: 18.156849 CPU time: 101.143363
2026-07-27 04:58:04,299 - Evaluate - INFO - ASR Module... Epoch: 1, RSS: 3.40 GB
2026-07-27 04:58:04,300 - Evaluate - INFO - ASR... Epoch: 1, Walltime: 18.971123 CPU time: 105.154082
2026-07-27 04:58:23,189 - Evaluate - INFO - ASR Module... Epoch: 1, RSS: 3.40 GB
2026-07-27 04:58:23,190 - Evaluate - INFO - ASR... Epoch: 1, Walltime: 18.885762 CPU time: 104.728351
2026-07-27 04:58:41,608 - Evaluate - INFO - ASR Module... Epoch: 1, RSS: 3.40 GB
2026-07-27 04:58:41,609 - Evaluate - INFO - ASR... Epoch: 1, Walltime: 18.415393 CPU time: 101.518944
2026-07-27 04:58:59,818 - Evaluate - INFO - ASR Module... Epoch: 1, RSS: 3.40 GB
2026-07-27 04:58:59,819 - Evaluate - INFO - ASR... Epoch: 1, Walltime: 18.205431 CPU time: 100.824754
2026-07-27 04:59:18,093 - Evaluate - INFO - ASR Module... Epoch: 1, RSS: 3.40 GB
2026-07-27 04:59:18,094 - Evaluate - INFO - ASR... Epoch: 1, Walltime: 18.271358 CPU time: 101.097681
2026-07-27 04:59:37,203 - Evaluate - INFO - ASR Module... Epoch: 1, RSS: 3.40 GB
2026-07-27 04:59:37,204 - Evaluate - INFO - ASR... Epoch: 1, Walltime: 19.106397 CPU time: 105.230338
2026-07-27 04:59:56,072 - Evaluate - INFO - ASR Module... Epoch: 1, RSS: 3.40 GB
2026-07-27 04:59:56,073 - Evaluate - INFO - ASR... Epoch: 1, Walltime: 18.864170 CPU time: 103.908977
2026-07-27 05:00:14,851 - Evaluate - INFO - ASR Module... Epoch: 1, RSS: 3.40 GB
2026-07-27 05:00:14,852 - Evaluate - INFO - ASR... Epoch: 1, Walltime: 18.776112 CPU time: 103.211364
2026-07-27 05:00:33,062 - Evaluate - INFO - ASR Module... Epoch: 1, RSS: 3.40 GB
2026-07-27 05:00:33,063 - Evaluate - INFO - ASR... Epoch: 1, Walltime: 18.207059 CPU time: 99.474391
2026-07-27 05:00:52,142 - Evaluate - INFO - ASR Module... Epoch: 1, RSS: 3.40 GB
2026-07-27 05:00:52,143 - Evaluate - INFO - ASR... Epoch: 1, Walltime: 19.075783 CPU time: 105.059901
2026-07-27 05:01:10,803 - Evaluate - INFO - ASR Module... Epoch: 1, RSS: 3.40 GB
2026-07-27 05:01:10,804 - Evaluate - INFO - ASR... Epoch: 1, Walltime: 18.657406 CPU time: 102.694457
2026-07-27 05:01:29,560 - Evaluate - INFO - ASR Module... Epoch: 1, RSS: 3.40 GB
2026-07-27 05:01:29,561 - Evaluate - INFO - ASR... Epoch: 1, Walltime: 18.752655 CPU time: 104.027875
2026-07-27 05:01:48,916 - Evaluate - INFO - ASR Module... Epoch: 1, RSS: 3.40 GB
2026-07-27 05:01:48,917 - Evaluate - INFO - ASR... Epoch: 1, Walltime: 19.351365 CPU time: 106.403364
2026-07-27 05:02:07,702 - Evaluate - INFO - ASR Module... Epoch: 1, RSS: 3.40 GB
2026-07-27 05:02:07,703 - Evaluate - INFO - ASR... Epoch: 1, Walltime: 18.781917 CPU time: 102.297282
2026-07-27 05:02:26,582 - Evaluate - INFO - ASR Module... Epoch: 1, RSS: 3.40 GB
2026-07-27 05:02:26,584 - Evaluate - INFO - ASR... Epoch: 1, Walltime: 18.876469 CPU time: 104.422455
2026-07-27 05:02:45,084 - Evaluate - INFO - ASR Module... Epoch: 1, RSS: 3.40 GB
2026-07-27 05:02:45,085 - Evaluate - INFO - ASR... Epoch: 1, Walltime: 18.497858 CPU time: 102.552277
2026-07-27 05:03:03,226 - Evaluate - INFO - ASR Module... Epoch: 1, RSS: 3.40 GB
2026-07-27 05:03:03,227 - Evaluate - INFO - ASR... Epoch: 1, Walltime: 18.137694 CPU time: 100.652272
2026-07-27 05:03:22,255 - Evaluate - INFO - ASR Module... Epoch: 1, RSS: 3.40 GB
2026-07-27 05:03:22,256 - Evaluate - INFO - ASR... Epoch: 1, Walltime: 19.024646 CPU time: 104.625339
2026-07-27 05:03:40,297 - Evaluate - INFO - ASR Module... Epoch: 1, RSS: 3.40 GB
2026-07-27 05:03:40,298 - Evaluate - INFO - ASR... Epoch: 1, Walltime: 18.038464 CPU time: 100.260841
2026-07-27 05:03:58,953 - Evaluate - INFO - ASR Module... Epoch: 1, RSS: 3.40 GB
2026-07-27 05:03:58,954 - Evaluate - INFO - ASR... Epoch: 1, Walltime: 18.652135 CPU time: 103.100275
2026-07-27 05:04:17,553 - Evaluate - INFO - ASR Module... Epoch: 1, RSS: 3.40 GB
2026-07-27 05:04:17,555 - Evaluate - INFO - ASR... Epoch: 1, Walltime: 18.596672 CPU time: 102.277417
2026-07-27 05:04:36,014 - Evaluate - INFO - ASR Module... Epoch: 1, RSS: 3.40 GB
2026-07-27 05:04:36,015 - Evaluate - INFO - ASR... Epoch: 1, Walltime: 18.456061 CPU time: 102.056491
2026-07-27 05:04:55,588 - Evaluate - INFO - ASR Module... Epoch: 1, RSS: 3.40 GB
2026-07-27 05:04:55,589 - Evaluate - INFO - ASR... Epoch: 1, Walltime: 19.570189 CPU time: 107.760303
2026-07-27 05:05:14,309 - Evaluate - INFO - ASR Module... Epoch: 1, RSS: 3.40 GB
2026-07-27 05:05:14,311 - Evaluate - INFO - ASR... Epoch: 1, Walltime: 18.717817 CPU time: 104.049606
2026-07-27 05:05:32,994 - Evaluate - INFO - ASR Module... Epoch: 1, RSS: 3.40 GB
2026-07-27 05:05:32,995 - Evaluate - INFO - ASR... Epoch: 1, Walltime: 18.679697 CPU time: 103.263081
2026-07-27 05:05:51,385 - Evaluate - INFO - ASR Module... Epoch: 1, RSS: 3.40 GB
2026-07-27 05:05:51,385 - Evaluate - INFO - ASR... Epoch: 1, Walltime: 18.386830 CPU time: 101.014743
2026-07-27 05:06:09,393 - Evaluate - INFO - ASR Module... Epoch: 1, RSS: 3.40 GB
2026-07-27 05:06:09,394 - Evaluate - INFO - ASR... Epoch: 1, Walltime: 18.005302 CPU time: 99.811271
2026-07-27 05:06:27,494 - Evaluate - INFO - ASR Module... Epoch: 1, RSS: 3.40 GB
2026-07-27 05:06:27,496 - Evaluate - INFO - ASR... Epoch: 1, Walltime: 18.097100 CPU time: 100.457288
2026-07-27 05:06:45,508 - Evaluate - INFO - ASR Module... Epoch: 1, RSS: 3.40 GB
2026-07-27 05:06:45,509 - Evaluate - INFO - ASR... Epoch: 1, Walltime: 18.009961 CPU time: 99.670656
2026-07-27 05:07:04,821 - Evaluate - INFO - ASR Module... Epoch: 1, RSS: 3.40 GB
2026-07-27 05:07:04,823 - Evaluate - INFO - ASR... Epoch: 1, Walltime: 19.309620 CPU time: 106.723141
2026-07-27 05:07:23,247 - Evaluate - INFO - ASR Module... Epoch: 1, RSS: 3.40 GB
2026-07-27 05:07:23,248 - Evaluate - INFO - ASR... Epoch: 1, Walltime: 18.420652 CPU time: 101.753329
2026-07-27 05:07:41,687 - Evaluate - INFO - ASR Module... Epoch: 1, RSS: 3.40 GB
2026-07-27 05:07:41,688 - Evaluate - INFO - ASR... Epoch: 1, Walltime: 18.436243 CPU time: 101.512744
2026-07-27 05:08:00,404 - Evaluate - INFO - ASR Module... Epoch: 1, RSS: 3.40 GB
2026-07-27 05:08:00,405 - Evaluate - INFO - ASR... Epoch: 1, Walltime: 18.712903 CPU time: 102.405051
2026-07-27 05:08:19,043 - Evaluate - INFO - ASR Module... Epoch: 1, RSS: 3.40 GB
2026-07-27 05:08:19,044 - Evaluate - INFO - ASR... Epoch: 1, Walltime: 18.634731 CPU time: 103.345765
2026-07-27 05:08:37,819 - Evaluate - INFO - ASR Module... Epoch: 1, RSS: 3.40 GB
2026-07-27 05:08:37,820 - Evaluate - INFO - ASR... Epoch: 1, Walltime: 18.771088 CPU time: 103.785804
2026-07-27 05:08:56,143 - Evaluate - INFO - ASR Module... Epoch: 1, RSS: 3.40 GB
2026-07-27 05:08:56,144 - Evaluate - INFO - ASR... Epoch: 1, Walltime: 18.320570 CPU time: 101.933461
2026-07-27 05:09:14,412 - Evaluate - INFO - ASR Module... Epoch: 1, RSS: 3.40 GB
2026-07-27 05:09:14,413 - Evaluate - INFO - ASR... Epoch: 1, Walltime: 18.264528 CPU time: 100.989137
2026-07-27 05:09:38,467 - Evaluate - INFO - ASR Module... Epoch: 1, RSS: 3.40 GB
2026-07-27 05:09:38,467 - Evaluate - INFO - ASR... Epoch: 1, Walltime: 24.049631 CPU time: 130.153610
2026-07-27 05:10:00,242 - Evaluate - INFO - ASR Module... Epoch: 1, RSS: 3.40 GB
2026-07-27 05:10:00,244 - Evaluate - INFO - ASR... Epoch: 1, Walltime: 21.771273 CPU time: 119.243657
2026-07-27 05:10:20,195 - Evaluate - INFO - ASR Module... Epoch: 1, RSS: 3.40 GB
2026-07-27 05:10:20,197 - Evaluate - INFO - ASR... Epoch: 1, Walltime: 19.947933 CPU time: 110.274846
2026-07-27 05:10:40,115 - Evaluate - INFO - ASR Module... Epoch: 1, RSS: 3.40 GB
2026-07-27 05:10:40,117 - Evaluate - INFO - ASR... Epoch: 1, Walltime: 19.915723 CPU time: 108.416537
2026-07-27 05:11:02,348 - Evaluate - INFO - ASR Module... Epoch: 1, RSS: 3.40 GB
2026-07-27 05:11:02,349 - Evaluate - INFO - ASR... Epoch: 1, Walltime: 22.227280 CPU time: 121.501507
2026-07-27 05:11:23,729 - Evaluate - INFO - ASR Module... Epoch: 1, RSS: 3.40 GB
2026-07-27 05:11:23,730 - Evaluate - INFO - ASR... Epoch: 1, Walltime: 21.375243 CPU time: 117.110379
2026-07-27 05:11:46,546 - Evaluate - INFO - ASR Module... Epoch: 1, RSS: 3.40 GB
2026-07-27 05:11:46,548 - Evaluate - INFO - ASR... Epoch: 1, Walltime: 22.812105 CPU time: 123.866540
2026-07-27 05:12:07,184 - Evaluate - INFO - ASR Module... Epoch: 1, RSS: 3.40 GB
2026-07-27 05:12:07,185 - Evaluate - INFO - ASR... Epoch: 1, Walltime: 20.632866 CPU time: 113.460732
2026-07-27 05:12:26,190 - Evaluate - INFO - ASR Module... Epoch: 1, RSS: 3.40 GB
2026-07-27 05:12:26,191 - Evaluate - INFO - ASR... Epoch: 1, Walltime: 19.000801 CPU time: 104.844373
2026-07-27 05:12:47,620 - Evaluate - INFO - ASR Module... Epoch: 1, RSS: 3.40 GB
2026-07-27 05:12:47,621 - Evaluate - INFO - ASR... Epoch: 1, Walltime: 21.424374 CPU time: 117.794006
2026-07-27 05:13:08,814 - Evaluate - INFO - ASR Module... Epoch: 1, RSS: 3.40 GB
2026-07-27 05:13:08,815 - Evaluate - INFO - ASR... Epoch: 1, Walltime: 21.188804 CPU time: 116.406911
2026-07-27 05:13:30,428 - Evaluate - INFO - ASR Module... Epoch: 1, RSS: 3.40 GB
2026-07-27 05:13:30,429 - Evaluate - INFO - ASR... Epoch: 1, Walltime: 21.608920 CPU time: 118.007904
2026-07-27 05:13:51,939 - Evaluate - INFO - ASR Module... Epoch: 1, RSS: 3.40 GB
2026-07-27 05:13:51,941 - Evaluate - INFO - ASR... Epoch: 1, Walltime: 21.506356 CPU time: 117.237192
2026-07-27 05:14:12,988 - Evaluate - INFO - ASR Module... Epoch: 1, RSS: 3.40 GB
2026-07-27 05:14:12,988 - Evaluate - INFO - ASR... Epoch: 1, Walltime: 21.042704 CPU time: 114.985764
2026-07-27 05:14:34,184 - Evaluate - INFO - ASR Module... Epoch: 1, RSS: 3.40 GB
2026-07-27 05:14:34,185 - Evaluate - INFO - ASR... Epoch: 1, Walltime: 21.190927 CPU time: 116.660013
2026-07-27 05:14:51,870 - Evaluate - INFO - ASR Module... Epoch: 1, RSS: 3.40 GB
2026-07-27 05:14:51,871 - Evaluate - INFO - ASR... Epoch: 1, Walltime: 17.681382 CPU time: 97.946291
2026-07-27 05:15:10,157 - Evaluate - INFO - ASR Module... Epoch: 1, RSS: 3.40 GB
2026-07-27 05:15:10,158 - Evaluate - INFO - ASR... Epoch: 1, Walltime: 18.283709 CPU time: 100.541784
2026-07-27 05:15:30,064 - Evaluate - INFO - ASR Module... Epoch: 1, RSS: 3.40 GB
2026-07-27 05:15:30,066 - Evaluate - INFO - ASR... Epoch: 1, Walltime: 19.903796 CPU time: 108.881267
2026-07-27 05:15:48,976 - Evaluate - INFO - ASR Module... Epoch: 1, RSS: 3.40 GB
2026-07-27 05:15:48,977 - Evaluate - INFO - ASR... Epoch: 1, Walltime: 18.907459 CPU time: 104.532578
2026-07-27 05:16:07,912 - Evaluate - INFO - ASR Module... Epoch: 1, RSS: 3.40 GB
2026-07-27 05:16:07,913 - Evaluate - INFO - ASR... Epoch: 1, Walltime: 18.931854 CPU time: 104.582127
2026-07-27 05:16:26,666 - Evaluate - INFO - ASR Module... Epoch: 1, RSS: 3.40 GB
2026-07-27 05:16:26,667 - Evaluate - INFO - ASR... Epoch: 1, Walltime: 18.749410 CPU time: 104.137230
2026-07-27 05:16:45,546 - Evaluate - INFO - ASR Module... Epoch: 1, RSS: 3.40 GB
2026-07-27 05:16:45,547 - Evaluate - INFO - ASR... Epoch: 1, Walltime: 18.876666 CPU time: 104.560091
2026-07-27 05:17:05,534 - Evaluate - INFO - ASR Module... Epoch: 1, RSS: 3.40 GB
2026-07-27 05:17:05,535 - Evaluate - INFO - ASR... Epoch: 1, Walltime: 19.984263 CPU time: 109.958706
2026-07-27 05:17:24,062 - Evaluate - INFO - ASR Module... Epoch: 1, RSS: 3.40 GB
2026-07-27 05:17:24,063 - Evaluate - INFO - ASR... Epoch: 1, Walltime: 18.523596 CPU time: 102.630039
2026-07-27 05:17:44,110 - Evaluate - INFO - ASR Module... Epoch: 1, RSS: 3.40 GB
2026-07-27 05:17:44,111 - Evaluate - INFO - ASR... Epoch: 1, Walltime: 20.044267 CPU time: 110.071638
2026-07-27 05:18:03,676 - Evaluate - INFO - ASR Module... Epoch: 1, RSS: 3.40 GB
2026-07-27 05:18:03,677 - Evaluate - INFO - ASR... Epoch: 1, Walltime: 19.562156 CPU time: 107.410153
2026-07-27 05:18:26,438 - Evaluate - INFO - ASR Module... Epoch: 1, RSS: 3.40 GB
2026-07-27 05:18:26,439 - Evaluate - INFO - ASR... Epoch: 1, Walltime: 22.757435 CPU time: 124.090144
2026-07-27 05:18:47,853 - Evaluate - INFO - ASR Module... Epoch: 1, RSS: 3.40 GB
2026-07-27 05:18:47,854 - Evaluate - INFO - ASR... Epoch: 1, Walltime: 21.410049 CPU time: 116.588663
2026-07-27 05:19:08,983 - Evaluate - INFO - ASR Module... Epoch: 1, RSS: 3.40 GB
2026-07-27 05:19:08,984 - Evaluate - INFO - ASR... Epoch: 1, Walltime: 21.125526 CPU time: 114.095384
2026-07-27 05:19:28,292 - Evaluate - INFO - ASR Module... Epoch: 1, RSS: 3.40 GB
2026-07-27 05:19:28,294 - Evaluate - INFO - ASR... Epoch: 1, Walltime: 19.305347 CPU time: 107.027583
2026-07-27 05:19:48,611 - Evaluate - INFO - ASR Module... Epoch: 1, RSS: 3.40 GB
2026-07-27 05:19:48,612 - Evaluate - INFO - ASR... Epoch: 1, Walltime: 20.313037 CPU time: 110.971621
2026-07-27 05:20:09,337 - Evaluate - INFO - ASR Module... Epoch: 1, RSS: 3.40 GB
2026-07-27 05:20:09,338 - Evaluate - INFO - ASR... Epoch: 1, Walltime: 20.721951 CPU time: 113.491533
2026-07-27 05:20:27,862 - Evaluate - INFO - ASR Module... Epoch: 1, RSS: 3.40 GB
2026-07-27 05:20:27,863 - Evaluate - INFO - ASR... Epoch: 1, Walltime: 18.520469 CPU time: 102.706528
2026-07-27 05:20:48,401 - Evaluate - INFO - ASR Module... Epoch: 1, RSS: 3.40 GB
2026-07-27 05:20:48,402 - Evaluate - INFO - ASR... Epoch: 1, Walltime: 20.534643 CPU time: 113.164387
2026-07-27 05:21:08,446 - Evaluate - INFO - ASR Module... Epoch: 1, RSS: 3.40 GB
2026-07-27 05:21:08,447 - Evaluate - INFO - ASR... Epoch: 1, Walltime: 20.040996 CPU time: 109.858992
2026-07-27 05:21:29,084 - Evaluate - INFO - ASR Module... Epoch: 1, RSS: 3.40 GB
2026-07-27 05:21:29,085 - Evaluate - INFO - ASR... Epoch: 1, Walltime: 20.633966 CPU time: 113.509759
2026-07-27 05:21:51,572 - Evaluate - INFO - ASR Module... Epoch: 1, RSS: 3.40 GB
2026-07-27 05:21:51,573 - Evaluate - INFO - ASR... Epoch: 1, Walltime: 22.482559 CPU time: 123.154855
2026-07-27 05:22:11,118 - Evaluate - INFO - ASR Module... Epoch: 1, RSS: 3.40 GB
2026-07-27 05:22:11,119 - Evaluate - INFO - ASR... Epoch: 1, Walltime: 19.540559 CPU time: 107.670097
2026-07-27 05:22:29,132 - Evaluate - INFO - ASR Module... Epoch: 1, RSS: 3.40 GB
2026-07-27 05:22:29,133 - Evaluate - INFO - ASR... Epoch: 1, Walltime: 18.010228 CPU time: 99.986973
2026-07-27 05:22:48,650 - Evaluate - INFO - ASR Module... Epoch: 1, RSS: 3.40 GB
2026-07-27 05:22:48,651 - Evaluate - INFO - ASR... Epoch: 1, Walltime: 19.513801 CPU time: 106.640847
2026-07-27 05:23:07,706 - Evaluate - INFO - ASR Module... Epoch: 1, RSS: 3.40 GB
2026-07-27 05:23:07,707 - Evaluate - INFO - ASR... Epoch: 1, Walltime: 19.051716 CPU time: 104.566637
2026-07-27 05:23:27,964 - Evaluate - INFO - ASR Module... Epoch: 1, RSS: 3.40 GB
2026-07-27 05:23:27,965 - Evaluate - INFO - ASR... Epoch: 1, Walltime: 20.253445 CPU time: 110.788417
2026-07-27 05:23:48,346 - Evaluate - INFO - ASR Module... Epoch: 1, RSS: 3.40 GB
2026-07-27 05:23:48,347 - Evaluate - INFO - ASR... Epoch: 1, Walltime: 20.377504 CPU time: 111.468867
2026-07-27 05:24:07,850 - Evaluate - INFO - ASR Module... Epoch: 1, RSS: 3.40 GB
2026-07-27 05:24:07,852 - Evaluate - INFO - ASR... Epoch: 1, Walltime: 19.500087 CPU time: 105.348715
2026-07-27 05:24:28,573 - Evaluate - INFO - ASR Module... Epoch: 1, RSS: 3.40 GB
2026-07-27 05:24:28,574 - Evaluate - INFO - ASR... Epoch: 1, Walltime: 20.717303 CPU time: 112.901617
2026-07-27 05:24:47,680 - Evaluate - INFO - ASR Module... Epoch: 1, RSS: 3.40 GB
2026-07-27 05:24:47,681 - Evaluate - INFO - ASR... Epoch: 1, Walltime: 19.103738 CPU time: 104.611481
2026-07-27 05:25:07,134 - Evaluate - INFO - ASR Module... Epoch: 1, RSS: 3.40 GB
2026-07-27 05:25:07,135 - Evaluate - INFO - ASR... Epoch: 1, Walltime: 19.449404 CPU time: 106.020257
2026-07-27 05:25:26,313 - Evaluate - INFO - ASR Module... Epoch: 1, RSS: 3.40 GB
2026-07-27 05:25:26,314 - Evaluate - INFO - ASR... Epoch: 1, Walltime: 19.174300 CPU time: 105.683197
2026-07-27 05:25:44,835 - Evaluate - INFO - ASR Module... Epoch: 1, RSS: 3.40 GB
2026-07-27 05:25:44,836 - Evaluate - INFO - ASR... Epoch: 1, Walltime: 18.518356 CPU time: 101.574067
2026-07-27 05:26:04,986 - Evaluate - INFO - ASR Module... Epoch: 1, RSS: 3.40 GB
2026-07-27 05:26:04,987 - Evaluate - INFO - ASR... Epoch: 1, Walltime: 20.146314 CPU time: 109.324462
2026-07-27 05:26:24,134 - Evaluate - INFO - ASR Module... Epoch: 1, RSS: 3.40 GB
2026-07-27 05:26:24,135 - Evaluate - INFO - ASR... Epoch: 1, Walltime: 19.144206 CPU time: 105.258926
2026-07-27 05:26:43,131 - Evaluate - INFO - ASR Module... Epoch: 1, RSS: 3.40 GB
2026-07-27 05:26:43,132 - Evaluate - INFO - ASR... Epoch: 1, Walltime: 18.993079 CPU time: 104.076781
2026-07-27 05:27:04,852 - Evaluate - INFO - ASR Module... Epoch: 1, RSS: 3.40 GB
2026-07-27 05:27:04,853 - Evaluate - INFO - ASR... Epoch: 1, Walltime: 21.715874 CPU time: 118.153777
2026-07-27 05:27:23,465 - Evaluate - INFO - ASR Module... Epoch: 1, RSS: 3.40 GB
2026-07-27 05:27:23,466 - Evaluate - INFO - ASR... Epoch: 1, Walltime: 18.608679 CPU time: 102.696473
2026-07-27 05:27:41,497 - Evaluate - INFO - ASR Module... Epoch: 1, RSS: 3.40 GB
2026-07-27 05:27:41,499 - Evaluate - INFO - ASR... Epoch: 1, Walltime: 18.028143 CPU time: 99.347513
2026-07-27 05:28:00,506 - Evaluate - INFO - ASR Module... Epoch: 1, RSS: 3.40 GB
2026-07-27 05:28:00,507 - Evaluate - INFO - ASR... Epoch: 1, Walltime: 19.004132 CPU time: 104.999746
2026-07-27 05:28:20,387 - Evaluate - INFO - ASR Module... Epoch: 1, RSS: 3.40 GB
2026-07-27 05:28:20,388 - Evaluate - INFO - ASR... Epoch: 1, Walltime: 19.876890 CPU time: 108.926123
2026-07-27 05:28:40,625 - Evaluate - INFO - ASR Module... Epoch: 1, RSS: 3.40 GB
2026-07-27 05:28:40,626 - Evaluate - INFO - ASR... Epoch: 1, Walltime: 20.232549 CPU time: 111.178742
2026-07-27 05:29:01,549 - Evaluate - INFO - ASR Module... Epoch: 1, RSS: 3.40 GB
2026-07-27 05:29:01,550 - Evaluate - INFO - ASR... Epoch: 1, Walltime: 20.919064 CPU time: 113.221482
2026-07-27 05:29:20,886 - Evaluate - INFO - ASR Module... Epoch: 1, RSS: 3.40 GB
2026-07-27 05:29:20,888 - Evaluate - INFO - ASR... Epoch: 1, Walltime: 19.332903 CPU time: 106.657997
2026-07-27 05:29:41,350 - Evaluate - INFO - ASR Module... Epoch: 1, RSS: 3.40 GB
2026-07-27 05:29:41,351 - Evaluate - INFO - ASR... Epoch: 1, Walltime: 20.457835 CPU time: 111.946338
2026-07-27 05:30:00,632 - Evaluate - INFO - ASR Module... Epoch: 1, RSS: 3.40 GB
2026-07-27 05:30:00,633 - Evaluate - INFO - ASR... Epoch: 1, Walltime: 19.277571 CPU time: 106.434359
2026-07-27 05:30:22,025 - Evaluate - INFO - ASR Module... Epoch: 1, RSS: 3.40 GB
2026-07-27 05:30:22,026 - Evaluate - INFO - ASR... Epoch: 1, Walltime: 21.387710 CPU time: 117.040146
2026-07-27 05:30:41,834 - Evaluate - INFO - ASR Module... Epoch: 1, RSS: 3.40 GB
2026-07-27 05:30:41,835 - Evaluate - INFO - ASR... Epoch: 1, Walltime: 19.804325 CPU time: 108.882172
2026-07-27 05:31:01,247 - Evaluate - INFO - ASR Module... Epoch: 1, RSS: 3.40 GB
2026-07-27 05:31:01,248 - Evaluate - INFO - ASR... Epoch: 1, Walltime: 19.408543 CPU time: 107.133150
2026-07-27 05:31:20,709 - Evaluate - INFO - ASR Module... Epoch: 1, RSS: 3.40 GB
2026-07-27 05:31:20,710 - Evaluate - INFO - ASR... Epoch: 1, Walltime: 19.457359 CPU time: 107.018643
2026-07-27 05:31:41,200 - Evaluate - INFO - ASR Module... Epoch: 1, RSS: 3.40 GB
2026-07-27 05:31:41,201 - Evaluate - INFO - ASR... Epoch: 1, Walltime: 20.486468 CPU time: 112.664716
2026-07-27 05:32:03,843 - Evaluate - INFO - ASR Module... Epoch: 1, RSS: 3.40 GB
2026-07-27 05:32:03,844 - Evaluate - INFO - ASR... Epoch: 1, Walltime: 22.637625 CPU time: 122.880054
2026-07-27 05:32:23,478 - Evaluate - INFO - ASR Module... Epoch: 1, RSS: 3.40 GB
2026-07-27 05:32:23,479 - Evaluate - INFO - ASR... Epoch: 1, Walltime: 19.630316 CPU time: 108.096916
2026-07-27 05:32:46,759 - Evaluate - INFO - ASR Module... Epoch: 1, RSS: 3.40 GB
2026-07-27 05:32:46,760 - Evaluate - INFO - ASR... Epoch: 1, Walltime: 23.275670 CPU time: 127.264665
2026-07-27 05:33:10,248 - Evaluate - INFO - ASR Module... Epoch: 1, RSS: 3.40 GB
2026-07-27 05:33:10,249 - Evaluate - INFO - ASR... Epoch: 1, Walltime: 23.483539 CPU time: 127.285497
2026-07-27 05:33:31,034 - Evaluate - INFO - ASR Module... Epoch: 1, RSS: 3.40 GB
2026-07-27 05:33:31,035 - Evaluate - INFO - ASR... Epoch: 1, Walltime: 20.781274 CPU time: 114.450532
2026-07-27 05:33:50,815 - Evaluate - INFO - ASR Module... Epoch: 1, RSS: 3.40 GB
2026-07-27 05:33:50,816 - Evaluate - INFO - ASR... Epoch: 1, Walltime: 19.775877 CPU time: 109.565983
2026-07-27 05:34:13,497 - Evaluate - INFO - ASR Module... Epoch: 1, RSS: 3.40 GB
2026-07-27 05:34:13,499 - Evaluate - INFO - ASR... Epoch: 1, Walltime: 22.677864 CPU time: 124.185791
2026-07-27 05:34:35,150 - Evaluate - INFO - ASR Module... Epoch: 1, RSS: 3.40 GB
2026-07-27 05:34:35,151 - Evaluate - INFO - ASR... Epoch: 1, Walltime: 21.646697 CPU time: 117.559479
2026-07-27 05:34:54,776 - Evaluate - INFO - ASR Module... Epoch: 1, RSS: 3.40 GB
2026-07-27 05:34:54,777 - Evaluate - INFO - ASR... Epoch: 1, Walltime: 19.620697 CPU time: 106.748236
2026-07-27 05:35:14,898 - Evaluate - INFO - ASR Module... Epoch: 1, RSS: 3.40 GB
2026-07-27 05:35:14,899 - Evaluate - INFO - ASR... Epoch: 1, Walltime: 20.117262 CPU time: 110.806316
2026-07-27 05:35:36,452 - Evaluate - INFO - ASR Module... Epoch: 1, RSS: 3.40 GB
2026-07-27 05:35:36,453 - Evaluate - INFO - ASR... Epoch: 1, Walltime: 21.547650 CPU time: 118.068623
2026-07-27 05:35:58,653 - Evaluate - INFO - ASR Module... Epoch: 1, RSS: 3.40 GB
2026-07-27 05:35:58,654 - Evaluate - INFO - ASR... Epoch: 1, Walltime: 22.194623 CPU time: 121.647856
2026-07-27 05:36:19,737 - Evaluate - INFO - ASR Module... Epoch: 1, RSS: 3.40 GB
2026-07-27 05:36:19,738 - Evaluate - INFO - ASR... Epoch: 1, Walltime: 21.079569 CPU time: 116.452794
2026-07-27 05:36:41,170 - Evaluate - INFO - ASR Module... Epoch: 1, RSS: 3.40 GB
2026-07-27 05:36:41,172 - Evaluate - INFO - ASR... Epoch: 1, Walltime: 21.427073 CPU time: 116.747646
2026-07-27 05:37:02,162 - Evaluate - INFO - ASR Module... Epoch: 1, RSS: 3.40 GB
2026-07-27 05:37:02,163 - Evaluate - INFO - ASR... Epoch: 1, Walltime: 20.986025 CPU time: 115.371748
2026-07-27 05:37:23,566 - Evaluate - INFO - ASR Module... Epoch: 1, RSS: 3.40 GB
2026-07-27 05:37:23,567 - Evaluate - INFO - ASR... Epoch: 1, Walltime: 21.397169 CPU time: 116.249171
2026-07-27 05:37:43,471 - Evaluate - INFO - ASR Module... Epoch: 1, RSS: 3.40 GB
2026-07-27 05:37:43,472 - Evaluate - INFO - ASR... Epoch: 1, Walltime: 19.900315 CPU time: 108.927389
2026-07-27 05:38:04,170 - Evaluate - INFO - ASR Module... Epoch: 1, RSS: 3.40 GB
2026-07-27 05:38:04,172 - Evaluate - INFO - ASR... Epoch: 1, Walltime: 20.695093 CPU time: 113.582623
2026-07-27 05:38:24,343 - Evaluate - INFO - ASR Module... Epoch: 1, RSS: 3.40 GB
2026-07-27 05:38:24,344 - Evaluate - INFO - ASR... Epoch: 1, Walltime: 20.166873 CPU time: 110.381421
2026-07-27 05:38:44,404 - Evaluate - INFO - ASR Module... Epoch: 1, RSS: 3.40 GB
2026-07-27 05:38:44,406 - Evaluate - INFO - ASR... Epoch: 1, Walltime: 20.056376 CPU time: 110.301359
2026-07-27 05:39:07,008 - Evaluate - INFO - ASR Module... Epoch: 1, RSS: 3.40 GB
2026-07-27 05:39:07,009 - Evaluate - INFO - ASR... Epoch: 1, Walltime: 22.597471 CPU time: 123.289858
2026-07-27 05:39:28,109 - Evaluate - INFO - ASR Module... Epoch: 1, RSS: 3.40 GB
2026-07-27 05:39:28,111 - Evaluate - INFO - ASR... Epoch: 1, Walltime: 21.094741 CPU time: 115.279376
2026-07-27 05:39:48,154 - Evaluate - INFO - ASR Module... Epoch: 1, RSS: 3.40 GB
2026-07-27 05:39:48,155 - Evaluate - INFO - ASR... Epoch: 1, Walltime: 20.039821 CPU time: 109.367766
2026-07-27 05:40:10,139 - Evaluate - INFO - ASR Module... Epoch: 1, RSS: 3.40 GB
2026-07-27 05:40:10,141 - Evaluate - INFO - ASR... Epoch: 1, Walltime: 21.979943 CPU time: 118.168565
2026-07-27 05:40:31,050 - Evaluate - INFO - ASR Module... Epoch: 1, RSS: 3.40 GB
2026-07-27 05:40:31,052 - Evaluate - INFO - ASR... Epoch: 1, Walltime: 20.905283 CPU time: 114.444451
2026-07-27 05:40:53,442 - Evaluate - INFO - ASR Module... Epoch: 1, RSS: 3.40 GB
2026-07-27 05:40:53,443 - Evaluate - INFO - ASR... Epoch: 1, Walltime: 22.384372 CPU time: 121.322035
2026-07-27 05:41:16,375 - Evaluate - INFO - ASR Module... Epoch: 1, RSS: 3.40 GB
2026-07-27 05:41:16,376 - Evaluate - INFO - ASR... Epoch: 1, Walltime: 22.927148 CPU time: 124.752384
2026-07-27 05:41:37,190 - Evaluate - INFO - ASR Module... Epoch: 1, RSS: 3.40 GB
2026-07-27 05:41:37,191 - Evaluate - INFO - ASR... Epoch: 1, Walltime: 20.807756 CPU time: 114.377801
2026-07-27 05:41:57,065 - Evaluate - INFO - ASR Module... Epoch: 1, RSS: 3.40 GB
2026-07-27 05:41:57,067 - Evaluate - INFO - ASR... Epoch: 1, Walltime: 19.869897 CPU time: 108.869355
2026-07-27 05:42:16,486 - Evaluate - INFO - ASR Module... Epoch: 1, RSS: 3.40 GB
2026-07-27 05:42:16,487 - Evaluate - INFO - ASR... Epoch: 1, Walltime: 19.415731 CPU time: 107.522089
2026-07-27 05:42:37,986 - Evaluate - INFO - ASR Module... Epoch: 1, RSS: 3.40 GB
2026-07-27 05:42:37,987 - Evaluate - INFO - ASR... Epoch: 1, Walltime: 21.494624 CPU time: 118.090248
2026-07-27 05:42:57,725 - Evaluate - INFO - ASR Module... Epoch: 1, RSS: 3.40 GB
2026-07-27 05:42:57,726 - Evaluate - INFO - ASR... Epoch: 1, Walltime: 19.733234 CPU time: 109.246407
2026-07-27 05:43:18,772 - Evaluate - INFO - ASR Module... Epoch: 1, RSS: 3.40 GB
2026-07-27 05:43:18,773 - Evaluate - INFO - ASR... Epoch: 1, Walltime: 21.041934 CPU time: 114.585617
2026-07-27 05:43:37,691 - Evaluate - INFO - ASR Module... Epoch: 1, RSS: 3.40 GB
2026-07-27 05:43:37,692 - Evaluate - INFO - ASR... Epoch: 1, Walltime: 18.914300 CPU time: 105.039613
2026-07-27 05:43:56,188 - Evaluate - INFO - ASR Module... Epoch: 1, RSS: 3.40 GB
2026-07-27 05:43:56,189 - Evaluate - INFO - ASR... Epoch: 1, Walltime: 18.492658 CPU time: 102.500929
2026-07-27 05:44:16,139 - Evaluate - INFO - ASR Module... Epoch: 1, RSS: 3.40 GB
2026-07-27 05:44:16,140 - Evaluate - INFO - ASR... Epoch: 1, Walltime: 19.946903 CPU time: 109.295947
2026-07-27 05:44:34,427 - Evaluate - INFO - ASR Module... Epoch: 1, RSS: 3.40 GB
2026-07-27 05:44:34,428 - Evaluate - INFO - ASR... Epoch: 1, Walltime: 18.283921 CPU time: 101.773764
2026-07-27 05:44:56,671 - Evaluate - INFO - ASR Module... Epoch: 1, RSS: 3.40 GB
2026-07-27 05:44:56,672 - Evaluate - INFO - ASR... Epoch: 1, Walltime: 22.239596 CPU time: 111.033653
2026-07-27 05:45:16,438 - Evaluate - INFO - ASR Module... Epoch: 1, RSS: 3.40 GB
2026-07-27 05:45:16,440 - Evaluate - INFO - ASR... Epoch: 1, Walltime: 19.763337 CPU time: 109.149694
2026-07-27 05:45:35,438 - Evaluate - INFO - ASR Module... Epoch: 1, RSS: 3.40 GB
2026-07-27 05:45:35,439 - Evaluate - INFO - ASR... Epoch: 1, Walltime: 18.994690 CPU time: 105.086253
2026-07-27 05:45:57,128 - Evaluate - INFO - ASR Module... Epoch: 1, RSS: 3.40 GB
2026-07-27 05:45:57,129 - Evaluate - INFO - ASR... Epoch: 1, Walltime: 21.685139 CPU time: 117.456403
2026-07-27 05:46:17,056 - Evaluate - INFO - ASR Module... Epoch: 1, RSS: 3.40 GB
2026-07-27 05:46:17,057 - Evaluate - INFO - ASR... Epoch: 1, Walltime: 19.923845 CPU time: 109.711850
2026-07-27 05:46:36,047 - Evaluate - INFO - ASR Module... Epoch: 1, RSS: 3.40 GB
2026-07-27 05:46:36,048 - Evaluate - INFO - ASR... Epoch: 1, Walltime: 18.986505 CPU time: 103.541018
2026-07-27 05:46:55,964 - Evaluate - INFO - ASR Module... Epoch: 1, RSS: 3.40 GB
2026-07-27 05:46:55,965 - Evaluate - INFO - ASR... Epoch: 1, Walltime: 19.912390 CPU time: 109.788181
2026-07-27 05:47:15,116 - Evaluate - INFO - ASR Module... Epoch: 1, RSS: 3.40 GB
2026-07-27 05:47:15,117 - Evaluate - INFO - ASR... Epoch: 1, Walltime: 19.148376 CPU time: 105.327155
2026-07-27 05:47:34,201 - Evaluate - INFO - ASR Module... Epoch: 1, RSS: 3.40 GB
2026-07-27 05:47:34,202 - Evaluate - INFO - ASR... Epoch: 1, Walltime: 19.080203 CPU time: 105.436000
2026-07-27 05:47:52,823 - Evaluate - INFO - ASR Module... Epoch: 1, RSS: 3.40 GB
2026-07-27 05:47:52,824 - Evaluate - INFO - ASR... Epoch: 1, Walltime: 18.618379 CPU time: 103.590526
2026-07-27 05:48:13,107 - Evaluate - INFO - ASR Module... Epoch: 1, RSS: 3.40 GB
2026-07-27 05:48:13,108 - Evaluate - INFO - ASR... Epoch: 1, Walltime: 20.280118 CPU time: 111.809651
2026-07-27 05:48:31,995 - Evaluate - INFO - ASR Module... Epoch: 1, RSS: 3.40 GB
2026-07-27 05:48:31,996 - Evaluate - INFO - ASR... Epoch: 1, Walltime: 18.883324 CPU time: 103.590834
2026-07-27 05:48:51,385 - Evaluate - INFO - ASR Module... Epoch: 1, RSS: 3.40 GB
2026-07-27 05:48:51,386 - Evaluate - INFO - ASR... Epoch: 1, Walltime: 19.386313 CPU time: 107.192345
2026-07-27 05:49:10,819 - Evaluate - INFO - ASR Module... Epoch: 1, RSS: 3.40 GB
2026-07-27 05:49:10,820 - Evaluate - INFO - ASR... Epoch: 1, Walltime: 19.428842 CPU time: 107.193565
2026-07-27 05:49:30,240 - Evaluate - INFO - ASR Module... Epoch: 1, RSS: 3.40 GB
2026-07-27 05:49:30,241 - Evaluate - INFO - ASR... Epoch: 1, Walltime: 19.416682 CPU time: 108.061544
2026-07-27 05:49:48,944 - Evaluate - INFO - ASR Module... Epoch: 1, RSS: 3.40 GB
2026-07-27 05:49:48,945 - Evaluate - INFO - ASR... Epoch: 1, Walltime: 18.699494 CPU time: 102.775991
2026-07-27 05:50:09,047 - Evaluate - INFO - ASR Module... Epoch: 1, RSS: 3.40 GB
2026-07-27 05:50:09,048 - Evaluate - INFO - ASR... Epoch: 1, Walltime: 20.098591 CPU time: 110.481828
2026-07-27 05:50:27,705 - Evaluate - INFO - ASR Module... Epoch: 1, RSS: 3.40 GB
2026-07-27 05:50:27,706 - Evaluate - INFO - ASR... Epoch: 1, Walltime: 18.654106 CPU time: 102.689834
2026-07-27 05:50:46,138 - Evaluate - INFO - ASR Module... Epoch: 1, RSS: 3.40 GB
2026-07-27 05:50:46,140 - Evaluate - INFO - ASR... Epoch: 1, Walltime: 18.429137 CPU time: 101.774881
2026-07-27 05:51:05,113 - Evaluate - INFO - ASR Module... Epoch: 1, RSS: 3.40 GB
2026-07-27 05:51:05,113 - Evaluate - INFO - ASR... Epoch: 1, Walltime: 18.969469 CPU time: 105.035061
2026-07-27 05:51:25,334 - Evaluate - INFO - ASR Module... Epoch: 1, RSS: 3.40 GB
2026-07-27 05:51:25,335 - Evaluate - INFO - ASR... Epoch: 1, Walltime: 20.216816 CPU time: 110.048362
2026-07-27 05:51:45,216 - Evaluate - INFO - ASR Module... Epoch: 1, RSS: 3.40 GB
2026-07-27 05:51:45,217 - Evaluate - INFO - ASR... Epoch: 1, Walltime: 19.877959 CPU time: 109.499828
2026-07-27 05:52:03,813 - Evaluate - INFO - ASR Module... Epoch: 1, RSS: 3.40 GB
2026-07-27 05:52:03,814 - Evaluate - INFO - ASR... Epoch: 1, Walltime: 18.592799 CPU time: 103.201036
2026-07-27 05:52:22,421 - Evaluate - INFO - ASR Module... Epoch: 1, RSS: 3.40 GB
2026-07-27 05:52:22,422 - Evaluate - INFO - ASR... Epoch: 1, Walltime: 18.604200 CPU time: 102.611110
2026-07-27 05:52:41,491 - Evaluate - INFO - ASR Module... Epoch: 1, RSS: 3.40 GB
2026-07-27 05:52:41,492 - Evaluate - INFO - ASR... Epoch: 1, Walltime: 19.067482 CPU time: 105.229997
2026-07-27 05:53:00,969 - Evaluate - INFO - ASR Module... Epoch: 1, RSS: 3.40 GB
2026-07-27 05:53:00,970 - Evaluate - INFO - ASR... Epoch: 1, Walltime: 19.472793 CPU time: 107.879982
2026-07-27 05:53:19,634 - Evaluate - INFO - ASR Module... Epoch: 1, RSS: 3.40 GB
2026-07-27 05:53:19,635 - Evaluate - INFO - ASR... Epoch: 1, Walltime: 18.661061 CPU time: 103.374857
2026-07-27 05:53:38,040 - Evaluate - INFO - ASR Module... Epoch: 1, RSS: 3.40 GB
2026-07-27 05:53:38,041 - Evaluate - INFO - ASR... Epoch: 1, Walltime: 18.401928 CPU time: 102.051130
2026-07-27 05:53:57,565 - Evaluate - INFO - ASR Module... Epoch: 1, RSS: 3.40 GB
2026-07-27 05:53:57,566 - Evaluate - INFO - ASR... Epoch: 1, Walltime: 19.520966 CPU time: 107.315342
2026-07-27 05:54:17,386 - Evaluate - INFO - ASR Module... Epoch: 1, RSS: 3.40 GB
2026-07-27 05:54:17,387 - Evaluate - INFO - ASR... Epoch: 1, Walltime: 19.817076 CPU time: 108.890773
2026-07-27 05:54:37,401 - Evaluate - INFO - ASR Module... Epoch: 1, RSS: 3.40 GB
2026-07-27 05:54:37,402 - Evaluate - INFO - ASR... Epoch: 1, Walltime: 20.011171 CPU time: 105.535023
2026-07-27 05:54:56,966 - Evaluate - INFO - ASR Module... Epoch: 1, RSS: 3.40 GB
2026-07-27 05:54:56,967 - Evaluate - INFO - ASR... Epoch: 1, Walltime: 19.560378 CPU time: 107.043272
2026-07-27 05:55:16,259 - Evaluate - INFO - ASR Module... Epoch: 1, RSS: 3.40 GB
2026-07-27 05:55:16,260 - Evaluate - INFO - ASR... Epoch: 1, Walltime: 19.289176 CPU time: 106.297228
2026-07-27 05:55:35,460 - Evaluate - INFO - ASR Module... Epoch: 1, RSS: 3.40 GB
2026-07-27 05:55:35,461 - Evaluate - INFO - ASR... Epoch: 1, Walltime: 19.197271 CPU time: 104.817171
2026-07-27 05:55:55,017 - Evaluate - INFO - ASR Module... Epoch: 1, RSS: 3.40 GB
2026-07-27 05:55:55,018 - Evaluate - INFO - ASR... Epoch: 1, Walltime: 19.552672 CPU time: 107.919332
2026-07-27 05:56:14,242 - Evaluate - INFO - ASR Module... Epoch: 1, RSS: 3.40 GB
2026-07-27 05:56:14,243 - Evaluate - INFO - ASR... Epoch: 1, Walltime: 19.220169 CPU time: 106.485836
2026-07-27 05:56:33,187 - Evaluate - INFO - ASR Module... Epoch: 1, RSS: 3.40 GB
2026-07-27 05:56:33,188 - Evaluate - INFO - ASR... Epoch: 1, Walltime: 18.941233 CPU time: 103.653776
2026-07-27 05:56:51,464 - Evaluate - INFO - ASR Module... Epoch: 1, RSS: 3.40 GB
2026-07-27 05:56:51,466 - Evaluate - INFO - ASR... Epoch: 1, Walltime: 18.274152 CPU time: 101.866593
2026-07-27 05:57:11,474 - Evaluate - INFO - ASR Module... Epoch: 1, RSS: 3.40 GB
2026-07-27 05:57:11,475 - Evaluate - INFO - ASR... Epoch: 1, Walltime: 20.005193 CPU time: 108.941963
2026-07-27 05:57:31,763 - Evaluate - INFO - ASR Module... Epoch: 1, RSS: 3.40 GB
2026-07-27 05:57:31,764 - Evaluate - INFO - ASR... Epoch: 1, Walltime: 20.284853 CPU time: 111.688536
2026-07-27 05:57:51,209 - Evaluate - INFO - ASR Module... Epoch: 1, RSS: 3.40 GB
2026-07-27 05:57:51,210 - Evaluate - INFO - ASR... Epoch: 1, Walltime: 19.441988 CPU time: 107.506239
2026-07-27 05:58:09,506 - Evaluate - INFO - ASR Module... Epoch: 1, RSS: 3.40 GB
2026-07-27 05:58:09,507 - Evaluate - INFO - ASR... Epoch: 1, Walltime: 18.292345 CPU time: 101.594493
2026-07-27 05:58:29,365 - Evaluate - INFO - ASR Module... Epoch: 1, RSS: 3.40 GB
2026-07-27 05:58:29,366 - Evaluate - INFO - ASR... Epoch: 1, Walltime: 19.855530 CPU time: 109.025933
2026-07-27 05:58:49,669 - Evaluate - INFO - ASR Module... Epoch: 1, RSS: 3.40 GB
2026-07-27 05:58:49,670 - Evaluate - INFO - ASR... Epoch: 1, Walltime: 20.300443 CPU time: 110.234747
2026-07-27 05:59:09,065 - Evaluate - INFO - ASR Module... Epoch: 1, RSS: 3.40 GB
2026-07-27 05:59:09,066 - Evaluate - INFO - ASR... Epoch: 1, Walltime: 19.391006 CPU time: 107.196434
2026-07-27 05:59:27,312 - Evaluate - INFO - ASR Module... Epoch: 1, RSS: 3.40 GB
2026-07-27 05:59:27,313 - Evaluate - INFO - ASR... Epoch: 1, Walltime: 18.242979 CPU time: 101.220112
2026-07-27 05:59:48,051 - Evaluate - INFO - ASR Module... Epoch: 1, RSS: 3.40 GB
2026-07-27 05:59:48,052 - Evaluate - INFO - ASR... Epoch: 1, Walltime: 20.734592 CPU time: 113.345166
2026-07-27 06:00:07,622 - Evaluate - INFO - ASR Module... Epoch: 1, RSS: 3.40 GB
2026-07-27 06:00:07,623 - Evaluate - INFO - ASR... Epoch: 1, Walltime: 19.565845 CPU time: 107.755497
2026-07-27 06:00:29,732 - Evaluate - INFO - ASR Module... Epoch: 1, RSS: 3.40 GB
2026-07-27 06:00:29,734 - Evaluate - INFO - ASR... Epoch: 1, Walltime: 22.105685 CPU time: 118.630891
2026-07-27 06:00:48,898 - Evaluate - INFO - ASR Module... Epoch: 1, RSS: 3.40 GB
2026-07-27 06:00:48,899 - Evaluate - INFO - ASR... Epoch: 1, Walltime: 19.160774 CPU time: 103.986108
2026-07-27 06:01:10,072 - Evaluate - INFO - ASR Module... Epoch: 1, RSS: 3.40 GB
2026-07-27 06:01:10,073 - Evaluate - INFO - ASR... Epoch: 1, Walltime: 21.169809 CPU time: 115.053777
2026-07-27 06:01:32,341 - Evaluate - INFO - ASR Module... Epoch: 1, RSS: 3.40 GB
2026-07-27 06:01:32,343 - Evaluate - INFO - ASR... Epoch: 1, Walltime: 22.263467 CPU time: 120.127081
2026-07-27 06:01:52,365 - Evaluate - INFO - ASR Module... Epoch: 1, RSS: 3.40 GB
2026-07-27 06:01:52,366 - Evaluate - INFO - ASR... Epoch: 1, Walltime: 20.018931 CPU time: 109.712832
2026-07-27 06:02:13,584 - Evaluate - INFO - ASR Module... Epoch: 1, RSS: 3.40 GB
2026-07-27 06:02:13,585 - Evaluate - INFO - ASR... Epoch: 1, Walltime: 21.214354 CPU time: 114.059039
2026-07-27 06:02:32,433 - Evaluate - INFO - ASR Module... Epoch: 1, RSS: 3.40 GB
2026-07-27 06:02:32,434 - Evaluate - INFO - ASR... Epoch: 1, Walltime: 18.843952 CPU time: 104.100934
2026-07-27 06:02:54,838 - Evaluate - INFO - ASR Module... Epoch: 1, RSS: 3.40 GB
2026-07-27 06:02:54,839 - Evaluate - INFO - ASR... Epoch: 1, Walltime: 22.400325 CPU time: 121.496125
2026-07-27 06:03:16,522 - Evaluate - INFO - ASR Module... Epoch: 1, RSS: 3.40 GB
2026-07-27 06:03:16,524 - Evaluate - INFO - ASR... Epoch: 1, Walltime: 21.678239 CPU time: 118.334238
2026-07-27 06:03:37,394 - Evaluate - INFO - ASR Module... Epoch: 1, RSS: 3.40 GB
2026-07-27 06:03:37,395 - Evaluate - INFO - ASR... Epoch: 1, Walltime: 20.866261 CPU time: 114.372306
2026-07-27 06:03:59,030 - Evaluate - INFO - ASR Module... Epoch: 1, RSS: 3.40 GB
2026-07-27 06:03:59,031 - Evaluate - INFO - ASR... Epoch: 1, Walltime: 21.631647 CPU time: 117.995428
2026-07-27 06:04:18,137 - Evaluate - INFO - ASR Module... Epoch: 1, RSS: 3.40 GB
2026-07-27 06:04:18,138 - Evaluate - INFO - ASR... Epoch: 1, Walltime: 19.101614 CPU time: 104.832138
2026-07-27 06:04:36,334 - Evaluate - INFO - ASR Module... Epoch: 1, RSS: 3.40 GB
2026-07-27 06:04:36,335 - Evaluate - INFO - ASR... Epoch: 1, Walltime: 18.193220 CPU time: 100.895410
2026-07-27 06:04:59,129 - Evaluate - INFO - ASR Module... Epoch: 1, RSS: 3.40 GB
2026-07-27 06:04:59,130 - Evaluate - INFO - ASR... Epoch: 1, Walltime: 22.789707 CPU time: 124.275148
2026-07-27 06:05:20,444 - Evaluate - INFO - ASR Module... Epoch: 1, RSS: 3.40 GB
2026-07-27 06:05:20,445 - Evaluate - INFO - ASR... Epoch: 1, Walltime: 21.309668 CPU time: 115.582755
2026-07-27 06:05:43,735 - Evaluate - INFO - ASR Module... Epoch: 1, RSS: 3.40 GB
2026-07-27 06:05:43,736 - Evaluate - INFO - ASR... Epoch: 1, Walltime: 23.285525 CPU time: 125.779927
2026-07-27 06:06:03,092 - Evaluate - INFO - ASR Module... Epoch: 1, RSS: 3.40 GB
2026-07-27 06:06:03,093 - Evaluate - INFO - ASR... Epoch: 1, Walltime: 19.352440 CPU time: 106.408828
2026-07-27 06:06:23,753 - Evaluate - INFO - ASR Module... Epoch: 1, RSS: 3.40 GB
2026-07-27 06:06:23,754 - Evaluate - INFO - ASR... Epoch: 1, Walltime: 20.654982 CPU time: 113.537181
2026-07-27 06:06:45,287 - Evaluate - INFO - ASR Module... Epoch: 1, RSS: 3.40 GB
2026-07-27 06:06:45,288 - Evaluate - INFO - ASR... Epoch: 1, Walltime: 21.528739 CPU time: 117.444484
2026-07-27 06:07:05,959 - Evaluate - INFO - ASR Module... Epoch: 1, RSS: 3.40 GB
2026-07-27 06:07:05,960 - Evaluate - INFO - ASR... Epoch: 1, Walltime: 20.666066 CPU time: 113.728622
2026-07-27 06:07:25,384 - Evaluate - INFO - ASR Module... Epoch: 1, RSS: 3.40 GB
2026-07-27 06:07:25,385 - Evaluate - INFO - ASR... Epoch: 1, Walltime: 19.420796 CPU time: 106.672907
2026-07-27 06:07:44,400 - Evaluate - INFO - ASR Module... Epoch: 1, RSS: 3.40 GB
2026-07-27 06:07:44,401 - Evaluate - INFO - ASR... Epoch: 1, Walltime: 19.011253 CPU time: 104.880098
2026-07-27 06:08:06,408 - Evaluate - INFO - ASR Module... Epoch: 1, RSS: 3.40 GB
2026-07-27 06:08:06,409 - Evaluate - INFO - ASR... Epoch: 1, Walltime: 22.003212 CPU time: 120.376095
2026-07-27 06:08:27,188 - Evaluate - INFO - ASR Module... Epoch: 1, RSS: 3.40 GB
2026-07-27 06:08:27,189 - Evaluate - INFO - ASR... Epoch: 1, Walltime: 20.775750 CPU time: 113.573065
2026-07-27 06:08:50,509 - Evaluate - INFO - ASR Module... Epoch: 1, RSS: 3.40 GB
2026-07-27 06:08:50,511 - Evaluate - INFO - ASR... Epoch: 1, Walltime: 23.315826 CPU time: 127.426670
2026-07-27 06:09:11,540 - Evaluate - INFO - ASR Module... Epoch: 1, RSS: 3.40 GB
2026-07-27 06:09:11,541 - Evaluate - INFO - ASR... Epoch: 1, Walltime: 21.023448 CPU time: 115.077281
2026-07-27 06:09:33,379 - Evaluate - INFO - ASR Module... Epoch: 1, RSS: 3.40 GB
2026-07-27 06:09:33,380 - Evaluate - INFO - ASR... Epoch: 1, Walltime: 21.833763 CPU time: 120.150388
2026-07-27 06:09:55,202 - Evaluate - INFO - ASR Module... Epoch: 1, RSS: 3.40 GB
2026-07-27 06:09:55,203 - Evaluate - INFO - ASR... Epoch: 1, Walltime: 21.816484 CPU time: 119.283265
2026-07-27 06:10:14,852 - Evaluate - INFO - ASR Module... Epoch: 1, RSS: 3.40 GB
2026-07-27 06:10:14,853 - Evaluate - INFO - ASR... Epoch: 1, Walltime: 19.645098 CPU time: 108.183002
2026-07-27 06:10:37,983 - Evaluate - INFO - ASR Module... Epoch: 1, RSS: 3.40 GB
2026-07-27 06:10:37,984 - Evaluate - INFO - ASR... Epoch: 1, Walltime: 23.125080 CPU time: 126.851642
2026-07-27 06:10:57,655 - Evaluate - INFO - ASR Module... Epoch: 1, RSS: 3.40 GB
2026-07-27 06:10:57,656 - Evaluate - INFO - ASR... Epoch: 1, Walltime: 19.666791 CPU time: 108.860846
2026-07-27 06:11:19,112 - Evaluate - INFO - ASR Module... Epoch: 1, RSS: 3.40 GB
2026-07-27 06:11:19,113 - Evaluate - INFO - ASR... Epoch: 1, Walltime: 21.450937 CPU time: 117.421532
2026-07-27 06:11:39,146 - Evaluate - INFO - ASR Module... Epoch: 1, RSS: 3.40 GB
2026-07-27 06:11:39,147 - Evaluate - INFO - ASR... Epoch: 1, Walltime: 20.028233 CPU time: 110.072890
2026-07-27 06:11:59,422 - Evaluate - INFO - ASR Module... Epoch: 1, RSS: 3.40 GB
2026-07-27 06:11:59,424 - Evaluate - INFO - ASR... Epoch: 1, Walltime: 20.271552 CPU time: 111.233456
2026-07-27 06:12:19,196 - Evaluate - INFO - ASR Module... Epoch: 1, RSS: 3.40 GB
2026-07-27 06:12:19,197 - Evaluate - INFO - ASR... Epoch: 1, Walltime: 19.769248 CPU time: 106.326925
2026-07-27 06:12:37,832 - Evaluate - INFO - ASR Module... Epoch: 1, RSS: 3.40 GB
2026-07-27 06:12:37,833 - Evaluate - INFO - ASR... Epoch: 1, Walltime: 18.631467 CPU time: 103.110745
2026-07-27 06:12:57,590 - Evaluate - INFO - ASR Module... Epoch: 1, RSS: 3.40 GB
2026-07-27 06:12:57,591 - Evaluate - INFO - ASR... Epoch: 1, Walltime: 19.753999 CPU time: 108.793052
2026-07-27 06:13:16,787 - Evaluate - INFO - ASR Module... Epoch: 1, RSS: 3.40 GB
2026-07-27 06:13:16,788 - Evaluate - INFO - ASR... Epoch: 1, Walltime: 19.192362 CPU time: 105.709643
2026-07-27 06:13:38,809 - Evaluate - INFO - ASR Module... Epoch: 1, RSS: 3.40 GB
2026-07-27 06:13:38,810 - Evaluate - INFO - ASR... Epoch: 1, Walltime: 22.017052 CPU time: 119.358642
2026-07-27 06:13:59,723 - Evaluate - INFO - ASR Module... Epoch: 1, RSS: 3.40 GB
2026-07-27 06:13:59,724 - Evaluate - INFO - ASR... Epoch: 1, Walltime: 20.908804 CPU time: 114.985622
2026-07-27 06:14:21,332 - Evaluate - INFO - ASR Module... Epoch: 1, RSS: 3.40 GB
2026-07-27 06:14:21,333 - Evaluate - INFO - ASR... Epoch: 1, Walltime: 21.602732 CPU time: 118.387939
2026-07-27 06:14:41,396 - Evaluate - INFO - ASR Module... Epoch: 1, RSS: 3.40 GB
2026-07-27 06:14:41,398 - Evaluate - INFO - ASR... Epoch: 1, Walltime: 20.059002 CPU time: 111.309085
2026-07-27 06:15:02,008 - Evaluate - INFO - ASR Module... Epoch: 1, RSS: 3.40 GB
2026-07-27 06:15:02,009 - Evaluate - INFO - ASR... Epoch: 1, Walltime: 20.605472 CPU time: 112.991596
2026-07-27 06:15:21,866 - Evaluate - INFO - ASR Module... Epoch: 1, RSS: 3.40 GB
2026-07-27 06:15:21,867 - Evaluate - INFO - ASR... Epoch: 1, Walltime: 19.853267 CPU time: 109.416077
2026-07-27 06:15:42,096 - Evaluate - INFO - ASR Module... Epoch: 1, RSS: 3.40 GB
2026-07-27 06:15:42,097 - Evaluate - INFO - ASR... Epoch: 1, Walltime: 20.225364 CPU time: 111.517556
2026-07-27 06:16:01,651 - Evaluate - INFO - ASR Module... Epoch: 1, RSS: 3.40 GB
2026-07-27 06:16:01,652 - Evaluate - INFO - ASR... Epoch: 1, Walltime: 19.551054 CPU time: 107.762432
2026-07-27 06:16:21,289 - Evaluate - INFO - ASR Module... Epoch: 1, RSS: 3.40 GB
2026-07-27 06:16:21,290 - Evaluate - INFO - ASR... Epoch: 1, Walltime: 19.633286 CPU time: 108.375296
2026-07-27 06:16:40,909 - Evaluate - INFO - ASR Module... Epoch: 1, RSS: 3.40 GB
2026-07-27 06:16:40,910 - Evaluate - INFO - ASR... Epoch: 1, Walltime: 19.615595 CPU time: 108.142970
2026-07-27 06:16:59,484 - Evaluate - INFO - ASR Module... Epoch: 1, RSS: 3.40 GB
2026-07-27 06:16:59,485 - Evaluate - INFO - ASR... Epoch: 1, Walltime: 18.571595 CPU time: 102.568014
2026-07-27 06:17:18,714 - Evaluate - INFO - ASR Module... Epoch: 1, RSS: 3.40 GB
2026-07-27 06:17:18,715 - Evaluate - INFO - ASR... Epoch: 1, Walltime: 19.225143 CPU time: 105.607719
2026-07-27 06:17:38,224 - Evaluate - INFO - ASR Module... Epoch: 1, RSS: 3.40 GB
2026-07-27 06:17:38,226 - Evaluate - INFO - ASR... Epoch: 1, Walltime: 19.506668 CPU time: 107.565538
2026-07-27 06:17:56,382 - Evaluate - INFO - ASR Module... Epoch: 1, RSS: 3.40 GB
2026-07-27 06:17:56,384 - Evaluate - INFO - ASR... Epoch: 1, Walltime: 18.154357 CPU time: 100.981586
2026-07-27 06:18:14,897 - Evaluate - INFO - ASR Module... Epoch: 1, RSS: 3.40 GB
2026-07-27 06:18:14,898 - Evaluate - INFO - ASR... Epoch: 1, Walltime: 18.510240 CPU time: 101.567167
2026-07-27 06:18:34,883 - Evaluate - INFO - ASR Module... Epoch: 1, RSS: 3.40 GB
2026-07-27 06:18:34,884 - Evaluate - INFO - ASR... Epoch: 1, Walltime: 19.981508 CPU time: 108.905042
2026-07-27 06:18:57,298 - Evaluate - INFO - ASR Module... Epoch: 1, RSS: 3.40 GB
2026-07-27 06:18:57,300 - Evaluate - INFO - ASR... Epoch: 1, Walltime: 22.409758 CPU time: 122.613891
2026-07-27 06:19:15,360 - Evaluate - INFO - ASR Module... Epoch: 1, RSS: 3.40 GB
2026-07-27 06:19:15,361 - Evaluate - INFO - ASR... Epoch: 1, Walltime: 18.056427 CPU time: 100.732122
2026-07-27 06:19:38,386 - Evaluate - INFO - ASR Module... Epoch: 1, RSS: 3.40 GB
2026-07-27 06:19:38,387 - Evaluate - INFO - ASR... Epoch: 1, Walltime: 23.020412 CPU time: 124.711290
2026-07-27 06:19:57,799 - Evaluate - INFO - ASR Module... Epoch: 1, RSS: 3.40 GB
2026-07-27 06:19:57,801 - Evaluate - INFO - ASR... Epoch: 1, Walltime: 19.409193 CPU time: 106.875341
2026-07-27 06:20:16,806 - Evaluate - INFO - ASR Module... Epoch: 1, RSS: 3.40 GB
2026-07-27 06:20:16,807 - Evaluate - INFO - ASR... Epoch: 1, Walltime: 19.002236 CPU time: 104.541152
2026-07-27 06:20:35,270 - Evaluate - INFO - ASR Module... Epoch: 1, RSS: 3.40 GB
2026-07-27 06:20:35,271 - Evaluate - INFO - ASR... Epoch: 1, Walltime: 18.460310 CPU time: 102.002304
2026-07-27 06:20:54,202 - Evaluate - INFO - ASR Module... Epoch: 1, RSS: 3.40 GB
2026-07-27 06:20:54,204 - Evaluate - INFO - ASR... Epoch: 1, Walltime: 18.928543 CPU time: 104.506009
2026-07-27 06:21:15,339 - Evaluate - INFO - ASR Module... Epoch: 1, RSS: 3.40 GB
2026-07-27 06:21:15,340 - Evaluate - INFO - ASR... Epoch: 1, Walltime: 21.131133 CPU time: 115.884686
2026-07-27 06:21:35,648 - Evaluate - INFO - ASR Module... Epoch: 1, RSS: 3.40 GB
2026-07-27 06:21:35,649 - Evaluate - INFO - ASR... Epoch: 1, Walltime: 20.303463 CPU time: 111.606032
2026-07-27 06:21:54,934 - Evaluate - INFO - ASR Module... Epoch: 1, RSS: 3.40 GB
2026-07-27 06:21:54,935 - Evaluate - INFO - ASR... Epoch: 1, Walltime: 19.281783 CPU time: 106.110176
2026-07-27 06:22:15,488 - Evaluate - INFO - ASR Module... Epoch: 1, RSS: 3.40 GB
2026-07-27 06:22:15,489 - Evaluate - INFO - ASR... Epoch: 1, Walltime: 20.548658 CPU time: 113.055346
2026-07-27 06:22:37,227 - Evaluate - INFO - ASR Module... Epoch: 1, RSS: 3.40 GB
2026-07-27 06:22:37,228 - Evaluate - INFO - ASR... Epoch: 1, Walltime: 21.734323 CPU time: 119.122988
2026-07-27 06:22:59,108 - Evaluate - INFO - ASR Module... Epoch: 1, RSS: 3.40 GB
2026-07-27 06:22:59,110 - Evaluate - INFO - ASR... Epoch: 1, Walltime: 21.876163 CPU time: 118.547519
2026-07-27 06:23:19,492 - Evaluate - INFO - ASR Module... Epoch: 1, RSS: 3.40 GB
2026-07-27 06:23:19,493 - Evaluate - INFO - ASR... Epoch: 1, Walltime: 20.377208 CPU time: 111.788021
2026-07-27 06:23:41,640 - Evaluate - INFO - ASR Module... Epoch: 1, RSS: 3.40 GB
2026-07-27 06:23:41,641 - Evaluate - INFO - ASR... Epoch: 1, Walltime: 22.142748 CPU time: 120.645651
2026-07-27 06:24:00,861 - Evaluate - INFO - ASR Module... Epoch: 1, RSS: 3.40 GB
2026-07-27 06:24:00,862 - Evaluate - INFO - ASR... Epoch: 1, Walltime: 19.215887 CPU time: 106.103300
2026-07-27 06:24:19,545 - Evaluate - INFO - ASR Module... Epoch: 1, RSS: 3.40 GB
2026-07-27 06:24:19,547 - Evaluate - INFO - ASR... Epoch: 1, Walltime: 18.680746 CPU time: 101.205597
2026-07-27 06:24:39,448 - Evaluate - INFO - ASR Module... Epoch: 1, RSS: 3.40 GB
2026-07-27 06:24:39,450 - Evaluate - INFO - ASR... Epoch: 1, Walltime: 19.898516 CPU time: 109.357394
2026-07-27 06:24:59,428 - Evaluate - INFO - ASR Module... Epoch: 1, RSS: 3.40 GB
2026-07-27 06:24:59,429 - Evaluate - INFO - ASR... Epoch: 1, Walltime: 19.974940 CPU time: 109.156621
2026-07-27 06:25:18,962 - Evaluate - INFO - ASR Module... Epoch: 1, RSS: 3.40 GB
2026-07-27 06:25:18,964 - Evaluate - INFO - ASR... Epoch: 1, Walltime: 19.530581 CPU time: 105.764557
2026-07-27 06:25:38,217 - Evaluate - INFO - ASR Module... Epoch: 1, RSS: 3.40 GB
2026-07-27 06:25:38,218 - Evaluate - INFO - ASR... Epoch: 1, Walltime: 19.250848 CPU time: 105.933200
2026-07-27 06:25:57,002 - Evaluate - INFO - ASR Module... Epoch: 1, RSS: 3.40 GB
2026-07-27 06:25:57,003 - Evaluate - INFO - ASR... Epoch: 1, Walltime: 18.780223 CPU time: 103.264650
2026-07-27 06:26:16,646 - Evaluate - INFO - ASR Module... Epoch: 1, RSS: 3.40 GB
2026-07-27 06:26:16,647 - Evaluate - INFO - ASR... Epoch: 1, Walltime: 19.640280 CPU time: 107.470972
2026-07-27 06:26:38,023 - Evaluate - INFO - ASR Module... Epoch: 1, RSS: 3.40 GB
2026-07-27 06:26:38,024 - Evaluate - INFO - ASR... Epoch: 1, Walltime: 21.372540 CPU time: 116.749757
2026-07-27 06:26:58,037 - Evaluate - INFO - ASR Module... Epoch: 1, RSS: 3.40 GB
2026-07-27 06:26:58,038 - Evaluate - INFO - ASR... Epoch: 1, Walltime: 20.008482 CPU time: 109.179084
2026-07-27 06:27:17,190 - Evaluate - INFO - ASR Module... Epoch: 1, RSS: 3.40 GB
2026-07-27 06:27:17,191 - Evaluate - INFO - ASR... Epoch: 1, Walltime: 19.148344 CPU time: 105.890936
2026-07-27 06:27:36,318 - Evaluate - INFO - ASR Module... Epoch: 1, RSS: 3.40 GB
2026-07-27 06:27:36,319 - Evaluate - INFO - ASR... Epoch: 1, Walltime: 19.124754 CPU time: 103.917449
2026-07-27 06:27:56,259 - Evaluate - INFO - ASR Module... Epoch: 1, RSS: 3.40 GB
2026-07-27 06:27:56,260 - Evaluate - INFO - ASR... Epoch: 1, Walltime: 19.936055 CPU time: 108.801094
2026-07-27 06:28:17,433 - Evaluate - INFO - ASR Module... Epoch: 1, RSS: 3.40 GB
2026-07-27 06:28:17,434 - Evaluate - INFO - ASR... Epoch: 1, Walltime: 21.169616 CPU time: 111.102322
2026-07-27 06:28:36,505 - Evaluate - INFO - ASR Module... Epoch: 1, RSS: 3.40 GB
2026-07-27 06:28:36,506 - Evaluate - INFO - ASR... Epoch: 1, Walltime: 19.068579 CPU time: 104.455999
2026-07-27 06:28:55,899 - Evaluate - INFO - ASR Module... Epoch: 1, RSS: 3.40 GB
2026-07-27 06:28:55,900 - Evaluate - INFO - ASR... Epoch: 1, Walltime: 19.390090 CPU time: 105.768095
2026-07-27 06:29:14,799 - Evaluate - INFO - ASR Module... Epoch: 1, RSS: 3.40 GB
2026-07-27 06:29:14,800 - Evaluate - INFO - ASR... Epoch: 1, Walltime: 18.895744 CPU time: 102.338988
2026-07-27 06:29:34,008 - Evaluate - INFO - ASR Module... Epoch: 1, RSS: 3.40 GB
2026-07-27 06:29:34,009 - Evaluate - INFO - ASR... Epoch: 1, Walltime: 19.204720 CPU time: 105.112150
2026-07-27 06:29:53,860 - Evaluate - INFO - ASR Module... Epoch: 1, RSS: 3.40 GB
2026-07-27 06:29:53,861 - Evaluate - INFO - ASR... Epoch: 1, Walltime: 19.847000 CPU time: 109.067746
2026-07-27 06:30:13,052 - Evaluate - INFO - ASR Module... Epoch: 1, RSS: 3.40 GB
2026-07-27 06:30:13,053 - Evaluate - INFO - ASR... Epoch: 1, Walltime: 19.187547 CPU time: 105.486960
2026-07-27 06:30:33,217 - Evaluate - INFO - ASR Module... Epoch: 1, RSS: 3.40 GB
2026-07-27 06:30:33,218 - Evaluate - INFO - ASR... Epoch: 1, Walltime: 20.160538 CPU time: 109.017031
2026-07-27 06:30:51,314 - Evaluate - INFO - ASR Module... Epoch: 1, RSS: 3.40 GB
2026-07-27 06:30:51,315 - Evaluate - INFO - ASR... Epoch: 1, Walltime: 18.092391 CPU time: 99.606565
2026-07-27 06:31:11,140 - Evaluate - INFO - ASR Module... Epoch: 1, RSS: 3.40 GB
2026-07-27 06:31:11,141 - Evaluate - INFO - ASR... Epoch: 1, Walltime: 19.821837 CPU time: 108.525638
2026-07-27 06:31:31,731 - Evaluate - INFO - ASR Module... Epoch: 1, RSS: 3.40 GB
2026-07-27 06:31:31,732 - Evaluate - INFO - ASR... Epoch: 1, Walltime: 20.584984 CPU time: 112.866094
2026-07-27 06:31:51,169 - Evaluate - INFO - ASR Module... Epoch: 1, RSS: 3.40 GB
2026-07-27 06:31:51,170 - Evaluate - INFO - ASR... Epoch: 1, Walltime: 19.433138 CPU time: 105.755730
2026-07-27 06:32:10,516 - Evaluate - INFO - ASR Module... Epoch: 1, RSS: 3.40 GB
2026-07-27 06:32:10,517 - Evaluate - INFO - ASR... Epoch: 1, Walltime: 19.343534 CPU time: 105.664415
2026-07-27 06:32:30,963 - Evaluate - INFO - ASR Module... Epoch: 1, RSS: 3.40 GB
2026-07-27 06:32:30,965 - Evaluate - INFO - ASR... Epoch: 1, Walltime: 20.443210 CPU time: 111.560548
2026-07-27 06:32:51,001 - Evaluate - INFO - ASR Module... Epoch: 1, RSS: 3.40 GB
2026-07-27 06:32:51,002 - Evaluate - INFO - ASR... Epoch: 1, Walltime: 20.031902 CPU time: 110.427103
2026-07-27 06:33:12,972 - Evaluate - INFO - ASR Module... Epoch: 1, RSS: 3.40 GB
2026-07-27 06:33:12,973 - Evaluate - INFO - ASR... Epoch: 1, Walltime: 21.966014 CPU time: 120.311540
2026-07-27 06:33:31,782 - Evaluate - INFO - ASR Module... Epoch: 1, RSS: 3.40 GB
2026-07-27 06:33:31,783 - Evaluate - INFO - ASR... Epoch: 1, Walltime: 18.804694 CPU time: 102.235389
2026-07-27 06:33:50,774 - Evaluate - INFO - ASR Module... Epoch: 1, RSS: 3.40 GB
2026-07-27 06:33:50,775 - Evaluate - INFO - ASR... Epoch: 1, Walltime: 18.987967 CPU time: 105.070741
2026-07-27 06:34:11,375 - Evaluate - INFO - ASR Module... Epoch: 1, RSS: 3.40 GB
2026-07-27 06:34:11,376 - Evaluate - INFO - ASR... Epoch: 1, Walltime: 20.596099 CPU time: 113.775484
2026-07-27 06:34:30,209 - Evaluate - INFO - ASR Module... Epoch: 1, RSS: 3.40 GB
2026-07-27 06:34:30,210 - Evaluate - INFO - ASR... Epoch: 1, Walltime: 18.829788 CPU time: 104.276182
2026-07-27 06:34:48,720 - Evaluate - INFO - ASR Module... Epoch: 1, RSS: 3.40 GB
2026-07-27 06:34:48,721 - Evaluate - INFO - ASR... Epoch: 1, Walltime: 18.506787 CPU time: 102.485606
2026-07-27 06:35:08,530 - Evaluate - INFO - ASR Module... Epoch: 1, RSS: 3.40 GB
2026-07-27 06:35:08,531 - Evaluate - INFO - ASR... Epoch: 1, Walltime: 19.806108 CPU time: 109.665977
2026-07-27 06:35:26,644 - Evaluate - INFO - ASR Module... Epoch: 1, RSS: 3.40 GB
2026-07-27 06:35:26,645 - Evaluate - INFO - ASR... Epoch: 1, Walltime: 18.110041 CPU time: 99.847700
2026-07-27 06:35:46,278 - Evaluate - INFO - ASR Module... Epoch: 1, RSS: 3.40 GB
2026-07-27 06:35:46,279 - Evaluate - INFO - ASR... Epoch: 1, Walltime: 19.629729 CPU time: 107.133382
2026-07-27 06:36:08,057 - Evaluate - INFO - ASR Module... Epoch: 1, RSS: 3.40 GB
2026-07-27 06:36:08,058 - Evaluate - INFO - ASR... Epoch: 1, Walltime: 21.773254 CPU time: 118.579807
2026-07-27 06:36:28,405 - Evaluate - INFO - ASR Module... Epoch: 1, RSS: 3.40 GB
2026-07-27 06:36:28,406 - Evaluate - INFO - ASR... Epoch: 1, Walltime: 20.343235 CPU time: 108.099969
2026-07-27 06:36:49,605 - Evaluate - INFO - ASR Module... Epoch: 1, RSS: 3.40 GB
2026-07-27 06:36:49,607 - Evaluate - INFO - ASR... Epoch: 1, Walltime: 21.194683 CPU time: 116.493221
2026-07-27 06:37:09,011 - Evaluate - INFO - ASR Module... Epoch: 1, RSS: 3.40 GB
2026-07-27 06:37:09,012 - Evaluate - INFO - ASR... Epoch: 1, Walltime: 19.400548 CPU time: 106.383848
2026-07-27 06:37:29,688 - Evaluate - INFO - ASR Module... Epoch: 1, RSS: 3.40 GB
2026-07-27 06:37:29,689 - Evaluate - INFO - ASR... Epoch: 1, Walltime: 20.671949 CPU time: 113.628634
2026-07-27 06:37:47,715 - Evaluate - INFO - ASR Module... Epoch: 1, RSS: 3.40 GB
2026-07-27 06:37:47,716 - Evaluate - INFO - ASR... Epoch: 1, Walltime: 18.022812 CPU time: 99.619471
2026-07-27 06:38:06,548 - Evaluate - INFO - ASR Module... Epoch: 1, RSS: 3.40 GB
2026-07-27 06:38:06,549 - Evaluate - INFO - ASR... Epoch: 1, Walltime: 18.828709 CPU time: 104.115448
2026-07-27 06:38:28,992 - Evaluate - INFO - ASR Module... Epoch: 1, RSS: 3.40 GB
2026-07-27 06:38:28,993 - Evaluate - INFO - ASR... Epoch: 1, Walltime: 22.438990 CPU time: 122.139362
2026-07-27 06:38:49,945 - Evaluate - INFO - ASR Module... Epoch: 1, RSS: 3.40 GB
2026-07-27 06:38:49,946 - Evaluate - INFO - ASR... Epoch: 1, Walltime: 20.947321 CPU time: 114.940018
2026-07-27 06:39:08,688 - Evaluate - INFO - ASR Module... Epoch: 1, RSS: 3.40 GB
2026-07-27 06:39:08,689 - Evaluate - INFO - ASR... Epoch: 1, Walltime: 18.739173 CPU time: 104.018134
2026-07-27 06:39:29,241 - Evaluate - INFO - ASR Module... Epoch: 1, RSS: 3.40 GB
2026-07-27 06:39:29,243 - Evaluate - INFO - ASR... Epoch: 1, Walltime: 20.547325 CPU time: 111.932724
2026-07-27 06:39:50,148 - Evaluate - INFO - ASR Module... Epoch: 1, RSS: 3.40 GB
2026-07-27 06:39:50,149 - Evaluate - INFO - ASR... Epoch: 1, Walltime: 20.901491 CPU time: 113.999209
2026-07-27 06:40:10,292 - Evaluate - INFO - ASR Module... Epoch: 1, RSS: 3.40 GB
2026-07-27 06:40:10,293 - Evaluate - INFO - ASR... Epoch: 1, Walltime: 20.139655 CPU time: 110.207287
2026-07-27 06:40:32,818 - Evaluate - INFO - ASR Module... Epoch: 1, RSS: 3.40 GB
2026-07-27 06:40:32,819 - Evaluate - INFO - ASR... Epoch: 1, Walltime: 22.521457 CPU time: 122.742741
2026-07-27 06:40:53,341 - Evaluate - INFO - ASR Module... Epoch: 1, RSS: 3.40 GB
2026-07-27 06:40:53,343 - Evaluate - INFO - ASR... Epoch: 1, Walltime: 20.517598 CPU time: 113.037677
2026-07-27 06:41:12,398 - Evaluate - INFO - ASR Module... Epoch: 1, RSS: 3.40 GB
2026-07-27 06:41:12,399 - Evaluate - INFO - ASR... Epoch: 1, Walltime: 19.052107 CPU time: 104.638230
2026-07-27 06:41:33,659 - Evaluate - INFO - ASR Module... Epoch: 1, RSS: 3.40 GB
2026-07-27 06:41:33,660 - Evaluate - INFO - ASR... Epoch: 1, Walltime: 21.256252 CPU time: 115.735798
2026-07-27 06:41:52,212 - Evaluate - INFO - ASR Module... Epoch: 1, RSS: 3.40 GB
2026-07-27 06:41:52,213 - Evaluate - INFO - ASR... Epoch: 1, Walltime: 18.548409 CPU time: 102.127052
2026-07-27 06:42:11,142 - Evaluate - INFO - ASR Module... Epoch: 1, RSS: 3.40 GB
2026-07-27 06:42:11,143 - Evaluate - INFO - ASR... Epoch: 1, Walltime: 18.926207 CPU time: 103.016134
2026-07-27 06:42:30,928 - Evaluate - INFO - ASR Module... Epoch: 1, RSS: 3.40 GB
2026-07-27 06:42:30,929 - Evaluate - INFO - ASR... Epoch: 1, Walltime: 19.782432 CPU time: 107.468879
2026-07-27 06:42:51,796 - Evaluate - INFO - ASR Module... Epoch: 1, RSS: 3.40 GB
2026-07-27 06:42:51,797 - Evaluate - INFO - ASR... Epoch: 1, Walltime: 20.862970 CPU time: 114.388272
2026-07-27 06:43:10,512 - Evaluate - INFO - ASR Module... Epoch: 1, RSS: 3.40 GB
2026-07-27 06:43:10,513 - Evaluate - INFO - ASR... Epoch: 1, Walltime: 18.711609 CPU time: 103.403668
2026-07-27 06:43:30,376 - Evaluate - INFO - ASR Module... Epoch: 1, RSS: 3.40 GB
2026-07-27 06:43:30,377 - Evaluate - INFO - ASR... Epoch: 1, Walltime: 19.858727 CPU time: 109.080035
2026-07-27 06:43:48,364 - Evaluate - INFO - ASR Module... Epoch: 1, RSS: 3.40 GB
2026-07-27 06:43:48,365 - Evaluate - INFO - ASR... Epoch: 1, Walltime: 17.983963 CPU time: 99.429323
2026-07-27 06:44:06,428 - Evaluate - INFO - ASR Module... Epoch: 1, RSS: 3.40 GB
2026-07-27 06:44:06,429 - Evaluate - INFO - ASR... Epoch: 1, Walltime: 18.060258 CPU time: 100.179460
2026-07-27 06:44:24,513 - Evaluate - INFO - ASR Module... Epoch: 1, RSS: 3.40 GB
2026-07-27 06:44:24,514 - Evaluate - INFO - ASR... Epoch: 1, Walltime: 18.081133 CPU time: 100.395785
2026-07-27 06:44:43,596 - Evaluate - INFO - ASR Module... Epoch: 1, RSS: 3.40 GB
2026-07-27 06:44:43,597 - Evaluate - INFO - ASR... Epoch: 1, Walltime: 19.079466 CPU time: 104.667595
2026-07-27 06:45:02,188 - Evaluate - INFO - ASR Module... Epoch: 1, RSS: 3.40 GB
2026-07-27 06:45:02,190 - Evaluate - INFO - ASR... Epoch: 1, Walltime: 18.587976 CPU time: 102.829123
2026-07-27 06:45:21,530 - Evaluate - INFO - ASR Module... Epoch: 1, RSS: 3.40 GB
2026-07-27 06:45:21,531 - Evaluate - INFO - ASR... Epoch: 1, Walltime: 19.337227 CPU time: 106.292153
2026-07-27 06:45:41,797 - Evaluate - INFO - ASR Module... Epoch: 1, RSS: 3.40 GB
2026-07-27 06:45:41,798 - Evaluate - INFO - ASR... Epoch: 1, Walltime: 20.262397 CPU time: 111.333213
2026-07-27 06:45:59,842 - Evaluate - INFO - ASR Module... Epoch: 1, RSS: 3.40 GB
2026-07-27 06:45:59,844 - Evaluate - INFO - ASR... Epoch: 1, Walltime: 18.042083 CPU time: 100.151776
2026-07-27 06:46:18,062 - Evaluate - INFO - ASR Module... Epoch: 1, RSS: 3.40 GB
2026-07-27 06:46:18,063 - Evaluate - INFO - ASR... Epoch: 1, Walltime: 18.214745 CPU time: 101.075753
2026-07-27 06:46:38,571 - Evaluate - INFO - ASR Module... Epoch: 1, RSS: 3.40 GB
2026-07-27 06:46:38,572 - Evaluate - INFO - ASR... Epoch: 1, Walltime: 20.505189 CPU time: 112.718248
2026-07-27 06:46:58,048 - Evaluate - INFO - ASR Module... Epoch: 1, RSS: 3.40 GB
2026-07-27 06:46:58,050 - Evaluate - INFO - ASR... Epoch: 1, Walltime: 19.473328 CPU time: 107.366790
2026-07-27 06:47:18,290 - Evaluate - INFO - ASR Module... Epoch: 1, RSS: 3.40 GB
2026-07-27 06:47:18,291 - Evaluate - INFO - ASR... Epoch: 1, Walltime: 20.236290 CPU time: 110.599707
2026-07-27 06:47:38,276 - Evaluate - INFO - ASR Module... Epoch: 1, RSS: 3.40 GB
2026-07-27 06:47:38,277 - Evaluate - INFO - ASR... Epoch: 1, Walltime: 19.981803 CPU time: 109.894162
2026-07-27 06:47:56,917 - Evaluate - INFO - ASR Module... Epoch: 1, RSS: 3.40 GB
2026-07-27 06:47:56,918 - Evaluate - INFO - ASR... Epoch: 1, Walltime: 18.637908 CPU time: 103.360606
2026-07-27 06:48:15,860 - Evaluate - INFO - ASR Module... Epoch: 1, RSS: 3.40 GB
2026-07-27 06:48:15,861 - Evaluate - INFO - ASR... Epoch: 1, Walltime: 18.938630 CPU time: 105.203780
2026-07-27 06:48:33,848 - Evaluate - INFO - ASR Module... Epoch: 1, RSS: 3.40 GB
2026-07-27 06:48:33,849 - Evaluate - INFO - ASR... Epoch: 1, Walltime: 17.984341 CPU time: 100.062126
2026-07-27 06:48:52,866 - Evaluate - INFO - ASR Module... Epoch: 1, RSS: 3.40 GB
2026-07-27 06:48:52,867 - Evaluate - INFO - ASR... Epoch: 1, Walltime: 19.014205 CPU time: 104.582420
2026-07-27 06:49:13,027 - Evaluate - INFO - ASR Module... Epoch: 1, RSS: 3.40 GB
2026-07-27 06:49:13,028 - Evaluate - INFO - ASR... Epoch: 1, Walltime: 20.157498 CPU time: 109.941884
2026-07-27 06:49:32,090 - Evaluate - INFO - ASR Module... Epoch: 1, RSS: 3.40 GB
2026-07-27 06:49:32,091 - Evaluate - INFO - ASR... Epoch: 1, Walltime: 19.058564 CPU time: 105.356959
2026-07-27 06:49:54,284 - Evaluate - INFO - ASR Module... Epoch: 1, RSS: 3.40 GB
2026-07-27 06:49:54,285 - Evaluate - INFO - ASR... Epoch: 1, Walltime: 22.188612 CPU time: 121.341958
2026-07-27 06:50:13,877 - Evaluate - INFO - ASR Module... Epoch: 1, RSS: 3.40 GB
2026-07-27 06:50:13,878 - Evaluate - INFO - ASR... Epoch: 1, Walltime: 19.589135 CPU time: 107.895933
2026-07-27 06:50:32,747 - Evaluate - INFO - ASR Module... Epoch: 1, RSS: 3.40 GB
2026-07-27 06:50:32,748 - Evaluate - INFO - ASR... Epoch: 1, Walltime: 18.864981 CPU time: 102.641797
2026-07-27 06:50:51,290 - Evaluate - INFO - ASR Module... Epoch: 1, RSS: 3.40 GB
2026-07-27 06:50:51,291 - Evaluate - INFO - ASR... Epoch: 1, Walltime: 18.539482 CPU time: 102.565018
2026-07-27 06:51:10,033 - Evaluate - INFO - ASR Module... Epoch: 1, RSS: 3.40 GB
2026-07-27 06:51:10,034 - Evaluate - INFO - ASR... Epoch: 1, Walltime: 18.738757 CPU time: 103.617947
2026-07-27 06:51:27,894 - Evaluate - INFO - ASR Module... Epoch: 1, RSS: 3.40 GB
2026-07-27 06:51:27,896 - Evaluate - INFO - ASR... Epoch: 1, Walltime: 17.858258 CPU time: 99.254324
2026-07-27 06:51:47,049 - Evaluate - INFO - ASR Module... Epoch: 1, RSS: 3.40 GB
2026-07-27 06:51:47,050 - Evaluate - INFO - ASR... Epoch: 1, Walltime: 19.150040 CPU time: 106.166084
2026-07-27 06:52:06,378 - Evaluate - INFO - ASR Module... Epoch: 1, RSS: 3.40 GB
2026-07-27 06:52:06,379 - Evaluate - INFO - ASR... Epoch: 1, Walltime: 19.325685 CPU time: 107.052726
2026-07-27 06:52:25,746 - Evaluate - INFO - ASR Module... Epoch: 1, RSS: 3.40 GB
2026-07-27 06:52:25,748 - Evaluate - INFO - ASR... Epoch: 1, Walltime: 19.364161 CPU time: 106.505579
2026-07-27 06:52:44,420 - Evaluate - INFO - ASR Module... Epoch: 1, RSS: 3.40 GB
2026-07-27 06:52:44,421 - Evaluate - INFO - ASR... Epoch: 1, Walltime: 18.669357 CPU time: 102.997799
2026-07-27 06:53:04,242 - Evaluate - INFO - ASR Module... Epoch: 1, RSS: 3.40 GB
2026-07-27 06:53:04,243 - Evaluate - INFO - ASR... Epoch: 1, Walltime: 19.817692 CPU time: 108.442215
2026-07-27 06:53:22,839 - Evaluate - INFO - ASR Module... Epoch: 1, RSS: 3.40 GB
2026-07-27 06:53:22,840 - Evaluate - INFO - ASR... Epoch: 1, Walltime: 18.593120 CPU time: 102.775642
2026-07-27 06:53:43,614 - Evaluate - INFO - ASR Module... Epoch: 1, RSS: 3.40 GB
2026-07-27 06:53:43,615 - Evaluate - INFO - ASR... Epoch: 1, Walltime: 20.769986 CPU time: 113.237027
2026-07-27 06:54:01,556 - Evaluate - INFO - ASR Module... Epoch: 1, RSS: 3.40 GB
2026-07-27 06:54:01,557 - Evaluate - INFO - ASR... Epoch: 1, Walltime: 17.938731 CPU time: 100.005142
2026-07-27 06:54:20,728 - Evaluate - INFO - ASR Module... Epoch: 1, RSS: 3.40 GB
2026-07-27 06:54:20,729 - Evaluate - INFO - ASR... Epoch: 1, Walltime: 19.167866 CPU time: 106.270514
2026-07-27 06:54:40,125 - Evaluate - INFO - ASR Module... Epoch: 1, RSS: 3.40 GB
2026-07-27 06:54:40,126 - Evaluate - INFO - ASR... Epoch: 1, Walltime: 19.393193 CPU time: 107.189794
2026-07-27 06:54:59,466 - Evaluate - INFO - ASR Module... Epoch: 1, RSS: 3.40 GB
2026-07-27 06:54:59,467 - Evaluate - INFO - ASR... Epoch: 1, Walltime: 19.336105 CPU time: 106.822637
2026-07-27 06:55:18,624 - Evaluate - INFO - ASR Module... Epoch: 1, RSS: 3.40 GB
2026-07-27 06:55:18,625 - Evaluate - INFO - ASR... Epoch: 1, Walltime: 19.154211 CPU time: 105.886453
2026-07-27 06:55:36,693 - Evaluate - INFO - ASR Module... Epoch: 1, RSS: 3.40 GB
2026-07-27 06:55:36,694 - Evaluate - INFO - ASR... Epoch: 1, Walltime: 18.065580 CPU time: 100.374635
2026-07-27 06:55:55,776 - Evaluate - INFO - ASR Module... Epoch: 1, RSS: 3.40 GB
2026-07-27 06:55:55,777 - Evaluate - INFO - ASR... Epoch: 1, Walltime: 19.078765 CPU time: 105.723573
2026-07-27 06:56:15,368 - Evaluate - INFO - ASR Module... Epoch: 1, RSS: 3.40 GB
2026-07-27 06:56:15,369 - Evaluate - INFO - ASR... Epoch: 1, Walltime: 19.587435 CPU time: 108.158977
2026-07-27 06:56:34,618 - Evaluate - INFO - ASR Module... Epoch: 1, RSS: 3.40 GB
2026-07-27 06:56:34,619 - Evaluate - INFO - ASR... Epoch: 1, Walltime: 19.245753 CPU time: 106.356647
2026-07-27 06:56:56,501 - Evaluate - INFO - ASR Module... Epoch: 1, RSS: 3.40 GB
2026-07-27 06:56:56,502 - Evaluate - INFO - ASR... Epoch: 1, Walltime: 21.878053 CPU time: 120.106615
2026-07-27 06:57:15,880 - Evaluate - INFO - ASR Module... Epoch: 1, RSS: 3.40 GB
2026-07-27 06:57:15,881 - Evaluate - INFO - ASR... Epoch: 1, Walltime: 19.374000 CPU time: 106.940845
2026-07-27 06:57:35,772 - Evaluate - INFO - ASR Module... Epoch: 1, RSS: 3.40 GB
2026-07-27 06:57:35,773 - Evaluate - INFO - ASR... Epoch: 1, Walltime: 19.888288 CPU time: 109.759969
2026-07-27 06:57:55,403 - Evaluate - INFO - ASR Module... Epoch: 1, RSS: 3.40 GB
2026-07-27 06:57:55,404 - Evaluate - INFO - ASR... Epoch: 1, Walltime: 19.625976 CPU time: 107.164456
2026-07-27 06:58:15,196 - Evaluate - INFO - ASR Module... Epoch: 1, RSS: 3.40 GB
2026-07-27 06:58:15,198 - Evaluate - INFO - ASR... Epoch: 1, Walltime: 19.788872 CPU time: 107.991456
2026-07-27 06:58:34,746 - Evaluate - INFO - ASR Module... Epoch: 1, RSS: 3.40 GB
2026-07-27 06:58:34,748 - Evaluate - INFO - ASR... Epoch: 1, Walltime: 19.546034 CPU time: 107.380141
2026-07-27 06:58:53,624 - Evaluate - INFO - ASR Module... Epoch: 1, RSS: 3.40 GB
2026-07-27 06:58:53,625 - Evaluate - INFO - ASR... Epoch: 1, Walltime: 18.872712 CPU time: 102.622910
2026-07-27 06:59:13,617 - Evaluate - INFO - ASR Module... Epoch: 1, RSS: 3.40 GB
2026-07-27 06:59:13,619 - Evaluate - INFO - ASR... Epoch: 1, Walltime: 19.989206 CPU time: 110.336371
2026-07-27 06:59:32,467 - Evaluate - INFO - ASR Module... Epoch: 1, RSS: 3.40 GB
2026-07-27 06:59:32,468 - Evaluate - INFO - ASR... Epoch: 1, Walltime: 18.845318 CPU time: 104.644444
2026-07-27 06:59:51,415 - Evaluate - INFO - ASR Module... Epoch: 1, RSS: 3.40 GB
2026-07-27 06:59:51,416 - Evaluate - INFO - ASR... Epoch: 1, Walltime: 18.943720 CPU time: 105.012516
2026-07-27 07:00:11,658 - Evaluate - INFO - ASR Module... Epoch: 1, RSS: 3.40 GB
2026-07-27 07:00:11,659 - Evaluate - INFO - ASR... Epoch: 1, Walltime: 20.237749 CPU time: 111.387362
2026-07-27 07:00:29,837 - Evaluate - INFO - ASR Module... Epoch: 1, RSS: 3.40 GB
2026-07-27 07:00:29,838 - Evaluate - INFO - ASR... Epoch: 1, Walltime: 18.175149 CPU time: 101.025517
2026-07-27 07:00:50,592 - Evaluate - INFO - ASR Module... Epoch: 1, RSS: 3.40 GB
2026-07-27 07:00:50,593 - Evaluate - INFO - ASR... Epoch: 1, Walltime: 20.750527 CPU time: 113.754308
2026-07-27 07:01:09,185 - Evaluate - INFO - ASR Module... Epoch: 1, RSS: 3.40 GB
2026-07-27 07:01:09,186 - Evaluate - INFO - ASR... Epoch: 1, Walltime: 18.588828 CPU time: 102.364173
2026-07-27 07:01:27,902 - Evaluate - INFO - ASR Module... Epoch: 1, RSS: 3.40 GB
2026-07-27 07:01:27,903 - Evaluate - INFO - ASR... Epoch: 1, Walltime: 18.712987 CPU time: 102.832561
2026-07-27 07:01:46,927 - Evaluate - INFO - ASR Module... Epoch: 1, RSS: 3.40 GB
2026-07-27 07:01:46,928 - Evaluate - INFO - ASR... Epoch: 1, Walltime: 19.020053 CPU time: 103.872889
2026-07-27 07:02:08,811 - Evaluate - INFO - ASR Module... Epoch: 1, RSS: 3.40 GB
2026-07-27 07:02:08,812 - Evaluate - INFO - ASR... Epoch: 1, Walltime: 21.879948 CPU time: 119.207762
2026-07-27 07:02:28,234 - Evaluate - INFO - ASR Module... Epoch: 1, RSS: 3.40 GB
2026-07-27 07:02:28,235 - Evaluate - INFO - ASR... Epoch: 1, Walltime: 19.419187 CPU time: 107.529983
2026-07-27 07:02:46,383 - Evaluate - INFO - ASR Module... Epoch: 1, RSS: 3.40 GB
2026-07-27 07:02:46,384 - Evaluate - INFO - ASR... Epoch: 1, Walltime: 18.144891 CPU time: 100.911556
2026-07-27 07:03:05,659 - Evaluate - INFO - ASR Module... Epoch: 1, RSS: 3.40 GB
2026-07-27 07:03:05,660 - Evaluate - INFO - ASR... Epoch: 1, Walltime: 19.272197 CPU time: 105.900936
2026-07-27 07:03:24,719 - Evaluate - INFO - ASR Module... Epoch: 1, RSS: 3.40 GB
2026-07-27 07:03:24,721 - Evaluate - INFO - ASR... Epoch: 1, Walltime: 19.056485 CPU time: 103.851710
2026-07-27 07:03:43,635 - Evaluate - INFO - ASR Module... Epoch: 1, RSS: 3.40 GB
2026-07-27 07:03:43,636 - Evaluate - INFO - ASR... Epoch: 1, Walltime: 18.910718 CPU time: 102.826531
2026-07-27 07:04:02,913 - Evaluate - INFO - ASR Module... Epoch: 1, RSS: 3.40 GB
2026-07-27 07:04:02,914 - Evaluate - INFO - ASR... Epoch: 1, Walltime: 19.274574 CPU time: 105.929428
2026-07-27 07:04:22,480 - Evaluate - INFO - ASR Module... Epoch: 1, RSS: 3.40 GB
2026-07-27 07:04:22,481 - Evaluate - INFO - ASR... Epoch: 1, Walltime: 19.563269 CPU time: 107.421164
2026-07-27 07:04:41,546 - Evaluate - INFO - ASR Module... Epoch: 1, RSS: 3.40 GB
2026-07-27 07:04:41,547 - Evaluate - INFO - ASR... Epoch: 1, Walltime: 19.061026 CPU time: 105.534463
2026-07-27 07:05:02,201 - Evaluate - INFO - ASR Module... Epoch: 1, RSS: 3.40 GB
2026-07-27 07:05:02,202 - Evaluate - INFO - ASR... Epoch: 1, Walltime: 20.650624 CPU time: 112.943767
2026-07-27 07:05:21,871 - Evaluate - INFO - ASR Module... Epoch: 1, RSS: 3.40 GB
2026-07-27 07:05:21,873 - Evaluate - INFO - ASR... Epoch: 1, Walltime: 19.665827 CPU time: 107.652213
2026-07-27 07:05:40,471 - Evaluate - INFO - ASR Module... Epoch: 1, RSS: 3.40 GB
2026-07-27 07:05:40,472 - Evaluate - INFO - ASR... Epoch: 1, Walltime: 18.595473 CPU time: 103.045063
2026-07-27 07:05:58,719 - Evaluate - INFO - ASR Module... Epoch: 1, RSS: 3.40 GB
2026-07-27 07:05:58,720 - Evaluate - INFO - ASR... Epoch: 1, Walltime: 18.244443 CPU time: 101.316376
2026-07-27 07:06:18,242 - Evaluate - INFO - ASR Module... Epoch: 1, RSS: 3.40 GB
2026-07-27 07:06:18,244 - Evaluate - INFO - ASR... Epoch: 1, Walltime: 19.519347 CPU time: 107.680758
2026-07-27 07:06:36,628 - Evaluate - INFO - ASR Module... Epoch: 1, RSS: 3.40 GB
2026-07-27 07:06:36,629 - Evaluate - INFO - ASR... Epoch: 1, Walltime: 18.381821 CPU time: 100.812321
2026-07-27 07:06:54,806 - Evaluate - INFO - ASR Module... Epoch: 1, RSS: 3.40 GB
2026-07-27 07:06:54,808 - Evaluate - INFO - ASR... Epoch: 1, Walltime: 18.175128 CPU time: 100.701434
2026-07-27 07:07:12,733 - Evaluate - INFO - ASR Module... Epoch: 1, RSS: 3.40 GB
2026-07-27 07:07:12,734 - Evaluate - INFO - ASR... Epoch: 1, Walltime: 17.923085 CPU time: 99.670008
2026-07-27 07:07:31,700 - Evaluate - INFO - ASR Module... Epoch: 1, RSS: 3.40 GB
2026-07-27 07:07:31,701 - Evaluate - INFO - ASR... Epoch: 1, Walltime: 18.963340 CPU time: 104.150256
2026-07-27 07:07:50,639 - Evaluate - INFO - ASR Module... Epoch: 1, RSS: 3.40 GB
2026-07-27 07:07:50,641 - Evaluate - INFO - ASR... Epoch: 1, Walltime: 18.935829 CPU time: 104.414710
2026-07-27 07:08:09,417 - Evaluate - INFO - ASR Module... Epoch: 1, RSS: 3.40 GB
2026-07-27 07:08:09,418 - Evaluate - INFO - ASR... Epoch: 1, Walltime: 18.773594 CPU time: 103.324670
2026-07-27 07:08:29,187 - Evaluate - INFO - ASR Module... Epoch: 1, RSS: 3.40 GB
2026-07-27 07:08:29,188 - Evaluate - INFO - ASR... Epoch: 1, Walltime: 19.766118 CPU time: 108.806748
2026-07-27 07:08:48,299 - Evaluate - INFO - ASR Module... Epoch: 1, RSS: 3.40 GB
2026-07-27 07:08:48,300 - Evaluate - INFO - ASR... Epoch: 1, Walltime: 19.107858 CPU time: 105.483009
2026-07-27 07:09:06,839 - Evaluate - INFO - ASR Module... Epoch: 1, RSS: 3.40 GB
2026-07-27 07:09:06,841 - Evaluate - INFO - ASR... Epoch: 1, Walltime: 18.535927 CPU time: 102.417590
2026-07-27 07:09:25,346 - Evaluate - INFO - ASR Module... Epoch: 1, RSS: 3.40 GB
2026-07-27 07:09:25,347 - Evaluate - INFO - ASR... Epoch: 1, Walltime: 18.502684 CPU time: 102.238912
2026-07-27 07:09:43,925 - Evaluate - INFO - ASR Module... Epoch: 1, RSS: 3.40 GB
2026-07-27 07:09:43,927 - Evaluate - INFO - ASR... Epoch: 1, Walltime: 18.575740 CPU time: 101.837371
2026-07-27 07:10:03,065 - Evaluate - INFO - ASR Module... Epoch: 1, RSS: 3.40 GB
2026-07-27 07:10:03,066 - Evaluate - INFO - ASR... Epoch: 1, Walltime: 19.134676 CPU time: 104.740229
2026-07-27 07:10:21,887 - Evaluate - INFO - ASR Module... Epoch: 1, RSS: 3.40 GB
2026-07-27 07:10:21,888 - Evaluate - INFO - ASR... Epoch: 1, Walltime: 18.818896 CPU time: 104.169602
2026-07-27 07:10:41,367 - Evaluate - INFO - ASR Module... Epoch: 1, RSS: 3.40 GB
2026-07-27 07:10:41,369 - Evaluate - INFO - ASR... Epoch: 1, Walltime: 19.476196 CPU time: 106.779654
2026-07-27 07:11:01,386 - Evaluate - INFO - ASR Module... Epoch: 1, RSS: 3.40 GB
2026-07-27 07:11:01,387 - Evaluate - INFO - ASR... Epoch: 1, Walltime: 20.014535 CPU time: 109.017682
2026-07-27 07:11:19,732 - Evaluate - INFO - ASR Module... Epoch: 1, RSS: 3.40 GB
2026-07-27 07:11:19,733 - Evaluate - INFO - ASR... Epoch: 1, Walltime: 18.342369 CPU time: 99.028563
2026-07-27 07:11:37,910 - Evaluate - INFO - ASR Module... Epoch: 1, RSS: 3.40 GB
2026-07-27 07:11:37,911 - Evaluate - INFO - ASR... Epoch: 1, Walltime: 18.175032 CPU time: 100.457679
2026-07-27 07:11:56,216 - Evaluate - INFO - ASR Module... Epoch: 1, RSS: 3.40 GB
2026-07-27 07:11:56,217 - Evaluate - INFO - ASR... Epoch: 1, Walltime: 18.302135 CPU time: 101.582443
2026-07-27 07:12:14,607 - Evaluate - INFO - ASR Module... Epoch: 1, RSS: 3.40 GB
2026-07-27 07:12:14,608 - Evaluate - INFO - ASR... Epoch: 1, Walltime: 18.386738 CPU time: 101.556304
2026-07-27 07:12:32,348 - Evaluate - INFO - ASR Module... Epoch: 1, RSS: 3.40 GB
2026-07-27 07:12:32,349 - Evaluate - INFO - ASR... Epoch: 1, Walltime: 17.738482 CPU time: 98.737642
2026-07-27 07:12:50,324 - Evaluate - INFO - ASR Module... Epoch: 1, RSS: 3.40 GB
2026-07-27 07:12:50,325 - Evaluate - INFO - ASR... Epoch: 1, Walltime: 17.972964 CPU time: 99.287663
2026-07-27 07:13:08,670 - Evaluate - INFO - ASR Module... Epoch: 1, RSS: 3.40 GB
2026-07-27 07:13:08,671 - Evaluate - INFO - ASR... Epoch: 1, Walltime: 18.341707 CPU time: 101.656661
2026-07-27 07:13:27,437 - Evaluate - INFO - ASR Module... Epoch: 1, RSS: 3.40 GB
2026-07-27 07:13:27,438 - Evaluate - INFO - ASR... Epoch: 1, Walltime: 18.763342 CPU time: 103.587289
2026-07-27 07:13:46,528 - Evaluate - INFO - ASR Module... Epoch: 1, RSS: 3.40 GB
2026-07-27 07:13:46,529 - Evaluate - INFO - ASR... Epoch: 1, Walltime: 19.086682 CPU time: 104.665636
2026-07-27 07:14:04,820 - Evaluate - INFO - ASR Module... Epoch: 1, RSS: 3.40 GB
2026-07-27 07:14:04,821 - Evaluate - INFO - ASR... Epoch: 1, Walltime: 18.288355 CPU time: 101.781862
2026-07-27 07:14:24,287 - Evaluate - INFO - ASR Module... Epoch: 1, RSS: 3.40 GB
2026-07-27 07:14:24,288 - Evaluate - INFO - ASR... Epoch: 1, Walltime: 19.462502 CPU time: 107.405688
2026-07-27 07:14:42,545 - Evaluate - INFO - ASR Module... Epoch: 1, RSS: 3.40 GB
2026-07-27 07:14:42,546 - Evaluate - INFO - ASR... Epoch: 1, Walltime: 18.254416 CPU time: 100.545984
2026-07-27 07:15:00,174 - Evaluate - INFO - ASR Module... Epoch: 1, RSS: 3.40 GB
2026-07-27 07:15:00,175 - Evaluate - INFO - ASR... Epoch: 1, Walltime: 17.624808 CPU time: 97.376487
2026-07-27 07:15:18,788 - Evaluate - INFO - ASR Module... Epoch: 1, RSS: 3.40 GB
2026-07-27 07:15:18,789 - Evaluate - INFO - ASR... Epoch: 1, Walltime: 18.610496 CPU time: 103.298083
2026-07-27 07:15:37,602 - Evaluate - INFO - ASR Module... Epoch: 1, RSS: 3.40 GB
2026-07-27 07:15:37,603 - Evaluate - INFO - ASR... Epoch: 1, Walltime: 18.810531 CPU time: 103.077941
2026-07-27 07:15:56,659 - Evaluate - INFO - ASR Module... Epoch: 1, RSS: 3.40 GB
2026-07-27 07:15:56,660 - Evaluate - INFO - ASR... Epoch: 1, Walltime: 19.052751 CPU time: 105.028391
2026-07-27 07:16:14,994 - Evaluate - INFO - ASR Module... Epoch: 1, RSS: 3.40 GB
2026-07-27 07:16:14,996 - Evaluate - INFO - ASR... Epoch: 1, Walltime: 18.332030 CPU time: 101.851094
2026-07-27 07:16:33,676 - Evaluate - INFO - ASR Module... Epoch: 1, RSS: 3.40 GB
2026-07-27 07:16:33,678 - Evaluate - INFO - ASR... Epoch: 1, Walltime: 18.678375 CPU time: 102.697670
2026-07-27 07:16:54,113 - Evaluate - INFO - ASR Module... Epoch: 1, RSS: 3.40 GB
2026-07-27 07:16:54,114 - Evaluate - INFO - ASR... Epoch: 1, Walltime: 20.432930 CPU time: 100.784614
2026-07-27 07:17:12,960 - Evaluate - INFO - ASR Module... Epoch: 1, RSS: 3.40 GB
2026-07-27 07:17:12,961 - Evaluate - INFO - ASR... Epoch: 1, Walltime: 18.842666 CPU time: 104.927165
2026-07-27 07:17:31,138 - Evaluate - INFO - ASR Module... Epoch: 1, RSS: 3.40 GB
2026-07-27 07:17:31,139 - Evaluate - INFO - ASR... Epoch: 1, Walltime: 18.174527 CPU time: 100.759330
2026-07-27 07:17:50,621 - Evaluate - INFO - ASR Module... Epoch: 1, RSS: 3.40 GB
2026-07-27 07:17:50,622 - Evaluate - INFO - ASR... Epoch: 1, Walltime: 19.479537 CPU time: 104.434621
2026-07-27 07:18:09,314 - Evaluate - INFO - ASR Module... Epoch: 1, RSS: 3.40 GB
2026-07-27 07:18:09,315 - Evaluate - INFO - ASR... Epoch: 1, Walltime: 18.688693 CPU time: 103.504397
2026-07-27 07:18:28,108 - Evaluate - INFO - ASR Module... Epoch: 1, RSS: 3.40 GB
2026-07-27 07:18:28,109 - Evaluate - INFO - ASR... Epoch: 1, Walltime: 18.790369 CPU time: 103.737307
2026-07-27 07:18:46,680 - Evaluate - INFO - ASR Module... Epoch: 1, RSS: 3.40 GB
2026-07-27 07:18:46,681 - Evaluate - INFO - ASR... Epoch: 1, Walltime: 18.567996 CPU time: 100.979105
2026-07-27 07:19:06,437 - Evaluate - INFO - ASR Module... Epoch: 1, RSS: 3.40 GB
2026-07-27 07:19:06,438 - Evaluate - INFO - ASR... Epoch: 1, Walltime: 19.752488 CPU time: 105.025685
2026-07-27 07:19:26,851 - Evaluate - INFO - ASR Module... Epoch: 1, RSS: 3.40 GB
2026-07-27 07:19:26,852 - Evaluate - INFO - ASR... Epoch: 1, Walltime: 20.409677 CPU time: 112.101475
2026-07-27 07:19:45,609 - Evaluate - INFO - ASR Module... Epoch: 1, RSS: 3.40 GB
2026-07-27 07:19:45,610 - Evaluate - INFO - ASR... Epoch: 1, Walltime: 18.753905 CPU time: 102.787045
2026-07-27 07:20:05,350 - Evaluate - INFO - ASR Module... Epoch: 1, RSS: 3.40 GB
2026-07-27 07:20:05,351 - Evaluate - INFO - ASR... Epoch: 1, Walltime: 19.737107 CPU time: 109.415254
2026-07-27 07:20:23,688 - Evaluate - INFO - ASR Module... Epoch: 1, RSS: 3.40 GB
2026-07-27 07:20:23,689 - Evaluate - INFO - ASR... Epoch: 1, Walltime: 18.334063 CPU time: 101.634162
2026-07-27 07:20:42,960 - Evaluate - INFO - ASR Module... Epoch: 1, RSS: 3.40 GB
2026-07-27 07:20:42,960 - Evaluate - INFO - ASR... Epoch: 1, Walltime: 19.268083 CPU time: 106.473800
2026-07-27 07:21:01,147 - Evaluate - INFO - ASR Module... Epoch: 1, RSS: 3.40 GB
2026-07-27 07:21:01,148 - Evaluate - INFO - ASR... Epoch: 1, Walltime: 18.183723 CPU time: 101.238182
2026-07-27 07:21:20,269 - Evaluate - INFO - ASR Module... Epoch: 1, RSS: 3.40 GB
2026-07-27 07:21:20,270 - Evaluate - INFO - ASR... Epoch: 1, Walltime: 19.118009 CPU time: 104.299622
2026-07-27 07:21:39,658 - Evaluate - INFO - ASR Module... Epoch: 1, RSS: 3.40 GB
2026-07-27 07:21:39,659 - Evaluate - INFO - ASR... Epoch: 1, Walltime: 19.384786 CPU time: 107.039486
2026-07-27 07:21:59,391 - Evaluate - INFO - ASR Module... Epoch: 1, RSS: 3.40 GB
2026-07-27 07:21:59,392 - Evaluate - INFO - ASR... Epoch: 1, Walltime: 19.729485 CPU time: 107.837678
2026-07-27 07:22:18,032 - Evaluate - INFO - ASR Module... Epoch: 1, RSS: 3.40 GB
2026-07-27 07:22:18,033 - Evaluate - INFO - ASR... Epoch: 1, Walltime: 18.636804 CPU time: 102.639657
2026-07-27 07:22:38,371 - Evaluate - INFO - ASR Module... Epoch: 1, RSS: 3.40 GB
2026-07-27 07:22:38,372 - Evaluate - INFO - ASR... Epoch: 1, Walltime: 20.335081 CPU time: 111.283545
2026-07-27 07:22:57,219 - Evaluate - INFO - ASR Module... Epoch: 1, RSS: 3.40 GB
2026-07-27 07:22:57,221 - Evaluate - INFO - ASR... Epoch: 1, Walltime: 18.844133 CPU time: 103.099136
2026-07-27 07:23:15,218 - Evaluate - INFO - ASR Module... Epoch: 1, RSS: 3.40 GB
2026-07-27 07:23:15,219 - Evaluate - INFO - ASR... Epoch: 1, Walltime: 17.994856 CPU time: 99.556591
2026-07-27 07:23:33,439 - Evaluate - INFO - ASR Module... Epoch: 1, RSS: 3.40 GB
2026-07-27 07:23:33,440 - Evaluate - INFO - ASR... Epoch: 1, Walltime: 18.216765 CPU time: 100.080738
2026-07-27 07:23:52,178 - Evaluate - INFO - ASR Module... Epoch: 1, RSS: 3.40 GB
2026-07-27 07:23:52,179 - Evaluate - INFO - ASR... Epoch: 1, Walltime: 18.735429 CPU time: 103.110200
2026-07-27 07:24:11,204 - Evaluate - INFO - ASR Module... Epoch: 1, RSS: 3.40 GB
2026-07-27 07:24:11,206 - Evaluate - INFO - ASR... Epoch: 1, Walltime: 19.023307 CPU time: 104.972476
2026-07-27 07:24:29,640 - Evaluate - INFO - ASR Module... Epoch: 1, RSS: 3.40 GB
2026-07-27 07:24:29,641 - Evaluate - INFO - ASR... Epoch: 1, Walltime: 18.431488 CPU time: 102.508347
2026-07-27 07:24:47,458 - Evaluate - INFO - ASR Module... Epoch: 1, RSS: 3.40 GB
2026-07-27 07:24:47,459 - Evaluate - INFO - ASR... Epoch: 1, Walltime: 17.814050 CPU time: 99.078488
2026-07-27 07:25:05,859 - Evaluate - INFO - ASR Module... Epoch: 1, RSS: 3.40 GB
2026-07-27 07:25:05,860 - Evaluate - INFO - ASR... Epoch: 1, Walltime: 18.397561 CPU time: 101.921955
2026-07-27 07:25:24,929 - Evaluate - INFO - ASR Module... Epoch: 1, RSS: 3.40 GB
2026-07-27 07:25:24,930 - Evaluate - INFO - ASR... Epoch: 1, Walltime: 19.065778 CPU time: 104.280693
2026-07-27 07:25:43,738 - Evaluate - INFO - ASR Module... Epoch: 1, RSS: 3.40 GB
2026-07-27 07:25:43,739 - Evaluate - INFO - ASR... Epoch: 1, Walltime: 18.804982 CPU time: 103.686681
2026-07-27 07:26:03,167 - Evaluate - INFO - ASR Module... Epoch: 1, RSS: 3.40 GB
2026-07-27 07:26:03,168 - Evaluate - INFO - ASR... Epoch: 1, Walltime: 19.425090 CPU time: 107.127507
2026-07-27 07:26:22,123 - Evaluate - INFO - ASR Module... Epoch: 1, RSS: 3.40 GB
2026-07-27 07:26:22,124 - Evaluate - INFO - ASR... Epoch: 1, Walltime: 18.952189 CPU time: 104.787024
2026-07-27 07:26:40,394 - Evaluate - INFO - ASR Module... Epoch: 1, RSS: 3.40 GB
2026-07-27 07:26:40,396 - Evaluate - INFO - ASR... Epoch: 1, Walltime: 18.268243 CPU time: 100.253715
2026-07-27 07:26:59,466 - Evaluate - INFO - ASR Module... Epoch: 1, RSS: 3.40 GB
2026-07-27 07:26:59,467 - Evaluate - INFO - ASR... Epoch: 1, Walltime: 19.067148 CPU time: 105.489241
2026-07-27 07:27:18,736 - Evaluate - INFO - ASR Module... Epoch: 1, RSS: 3.40 GB
2026-07-27 07:27:18,737 - Evaluate - INFO - ASR... Epoch: 1, Walltime: 19.265982 CPU time: 104.920704
2026-07-27 07:27:38,833 - Evaluate - INFO - ASR Module... Epoch: 1, RSS: 3.40 GB
2026-07-27 07:27:38,834 - Evaluate - INFO - ASR... Epoch: 1, Walltime: 20.092677 CPU time: 110.429161
2026-07-27 07:27:58,915 - Evaluate - INFO - ASR Module... Epoch: 1, RSS: 3.40 GB
2026-07-27 07:27:58,916 - Evaluate - INFO - ASR... Epoch: 1, Walltime: 20.076610 CPU time: 109.776512
2026-07-27 07:28:17,667 - Evaluate - INFO - ASR Module... Epoch: 1, RSS: 3.40 GB
2026-07-27 07:28:17,668 - Evaluate - INFO - ASR... Epoch: 1, Walltime: 18.748000 CPU time: 101.471970
2026-07-27 07:28:35,729 - Evaluate - INFO - ASR Module... Epoch: 1, RSS: 3.40 GB
2026-07-27 07:28:35,730 - Evaluate - INFO - ASR... Epoch: 1, Walltime: 18.057808 CPU time: 99.486725
2026-07-27 07:28:54,566 - Evaluate - INFO - ASR Module... Epoch: 1, RSS: 3.40 GB
2026-07-27 07:28:54,567 - Evaluate - INFO - ASR... Epoch: 1, Walltime: 18.833158 CPU time: 103.929280
2026-07-27 07:29:14,169 - Evaluate - INFO - ASR Module... Epoch: 1, RSS: 3.40 GB
2026-07-27 07:29:14,170 - Evaluate - INFO - ASR... Epoch: 1, Walltime: 19.597078 CPU time: 108.461772
2026-07-27 07:29:34,901 - Evaluate - INFO - ASR Module... Epoch: 1, RSS: 3.40 GB
2026-07-27 07:29:34,902 - Evaluate - INFO - ASR... Epoch: 1, Walltime: 20.727418 CPU time: 114.311341
2026-07-27 07:29:56,191 - Evaluate - INFO - ASR Module... Epoch: 1, RSS: 3.40 GB
2026-07-27 07:29:56,192 - Evaluate - INFO - ASR... Epoch: 1, Walltime: 21.282924 CPU time: 117.260692
2026-07-27 07:30:17,326 - Evaluate - INFO - ASR Module... Epoch: 1, RSS: 3.40 GB
2026-07-27 07:30:17,327 - Evaluate - INFO - ASR... Epoch: 1, Walltime: 21.128856 CPU time: 115.955362
2026-07-27 07:30:37,138 - Evaluate - INFO - ASR Module... Epoch: 1, RSS: 3.40 GB
2026-07-27 07:30:37,139 - Evaluate - INFO - ASR... Epoch: 1, Walltime: 19.806647 CPU time: 109.538786
2026-07-27 07:30:57,224 - Evaluate - INFO - ASR Module... Epoch: 1, RSS: 3.40 GB
2026-07-27 07:30:57,225 - Evaluate - INFO - ASR... Epoch: 1, Walltime: 20.080458 CPU time: 109.560031
2026-07-27 07:31:17,493 - Evaluate - INFO - ASR Module... Epoch: 1, RSS: 3.40 GB
2026-07-27 07:31:17,494 - Evaluate - INFO - ASR... Epoch: 1, Walltime: 20.264555 CPU time: 110.075441
2026-07-27 07:31:38,156 - Evaluate - INFO - ASR Module... Epoch: 1, RSS: 3.40 GB
2026-07-27 07:31:38,158 - Evaluate - INFO - ASR... Epoch: 1, Walltime: 20.658375 CPU time: 113.677002
2026-07-27 07:31:59,619 - Evaluate - INFO - ASR Module... Epoch: 1, RSS: 3.40 GB
2026-07-27 07:31:59,620 - Evaluate - INFO - ASR... Epoch: 1, Walltime: 21.456478 CPU time: 117.548926
2026-07-27 07:32:18,907 - Evaluate - INFO - ASR Module... Epoch: 1, RSS: 3.40 GB
2026-07-27 07:32:18,908 - Evaluate - INFO - ASR... Epoch: 1, Walltime: 19.283138 CPU time: 105.938089
2026-07-27 07:32:38,235 - Evaluate - INFO - ASR Module... Epoch: 1, RSS: 3.40 GB
2026-07-27 07:32:38,236 - Evaluate - INFO - ASR... Epoch: 1, Walltime: 19.324021 CPU time: 106.221925
2026-07-27 07:32:57,274 - Evaluate - INFO - ASR Module... Epoch: 1, RSS: 3.40 GB
2026-07-27 07:32:57,275 - Evaluate - INFO - ASR... Epoch: 1, Walltime: 19.032943 CPU time: 105.529057
2026-07-27 07:33:16,649 - Evaluate - INFO - ASR Module... Epoch: 1, RSS: 3.40 GB
2026-07-27 07:33:16,650 - Evaluate - INFO - ASR... Epoch: 1, Walltime: 19.371274 CPU time: 106.557752
2026-07-27 07:33:36,608 - Evaluate - INFO - ASR Module... Epoch: 1, RSS: 3.40 GB
2026-07-27 07:33:36,609 - Evaluate - INFO - ASR... Epoch: 1, Walltime: 19.953793 CPU time: 110.585013
2026-07-27 07:33:56,664 - Evaluate - INFO - ASR Module... Epoch: 1, RSS: 3.40 GB
2026-07-27 07:33:56,665 - Evaluate - INFO - ASR... Epoch: 1, Walltime: 20.050070 CPU time: 111.029794
2026-07-27 07:34:16,529 - Evaluate - INFO - ASR Module... Epoch: 1, RSS: 3.40 GB
2026-07-27 07:34:16,530 - Evaluate - INFO - ASR... Epoch: 1, Walltime: 19.860145 CPU time: 109.519114
2026-07-27 07:34:36,807 - Evaluate - INFO - ASR Module... Epoch: 1, RSS: 3.40 GB
2026-07-27 07:34:36,808 - Evaluate - INFO - ASR... Epoch: 1, Walltime: 20.273145 CPU time: 111.995681
2026-07-27 07:34:56,417 - Evaluate - INFO - ASR Module... Epoch: 1, RSS: 3.40 GB
2026-07-27 07:34:56,418 - Evaluate - INFO - ASR... Epoch: 1, Walltime: 19.605310 CPU time: 108.150781
2026-07-27 07:35:16,945 - Evaluate - INFO - ASR Module... Epoch: 1, RSS: 3.40 GB
2026-07-27 07:35:16,946 - Evaluate - INFO - ASR... Epoch: 1, Walltime: 20.523574 CPU time: 111.012551
2026-07-27 07:35:36,871 - Evaluate - INFO - ASR Module... Epoch: 1, RSS: 3.40 GB
2026-07-27 07:35:36,872 - Evaluate - INFO - ASR... Epoch: 1, Walltime: 19.919102 CPU time: 109.814522
2026-07-27 07:35:56,336 - Evaluate - INFO - ASR Module... Epoch: 1, RSS: 3.40 GB
2026-07-27 07:35:56,337 - Evaluate - INFO - ASR... Epoch: 1, Walltime: 19.460969 CPU time: 107.560642
2026-07-27 07:36:15,148 - Evaluate - INFO - ASR Module... Epoch: 1, RSS: 3.40 GB
2026-07-27 07:36:15,149 - Evaluate - INFO - ASR... Epoch: 1, Walltime: 18.807260 CPU time: 104.218081
2026-07-27 07:36:34,099 - Evaluate - INFO - ASR Module... Epoch: 1, RSS: 3.40 GB
2026-07-27 07:36:34,100 - Evaluate - INFO - ASR... Epoch: 1, Walltime: 18.946564 CPU time: 104.402363
2026-07-27 07:36:54,834 - Evaluate - INFO - ASR Module... Epoch: 1, RSS: 3.40 GB
2026-07-27 07:36:54,835 - Evaluate - INFO - ASR... Epoch: 1, Walltime: 20.730256 CPU time: 114.143027
2026-07-27 07:37:12,678 - Evaluate - INFO - ASR Module... Epoch: 1, RSS: 3.40 GB
2026-07-27 07:37:12,680 - Evaluate - INFO - ASR... Epoch: 1, Walltime: 17.839272 CPU time: 99.580685
2026-07-27 07:37:31,796 - Evaluate - INFO - ASR Module... Epoch: 1, RSS: 3.40 GB
2026-07-27 07:37:31,797 - Evaluate - INFO - ASR... Epoch: 1, Walltime: 19.113303 CPU time: 104.681523
2026-07-27 07:37:50,928 - Evaluate - INFO - ASR Module... Epoch: 1, RSS: 3.40 GB
2026-07-27 07:37:50,930 - Evaluate - INFO - ASR... Epoch: 1, Walltime: 19.128712 CPU time: 103.678958
2026-07-27 07:38:10,270 - Evaluate - INFO - ASR Module... Epoch: 1, RSS: 3.40 GB
2026-07-27 07:38:10,271 - Evaluate - INFO - ASR... Epoch: 1, Walltime: 19.336745 CPU time: 105.987046
2026-07-27 07:38:30,373 - Evaluate - INFO - ASR Module... Epoch: 1, RSS: 3.40 GB
2026-07-27 07:38:30,374 - Evaluate - INFO - ASR... Epoch: 1, Walltime: 20.098109 CPU time: 109.799999
2026-07-27 07:38:50,636 - Evaluate - INFO - ASR Module... Epoch: 1, RSS: 3.40 GB
2026-07-27 07:38:50,638 - Evaluate - INFO - ASR... Epoch: 1, Walltime: 20.259222 CPU time: 111.243030
2026-07-27 07:39:09,275 - Evaluate - INFO - ASR Module... Epoch: 1, RSS: 3.40 GB
2026-07-27 07:39:09,276 - Evaluate - INFO - ASR... Epoch: 1, Walltime: 18.633709 CPU time: 103.063020
2026-07-27 07:39:29,277 - Evaluate - INFO - ASR Module... Epoch: 1, RSS: 3.40 GB
2026-07-27 07:39:29,278 - Evaluate - INFO - ASR... Epoch: 1, Walltime: 19.996850 CPU time: 110.603367
2026-07-27 07:39:49,123 - Evaluate - INFO - ASR Module... Epoch: 1, RSS: 3.40 GB
2026-07-27 07:39:49,124 - Evaluate - INFO - ASR... Epoch: 1, Walltime: 19.841683 CPU time: 109.234415
2026-07-27 07:40:08,688 - Evaluate - INFO - ASR Module... Epoch: 1, RSS: 3.40 GB
2026-07-27 07:40:08,690 - Evaluate - INFO - ASR... Epoch: 1, Walltime: 19.561256 CPU time: 108.272815
2026-07-27 07:40:28,348 - Evaluate - INFO - ASR Module... Epoch: 1, RSS: 3.40 GB
2026-07-27 07:40:28,349 - Evaluate - INFO - ASR... Epoch: 1, Walltime: 19.654745 CPU time: 107.493320
2026-07-27 07:40:47,569 - Evaluate - INFO - ASR Module... Epoch: 1, RSS: 3.40 GB
2026-07-27 07:40:47,570 - Evaluate - INFO - ASR... Epoch: 1, Walltime: 19.216469 CPU time: 106.004222
2026-07-27 07:41:07,170 - Evaluate - INFO - ASR Module... Epoch: 1, RSS: 3.40 GB
2026-07-27 07:41:07,171 - Evaluate - INFO - ASR... Epoch: 1, Walltime: 19.596574 CPU time: 108.004529
2026-07-27 07:41:25,876 - Evaluate - INFO - ASR Module... Epoch: 1, RSS: 3.40 GB
2026-07-27 07:41:25,877 - Evaluate - INFO - ASR... Epoch: 1, Walltime: 18.702222 CPU time: 103.908880
2026-07-27 07:41:44,102 - Evaluate - INFO - ASR Module... Epoch: 1, RSS: 3.40 GB
2026-07-27 07:41:44,103 - Evaluate - INFO - ASR... Epoch: 1, Walltime: 18.221505 CPU time: 100.921959
2026-07-27 07:42:05,008 - Evaluate - INFO - ASR Module... Epoch: 1, RSS: 3.40 GB
2026-07-27 07:42:05,009 - Evaluate - INFO - ASR... Epoch: 1, Walltime: 20.900316 CPU time: 113.995416
2026-07-27 07:42:24,391 - Evaluate - INFO - ASR Module... Epoch: 1, RSS: 3.40 GB
2026-07-27 07:42:24,392 - Evaluate - INFO - ASR... Epoch: 1, Walltime: 19.377787 CPU time: 106.713762
2026-07-27 07:42:43,849 - Evaluate - INFO - ASR Module... Epoch: 1, RSS: 3.40 GB
2026-07-27 07:42:43,850 - Evaluate - INFO - ASR... Epoch: 1, Walltime: 19.454417 CPU time: 106.892264
2026-07-27 07:43:02,046 - Evaluate - INFO - ASR Module... Epoch: 1, RSS: 3.40 GB
2026-07-27 07:43:02,047 - Evaluate - INFO - ASR... Epoch: 1, Walltime: 18.191935 CPU time: 100.505987
2026-07-27 07:43:19,924 - Evaluate - INFO - ASR Module... Epoch: 1, RSS: 3.40 GB
2026-07-27 07:43:19,925 - Evaluate - INFO - ASR... Epoch: 1, Walltime: 17.875692 CPU time: 99.312010
2026-07-27 07:43:40,314 - Evaluate - INFO - ASR Module... Epoch: 1, RSS: 3.40 GB
2026-07-27 07:43:40,315 - Evaluate - INFO - ASR... Epoch: 1, Walltime: 20.385028 CPU time: 111.479295
2026-07-27 07:43:59,785 - Evaluate - INFO - ASR Module... Epoch: 1, RSS: 3.40 GB
2026-07-27 07:43:59,786 - Evaluate - INFO - ASR... Epoch: 1, Walltime: 19.465617 CPU time: 107.838933
2026-07-27 07:44:20,183 - Evaluate - INFO - ASR Module... Epoch: 1, RSS: 3.40 GB
2026-07-27 07:44:20,184 - Evaluate - INFO - ASR... Epoch: 1, Walltime: 20.392669 CPU time: 112.132134
2026-07-27 07:44:39,625 - Evaluate - INFO - ASR Module... Epoch: 1, RSS: 3.40 GB
2026-07-27 07:44:39,626 - Evaluate - INFO - ASR... Epoch: 1, Walltime: 19.437583 CPU time: 107.653902
2026-07-27 07:44:58,869 - Evaluate - INFO - ASR Module... Epoch: 1, RSS: 3.40 GB
2026-07-27 07:44:58,871 - Evaluate - INFO - ASR... Epoch: 1, Walltime: 19.239343 CPU time: 105.521569
2026-07-27 07:45:18,944 - Evaluate - INFO - ASR Module... Epoch: 1, RSS: 3.40 GB
2026-07-27 07:45:18,945 - Evaluate - INFO - ASR... Epoch: 1, Walltime: 20.069826 CPU time: 109.299923
2026-07-27 07:45:40,281 - Evaluate - INFO - ASR Module... Epoch: 1, RSS: 3.40 GB
2026-07-27 07:45:40,283 - Evaluate - INFO - ASR... Epoch: 1, Walltime: 21.332910 CPU time: 116.163672
2026-07-27 07:45:58,069 - Evaluate - INFO - ASR Module... Epoch: 1, RSS: 3.40 GB
2026-07-27 07:45:58,070 - Evaluate - INFO - ASR... Epoch: 1, Walltime: 17.782606 CPU time: 99.013260
2026-07-27 07:46:16,489 - Evaluate - INFO - ASR Module... Epoch: 1, RSS: 3.40 GB
2026-07-27 07:46:16,490 - Evaluate - INFO - ASR... Epoch: 1, Walltime: 18.417312 CPU time: 101.899664
2026-07-27 07:46:35,351 - Evaluate - INFO - ASR Module... Epoch: 1, RSS: 3.40 GB
2026-07-27 07:46:35,352 - Evaluate - INFO - ASR... Epoch: 1, Walltime: 18.857812 CPU time: 104.395751
2026-07-27 07:46:53,513 - Evaluate - INFO - ASR Module... Epoch: 1, RSS: 3.40 GB
2026-07-27 07:46:53,514 - Evaluate - INFO - ASR... Epoch: 1, Walltime: 18.156420 CPU time: 101.164719
2026-07-27 07:47:13,023 - Evaluate - INFO - ASR Module... Epoch: 1, RSS: 3.40 GB
2026-07-27 07:47:13,025 - Evaluate - INFO - ASR... Epoch: 1, Walltime: 19.506997 CPU time: 106.900780
2026-07-27 07:47:32,070 - Evaluate - INFO - ASR Module... Epoch: 1, RSS: 3.40 GB
2026-07-27 07:47:32,072 - Evaluate - INFO - ASR... Epoch: 1, Walltime: 19.043165 CPU time: 105.698862
2026-07-27 07:47:50,961 - Evaluate - INFO - ASR Module... Epoch: 1, RSS: 3.40 GB
2026-07-27 07:47:50,962 - Evaluate - INFO - ASR... Epoch: 1, Walltime: 18.885887 CPU time: 104.695203
2026-07-27 07:48:10,094 - Evaluate - INFO - ASR Module... Epoch: 1, RSS: 3.40 GB
2026-07-27 07:48:10,095 - Evaluate - INFO - ASR... Epoch: 1, Walltime: 19.130044 CPU time: 105.549520
2026-07-27 07:48:28,937 - Evaluate - INFO - ASR Module... Epoch: 1, RSS: 3.40 GB
2026-07-27 07:48:28,938 - Evaluate - INFO - ASR... Epoch: 1, Walltime: 18.838115 CPU time: 104.096748
2026-07-27 07:48:47,508 - Evaluate - INFO - ASR Module... Epoch: 1, RSS: 3.40 GB
2026-07-27 07:48:47,509 - Evaluate - INFO - ASR... Epoch: 1, Walltime: 18.566433 CPU time: 102.156270
2026-07-27 07:49:05,985 - Evaluate - INFO - ASR Module... Epoch: 1, RSS: 3.40 GB
2026-07-27 07:49:05,986 - Evaluate - INFO - ASR... Epoch: 1, Walltime: 18.472796 CPU time: 102.272100
2026-07-27 07:49:24,222 - Evaluate - INFO - ASR Module... Epoch: 1, RSS: 3.40 GB
2026-07-27 07:49:24,223 - Evaluate - INFO - ASR... Epoch: 1, Walltime: 18.233111 CPU time: 100.156846
2026-07-27 07:49:43,700 - Evaluate - INFO - ASR Module... Epoch: 1, RSS: 3.40 GB
2026-07-27 07:49:43,701 - Evaluate - INFO - ASR... Epoch: 1, Walltime: 19.472953 CPU time: 106.175693
2026-07-27 07:50:03,223 - Evaluate - INFO - ASR Module... Epoch: 1, RSS: 3.40 GB
2026-07-27 07:50:03,224 - Evaluate - INFO - ASR... Epoch: 1, Walltime: 19.518166 CPU time: 106.650053
2026-07-27 07:50:21,268 - Evaluate - INFO - ASR Module... Epoch: 1, RSS: 3.40 GB
2026-07-27 07:50:21,269 - Evaluate - INFO - ASR... Epoch: 1, Walltime: 18.041046 CPU time: 100.478092
2026-07-27 07:50:40,420 - Evaluate - INFO - ASR Module... Epoch: 1, RSS: 3.40 GB
2026-07-27 07:50:40,421 - Evaluate - INFO - ASR... Epoch: 1, Walltime: 19.147839 CPU time: 104.674459
2026-07-27 07:50:59,512 - Evaluate - INFO - ASR Module... Epoch: 1, RSS: 3.40 GB
2026-07-27 07:50:59,514 - Evaluate - INFO - ASR... Epoch: 1, Walltime: 19.088729 CPU time: 105.313643
2026-07-27 07:51:18,421 - Evaluate - INFO - ASR Module... Epoch: 1, RSS: 3.40 GB
2026-07-27 07:51:18,422 - Evaluate - INFO - ASR... Epoch: 1, Walltime: 18.904687 CPU time: 103.823138
2026-07-27 07:51:37,050 - Evaluate - INFO - ASR Module... Epoch: 1, RSS: 3.40 GB
2026-07-27 07:51:37,051 - Evaluate - INFO - ASR... Epoch: 1, Walltime: 18.624600 CPU time: 102.680771
2026-07-27 07:51:56,712 - Evaluate - INFO - ASR Module... Epoch: 1, RSS: 3.40 GB
2026-07-27 07:51:56,713 - Evaluate - INFO - ASR... Epoch: 1, Walltime: 19.657465 CPU time: 107.631545
2026-07-27 07:52:16,125 - Evaluate - INFO - ASR Module... Epoch: 1, RSS: 3.40 GB
2026-07-27 07:52:16,126 - Evaluate - INFO - ASR... Epoch: 1, Walltime: 19.409440 CPU time: 107.184685
2026-07-27 07:52:35,059 - Evaluate - INFO - ASR Module... Epoch: 1, RSS: 3.40 GB
2026-07-27 07:52:35,060 - Evaluate - INFO - ASR... Epoch: 1, Walltime: 18.929716 CPU time: 102.383884
2026-07-27 07:52:53,683 - Evaluate - INFO - ASR Module... Epoch: 1, RSS: 3.40 GB
2026-07-27 07:52:53,684 - Evaluate - INFO - ASR... Epoch: 1, Walltime: 18.619225 CPU time: 102.808737
2026-07-27 07:53:12,381 - Evaluate - INFO - ASR Module... Epoch: 1, RSS: 3.40 GB
2026-07-27 07:53:12,382 - Evaluate - INFO - ASR... Epoch: 1, Walltime: 18.694520 CPU time: 103.112275
2026-07-27 07:53:30,823 - Evaluate - INFO - ASR Module... Epoch: 1, RSS: 3.40 GB
2026-07-27 07:53:30,824 - Evaluate - INFO - ASR... Epoch: 1, Walltime: 18.437165 CPU time: 102.132600
2026-07-27 07:53:50,119 - Evaluate - INFO - ASR Module... Epoch: 1, RSS: 3.40 GB
2026-07-27 07:53:50,120 - Evaluate - INFO - ASR... Epoch: 1, Walltime: 19.292053 CPU time: 106.260316
2026-07-27 07:54:13,674 - Evaluate - INFO - ASR Module... Epoch: 1, RSS: 3.40 GB
2026-07-27 07:54:13,675 - Evaluate - INFO - ASR... Epoch: 1, Walltime: 23.549491 CPU time: 128.789577
2026-07-27 07:54:35,620 - Evaluate - INFO - ASR Module... Epoch: 1, RSS: 3.40 GB
2026-07-27 07:54:35,621 - Evaluate - INFO - ASR... Epoch: 1, Walltime: 21.939940 CPU time: 119.453872
2026-07-27 07:54:57,271 - Evaluate - INFO - ASR Module... Epoch: 1, RSS: 3.40 GB
2026-07-27 07:54:57,272 - Evaluate - INFO - ASR... Epoch: 1, Walltime: 21.645144 CPU time: 118.701401
2026-07-27 07:55:18,048 - Evaluate - INFO - ASR Module... Epoch: 1, RSS: 3.40 GB
2026-07-27 07:55:18,049 - Evaluate - INFO - ASR... Epoch: 1, Walltime: 20.772469 CPU time: 114.412026
2026-07-27 07:55:39,805 - Evaluate - INFO - ASR Module... Epoch: 1, RSS: 3.40 GB
2026-07-27 07:55:39,806 - Evaluate - INFO - ASR... Epoch: 1, Walltime: 21.751763 CPU time: 119.245054
2026-07-27 07:56:01,750 - Evaluate - INFO - ASR Module... Epoch: 1, RSS: 3.40 GB
2026-07-27 07:56:01,751 - Evaluate - INFO - ASR... Epoch: 1, Walltime: 21.939120 CPU time: 118.205131
2026-07-27 07:56:21,300 - Evaluate - INFO - ASR Module... Epoch: 1, RSS: 3.40 GB
2026-07-27 07:56:21,301 - Evaluate - INFO - ASR... Epoch: 1, Walltime: 19.544176 CPU time: 106.639632
2026-07-27 07:56:39,909 - Evaluate - INFO - ASR Module... Epoch: 1, RSS: 3.40 GB
2026-07-27 07:56:39,910 - Evaluate - INFO - ASR... Epoch: 1, Walltime: 18.605574 CPU time: 103.098292
2026-07-27 07:57:00,650 - Evaluate - INFO - ASR Module... Epoch: 1, RSS: 3.40 GB
2026-07-27 07:57:00,651 - Evaluate - INFO - ASR... Epoch: 1, Walltime: 20.735977 CPU time: 113.363854
2026-07-27 07:57:20,328 - Evaluate - INFO - ASR Module... Epoch: 1, RSS: 3.40 GB
2026-07-27 07:57:20,329 - Evaluate - INFO - ASR... Epoch: 1, Walltime: 19.672450 CPU time: 107.735494
2026-07-27 07:57:44,127 - Evaluate - INFO - ASR Module... Epoch: 1, RSS: 3.40 GB
2026-07-27 07:57:44,128 - Evaluate - INFO - ASR... Epoch: 1, Walltime: 23.793515 CPU time: 129.058572
2026-07-27 07:58:09,384 - Evaluate - INFO - ASR Module... Epoch: 1, RSS: 3.41 GB
2026-07-27 07:58:09,385 - Evaluate - INFO - ASR... Epoch: 1, Walltime: 25.250490 CPU time: 137.562252
2026-07-27 07:58:29,893 - Evaluate - INFO - ASR Module... Epoch: 1, RSS: 3.42 GB
2026-07-27 07:58:29,895 - Evaluate - INFO - ASR... Epoch: 1, Walltime: 20.503179 CPU time: 112.123027
2026-07-27 07:58:51,274 - Evaluate - INFO - ASR Module... Epoch: 1, RSS: 3.42 GB
2026-07-27 07:58:51,275 - Evaluate - INFO - ASR... Epoch: 1, Walltime: 21.374420 CPU time: 115.664104
2026-07-27 07:59:12,466 - Evaluate - INFO - ASR Module... Epoch: 1, RSS: 3.42 GB
2026-07-27 07:59:12,467 - Evaluate - INFO - ASR... Epoch: 1, Walltime: 21.187028 CPU time: 115.747919
2026-07-27 07:59:34,263 - Evaluate - INFO - ASR Module... Epoch: 1, RSS: 3.42 GB
2026-07-27 07:59:34,264 - Evaluate - INFO - ASR... Epoch: 1, Walltime: 21.791581 CPU time: 118.786642
2026-07-27 07:59:56,526 - Evaluate - INFO - ASR Module... Epoch: 1, RSS: 3.42 GB
2026-07-27 07:59:56,527 - Evaluate - INFO - ASR... Epoch: 1, Walltime: 22.256520 CPU time: 120.776043
2026-07-27 08:00:18,807 - Evaluate - INFO - ASR Module... Epoch: 1, RSS: 3.42 GB
2026-07-27 08:00:18,808 - Evaluate - INFO - ASR... Epoch: 1, Walltime: 22.274491 CPU time: 122.153679
2026-07-27 08:00:40,408 - Evaluate - INFO - ASR Module... Epoch: 1, RSS: 3.42 GB
2026-07-27 08:00:40,409 - Evaluate - INFO - ASR... Epoch: 1, Walltime: 21.595565 CPU time: 118.283942
2026-07-27 08:01:02,148 - Evaluate - INFO - ASR Module... Epoch: 1, RSS: 3.42 GB
2026-07-27 08:01:02,149 - Evaluate - INFO - ASR... Epoch: 1, Walltime: 21.733484 CPU time: 118.784147
2026-07-27 08:01:21,304 - Evaluate - INFO - ASR Module... Epoch: 1, RSS: 3.42 GB
2026-07-27 08:01:21,305 - Evaluate - INFO - ASR... Epoch: 1, Walltime: 19.151470 CPU time: 104.942990
2026-07-27 08:01:43,129 - Evaluate - INFO - ASR Module... Epoch: 1, RSS: 3.42 GB
2026-07-27 08:01:43,130 - Evaluate - INFO - ASR... Epoch: 1, Walltime: 21.819376 CPU time: 118.102992
2026-07-27 08:02:01,100 - Evaluate - INFO - ASR Module... Epoch: 1, RSS: 3.42 GB
2026-07-27 08:02:01,102 - Evaluate - INFO - ASR... Epoch: 1, Walltime: 17.966373 CPU time: 99.251107
2026-07-27 08:02:23,384 - Evaluate - INFO - ASR Module... Epoch: 1, RSS: 3.42 GB
2026-07-27 08:02:23,385 - Evaluate - INFO - ASR... Epoch: 1, Walltime: 22.277983 CPU time: 121.728377
2026-07-27 08:02:43,837 - Evaluate - INFO - ASR Module... Epoch: 1, RSS: 3.42 GB
2026-07-27 08:02:43,838 - Evaluate - INFO - ASR... Epoch: 1, Walltime: 20.447818 CPU time: 111.816049
2026-07-27 08:03:04,537 - Evaluate - INFO - ASR Module... Epoch: 1, RSS: 3.42 GB
2026-07-27 08:03:04,538 - Evaluate - INFO - ASR... Epoch: 1, Walltime: 20.694438 CPU time: 113.397210
2026-07-27 08:03:22,578 - Evaluate - INFO - ASR Module... Epoch: 1, RSS: 3.42 GB
2026-07-27 08:03:22,579 - Evaluate - INFO - ASR... Epoch: 1, Walltime: 18.036992 CPU time: 100.038737
2026-07-27 08:03:42,705 - Evaluate - INFO - ASR Module... Epoch: 1, RSS: 3.42 GB
2026-07-27 08:03:42,706 - Evaluate - INFO - ASR... Epoch: 1, Walltime: 20.123273 CPU time: 107.032242
2026-07-27 08:04:03,165 - Evaluate - INFO - ASR Module... Epoch: 1, RSS: 3.42 GB
2026-07-27 08:04:03,166 - Evaluate - INFO - ASR... Epoch: 1, Walltime: 20.454512 CPU time: 111.979058
2026-07-27 08:04:26,288 - Evaluate - INFO - ASR Module... Epoch: 1, RSS: 3.42 GB
2026-07-27 08:04:26,289 - Evaluate - INFO - ASR... Epoch: 1, Walltime: 23.118244 CPU time: 125.346017
2026-07-27 08:04:46,027 - Evaluate - INFO - ASR Module... Epoch: 1, RSS: 3.42 GB
2026-07-27 08:04:46,028 - Evaluate - INFO - ASR... Epoch: 1, Walltime: 19.733423 CPU time: 108.457704
2026-07-27 08:05:07,339 - Evaluate - INFO - ASR Module... Epoch: 1, RSS: 3.42 GB
2026-07-27 08:05:07,340 - Evaluate - INFO - ASR... Epoch: 1, Walltime: 21.306817 CPU time: 117.355795
2026-07-27 08:05:29,775 - Evaluate - INFO - ASR Module... Epoch: 1, RSS: 3.42 GB
2026-07-27 08:05:29,777 - Evaluate - INFO - ASR... Epoch: 1, Walltime: 22.431054 CPU time: 122.618874
2026-07-27 08:05:50,672 - Evaluate - INFO - ASR Module... Epoch: 1, RSS: 3.42 GB
2026-07-27 08:05:50,673 - Evaluate - INFO - ASR... Epoch: 1, Walltime: 20.891616 CPU time: 113.938627
2026-07-27 08:06:13,475 - Evaluate - INFO - ASR Module... Epoch: 1, RSS: 3.42 GB
2026-07-27 08:06:13,476 - Evaluate - INFO - ASR... Epoch: 1, Walltime: 22.797641 CPU time: 122.663057
2026-07-27 08:06:32,563 - Evaluate - INFO - ASR Module... Epoch: 1, RSS: 3.42 GB
2026-07-27 08:06:32,564 - Evaluate - INFO - ASR... Epoch: 1, Walltime: 19.083433 CPU time: 105.818242
2026-07-27 08:06:52,004 - Evaluate - INFO - ASR Module... Epoch: 1, RSS: 3.42 GB
2026-07-27 08:06:52,006 - Evaluate - INFO - ASR... Epoch: 1, Walltime: 19.437553 CPU time: 107.271400
2026-07-27 08:07:16,500 - Evaluate - INFO - ASR Module... Epoch: 1, RSS: 3.42 GB
2026-07-27 08:07:16,502 - Evaluate - INFO - ASR... Epoch: 1, Walltime: 24.489689 CPU time: 132.603962
2026-07-27 08:07:37,947 - Evaluate - INFO - ASR Module... Epoch: 1, RSS: 3.42 GB
2026-07-27 08:07:37,948 - Evaluate - INFO - ASR... Epoch: 1, Walltime: 21.440154 CPU time: 116.793885
2026-07-27 08:07:58,937 - Evaluate - INFO - ASR Module... Epoch: 1, RSS: 3.42 GB
2026-07-27 08:07:58,939 - Evaluate - INFO - ASR... Epoch: 1, Walltime: 20.985851 CPU time: 114.283167
2026-07-27 08:08:20,567 - Evaluate - INFO - ASR Module... Epoch: 1, RSS: 3.42 GB
2026-07-27 08:08:20,568 - Evaluate - INFO - ASR... Epoch: 1, Walltime: 21.624351 CPU time: 118.857417
2026-07-27 08:08:39,257 - Evaluate - INFO - ASR Module... Epoch: 1, RSS: 3.42 GB
2026-07-27 08:08:39,258 - Evaluate - INFO - ASR... Epoch: 1, Walltime: 18.685592 CPU time: 103.217231
2026-07-27 08:08:59,418 - Evaluate - INFO - ASR Module... Epoch: 1, RSS: 3.42 GB
2026-07-27 08:08:59,420 - Evaluate - INFO - ASR... Epoch: 1, Walltime: 20.156917 CPU time: 110.874864
2026-07-27 08:09:18,590 - Evaluate - INFO - ASR Module... Epoch: 1, RSS: 3.42 GB
2026-07-27 08:09:18,591 - Evaluate - INFO - ASR... Epoch: 1, Walltime: 19.166797 CPU time: 106.199228
2026-07-27 08:09:38,522 - Evaluate - INFO - ASR Module... Epoch: 1, RSS: 3.42 GB
2026-07-27 08:09:38,523 - Evaluate - INFO - ASR... Epoch: 1, Walltime: 19.927376 CPU time: 110.050684
2026-07-27 08:09:59,587 - Evaluate - INFO - ASR Module... Epoch: 1, RSS: 3.42 GB
2026-07-27 08:09:59,589 - Evaluate - INFO - ASR... Epoch: 1, Walltime: 21.060366 CPU time: 114.357205
2026-07-27 08:10:18,932 - Evaluate - INFO - ASR Module... Epoch: 1, RSS: 3.42 GB
2026-07-27 08:10:18,933 - Evaluate - INFO - ASR... Epoch: 1, Walltime: 19.339846 CPU time: 106.389709
2026-07-27 08:10:38,984 - Evaluate - INFO - ASR Module... Epoch: 1, RSS: 3.42 GB
2026-07-27 08:10:38,986 - Evaluate - INFO - ASR... Epoch: 1, Walltime: 20.047771 CPU time: 110.644525
2026-07-27 08:10:58,892 - Evaluate - INFO - ASR Module... Epoch: 1, RSS: 3.42 GB
2026-07-27 08:10:58,893 - Evaluate - INFO - ASR... Epoch: 1, Walltime: 19.902601 CPU time: 110.096641
2026-07-27 08:11:17,555 - Evaluate - INFO - ASR Module... Epoch: 1, RSS: 3.42 GB
2026-07-27 08:11:17,556 - Evaluate - INFO - ASR... Epoch: 1, Walltime: 18.659032 CPU time: 103.176907
2026-07-27 08:11:36,505 - Evaluate - INFO - ASR Module... Epoch: 1, RSS: 3.42 GB
2026-07-27 08:11:36,506 - Evaluate - INFO - ASR... Epoch: 1, Walltime: 18.945473 CPU time: 102.353382
2026-07-27 08:11:58,238 - Evaluate - INFO - ASR Module... Epoch: 1, RSS: 3.42 GB
2026-07-27 08:11:58,239 - Evaluate - INFO - ASR... Epoch: 1, Walltime: 21.727832 CPU time: 119.250952
2026-07-27 08:12:16,780 - Evaluate - INFO - ASR Module... Epoch: 1, RSS: 3.42 GB
2026-07-27 08:12:16,781 - Evaluate - INFO - ASR... Epoch: 1, Walltime: 18.537574 CPU time: 102.505804
2026-07-27 08:12:36,356 - Evaluate - INFO - ASR Module... Epoch: 1, RSS: 3.42 GB
2026-07-27 08:12:36,357 - Evaluate - INFO - ASR... Epoch: 1, Walltime: 19.571907 CPU time: 105.796280
2026-07-27 08:12:56,503 - Evaluate - INFO - ASR Module... Epoch: 1, RSS: 3.42 GB
2026-07-27 08:12:56,504 - Evaluate - INFO - ASR... Epoch: 1, Walltime: 20.142189 CPU time: 111.081903
2026-07-27 08:13:18,166 - Evaluate - INFO - ASR Module... Epoch: 1, RSS: 3.42 GB
2026-07-27 08:13:18,167 - Evaluate - INFO - ASR... Epoch: 1, Walltime: 21.656553 CPU time: 118.211644
2026-07-27 08:13:39,932 - Evaluate - INFO - ASR Module... Epoch: 1, RSS: 3.42 GB
2026-07-27 08:13:39,933 - Evaluate - INFO - ASR... Epoch: 1, Walltime: 21.760029 CPU time: 117.660788
2026-07-27 08:14:01,272 - Evaluate - INFO - ASR Module... Epoch: 1, RSS: 3.42 GB
2026-07-27 08:14:01,273 - Evaluate - INFO - ASR... Epoch: 1, Walltime: 21.333765 CPU time: 116.787487
2026-07-27 08:14:25,123 - Evaluate - INFO - ASR Module... Epoch: 1, RSS: 3.42 GB
2026-07-27 08:14:25,124 - Evaluate - INFO - ASR... Epoch: 1, Walltime: 23.845043 CPU time: 129.244728
2026-07-27 08:14:46,258 - Evaluate - INFO - ASR Module... Epoch: 1, RSS: 3.42 GB
2026-07-27 08:14:46,259 - Evaluate - INFO - ASR... Epoch: 1, Walltime: 21.128661 CPU time: 115.609420
2026-07-27 08:15:07,582 - Evaluate - INFO - ASR Module... Epoch: 1, RSS: 3.42 GB
2026-07-27 08:15:07,584 - Evaluate - INFO - ASR... Epoch: 1, Walltime: 21.319040 CPU time: 116.911476
2026-07-27 08:15:31,233 - Evaluate - INFO - ASR Module... Epoch: 1, RSS: 3.42 GB
2026-07-27 08:15:31,234 - Evaluate - INFO - ASR... Epoch: 1, Walltime: 23.644640 CPU time: 128.174166
2026-07-27 08:15:54,937 - Evaluate - INFO - ASR Module... Epoch: 1, RSS: 3.42 GB
2026-07-27 08:15:54,938 - Evaluate - INFO - ASR... Epoch: 1, Walltime: 23.696324 CPU time: 129.331620
2026-07-27 08:16:15,992 - Evaluate - INFO - ASR Module... Epoch: 1, RSS: 3.42 GB
2026-07-27 08:16:15,993 - Evaluate - INFO - ASR... Epoch: 1, Walltime: 21.048821 CPU time: 114.519839
2026-07-27 08:16:39,319 - Evaluate - INFO - ASR Module... Epoch: 1, RSS: 3.42 GB
2026-07-27 08:16:39,321 - Evaluate - INFO - ASR... Epoch: 1, Walltime: 23.321541 CPU time: 125.556008
2026-07-27 08:17:06,060 - Evaluate - INFO - ASR Module... Epoch: 1, RSS: 3.54 GB
2026-07-27 08:17:06,061 - Evaluate - INFO - ASR... Epoch: 1, Walltime: 26.732988 CPU time: 143.500797
2026-07-27 08:17:23,886 - Evaluate - INFO - ASR Module... Epoch: 1, RSS: 3.54 GB
2026-07-27 08:17:23,887 - Evaluate - INFO - ASR... Epoch: 1, Walltime: 17.820664 CPU time: 98.633116
2026-07-27 08:17:43,532 - Evaluate - INFO - ASR Module... Epoch: 1, RSS: 3.54 GB
2026-07-27 08:17:43,533 - Evaluate - INFO - ASR... Epoch: 1, Walltime: 19.641793 CPU time: 108.171234
2026-07-27 08:18:04,509 - Evaluate - INFO - ASR Module... Epoch: 1, RSS: 3.54 GB
2026-07-27 08:18:04,510 - Evaluate - INFO - ASR... Epoch: 1, Walltime: 20.972118 CPU time: 115.066335
2026-07-27 08:18:23,092 - Evaluate - INFO - ASR Module... Epoch: 1, RSS: 3.54 GB
2026-07-27 08:18:23,093 - Evaluate - INFO - ASR... Epoch: 1, Walltime: 18.578313 CPU time: 102.327580
2026-07-27 08:18:42,245 - Evaluate - INFO - ASR Module... Epoch: 1, RSS: 3.54 GB
2026-07-27 08:18:42,247 - Evaluate - INFO - ASR... Epoch: 1, Walltime: 19.149579 CPU time: 105.464169
2026-07-27 08:19:01,867 - Evaluate - INFO - ASR Module... Epoch: 1, RSS: 3.54 GB
2026-07-27 08:19:01,868 - Evaluate - INFO - ASR... Epoch: 1, Walltime: 19.617848 CPU time: 107.698485
2026-07-27 08:19:21,081 - Evaluate - INFO - ASR Module... Epoch: 1, RSS: 3.54 GB
2026-07-27 08:19:21,082 - Evaluate - INFO - ASR... Epoch: 1, Walltime: 19.210220 CPU time: 105.661537
2026-07-27 08:19:42,995 - Evaluate - INFO - ASR Module... Epoch: 1, RSS: 3.54 GB
2026-07-27 08:19:42,997 - Evaluate - INFO - ASR... Epoch: 1, Walltime: 21.908707 CPU time: 119.251504
2026-07-27 08:20:03,022 - Evaluate - INFO - ASR Module... Epoch: 1, RSS: 3.54 GB
2026-07-27 08:20:03,023 - Evaluate - INFO - ASR... Epoch: 1, Walltime: 20.021216 CPU time: 110.116085
2026-07-27 08:20:21,302 - Evaluate - INFO - ASR Module... Epoch: 1, RSS: 3.54 GB
2026-07-27 08:20:21,303 - Evaluate - INFO - ASR... Epoch: 1, Walltime: 18.275856 CPU time: 100.922911
2026-07-27 08:20:39,676 - Evaluate - INFO - ASR Module... Epoch: 1, RSS: 3.54 GB
2026-07-27 08:20:39,677 - Evaluate - INFO - ASR... Epoch: 1, Walltime: 18.370744 CPU time: 101.730401
2026-07-27 08:20:59,404 - Evaluate - INFO - ASR Module... Epoch: 1, RSS: 3.54 GB
2026-07-27 08:20:59,405 - Evaluate - INFO - ASR... Epoch: 1, Walltime: 19.722516 CPU time: 109.006298
2026-07-27 08:21:18,877 - Evaluate - INFO - ASR Module... Epoch: 1, RSS: 3.54 GB
2026-07-27 08:21:18,879 - Evaluate - INFO - ASR... Epoch: 1, Walltime: 19.468708 CPU time: 105.909020
2026-07-27 08:21:37,444 - Evaluate - INFO - ASR Module... Epoch: 1, RSS: 3.54 GB
2026-07-27 08:21:37,445 - Evaluate - INFO - ASR... Epoch: 1, Walltime: 18.562062 CPU time: 102.432039
2026-07-27 08:21:55,591 - Evaluate - INFO - ASR Module... Epoch: 1, RSS: 3.54 GB
2026-07-27 08:21:55,592 - Evaluate - INFO - ASR... Epoch: 1, Walltime: 18.142112 CPU time: 100.824729
2026-07-27 08:22:14,663 - Evaluate - INFO - ASR Module... Epoch: 1, RSS: 3.54 GB
2026-07-27 08:22:14,664 - Evaluate - INFO - ASR... Epoch: 1, Walltime: 19.067940 CPU time: 104.770714
2026-07-27 08:22:33,623 - Evaluate - INFO - ASR Module... Epoch: 1, RSS: 3.54 GB
2026-07-27 08:22:33,624 - Evaluate - INFO - ASR... Epoch: 1, Walltime: 18.956146 CPU time: 104.561702
2026-07-27 08:22:52,160 - Evaluate - INFO - ASR Module... Epoch: 1, RSS: 3.54 GB
2026-07-27 08:22:52,161 - Evaluate - INFO - ASR... Epoch: 1, Walltime: 18.532249 CPU time: 103.387037
2026-07-27 08:23:10,986 - Evaluate - INFO - ASR Module... Epoch: 1, RSS: 3.54 GB
2026-07-27 08:23:10,988 - Evaluate - INFO - ASR... Epoch: 1, Walltime: 18.821620 CPU time: 104.404650
2026-07-27 08:23:29,402 - Evaluate - INFO - ASR Module... Epoch: 1, RSS: 3.54 GB
2026-07-27 08:23:29,403 - Evaluate - INFO - ASR... Epoch: 1, Walltime: 18.411881 CPU time: 102.515557
2026-07-27 08:23:47,712 - Evaluate - INFO - ASR Module... Epoch: 1, RSS: 3.54 GB
2026-07-27 08:23:47,713 - Evaluate - INFO - ASR... Epoch: 1, Walltime: 18.306308 CPU time: 100.525879
2026-07-27 08:24:06,274 - Evaluate - INFO - ASR Module... Epoch: 1, RSS: 3.54 GB
2026-07-27 08:24:06,275 - Evaluate - INFO - ASR... Epoch: 1, Walltime: 18.556993 CPU time: 102.958262
2026-07-27 08:24:25,400 - Evaluate - INFO - ASR Module... Epoch: 1, RSS: 3.54 GB
2026-07-27 08:24:25,401 - Evaluate - INFO - ASR... Epoch: 1, Walltime: 19.122444 CPU time: 105.811621
2026-07-27 08:24:43,772 - Evaluate - INFO - ASR Module... Epoch: 1, RSS: 3.54 GB
2026-07-27 08:24:43,773 - Evaluate - INFO - ASR... Epoch: 1, Walltime: 18.368323 CPU time: 101.724789
2026-07-27 08:25:03,349 - Evaluate - INFO - ASR Module... Epoch: 1, RSS: 3.54 GB
2026-07-27 08:25:03,350 - Evaluate - INFO - ASR... Epoch: 1, Walltime: 19.572872 CPU time: 108.344203
2026-07-27 08:25:22,728 - Evaluate - INFO - ASR Module... Epoch: 1, RSS: 3.54 GB
2026-07-27 08:25:22,730 - Evaluate - INFO - ASR... Epoch: 1, Walltime: 19.374837 CPU time: 107.140468
2026-07-27 08:25:41,117 - Evaluate - INFO - ASR Module... Epoch: 1, RSS: 3.54 GB
2026-07-27 08:25:41,118 - Evaluate - INFO - ASR... Epoch: 1, Walltime: 18.383960 CPU time: 101.860884
2026-07-27 08:25:59,572 - Evaluate - INFO - ASR Module... Epoch: 1, RSS: 3.54 GB
2026-07-27 08:25:59,573 - Evaluate - INFO - ASR... Epoch: 1, Walltime: 18.451455 CPU time: 101.799947
2026-07-27 08:26:18,835 - Evaluate - INFO - ASR Module... Epoch: 1, RSS: 3.54 GB
2026-07-27 08:26:18,837 - Evaluate - INFO - ASR... Epoch: 1, Walltime: 19.258917 CPU time: 105.878359
2026-07-27 08:26:38,229 - Evaluate - INFO - ASR Module... Epoch: 1, RSS: 3.54 GB
2026-07-27 08:26:38,230 - Evaluate - INFO - ASR... Epoch: 1, Walltime: 19.388730 CPU time: 104.835331
2026-07-27 08:26:58,254 - Evaluate - INFO - ASR Module... Epoch: 1, RSS: 3.54 GB
2026-07-27 08:26:58,256 - Evaluate - INFO - ASR... Epoch: 1, Walltime: 20.020594 CPU time: 110.803227
2026-07-27 08:27:18,287 - Evaluate - INFO - ASR Module... Epoch: 1, RSS: 3.54 GB
2026-07-27 08:27:18,288 - Evaluate - INFO - ASR... Epoch: 1, Walltime: 20.028330 CPU time: 109.389278
2026-07-27 08:27:38,141 - Evaluate - INFO - ASR Module... Epoch: 1, RSS: 3.54 GB
2026-07-27 08:27:38,142 - Evaluate - INFO - ASR... Epoch: 1, Walltime: 19.849449 CPU time: 107.758112
2026-07-27 08:27:56,541 - Evaluate - INFO - ASR Module... Epoch: 1, RSS: 3.54 GB
2026-07-27 08:27:56,542 - Evaluate - INFO - ASR... Epoch: 1, Walltime: 18.395515 CPU time: 102.406881
2026-07-27 08:28:15,203 - Evaluate - INFO - ASR Module... Epoch: 1, RSS: 3.54 GB
2026-07-27 08:28:15,204 - Evaluate - INFO - ASR... Epoch: 1, Walltime: 18.657695 CPU time: 103.692762
2026-07-27 08:28:34,178 - Evaluate - INFO - ASR Module... Epoch: 1, RSS: 3.54 GB
2026-07-27 08:28:34,179 - Evaluate - INFO - ASR... Epoch: 1, Walltime: 18.970923 CPU time: 104.982309
2026-07-27 08:28:52,269 - Evaluate - INFO - ASR Module... Epoch: 1, RSS: 3.54 GB
2026-07-27 08:28:52,270 - Evaluate - INFO - ASR... Epoch: 1, Walltime: 18.087597 CPU time: 100.334785
2026-07-27 08:29:10,721 - Evaluate - INFO - ASR Module... Epoch: 1, RSS: 3.54 GB
2026-07-27 08:29:10,722 - Evaluate - INFO - ASR... Epoch: 1, Walltime: 18.447985 CPU time: 102.082392
2026-07-27 08:29:29,234 - Evaluate - INFO - ASR Module... Epoch: 1, RSS: 3.54 GB
2026-07-27 08:29:29,235 - Evaluate - INFO - ASR... Epoch: 1, Walltime: 18.509519 CPU time: 102.579571
2026-07-27 08:29:47,671 - Evaluate - INFO - ASR Module... Epoch: 1, RSS: 3.54 GB
2026-07-27 08:29:47,673 - Evaluate - INFO - ASR... Epoch: 1, Walltime: 18.432083 CPU time: 102.645069
2026-07-27 08:30:06,223 - Evaluate - INFO - ASR Module... Epoch: 1, RSS: 3.54 GB
2026-07-27 08:30:06,224 - Evaluate - INFO - ASR... Epoch: 1, Walltime: 18.547301 CPU time: 102.697229
2026-07-27 08:30:23,628 - Evaluate - INFO - ASR Module... Epoch: 1, RSS: 3.54 GB
2026-07-27 08:30:23,630 - Evaluate - INFO - ASR... Epoch: 1, Walltime: 17.401476 CPU time: 97.515460
2026-07-27 08:30:42,516 - Evaluate - INFO - ASR Module... Epoch: 1, RSS: 3.54 GB
2026-07-27 08:30:42,517 - Evaluate - INFO - ASR... Epoch: 1, Walltime: 18.883421 CPU time: 104.037847
2026-07-27 08:31:02,369 - Evaluate - INFO - ASR Module... Epoch: 1, RSS: 3.54 GB
2026-07-27 08:31:02,370 - Evaluate - INFO - ASR... Epoch: 1, Walltime: 19.848325 CPU time: 109.693591
2026-07-27 08:31:21,219 - Evaluate - INFO - ASR Module... Epoch: 1, RSS: 3.54 GB
2026-07-27 08:31:21,220 - Evaluate - INFO - ASR... Epoch: 1, Walltime: 18.846546 CPU time: 104.269495
2026-07-27 08:31:40,321 - Evaluate - INFO - ASR Module... Epoch: 1, RSS: 3.54 GB
2026-07-27 08:31:40,322 - Evaluate - INFO - ASR... Epoch: 1, Walltime: 19.096758 CPU time: 106.046018
2026-07-27 08:32:00,601 - Evaluate - INFO - ASR Module... Epoch: 1, RSS: 3.54 GB
2026-07-27 08:32:00,602 - Evaluate - INFO - ASR... Epoch: 1, Walltime: 20.274498 CPU time: 111.597333
2026-07-27 08:32:19,089 - Evaluate - INFO - ASR Module... Epoch: 1, RSS: 3.54 GB
2026-07-27 08:32:19,090 - Evaluate - INFO - ASR... Epoch: 1, Walltime: 18.485077 CPU time: 102.178494
2026-07-27 08:32:37,901 - Evaluate - INFO - ASR Module... Epoch: 1, RSS: 3.54 GB
2026-07-27 08:32:37,902 - Evaluate - INFO - ASR... Epoch: 1, Walltime: 18.807267 CPU time: 104.295134
2026-07-27 08:32:56,888 - Evaluate - INFO - ASR Module... Epoch: 1, RSS: 3.54 GB
2026-07-27 08:32:56,889 - Evaluate - INFO - ASR... Epoch: 1, Walltime: 18.982841 CPU time: 104.663100
2026-07-27 08:33:15,604 - Evaluate - INFO - ASR Module... Epoch: 1, RSS: 3.54 GB
2026-07-27 08:33:15,605 - Evaluate - INFO - ASR... Epoch: 1, Walltime: 18.712551 CPU time: 103.430328
2026-07-27 08:33:34,116 - Evaluate - INFO - ASR Module... Epoch: 1, RSS: 3.54 GB
2026-07-27 08:33:34,117 - Evaluate - INFO - ASR... Epoch: 1, Walltime: 18.507409 CPU time: 102.492314
2026-07-27 08:33:52,969 - Evaluate - INFO - ASR Module... Epoch: 1, RSS: 3.54 GB
2026-07-27 08:33:52,970 - Evaluate - INFO - ASR... Epoch: 1, Walltime: 18.848830 CPU time: 104.247334
2026-07-27 08:34:11,448 - Evaluate - INFO - ASR Module... Epoch: 1, RSS: 3.54 GB
2026-07-27 08:34:11,449 - Evaluate - INFO - ASR... Epoch: 1, Walltime: 18.474923 CPU time: 102.801702
2026-07-27 08:34:29,802 - Evaluate - INFO - ASR Module... Epoch: 1, RSS: 3.54 GB
2026-07-27 08:34:29,803 - Evaluate - INFO - ASR... Epoch: 1, Walltime: 18.349726 CPU time: 101.302092
2026-07-27 08:34:49,148 - Evaluate - INFO - ASR Module... Epoch: 1, RSS: 3.54 GB
2026-07-27 08:34:49,149 - Evaluate - INFO - ASR... Epoch: 1, Walltime: 19.342221 CPU time: 105.950571
2026-07-27 08:35:07,966 - Evaluate - INFO - ASR Module... Epoch: 1, RSS: 3.54 GB
2026-07-27 08:35:07,967 - Evaluate - INFO - ASR... Epoch: 1, Walltime: 18.813448 CPU time: 104.677405
2026-07-27 08:35:27,223 - Evaluate - INFO - ASR Module... Epoch: 1, RSS: 3.54 GB
2026-07-27 08:35:27,224 - Evaluate - INFO - ASR... Epoch: 1, Walltime: 19.253544 CPU time: 106.137239
2026-07-27 08:35:45,909 - Evaluate - INFO - ASR Module... Epoch: 1, RSS: 3.54 GB
2026-07-27 08:35:45,910 - Evaluate - INFO - ASR... Epoch: 1, Walltime: 18.681182 CPU time: 101.895981
2026-07-27 08:36:05,294 - Evaluate - INFO - ASR Module... Epoch: 1, RSS: 3.54 GB
2026-07-27 08:36:05,295 - Evaluate - INFO - ASR... Epoch: 1, Walltime: 19.380452 CPU time: 107.015871
2026-07-27 08:36:24,474 - Evaluate - INFO - ASR Module... Epoch: 1, RSS: 3.54 GB
2026-07-27 08:36:24,475 - Evaluate - INFO - ASR... Epoch: 1, Walltime: 19.175499 CPU time: 105.830527
2026-07-27 08:36:43,418 - Evaluate - INFO - ASR Module... Epoch: 1, RSS: 3.54 GB
2026-07-27 08:36:43,419 - Evaluate - INFO - ASR... Epoch: 1, Walltime: 18.939768 CPU time: 104.953914
2026-07-27 08:37:02,719 - Evaluate - INFO - ASR Module... Epoch: 1, RSS: 3.54 GB
2026-07-27 08:37:02,720 - Evaluate - INFO - ASR... Epoch: 1, Walltime: 19.296095 CPU time: 106.210960
2026-07-27 08:37:21,000 - Evaluate - INFO - ASR Module... Epoch: 1, RSS: 3.54 GB
2026-07-27 08:37:21,001 - Evaluate - INFO - ASR... Epoch: 1, Walltime: 18.277460 CPU time: 102.060977
2026-07-27 08:37:40,923 - Evaluate - INFO - ASR Module... Epoch: 1, RSS: 3.54 GB
2026-07-27 08:37:40,924 - Evaluate - INFO - ASR... Epoch: 1, Walltime: 19.917659 CPU time: 109.884122
2026-07-27 08:37:59,822 - Evaluate - INFO - ASR Module... Epoch: 1, RSS: 3.54 GB
2026-07-27 08:37:59,823 - Evaluate - INFO - ASR... Epoch: 1, Walltime: 18.895416 CPU time: 104.773461
2026-07-27 08:38:19,073 - Evaluate - INFO - ASR Module... Epoch: 1, RSS: 3.54 GB
2026-07-27 08:38:19,074 - Evaluate - INFO - ASR... Epoch: 1, Walltime: 19.246054 CPU time: 106.123019
2026-07-27 08:38:37,747 - Evaluate - INFO - ASR Module... Epoch: 1, RSS: 3.54 GB
2026-07-27 08:38:37,748 - Evaluate - INFO - ASR... Epoch: 1, Walltime: 18.669406 CPU time: 103.959648
2026-07-27 08:38:56,304 - Evaluate - INFO - ASR Module... Epoch: 1, RSS: 3.54 GB
2026-07-27 08:38:56,305 - Evaluate - INFO - ASR... Epoch: 1, Walltime: 18.552896 CPU time: 101.943829
2026-07-27 08:39:16,073 - Evaluate - INFO - ASR Module... Epoch: 1, RSS: 3.54 GB
2026-07-27 08:39:16,074 - Evaluate - INFO - ASR... Epoch: 1, Walltime: 19.765435 CPU time: 109.254033
2026-07-27 08:39:34,573 - Evaluate - INFO - ASR Module... Epoch: 1, RSS: 3.54 GB
2026-07-27 08:39:34,575 - Evaluate - INFO - ASR... Epoch: 1, Walltime: 18.496116 CPU time: 102.320363
2026-07-27 08:39:53,471 - Evaluate - INFO - ASR Module... Epoch: 1, RSS: 3.54 GB
2026-07-27 08:39:53,472 - Evaluate - INFO - ASR... Epoch: 1, Walltime: 18.893531 CPU time: 104.204398
2026-07-27 08:40:12,308 - Evaluate - INFO - ASR Module... Epoch: 1, RSS: 3.54 GB
2026-07-27 08:40:12,309 - Evaluate - INFO - ASR... Epoch: 1, Walltime: 18.833054 CPU time: 103.860731
2026-07-27 08:40:30,945 - Evaluate - INFO - ASR Module... Epoch: 1, RSS: 3.54 GB
2026-07-27 08:40:30,946 - Evaluate - INFO - ASR... Epoch: 1, Walltime: 18.633602 CPU time: 102.230295
2026-07-27 08:40:50,890 - Evaluate - INFO - ASR Module... Epoch: 1, RSS: 3.54 GB
2026-07-27 08:40:50,891 - Evaluate - INFO - ASR... Epoch: 1, Walltime: 19.939853 CPU time: 109.246281
2026-07-27 08:41:10,546 - Evaluate - INFO - ASR Module... Epoch: 1, RSS: 3.54 GB
2026-07-27 08:41:10,547 - Evaluate - INFO - ASR... Epoch: 1, Walltime: 19.650573 CPU time: 108.266382
2026-07-27 08:41:30,223 - Evaluate - INFO - ASR Module... Epoch: 1, RSS: 3.54 GB
2026-07-27 08:41:30,225 - Evaluate - INFO - ASR... Epoch: 1, Walltime: 19.673577 CPU time: 107.935075
2026-07-27 08:41:48,866 - Evaluate - INFO - ASR Module... Epoch: 1, RSS: 3.54 GB
2026-07-27 08:41:48,867 - Evaluate - INFO - ASR... Epoch: 1, Walltime: 18.637984 CPU time: 103.124484
2026-07-27 08:42:07,280 - Evaluate - INFO - ASR Module... Epoch: 1, RSS: 3.54 GB
2026-07-27 08:42:07,281 - Evaluate - INFO - ASR... Epoch: 1, Walltime: 18.409594 CPU time: 101.600619
2026-07-27 08:42:26,564 - Evaluate - INFO - ASR Module... Epoch: 1, RSS: 3.54 GB
2026-07-27 08:42:26,565 - Evaluate - INFO - ASR... Epoch: 1, Walltime: 19.279699 CPU time: 106.129614
2026-07-27 08:42:47,010 - Evaluate - INFO - ASR Module... Epoch: 1, RSS: 3.54 GB
2026-07-27 08:42:47,011 - Evaluate - INFO - ASR... Epoch: 1, Walltime: 20.440656 CPU time: 112.442395
2026-07-27 08:43:05,322 - Evaluate - INFO - ASR Module... Epoch: 1, RSS: 3.54 GB
2026-07-27 08:43:05,323 - Evaluate - INFO - ASR... Epoch: 1, Walltime: 18.307695 CPU time: 101.539970
2026-07-27 08:43:26,286 - Evaluate - INFO - ASR Module... Epoch: 1, RSS: 3.54 GB
2026-07-27 08:43:26,288 - Evaluate - INFO - ASR... Epoch: 1, Walltime: 20.959677 CPU time: 114.211758
2026-07-27 08:43:45,859 - Evaluate - INFO - ASR Module... Epoch: 1, RSS: 3.54 GB
2026-07-27 08:43:45,860 - Evaluate - INFO - ASR... Epoch: 1, Walltime: 19.567867 CPU time: 106.161182
2026-07-27 08:44:05,810 - Evaluate - INFO - ASR Module... Epoch: 1, RSS: 3.54 GB
2026-07-27 08:44:05,811 - Evaluate - INFO - ASR... Epoch: 1, Walltime: 19.946479 CPU time: 110.337229
2026-07-27 08:44:24,799 - Evaluate - INFO - ASR Module... Epoch: 1, RSS: 3.54 GB
2026-07-27 08:44:24,800 - Evaluate - INFO - ASR... Epoch: 1, Walltime: 18.984643 CPU time: 104.878217
2026-07-27 08:44:44,785 - Evaluate - INFO - ASR Module... Epoch: 1, RSS: 3.54 GB
2026-07-27 08:44:44,786 - Evaluate - INFO - ASR... Epoch: 1, Walltime: 19.980767 CPU time: 109.953865
2026-07-27 08:45:03,988 - Evaluate - INFO - ASR Module... Epoch: 1, RSS: 3.54 GB
2026-07-27 08:45:03,989 - Evaluate - INFO - ASR... Epoch: 1, Walltime: 19.198397 CPU time: 105.943327
2026-07-27 08:45:23,184 - Evaluate - INFO - ASR Module... Epoch: 1, RSS: 3.54 GB
2026-07-27 08:45:23,185 - Evaluate - INFO - ASR... Epoch: 1, Walltime: 19.192054 CPU time: 104.747113
2026-07-27 08:45:42,531 - Evaluate - INFO - ASR Module... Epoch: 1, RSS: 3.54 GB
2026-07-27 08:45:42,532 - Evaluate - INFO - ASR... Epoch: 1, Walltime: 19.342771 CPU time: 106.548501
2026-07-27 08:46:03,400 - Evaluate - INFO - ASR Module... Epoch: 1, RSS: 3.54 GB
2026-07-27 08:46:03,401 - Evaluate - INFO - ASR... Epoch: 1, Walltime: 20.863613 CPU time: 115.597273
2026-07-27 08:46:23,112 - Evaluate - INFO - ASR Module... Epoch: 1, RSS: 3.54 GB
2026-07-27 08:46:23,114 - Evaluate - INFO - ASR... Epoch: 1, Walltime: 19.707433 CPU time: 108.236460
2026-07-27 08:46:41,107 - Evaluate - INFO - ASR Module... Epoch: 1, RSS: 3.54 GB
2026-07-27 08:46:41,109 - Evaluate - INFO - ASR... Epoch: 1, Walltime: 17.990600 CPU time: 99.858468
2026-07-27 08:46:59,262 - Evaluate - INFO - ASR Module... Epoch: 1, RSS: 3.54 GB
2026-07-27 08:46:59,263 - Evaluate - INFO - ASR... Epoch: 1, Walltime: 18.149401 CPU time: 100.807877
2026-07-27 08:47:20,867 - Evaluate - INFO - ASR Module... Epoch: 1, RSS: 3.54 GB
2026-07-27 08:47:20,868 - Evaluate - INFO - ASR... Epoch: 1, Walltime: 21.599748 CPU time: 118.407161
2026-07-27 08:47:40,755 - Evaluate - INFO - ASR Module... Epoch: 1, RSS: 3.54 GB
2026-07-27 08:47:40,756 - Evaluate - INFO - ASR... Epoch: 1, Walltime: 19.883069 CPU time: 109.560936
2026-07-27 08:47:59,305 - Evaluate - INFO - ASR Module... Epoch: 1, RSS: 3.54 GB
2026-07-27 08:47:59,306 - Evaluate - INFO - ASR... Epoch: 1, Walltime: 18.545883 CPU time: 102.866973
2026-07-27 08:48:17,820 - Evaluate - INFO - ASR Module... Epoch: 1, RSS: 3.54 GB
2026-07-27 08:48:17,821 - Evaluate - INFO - ASR... Epoch: 1, Walltime: 18.511518 CPU time: 103.252555
2026-07-27 08:48:36,267 - Evaluate - INFO - ASR Module... Epoch: 1, RSS: 3.54 GB
2026-07-27 08:48:36,268 - Evaluate - INFO - ASR... Epoch: 1, Walltime: 18.442291 CPU time: 102.637306
2026-07-27 08:48:55,302 - Evaluate - INFO - ASR Module... Epoch: 1, RSS: 3.54 GB
2026-07-27 08:48:55,304 - Evaluate - INFO - ASR... Epoch: 1, Walltime: 19.031637 CPU time: 105.091684
2026-07-27 08:49:17,514 - Evaluate - INFO - ASR Module... Epoch: 1, RSS: 3.54 GB
2026-07-27 08:49:17,516 - Evaluate - INFO - ASR... Epoch: 1, Walltime: 22.207131 CPU time: 119.918161
2026-07-27 08:49:28,998 - Evaluate - INFO - ASR Module... Epoch: 1, RSS: 3.54 GB
2026-07-27 08:49:28,999 - Evaluate - INFO - ASR... Epoch: 1, Walltime: 11.478737 CPU time: 62.181866
2026-07-27 08:49:55,198 - Evaluate - INFO - ASR Module... Epoch: 2, RSS: 3.54 GB
2026-07-27 08:49:55,199 - Evaluate - INFO - ASR... Epoch: 2, Walltime: 19.542057 CPU time: 105.672106
2026-07-27 08:50:19,321 - Evaluate - INFO - ASR Module... Epoch: 2, RSS: 3.54 GB
2026-07-27 08:50:19,322 - Evaluate - INFO - ASR... Epoch: 2, Walltime: 24.113406 CPU time: 130.499287
2026-07-27 08:50:42,909 - Evaluate - INFO - ASR Module... Epoch: 2, RSS: 3.54 GB
2026-07-27 08:50:42,910 - Evaluate - INFO - ASR... Epoch: 2, Walltime: 23.580557 CPU time: 127.481613
2026-07-27 08:51:10,151 - Evaluate - INFO - ASR Module... Epoch: 2, RSS: 3.54 GB
2026-07-27 08:51:10,152 - Evaluate - INFO - ASR... Epoch: 2, Walltime: 27.232980 CPU time: 147.108488
2026-07-27 08:51:37,325 - Evaluate - INFO - ASR Module... Epoch: 2, RSS: 3.51 GB
2026-07-27 08:51:37,326 - Evaluate - INFO - ASR... Epoch: 2, Walltime: 27.164460 CPU time: 147.823161
2026-07-27 08:51:59,569 - Evaluate - INFO - ASR Module... Epoch: 2, RSS: 3.51 GB
2026-07-27 08:51:59,570 - Evaluate - INFO - ASR... Epoch: 2, Walltime: 22.235144 CPU time: 121.069836
2026-07-27 08:52:20,089 - Evaluate - INFO - ASR Module... Epoch: 2, RSS: 3.51 GB
2026-07-27 08:52:20,090 - Evaluate - INFO - ASR... Epoch: 2, Walltime: 20.513870 CPU time: 113.112752
2026-07-27 08:52:40,989 - Evaluate - INFO - ASR Module... Epoch: 2, RSS: 3.51 GB
2026-07-27 08:52:40,990 - Evaluate - INFO - ASR... Epoch: 2, Walltime: 20.893550 CPU time: 114.474597
2026-07-27 08:53:02,743 - Evaluate - INFO - ASR Module... Epoch: 2, RSS: 3.51 GB
2026-07-27 08:53:02,745 - Evaluate - INFO - ASR... Epoch: 2, Walltime: 21.748870 CPU time: 119.300426
2026-07-27 08:53:23,903 - Evaluate - INFO - ASR Module... Epoch: 2, RSS: 3.51 GB
2026-07-27 08:53:23,904 - Evaluate - INFO - ASR... Epoch: 2, Walltime: 21.153801 CPU time: 115.648050
2026-07-27 08:53:47,843 - Evaluate - INFO - ASR Module... Epoch: 2, RSS: 3.51 GB
2026-07-27 08:53:47,844 - Evaluate - INFO - ASR... Epoch: 2, Walltime: 23.933084 CPU time: 127.886108
2026-07-27 08:54:06,759 - Evaluate - INFO - ASR Module... Epoch: 2, RSS: 3.51 GB
2026-07-27 08:54:06,760 - Evaluate - INFO - ASR... Epoch: 2, Walltime: 18.911058 CPU time: 103.339256
2026-07-27 08:54:26,621 - Evaluate - INFO - ASR Module... Epoch: 2, RSS: 3.51 GB
2026-07-27 08:54:26,622 - Evaluate - INFO - ASR... Epoch: 2, Walltime: 19.857308 CPU time: 109.663725
2026-07-27 08:54:51,365 - Evaluate - INFO - ASR Module... Epoch: 2, RSS: 3.51 GB
2026-07-27 08:54:51,366 - Evaluate - INFO - ASR... Epoch: 2, Walltime: 24.735493 CPU time: 134.195827
2026-07-27 08:55:14,507 - Evaluate - INFO - ASR Module... Epoch: 2, RSS: 3.51 GB
2026-07-27 08:55:14,509 - Evaluate - INFO - ASR... Epoch: 2, Walltime: 23.135613 CPU time: 125.879412
2026-07-27 08:55:33,391 - Evaluate - INFO - ASR Module... Epoch: 2, RSS: 3.51 GB
2026-07-27 08:55:33,392 - Evaluate - INFO - ASR... Epoch: 2, Walltime: 18.878814 CPU time: 104.433108
2026-07-27 08:55:54,080 - Evaluate - INFO - ASR Module... Epoch: 2, RSS: 3.51 GB
2026-07-27 08:55:54,081 - Evaluate - INFO - ASR... Epoch: 2, Walltime: 20.682275 CPU time: 113.687938
2026-07-27 08:56:12,744 - Evaluate - INFO - ASR Module... Epoch: 2, RSS: 3.51 GB
2026-07-27 08:56:12,745 - Evaluate - INFO - ASR... Epoch: 2, Walltime: 18.659234 CPU time: 103.448773
2026-07-27 08:56:31,368 - Evaluate - INFO - ASR Module... Epoch: 2, RSS: 3.51 GB
2026-07-27 08:56:31,369 - Evaluate - INFO - ASR... Epoch: 2, Walltime: 18.619570 CPU time: 103.348802
2026-07-27 08:56:50,705 - Evaluate - INFO - ASR Module... Epoch: 2, RSS: 3.51 GB
2026-07-27 08:56:50,706 - Evaluate - INFO - ASR... Epoch: 2, Walltime: 19.331170 CPU time: 106.770999
2026-07-27 08:57:13,770 - Evaluate - INFO - ASR Module... Epoch: 2, RSS: 3.51 GB
2026-07-27 08:57:13,771 - Evaluate - INFO - ASR... Epoch: 2, Walltime: 23.058863 CPU time: 126.768256
2026-07-27 08:57:40,569 - Evaluate - INFO - ASR Module... Epoch: 2, RSS: 3.51 GB
2026-07-27 08:57:40,570 - Evaluate - INFO - ASR... Epoch: 2, Walltime: 26.790904 CPU time: 145.295924
2026-07-27 08:58:01,400 - Evaluate - INFO - ASR Module... Epoch: 2, RSS: 3.51 GB
2026-07-27 08:58:01,401 - Evaluate - INFO - ASR... Epoch: 2, Walltime: 20.824124 CPU time: 112.001610
2026-07-27 08:58:20,816 - Evaluate - INFO - ASR Module... Epoch: 2, RSS: 3.51 GB
2026-07-27 08:58:20,817 - Evaluate - INFO - ASR... Epoch: 2, Walltime: 19.411841 CPU time: 107.279323
2026-07-27 08:58:41,466 - Evaluate - INFO - ASR Module... Epoch: 2, RSS: 3.51 GB
2026-07-27 08:58:41,467 - Evaluate - INFO - ASR... Epoch: 2, Walltime: 20.643557 CPU time: 113.270502
2026-07-27 08:59:01,968 - Evaluate - INFO - ASR Module... Epoch: 2, RSS: 3.51 GB
2026-07-27 08:59:01,969 - Evaluate - INFO - ASR... Epoch: 2, Walltime: 20.496668 CPU time: 112.966947
2026-07-27 08:59:23,147 - Evaluate - INFO - ASR Module... Epoch: 2, RSS: 3.39 GB
2026-07-27 08:59:23,148 - Evaluate - INFO - ASR... Epoch: 2, Walltime: 21.173421 CPU time: 115.964429
2026-07-27 08:59:44,667 - Evaluate - INFO - ASR Module... Epoch: 2, RSS: 3.39 GB
2026-07-27 08:59:44,668 - Evaluate - INFO - ASR... Epoch: 2, Walltime: 21.512101 CPU time: 118.487574
2026-07-27 09:00:05,025 - Evaluate - INFO - ASR Module... Epoch: 2, RSS: 3.39 GB
2026-07-27 09:00:05,026 - Evaluate - INFO - ASR... Epoch: 2, Walltime: 20.351601 CPU time: 111.556173
2026-07-27 09:00:25,317 - Evaluate - INFO - ASR Module... Epoch: 2, RSS: 3.39 GB
2026-07-27 09:00:25,318 - Evaluate - INFO - ASR... Epoch: 2, Walltime: 20.286855 CPU time: 111.055549
2026-07-27 09:00:46,164 - Evaluate - INFO - ASR Module... Epoch: 2, RSS: 3.39 GB
2026-07-27 09:00:46,166 - Evaluate - INFO - ASR... Epoch: 2, Walltime: 20.842011 CPU time: 114.913057
2026-07-27 09:01:06,062 - Evaluate - INFO - ASR Module... Epoch: 2, RSS: 3.39 GB
2026-07-27 09:01:06,062 - Evaluate - INFO - ASR... Epoch: 2, Walltime: 19.892117 CPU time: 109.327638
2026-07-27 09:01:26,202 - Evaluate - INFO - ASR Module... Epoch: 2, RSS: 3.39 GB
2026-07-27 09:01:26,204 - Evaluate - INFO - ASR... Epoch: 2, Walltime: 20.135870 CPU time: 110.908849
2026-07-27 09:01:46,182 - Evaluate - INFO - ASR Module... Epoch: 2, RSS: 3.39 GB
2026-07-27 09:01:46,183 - Evaluate - INFO - ASR... Epoch: 2, Walltime: 19.973884 CPU time: 110.598425
2026-07-27 09:02:05,444 - Evaluate - INFO - ASR Module... Epoch: 2, RSS: 3.39 GB
2026-07-27 09:02:05,445 - Evaluate - INFO - ASR... Epoch: 2, Walltime: 19.256867 CPU time: 106.221523
2026-07-27 09:02:27,828 - Evaluate - INFO - ASR Module... Epoch: 2, RSS: 3.39 GB
2026-07-27 09:02:27,830 - Evaluate - INFO - ASR... Epoch: 2, Walltime: 22.377035 CPU time: 122.789360
2026-07-27 09:02:51,818 - Evaluate - INFO - ASR Module... Epoch: 2, RSS: 3.39 GB
2026-07-27 09:02:51,820 - Evaluate - INFO - ASR... Epoch: 2, Walltime: 23.983553 CPU time: 130.712141
2026-07-27 09:03:15,949 - Evaluate - INFO - ASR Module... Epoch: 2, RSS: 3.39 GB
2026-07-27 09:03:15,951 - Evaluate - INFO - ASR... Epoch: 2, Walltime: 24.121594 CPU time: 131.620971
2026-07-27 09:03:38,592 - Evaluate - INFO - ASR Module... Epoch: 2, RSS: 3.39 GB
2026-07-27 09:03:38,593 - Evaluate - INFO - ASR... Epoch: 2, Walltime: 22.636285 CPU time: 123.838500
2026-07-27 09:03:57,496 - Evaluate - INFO - ASR Module... Epoch: 2, RSS: 3.39 GB
2026-07-27 09:03:57,497 - Evaluate - INFO - ASR... Epoch: 2, Walltime: 18.898002 CPU time: 104.337706
2026-07-27 09:04:16,122 - Evaluate - INFO - ASR Module... Epoch: 2, RSS: 3.39 GB
2026-07-27 09:04:16,123 - Evaluate - INFO - ASR... Epoch: 2, Walltime: 18.622279 CPU time: 103.379964
2026-07-27 09:04:36,245 - Evaluate - INFO - ASR Module... Epoch: 2, RSS: 3.39 GB
2026-07-27 09:04:36,246 - Evaluate - INFO - ASR... Epoch: 2, Walltime: 20.116254 CPU time: 111.066617
2026-07-27 09:04:55,257 - Evaluate - INFO - ASR Module... Epoch: 2, RSS: 3.39 GB
2026-07-27 09:04:55,258 - Evaluate - INFO - ASR... Epoch: 2, Walltime: 19.006781 CPU time: 104.986808
2026-07-27 09:05:14,036 - Evaluate - INFO - ASR Module... Epoch: 2, RSS: 3.39 GB
2026-07-27 09:05:14,037 - Evaluate - INFO - ASR... Epoch: 2, Walltime: 18.774937 CPU time: 104.048560
2026-07-27 09:05:33,917 - Evaluate - INFO - ASR Module... Epoch: 2, RSS: 3.39 GB
2026-07-27 09:05:33,918 - Evaluate - INFO - ASR... Epoch: 2, Walltime: 19.876366 CPU time: 109.927370
2026-07-27 09:05:52,253 - Evaluate - INFO - ASR Module... Epoch: 2, RSS: 3.39 GB
2026-07-27 09:05:52,254 - Evaluate - INFO - ASR... Epoch: 2, Walltime: 18.331789 CPU time: 101.689624
2026-07-27 09:06:10,633 - Evaluate - INFO - ASR Module... Epoch: 2, RSS: 3.39 GB
2026-07-27 09:06:10,634 - Evaluate - INFO - ASR... Epoch: 2, Walltime: 18.375744 CPU time: 102.152659
2026-07-27 09:06:30,181 - Evaluate - INFO - ASR Module... Epoch: 2, RSS: 3.39 GB
2026-07-27 09:06:30,182 - Evaluate - INFO - ASR... Epoch: 2, Walltime: 19.542535 CPU time: 108.051842
2026-07-27 09:06:49,843 - Evaluate - INFO - ASR Module... Epoch: 2, RSS: 3.39 GB
2026-07-27 09:06:49,844 - Evaluate - INFO - ASR... Epoch: 2, Walltime: 19.657223 CPU time: 108.502614
2026-07-27 09:07:08,533 - Evaluate - INFO - ASR Module... Epoch: 2, RSS: 3.39 GB
2026-07-27 09:07:08,534 - Evaluate - INFO - ASR... Epoch: 2, Walltime: 18.685363 CPU time: 102.686216
2026-07-27 09:07:27,642 - Evaluate - INFO - ASR Module... Epoch: 2, RSS: 3.39 GB
2026-07-27 09:07:27,643 - Evaluate - INFO - ASR... Epoch: 2, Walltime: 19.104402 CPU time: 105.117791
2026-07-27 09:07:46,266 - Evaluate - INFO - ASR Module... Epoch: 2, RSS: 3.39 GB
2026-07-27 09:07:46,267 - Evaluate - INFO - ASR... Epoch: 2, Walltime: 18.619111 CPU time: 102.333381
2026-07-27 09:08:06,436 - Evaluate - INFO - ASR Module... Epoch: 2, RSS: 3.39 GB
2026-07-27 09:08:06,437 - Evaluate - INFO - ASR... Epoch: 2, Walltime: 20.165453 CPU time: 111.013310
2026-07-27 09:08:25,446 - Evaluate - INFO - ASR Module... Epoch: 2, RSS: 3.39 GB
2026-07-27 09:08:25,447 - Evaluate - INFO - ASR... Epoch: 2, Walltime: 19.004613 CPU time: 104.683169
2026-07-27 09:08:45,110 - Evaluate - INFO - ASR Module... Epoch: 2, RSS: 3.39 GB
2026-07-27 09:08:45,111 - Evaluate - INFO - ASR... Epoch: 2, Walltime: 19.658435 CPU time: 108.382171
2026-07-27 09:09:04,570 - Evaluate - INFO - ASR Module... Epoch: 2, RSS: 3.39 GB
2026-07-27 09:09:04,571 - Evaluate - INFO - ASR... Epoch: 2, Walltime: 19.455716 CPU time: 105.654321
2026-07-27 09:09:24,247 - Evaluate - INFO - ASR Module... Epoch: 2, RSS: 3.39 GB
2026-07-27 09:09:24,248 - Evaluate - INFO - ASR... Epoch: 2, Walltime: 19.671826 CPU time: 107.523661
2026-07-27 09:09:44,342 - Evaluate - INFO - ASR Module... Epoch: 2, RSS: 3.39 GB
2026-07-27 09:09:44,343 - Evaluate - INFO - ASR... Epoch: 2, Walltime: 20.088959 CPU time: 111.087138
2026-07-27 09:10:03,888 - Evaluate - INFO - ASR Module... Epoch: 2, RSS: 3.39 GB
2026-07-27 09:10:03,889 - Evaluate - INFO - ASR... Epoch: 2, Walltime: 19.540404 CPU time: 107.511963
2026-07-27 09:10:23,960 - Evaluate - INFO - ASR Module... Epoch: 2, RSS: 3.39 GB
2026-07-27 09:10:23,961 - Evaluate - INFO - ASR... Epoch: 2, Walltime: 20.066387 CPU time: 109.455943
2026-07-27 09:10:42,923 - Evaluate - INFO - ASR Module... Epoch: 2, RSS: 3.39 GB
2026-07-27 09:10:42,924 - Evaluate - INFO - ASR... Epoch: 2, Walltime: 18.958362 CPU time: 105.093002
2026-07-27 09:11:02,398 - Evaluate - INFO - ASR Module... Epoch: 2, RSS: 3.39 GB
2026-07-27 09:11:02,399 - Evaluate - INFO - ASR... Epoch: 2, Walltime: 19.470195 CPU time: 106.795790
2026-07-27 09:11:21,223 - Evaluate - INFO - ASR Module... Epoch: 2, RSS: 3.39 GB
2026-07-27 09:11:21,224 - Evaluate - INFO - ASR... Epoch: 2, Walltime: 18.819529 CPU time: 104.081252
2026-07-27 09:11:41,671 - Evaluate - INFO - ASR Module... Epoch: 2, RSS: 3.39 GB
2026-07-27 09:11:41,672 - Evaluate - INFO - ASR... Epoch: 2, Walltime: 20.442594 CPU time: 111.055254
2026-07-27 09:12:01,094 - Evaluate - INFO - ASR Module... Epoch: 2, RSS: 3.39 GB
2026-07-27 09:12:01,095 - Evaluate - INFO - ASR... Epoch: 2, Walltime: 19.417736 CPU time: 107.030242
2026-07-27 09:12:20,963 - Evaluate - INFO - ASR Module... Epoch: 2, RSS: 3.39 GB
2026-07-27 09:12:20,964 - Evaluate - INFO - ASR... Epoch: 2, Walltime: 19.862708 CPU time: 109.560532
2026-07-27 09:12:39,650 - Evaluate - INFO - ASR Module... Epoch: 2, RSS: 3.39 GB
2026-07-27 09:12:39,651 - Evaluate - INFO - ASR... Epoch: 2, Walltime: 18.682022 CPU time: 102.000497
2026-07-27 09:12:58,599 - Evaluate - INFO - ASR Module... Epoch: 2, RSS: 3.39 GB
2026-07-27 09:12:58,600 - Evaluate - INFO - ASR... Epoch: 2, Walltime: 18.944450 CPU time: 105.044937
2026-07-27 09:13:17,979 - Evaluate - INFO - ASR Module... Epoch: 2, RSS: 3.39 GB
2026-07-27 09:13:17,980 - Evaluate - INFO - ASR... Epoch: 2, Walltime: 19.374336 CPU time: 106.950778
2026-07-27 09:13:37,617 - Evaluate - INFO - ASR Module... Epoch: 2, RSS: 3.39 GB
2026-07-27 09:13:37,618 - Evaluate - INFO - ASR... Epoch: 2, Walltime: 19.633810 CPU time: 108.381823
2026-07-27 09:13:55,474 - Evaluate - INFO - ASR Module... Epoch: 2, RSS: 3.39 GB
2026-07-27 09:13:55,475 - Evaluate - INFO - ASR... Epoch: 2, Walltime: 17.852599 CPU time: 99.335983
2026-07-27 09:14:13,818 - Evaluate - INFO - ASR Module... Epoch: 2, RSS: 3.39 GB
2026-07-27 09:14:13,820 - Evaluate - INFO - ASR... Epoch: 2, Walltime: 18.339984 CPU time: 100.064361
2026-07-27 09:14:33,143 - Evaluate - INFO - ASR Module... Epoch: 2, RSS: 3.39 GB
2026-07-27 09:14:33,144 - Evaluate - INFO - ASR... Epoch: 2, Walltime: 19.319957 CPU time: 106.423762
2026-07-27 09:14:50,814 - Evaluate - INFO - ASR Module... Epoch: 2, RSS: 3.39 GB
2026-07-27 09:14:50,815 - Evaluate - INFO - ASR... Epoch: 2, Walltime: 17.666375 CPU time: 97.835546
2026-07-27 09:15:08,883 - Evaluate - INFO - ASR Module... Epoch: 2, RSS: 3.39 GB
2026-07-27 09:15:08,884 - Evaluate - INFO - ASR... Epoch: 2, Walltime: 18.066327 CPU time: 100.280472
2026-07-27 09:15:26,931 - Evaluate - INFO - ASR Module... Epoch: 2, RSS: 3.39 GB
2026-07-27 09:15:26,933 - Evaluate - INFO - ASR... Epoch: 2, Walltime: 18.044302 CPU time: 100.159598
2026-07-27 09:15:45,469 - Evaluate - INFO - ASR Module... Epoch: 2, RSS: 3.39 GB
2026-07-27 09:15:45,470 - Evaluate - INFO - ASR... Epoch: 2, Walltime: 18.533270 CPU time: 101.580738
2026-07-27 09:16:03,695 - Evaluate - INFO - ASR Module... Epoch: 2, RSS: 3.39 GB
2026-07-27 09:16:03,697 - Evaluate - INFO - ASR... Epoch: 2, Walltime: 18.222677 CPU time: 100.436783
2026-07-27 09:16:23,137 - Evaluate - INFO - ASR Module... Epoch: 2, RSS: 3.39 GB
2026-07-27 09:16:23,138 - Evaluate - INFO - ASR... Epoch: 2, Walltime: 19.436900 CPU time: 107.214279
2026-07-27 09:16:41,540 - Evaluate - INFO - ASR Module... Epoch: 2, RSS: 3.39 GB
2026-07-27 09:16:41,542 - Evaluate - INFO - ASR... Epoch: 2, Walltime: 18.398676 CPU time: 101.939616
2026-07-27 09:16:59,167 - Evaluate - INFO - ASR Module... Epoch: 2, RSS: 3.39 GB
2026-07-27 09:16:59,168 - Evaluate - INFO - ASR... Epoch: 2, Walltime: 17.623040 CPU time: 98.160076
2026-07-27 09:17:18,251 - Evaluate - INFO - ASR Module... Epoch: 2, RSS: 3.39 GB
2026-07-27 09:17:18,252 - Evaluate - INFO - ASR... Epoch: 2, Walltime: 19.079213 CPU time: 105.583418
2026-07-27 09:17:37,544 - Evaluate - INFO - ASR Module... Epoch: 2, RSS: 3.39 GB
2026-07-27 09:17:37,546 - Evaluate - INFO - ASR... Epoch: 2, Walltime: 19.287770 CPU time: 106.062955
2026-07-27 09:17:55,302 - Evaluate - INFO - ASR Module... Epoch: 2, RSS: 3.39 GB
2026-07-27 09:17:55,303 - Evaluate - INFO - ASR... Epoch: 2, Walltime: 17.752558 CPU time: 98.935377
2026-07-27 09:18:14,049 - Evaluate - INFO - ASR Module... Epoch: 2, RSS: 3.39 GB
2026-07-27 09:18:14,050 - Evaluate - INFO - ASR... Epoch: 2, Walltime: 18.743550 CPU time: 103.151801
2026-07-27 09:18:31,770 - Evaluate - INFO - ASR Module... Epoch: 2, RSS: 3.39 GB
2026-07-27 09:18:31,771 - Evaluate - INFO - ASR... Epoch: 2, Walltime: 17.716642 CPU time: 98.738483
2026-07-27 09:18:49,915 - Evaluate - INFO - ASR Module... Epoch: 2, RSS: 3.39 GB
2026-07-27 09:18:49,916 - Evaluate - INFO - ASR... Epoch: 2, Walltime: 18.141949 CPU time: 99.769569
2026-07-27 09:19:08,334 - Evaluate - INFO - ASR Module... Epoch: 2, RSS: 3.39 GB
2026-07-27 09:19:08,335 - Evaluate - INFO - ASR... Epoch: 2, Walltime: 18.414407 CPU time: 101.191171
2026-07-27 09:19:26,879 - Evaluate - INFO - ASR Module... Epoch: 2, RSS: 3.39 GB
2026-07-27 09:19:26,881 - Evaluate - INFO - ASR... Epoch: 2, Walltime: 18.541712 CPU time: 102.663693
2026-07-27 09:19:45,260 - Evaluate - INFO - ASR Module... Epoch: 2, RSS: 3.39 GB
2026-07-27 09:19:45,261 - Evaluate - INFO - ASR... Epoch: 2, Walltime: 18.375919 CPU time: 101.969298
2026-07-27 09:20:05,441 - Evaluate - INFO - ASR Module... Epoch: 2, RSS: 3.39 GB
2026-07-27 09:20:05,442 - Evaluate - INFO - ASR... Epoch: 2, Walltime: 20.174548 CPU time: 111.554567
2026-07-27 09:20:23,728 - Evaluate - INFO - ASR Module... Epoch: 2, RSS: 3.39 GB
2026-07-27 09:20:23,730 - Evaluate - INFO - ASR... Epoch: 2, Walltime: 18.283949 CPU time: 100.924704
2026-07-27 09:20:42,963 - Evaluate - INFO - ASR Module... Epoch: 2, RSS: 3.39 GB
2026-07-27 09:20:42,964 - Evaluate - INFO - ASR... Epoch: 2, Walltime: 19.230403 CPU time: 105.135787
2026-07-27 09:21:01,241 - Evaluate - INFO - ASR Module... Epoch: 2, RSS: 3.39 GB
2026-07-27 09:21:01,242 - Evaluate - INFO - ASR... Epoch: 2, Walltime: 18.273656 CPU time: 101.073739
2026-07-27 09:21:20,226 - Evaluate - INFO - ASR Module... Epoch: 2, RSS: 3.39 GB
2026-07-27 09:21:20,227 - Evaluate - INFO - ASR... Epoch: 2, Walltime: 18.980428 CPU time: 105.113930
2026-07-27 09:21:38,247 - Evaluate - INFO - ASR Module... Epoch: 2, RSS: 3.39 GB
2026-07-27 09:21:38,248 - Evaluate - INFO - ASR... Epoch: 2, Walltime: 18.016887 CPU time: 100.084925
2026-07-27 09:21:56,935 - Evaluate - INFO - ASR Module... Epoch: 2, RSS: 3.39 GB
2026-07-27 09:21:56,936 - Evaluate - INFO - ASR... Epoch: 2, Walltime: 18.683836 CPU time: 102.308151
2026-07-27 09:22:14,685 - Evaluate - INFO - ASR Module... Epoch: 2, RSS: 3.39 GB
2026-07-27 09:22:14,686 - Evaluate - INFO - ASR... Epoch: 2, Walltime: 17.745942 CPU time: 98.367171
2026-07-27 09:22:32,839 - Evaluate - INFO - ASR Module... Epoch: 2, RSS: 3.39 GB
2026-07-27 09:22:32,840 - Evaluate - INFO - ASR... Epoch: 2, Walltime: 18.150119 CPU time: 100.909248
2026-07-27 09:22:50,893 - Evaluate - INFO - ASR Module... Epoch: 2, RSS: 3.39 GB
2026-07-27 09:22:50,894 - Evaluate - INFO - ASR... Epoch: 2, Walltime: 18.049143 CPU time: 100.112740
2026-07-27 09:23:08,981 - Evaluate - INFO - ASR Module... Epoch: 2, RSS: 3.39 GB
2026-07-27 09:23:08,982 - Evaluate - INFO - ASR... Epoch: 2, Walltime: 18.084861 CPU time: 100.115756
2026-07-27 09:23:27,675 - Evaluate - INFO - ASR Module... Epoch: 2, RSS: 3.39 GB
2026-07-27 09:23:27,676 - Evaluate - INFO - ASR... Epoch: 2, Walltime: 18.690023 CPU time: 102.527350
2026-07-27 09:23:46,194 - Evaluate - INFO - ASR Module... Epoch: 2, RSS: 3.39 GB
2026-07-27 09:23:46,195 - Evaluate - INFO - ASR... Epoch: 2, Walltime: 18.514242 CPU time: 101.855128
2026-07-27 09:24:03,834 - Evaluate - INFO - ASR Module... Epoch: 2, RSS: 3.39 GB
2026-07-27 09:24:03,835 - Evaluate - INFO - ASR... Epoch: 2, Walltime: 17.636692 CPU time: 97.521290
2026-07-27 09:24:21,706 - Evaluate - INFO - ASR Module... Epoch: 2, RSS: 3.39 GB
2026-07-27 09:24:21,707 - Evaluate - INFO - ASR... Epoch: 2, Walltime: 17.868158 CPU time: 98.525945
2026-07-27 09:24:39,881 - Evaluate - INFO - ASR Module... Epoch: 2, RSS: 3.39 GB
2026-07-27 09:24:39,882 - Evaluate - INFO - ASR... Epoch: 2, Walltime: 18.170890 CPU time: 100.483442
2026-07-27 09:24:57,958 - Evaluate - INFO - ASR Module... Epoch: 2, RSS: 3.39 GB
2026-07-27 09:24:57,960 - Evaluate - INFO - ASR... Epoch: 2, Walltime: 18.073745 CPU time: 99.974152
2026-07-27 09:25:15,709 - Evaluate - INFO - ASR Module... Epoch: 2, RSS: 3.39 GB
2026-07-27 09:25:15,710 - Evaluate - INFO - ASR... Epoch: 2, Walltime: 17.746987 CPU time: 97.532115
2026-07-27 09:25:35,169 - Evaluate - INFO - ASR Module... Epoch: 2, RSS: 3.39 GB
2026-07-27 09:25:35,171 - Evaluate - INFO - ASR... Epoch: 2, Walltime: 19.455256 CPU time: 107.128333
2026-07-27 09:25:53,623 - Evaluate - INFO - ASR Module... Epoch: 2, RSS: 3.39 GB
2026-07-27 09:25:53,624 - Evaluate - INFO - ASR... Epoch: 2, Walltime: 18.449753 CPU time: 102.243859
2026-07-27 09:26:12,059 - Evaluate - INFO - ASR Module... Epoch: 2, RSS: 3.39 GB
2026-07-27 09:26:12,060 - Evaluate - INFO - ASR... Epoch: 2, Walltime: 18.431273 CPU time: 102.039351
2026-07-27 09:26:29,891 - Evaluate - INFO - ASR Module... Epoch: 2, RSS: 3.39 GB
2026-07-27 09:26:29,892 - Evaluate - INFO - ASR... Epoch: 2, Walltime: 17.828651 CPU time: 98.603419
2026-07-27 09:26:49,045 - Evaluate - INFO - ASR Module... Epoch: 2, RSS: 3.39 GB
2026-07-27 09:26:49,046 - Evaluate - INFO - ASR... Epoch: 2, Walltime: 19.149435 CPU time: 105.111764
2026-07-27 09:27:09,200 - Evaluate - INFO - ASR Module... Epoch: 2, RSS: 3.39 GB
2026-07-27 09:27:09,201 - Evaluate - INFO - ASR... Epoch: 2, Walltime: 20.149544 CPU time: 110.547146
2026-07-27 09:27:29,323 - Evaluate - INFO - ASR Module... Epoch: 2, RSS: 3.39 GB
2026-07-27 09:27:29,324 - Evaluate - INFO - ASR... Epoch: 2, Walltime: 20.117689 CPU time: 108.940307
2026-07-27 09:27:47,354 - Evaluate - INFO - ASR Module... Epoch: 2, RSS: 3.39 GB
2026-07-27 09:27:47,356 - Evaluate - INFO - ASR... Epoch: 2, Walltime: 18.026721 CPU time: 99.098250
2026-07-27 09:28:05,444 - Evaluate - INFO - ASR Module... Epoch: 2, RSS: 3.39 GB
2026-07-27 09:28:05,445 - Evaluate - INFO - ASR... Epoch: 2, Walltime: 18.085432 CPU time: 100.384278
2026-07-27 09:28:25,523 - Evaluate - INFO - ASR Module... Epoch: 2, RSS: 3.39 GB
2026-07-27 09:28:25,524 - Evaluate - INFO - ASR... Epoch: 2, Walltime: 20.073394 CPU time: 109.492617
2026-07-27 09:28:44,553 - Evaluate - INFO - ASR Module... Epoch: 2, RSS: 3.39 GB
2026-07-27 09:28:44,554 - Evaluate - INFO - ASR... Epoch: 2, Walltime: 19.025942 CPU time: 104.881174
2026-07-27 09:29:03,002 - Evaluate - INFO - ASR Module... Epoch: 2, RSS: 3.39 GB
2026-07-27 09:29:03,003 - Evaluate - INFO - ASR... Epoch: 2, Walltime: 18.444089 CPU time: 102.017270
2026-07-27 09:29:21,921 - Evaluate - INFO - ASR Module... Epoch: 2, RSS: 3.39 GB
2026-07-27 09:29:21,922 - Evaluate - INFO - ASR... Epoch: 2, Walltime: 18.913266 CPU time: 104.622171
2026-07-27 09:29:40,567 - Evaluate - INFO - ASR Module... Epoch: 2, RSS: 3.39 GB
2026-07-27 09:29:40,569 - Evaluate - INFO - ASR... Epoch: 2, Walltime: 18.643046 CPU time: 103.198011
2026-07-27 09:30:02,278 - Evaluate - INFO - ASR Module... Epoch: 2, RSS: 3.39 GB
2026-07-27 09:30:02,280 - Evaluate - INFO - ASR... Epoch: 2, Walltime: 21.704897 CPU time: 117.899692
2026-07-27 09:30:20,299 - Evaluate - INFO - ASR Module... Epoch: 2, RSS: 3.39 GB
2026-07-27 09:30:20,300 - Evaluate - INFO - ASR... Epoch: 2, Walltime: 18.015105 CPU time: 99.721000
2026-07-27 09:30:41,465 - Evaluate - INFO - ASR Module... Epoch: 2, RSS: 3.39 GB
2026-07-27 09:30:41,466 - Evaluate - INFO - ASR... Epoch: 2, Walltime: 21.161284 CPU time: 115.241476
2026-07-27 09:31:01,313 - Evaluate - INFO - ASR Module... Epoch: 2, RSS: 3.39 GB
2026-07-27 09:31:01,314 - Evaluate - INFO - ASR... Epoch: 2, Walltime: 19.843188 CPU time: 107.218970
2026-07-27 09:31:23,066 - Evaluate - INFO - ASR Module... Epoch: 2, RSS: 3.39 GB
2026-07-27 09:31:23,068 - Evaluate - INFO - ASR... Epoch: 2, Walltime: 21.745280 CPU time: 118.953563
2026-07-27 09:31:43,654 - Evaluate - INFO - ASR Module... Epoch: 2, RSS: 3.39 GB
2026-07-27 09:31:43,656 - Evaluate - INFO - ASR... Epoch: 2, Walltime: 20.582499 CPU time: 111.677271
2026-07-27 09:32:01,903 - Evaluate - INFO - ASR Module... Epoch: 2, RSS: 3.39 GB
2026-07-27 09:32:01,904 - Evaluate - INFO - ASR... Epoch: 2, Walltime: 18.244769 CPU time: 101.311002
2026-07-27 09:32:20,835 - Evaluate - INFO - ASR Module... Epoch: 2, RSS: 3.39 GB
2026-07-27 09:32:20,836 - Evaluate - INFO - ASR... Epoch: 2, Walltime: 18.926861 CPU time: 104.731092
2026-07-27 09:32:39,693 - Evaluate - INFO - ASR Module... Epoch: 2, RSS: 3.39 GB
2026-07-27 09:32:39,694 - Evaluate - INFO - ASR... Epoch: 2, Walltime: 18.854525 CPU time: 103.875907
2026-07-27 09:32:57,605 - Evaluate - INFO - ASR Module... Epoch: 2, RSS: 3.39 GB
2026-07-27 09:32:57,606 - Evaluate - INFO - ASR... Epoch: 2, Walltime: 17.907648 CPU time: 98.976034
2026-07-27 09:33:18,290 - Evaluate - INFO - ASR Module... Epoch: 2, RSS: 3.39 GB
2026-07-27 09:33:18,291 - Evaluate - INFO - ASR... Epoch: 2, Walltime: 20.680774 CPU time: 113.405994
2026-07-27 09:33:37,748 - Evaluate - INFO - ASR Module... Epoch: 2, RSS: 3.39 GB
2026-07-27 09:33:37,749 - Evaluate - INFO - ASR... Epoch: 2, Walltime: 19.452927 CPU time: 106.944641
2026-07-27 09:33:56,667 - Evaluate - INFO - ASR Module... Epoch: 2, RSS: 3.39 GB
2026-07-27 09:33:56,668 - Evaluate - INFO - ASR... Epoch: 2, Walltime: 18.915312 CPU time: 104.278616
2026-07-27 09:34:15,940 - Evaluate - INFO - ASR Module... Epoch: 2, RSS: 3.39 GB
2026-07-27 09:34:15,941 - Evaluate - INFO - ASR... Epoch: 2, Walltime: 19.267384 CPU time: 106.473551
2026-07-27 09:34:34,160 - Evaluate - INFO - ASR Module... Epoch: 2, RSS: 3.39 GB
2026-07-27 09:34:34,161 - Evaluate - INFO - ASR... Epoch: 2, Walltime: 18.216405 CPU time: 100.685401
2026-07-27 09:34:52,185 - Evaluate - INFO - ASR Module... Epoch: 2, RSS: 3.39 GB
2026-07-27 09:34:52,186 - Evaluate - INFO - ASR... Epoch: 2, Walltime: 18.021140 CPU time: 99.751592
2026-07-27 09:35:12,691 - Evaluate - INFO - ASR Module... Epoch: 2, RSS: 3.39 GB
2026-07-27 09:35:12,692 - Evaluate - INFO - ASR... Epoch: 2, Walltime: 20.500700 CPU time: 110.715151
2026-07-27 09:35:35,000 - Evaluate - INFO - ASR Module... Epoch: 2, RSS: 3.39 GB
2026-07-27 09:35:35,002 - Evaluate - INFO - ASR... Epoch: 2, Walltime: 22.303490 CPU time: 121.863086
2026-07-27 09:35:55,629 - Evaluate - INFO - ASR Module... Epoch: 2, RSS: 3.39 GB
2026-07-27 09:35:55,630 - Evaluate - INFO - ASR... Epoch: 2, Walltime: 20.623002 CPU time: 112.888689
2026-07-27 09:36:13,158 - Evaluate - INFO - ASR Module... Epoch: 2, RSS: 3.39 GB
2026-07-27 09:36:13,159 - Evaluate - INFO - ASR... Epoch: 2, Walltime: 17.524176 CPU time: 97.597962
2026-07-27 09:36:32,978 - Evaluate - INFO - ASR Module... Epoch: 2, RSS: 3.39 GB
2026-07-27 09:36:32,979 - Evaluate - INFO - ASR... Epoch: 2, Walltime: 19.816194 CPU time: 108.602439
2026-07-27 09:36:52,690 - Evaluate - INFO - ASR Module... Epoch: 2, RSS: 3.39 GB
2026-07-27 09:36:52,692 - Evaluate - INFO - ASR... Epoch: 2, Walltime: 19.707192 CPU time: 108.020004
2026-07-27 09:37:11,944 - Evaluate - INFO - ASR Module... Epoch: 2, RSS: 3.39 GB
2026-07-27 09:37:11,945 - Evaluate - INFO - ASR... Epoch: 2, Walltime: 19.248789 CPU time: 104.969734
2026-07-27 09:37:31,702 - Evaluate - INFO - ASR Module... Epoch: 2, RSS: 3.39 GB
2026-07-27 09:37:31,703 - Evaluate - INFO - ASR... Epoch: 2, Walltime: 19.752682 CPU time: 108.690624
2026-07-27 09:37:50,349 - Evaluate - INFO - ASR Module... Epoch: 2, RSS: 3.39 GB
2026-07-27 09:37:50,350 - Evaluate - INFO - ASR... Epoch: 2, Walltime: 18.643028 CPU time: 102.348326
2026-07-27 09:38:08,568 - Evaluate - INFO - ASR Module... Epoch: 2, RSS: 3.39 GB
2026-07-27 09:38:08,569 - Evaluate - INFO - ASR... Epoch: 2, Walltime: 18.214014 CPU time: 100.582057
2026-07-27 09:38:27,538 - Evaluate - INFO - ASR Module... Epoch: 2, RSS: 3.39 GB
2026-07-27 09:38:27,540 - Evaluate - INFO - ASR... Epoch: 2, Walltime: 18.966761 CPU time: 103.996648
2026-07-27 09:38:45,497 - Evaluate - INFO - ASR Module... Epoch: 2, RSS: 3.39 GB
2026-07-27 09:38:45,498 - Evaluate - INFO - ASR... Epoch: 2, Walltime: 17.954195 CPU time: 99.906582
2026-07-27 09:39:04,197 - Evaluate - INFO - ASR Module... Epoch: 2, RSS: 3.39 GB
2026-07-27 09:39:04,198 - Evaluate - INFO - ASR... Epoch: 2, Walltime: 18.695103 CPU time: 103.126712
2026-07-27 09:39:22,265 - Evaluate - INFO - ASR Module... Epoch: 2, RSS: 3.39 GB
2026-07-27 09:39:22,266 - Evaluate - INFO - ASR... Epoch: 2, Walltime: 18.064755 CPU time: 100.354578
2026-07-27 09:39:40,774 - Evaluate - INFO - ASR Module... Epoch: 2, RSS: 3.39 GB
2026-07-27 09:39:40,775 - Evaluate - INFO - ASR... Epoch: 2, Walltime: 18.504203 CPU time: 101.874287
2026-07-27 09:39:59,987 - Evaluate - INFO - ASR Module... Epoch: 2, RSS: 3.39 GB
2026-07-27 09:39:59,988 - Evaluate - INFO - ASR... Epoch: 2, Walltime: 19.208686 CPU time: 105.270370
2026-07-27 09:40:19,623 - Evaluate - INFO - ASR Module... Epoch: 2, RSS: 3.39 GB
2026-07-27 09:40:19,625 - Evaluate - INFO - ASR... Epoch: 2, Walltime: 19.632663 CPU time: 106.986117
2026-07-27 09:40:39,473 - Evaluate - INFO - ASR Module... Epoch: 2, RSS: 3.39 GB
2026-07-27 09:40:39,474 - Evaluate - INFO - ASR... Epoch: 2, Walltime: 19.844801 CPU time: 108.638949
2026-07-27 09:40:59,060 - Evaluate - INFO - ASR Module... Epoch: 2, RSS: 3.39 GB
2026-07-27 09:40:59,061 - Evaluate - INFO - ASR... Epoch: 2, Walltime: 19.582580 CPU time: 107.444914
2026-07-27 09:41:19,209 - Evaluate - INFO - ASR Module... Epoch: 2, RSS: 3.39 GB
2026-07-27 09:41:19,210 - Evaluate - INFO - ASR... Epoch: 2, Walltime: 20.143891 CPU time: 110.294474
2026-07-27 09:41:37,735 - Evaluate - INFO - ASR Module... Epoch: 2, RSS: 3.39 GB
2026-07-27 09:41:37,737 - Evaluate - INFO - ASR... Epoch: 2, Walltime: 18.522854 CPU time: 102.271518
2026-07-27 09:41:58,107 - Evaluate - INFO - ASR Module... Epoch: 2, RSS: 3.39 GB
2026-07-27 09:41:58,108 - Evaluate - INFO - ASR... Epoch: 2, Walltime: 20.366655 CPU time: 111.270928
2026-07-27 09:42:17,329 - Evaluate - INFO - ASR Module... Epoch: 2, RSS: 3.39 GB
2026-07-27 09:42:17,330 - Evaluate - INFO - ASR... Epoch: 2, Walltime: 19.217187 CPU time: 105.068943
2026-07-27 09:42:36,029 - Evaluate - INFO - ASR Module... Epoch: 2, RSS: 3.39 GB
2026-07-27 09:42:36,030 - Evaluate - INFO - ASR... Epoch: 2, Walltime: 18.695511 CPU time: 103.133359
2026-07-27 09:42:55,166 - Evaluate - INFO - ASR Module... Epoch: 2, RSS: 3.39 GB
2026-07-27 09:42:55,167 - Evaluate - INFO - ASR... Epoch: 2, Walltime: 19.133376 CPU time: 105.754328
2026-07-27 09:43:15,243 - Evaluate - INFO - ASR Module... Epoch: 2, RSS: 3.39 GB
2026-07-27 09:43:15,244 - Evaluate - INFO - ASR... Epoch: 2, Walltime: 20.071540 CPU time: 110.179648
2026-07-27 09:43:36,718 - Evaluate - INFO - ASR Module... Epoch: 2, RSS: 3.39 GB
2026-07-27 09:43:36,720 - Evaluate - INFO - ASR... Epoch: 2, Walltime: 21.470085 CPU time: 117.366464
2026-07-27 09:43:55,400 - Evaluate - INFO - ASR Module... Epoch: 2, RSS: 3.39 GB
2026-07-27 09:43:55,401 - Evaluate - INFO - ASR... Epoch: 2, Walltime: 18.676417 CPU time: 103.255630
2026-07-27 09:44:13,755 - Evaluate - INFO - ASR Module... Epoch: 2, RSS: 3.39 GB
2026-07-27 09:44:13,756 - Evaluate - INFO - ASR... Epoch: 2, Walltime: 18.350182 CPU time: 101.843563
2026-07-27 09:44:33,291 - Evaluate - INFO - ASR Module... Epoch: 2, RSS: 3.39 GB
2026-07-27 09:44:33,292 - Evaluate - INFO - ASR... Epoch: 2, Walltime: 19.531963 CPU time: 105.686414
2026-07-27 09:44:51,795 - Evaluate - INFO - ASR Module... Epoch: 2, RSS: 3.39 GB
2026-07-27 09:44:51,796 - Evaluate - INFO - ASR... Epoch: 2, Walltime: 18.498811 CPU time: 101.627546
2026-07-27 09:45:13,485 - Evaluate - INFO - ASR Module... Epoch: 2, RSS: 3.39 GB
2026-07-27 09:45:13,486 - Evaluate - INFO - ASR... Epoch: 2, Walltime: 21.684827 CPU time: 117.363355
2026-07-27 09:45:31,770 - Evaluate - INFO - ASR Module... Epoch: 2, RSS: 3.39 GB
2026-07-27 09:45:31,771 - Evaluate - INFO - ASR... Epoch: 2, Walltime: 18.279935 CPU time: 101.536426
2026-07-27 09:45:51,801 - Evaluate - INFO - ASR Module... Epoch: 2, RSS: 3.39 GB
2026-07-27 09:45:51,802 - Evaluate - INFO - ASR... Epoch: 2, Walltime: 20.025697 CPU time: 109.736872
2026-07-27 09:46:10,737 - Evaluate - INFO - ASR Module... Epoch: 2, RSS: 3.39 GB
2026-07-27 09:46:10,738 - Evaluate - INFO - ASR... Epoch: 2, Walltime: 18.931710 CPU time: 105.029282
2026-07-27 09:46:30,674 - Evaluate - INFO - ASR Module... Epoch: 2, RSS: 3.39 GB
2026-07-27 09:46:30,675 - Evaluate - INFO - ASR... Epoch: 2, Walltime: 19.932701 CPU time: 109.054540
2026-07-27 09:46:50,214 - Evaluate - INFO - ASR Module... Epoch: 2, RSS: 3.39 GB
2026-07-27 09:46:50,215 - Evaluate - INFO - ASR... Epoch: 2, Walltime: 19.535123 CPU time: 108.024560
2026-07-27 09:47:08,293 - Evaluate - INFO - ASR Module... Epoch: 2, RSS: 3.39 GB
2026-07-27 09:47:08,294 - Evaluate - INFO - ASR... Epoch: 2, Walltime: 18.075729 CPU time: 100.022109
2026-07-27 09:47:29,059 - Evaluate - INFO - ASR Module... Epoch: 2, RSS: 3.39 GB
2026-07-27 09:47:29,060 - Evaluate - INFO - ASR... Epoch: 2, Walltime: 20.760964 CPU time: 113.923855
2026-07-27 09:47:48,087 - Evaluate - INFO - ASR Module... Epoch: 2, RSS: 3.39 GB
2026-07-27 09:47:48,088 - Evaluate - INFO - ASR... Epoch: 2, Walltime: 19.023769 CPU time: 104.217167
2026-07-27 09:48:06,506 - Evaluate - INFO - ASR Module... Epoch: 2, RSS: 3.39 GB
2026-07-27 09:48:06,507 - Evaluate - INFO - ASR... Epoch: 2, Walltime: 18.414899 CPU time: 101.711065
2026-07-27 09:48:25,764 - Evaluate - INFO - ASR Module... Epoch: 2, RSS: 3.39 GB
2026-07-27 09:48:25,765 - Evaluate - INFO - ASR... Epoch: 2, Walltime: 19.253098 CPU time: 106.623806
2026-07-27 09:48:45,234 - Evaluate - INFO - ASR Module... Epoch: 2, RSS: 3.39 GB
2026-07-27 09:48:45,235 - Evaluate - INFO - ASR... Epoch: 2, Walltime: 19.465381 CPU time: 105.655858
2026-07-27 09:49:03,584 - Evaluate - INFO - ASR Module... Epoch: 2, RSS: 3.39 GB
2026-07-27 09:49:03,586 - Evaluate - INFO - ASR... Epoch: 2, Walltime: 18.346312 CPU time: 101.495517
2026-07-27 09:49:22,906 - Evaluate - INFO - ASR Module... Epoch: 2, RSS: 3.39 GB
2026-07-27 09:49:22,907 - Evaluate - INFO - ASR... Epoch: 2, Walltime: 19.316773 CPU time: 106.770863
2026-07-27 09:49:41,135 - Evaluate - INFO - ASR Module... Epoch: 2, RSS: 3.39 GB
2026-07-27 09:49:41,136 - Evaluate - INFO - ASR... Epoch: 2, Walltime: 18.224810 CPU time: 100.369859
2026-07-27 09:50:00,087 - Evaluate - INFO - ASR Module... Epoch: 2, RSS: 3.39 GB
2026-07-27 09:50:00,088 - Evaluate - INFO - ASR... Epoch: 2, Walltime: 18.948013 CPU time: 102.692400
2026-07-27 09:50:17,925 - Evaluate - INFO - ASR Module... Epoch: 2, RSS: 3.39 GB
2026-07-27 09:50:17,926 - Evaluate - INFO - ASR... Epoch: 2, Walltime: 17.833700 CPU time: 99.203708
2026-07-27 09:50:37,264 - Evaluate - INFO - ASR Module... Epoch: 2, RSS: 3.39 GB
2026-07-27 09:50:37,265 - Evaluate - INFO - ASR... Epoch: 2, Walltime: 19.335037 CPU time: 105.899932
2026-07-27 09:50:55,560 - Evaluate - INFO - ASR Module... Epoch: 2, RSS: 3.39 GB
2026-07-27 09:50:55,561 - Evaluate - INFO - ASR... Epoch: 2, Walltime: 18.291491 CPU time: 101.719231
2026-07-27 09:51:13,676 - Evaluate - INFO - ASR Module... Epoch: 2, RSS: 3.39 GB
2026-07-27 09:51:13,677 - Evaluate - INFO - ASR... Epoch: 2, Walltime: 18.112385 CPU time: 99.872275
2026-07-27 09:51:31,675 - Evaluate - INFO - ASR Module... Epoch: 2, RSS: 3.39 GB
2026-07-27 09:51:31,676 - Evaluate - INFO - ASR... Epoch: 2, Walltime: 17.995077 CPU time: 99.866711
2026-07-27 09:51:50,527 - Evaluate - INFO - ASR Module... Epoch: 2, RSS: 3.39 GB
2026-07-27 09:51:50,528 - Evaluate - INFO - ASR... Epoch: 2, Walltime: 18.848949 CPU time: 104.746400
2026-07-27 09:52:09,247 - Evaluate - INFO - ASR Module... Epoch: 2, RSS: 3.39 GB
2026-07-27 09:52:09,248 - Evaluate - INFO - ASR... Epoch: 2, Walltime: 18.715184 CPU time: 103.213681
2026-07-27 09:52:27,841 - Evaluate - INFO - ASR Module... Epoch: 2, RSS: 3.39 GB
2026-07-27 09:52:27,842 - Evaluate - INFO - ASR... Epoch: 2, Walltime: 18.590357 CPU time: 102.767085
2026-07-27 09:52:46,454 - Evaluate - INFO - ASR Module... Epoch: 2, RSS: 3.39 GB
2026-07-27 09:52:46,455 - Evaluate - INFO - ASR... Epoch: 2, Walltime: 18.608316 CPU time: 102.899149
2026-07-27 09:53:06,565 - Evaluate - INFO - ASR Module... Epoch: 2, RSS: 3.39 GB
2026-07-27 09:53:06,566 - Evaluate - INFO - ASR... Epoch: 2, Walltime: 20.105665 CPU time: 108.027465
2026-07-27 09:53:27,279 - Evaluate - INFO - ASR Module... Epoch: 2, RSS: 3.39 GB
2026-07-27 09:53:27,280 - Evaluate - INFO - ASR... Epoch: 2, Walltime: 20.709975 CPU time: 111.101441
2026-07-27 09:53:45,862 - Evaluate - INFO - ASR Module... Epoch: 2, RSS: 3.39 GB
2026-07-27 09:53:45,863 - Evaluate - INFO - ASR... Epoch: 2, Walltime: 18.578492 CPU time: 101.892881
2026-07-27 09:54:06,289 - Evaluate - INFO - ASR Module... Epoch: 2, RSS: 3.39 GB
2026-07-27 09:54:06,290 - Evaluate - INFO - ASR... Epoch: 2, Walltime: 20.421728 CPU time: 112.154130
2026-07-27 09:54:26,067 - Evaluate - INFO - ASR Module... Epoch: 2, RSS: 3.39 GB
2026-07-27 09:54:26,068 - Evaluate - INFO - ASR... Epoch: 2, Walltime: 19.773925 CPU time: 108.838699
2026-07-27 09:54:46,079 - Evaluate - INFO - ASR Module... Epoch: 2, RSS: 3.39 GB
2026-07-27 09:54:46,080 - Evaluate - INFO - ASR... Epoch: 2, Walltime: 20.006930 CPU time: 105.979770
2026-07-27 09:55:06,189 - Evaluate - INFO - ASR Module... Epoch: 2, RSS: 3.39 GB
2026-07-27 09:55:06,191 - Evaluate - INFO - ASR... Epoch: 2, Walltime: 20.104893 CPU time: 110.332268
2026-07-27 09:55:25,996 - Evaluate - INFO - ASR Module... Epoch: 2, RSS: 3.39 GB
2026-07-27 09:55:25,997 - Evaluate - INFO - ASR... Epoch: 2, Walltime: 19.801808 CPU time: 109.100189
2026-07-27 09:55:46,254 - Evaluate - INFO - ASR Module... Epoch: 2, RSS: 3.39 GB
2026-07-27 09:55:46,255 - Evaluate - INFO - ASR... Epoch: 2, Walltime: 20.253187 CPU time: 110.922388
2026-07-27 09:56:06,537 - Evaluate - INFO - ASR Module... Epoch: 2, RSS: 3.39 GB
2026-07-27 09:56:06,538 - Evaluate - INFO - ASR... Epoch: 2, Walltime: 20.278365 CPU time: 110.197873
2026-07-27 09:56:25,423 - Evaluate - INFO - ASR Module... Epoch: 2, RSS: 3.39 GB
2026-07-27 09:56:25,424 - Evaluate - INFO - ASR... Epoch: 2, Walltime: 18.882473 CPU time: 104.352456
2026-07-27 09:56:45,528 - Evaluate - INFO - ASR Module... Epoch: 2, RSS: 3.39 GB
2026-07-27 09:56:45,529 - Evaluate - INFO - ASR... Epoch: 2, Walltime: 20.100843 CPU time: 107.506297
2026-07-27 09:57:04,565 - Evaluate - INFO - ASR Module... Epoch: 2, RSS: 3.39 GB
2026-07-27 09:57:04,566 - Evaluate - INFO - ASR... Epoch: 2, Walltime: 19.031206 CPU time: 104.525145
2026-07-27 09:57:24,236 - Evaluate - INFO - ASR Module... Epoch: 2, RSS: 3.39 GB
2026-07-27 09:57:24,237 - Evaluate - INFO - ASR... Epoch: 2, Walltime: 19.667925 CPU time: 108.140146
2026-07-27 09:57:43,329 - Evaluate - INFO - ASR Module... Epoch: 2, RSS: 3.39 GB
2026-07-27 09:57:43,330 - Evaluate - INFO - ASR... Epoch: 2, Walltime: 19.088147 CPU time: 104.038203
2026-07-27 09:58:04,331 - Evaluate - INFO - ASR Module... Epoch: 2, RSS: 3.39 GB
2026-07-27 09:58:04,332 - Evaluate - INFO - ASR... Epoch: 2, Walltime: 20.996516 CPU time: 115.651947
2026-07-27 09:58:24,143 - Evaluate - INFO - ASR Module... Epoch: 2, RSS: 3.39 GB
2026-07-27 09:58:24,144 - Evaluate - INFO - ASR... Epoch: 2, Walltime: 19.806718 CPU time: 109.232810
2026-07-27 09:58:44,065 - Evaluate - INFO - ASR Module... Epoch: 2, RSS: 3.39 GB
2026-07-27 09:58:44,066 - Evaluate - INFO - ASR... Epoch: 2, Walltime: 19.916580 CPU time: 110.039701
2026-07-27 09:59:04,291 - Evaluate - INFO - ASR Module... Epoch: 2, RSS: 3.39 GB
2026-07-27 09:59:04,292 - Evaluate - INFO - ASR... Epoch: 2, Walltime: 20.219989 CPU time: 110.354585
2026-07-27 09:59:23,725 - Evaluate - INFO - ASR Module... Epoch: 2, RSS: 3.39 GB
2026-07-27 09:59:23,726 - Evaluate - INFO - ASR... Epoch: 2, Walltime: 19.430093 CPU time: 107.061587
2026-07-27 09:59:42,886 - Evaluate - INFO - ASR Module... Epoch: 2, RSS: 3.39 GB
2026-07-27 09:59:42,887 - Evaluate - INFO - ASR... Epoch: 2, Walltime: 19.155688 CPU time: 105.178689
2026-07-27 10:00:02,645 - Evaluate - INFO - ASR Module... Epoch: 2, RSS: 3.39 GB
2026-07-27 10:00:02,646 - Evaluate - INFO - ASR... Epoch: 2, Walltime: 19.754262 CPU time: 109.374255
2026-07-27 10:00:21,740 - Evaluate - INFO - ASR Module... Epoch: 2, RSS: 3.39 GB
2026-07-27 10:00:21,741 - Evaluate - INFO - ASR... Epoch: 2, Walltime: 19.090505 CPU time: 106.066231
2026-07-27 10:00:42,209 - Evaluate - INFO - ASR Module... Epoch: 2, RSS: 3.39 GB
2026-07-27 10:00:42,211 - Evaluate - INFO - ASR... Epoch: 2, Walltime: 20.463633 CPU time: 112.427616
2026-07-27 10:01:04,554 - Evaluate - INFO - ASR Module... Epoch: 2, RSS: 3.39 GB
2026-07-27 10:01:04,555 - Evaluate - INFO - ASR... Epoch: 2, Walltime: 22.338283 CPU time: 121.998940
2026-07-27 10:01:24,242 - Evaluate - INFO - ASR Module... Epoch: 2, RSS: 3.39 GB
2026-07-27 10:01:24,243 - Evaluate - INFO - ASR... Epoch: 2, Walltime: 19.683641 CPU time: 108.167408
2026-07-27 10:01:46,922 - Evaluate - INFO - ASR Module... Epoch: 2, RSS: 3.39 GB
2026-07-27 10:01:46,923 - Evaluate - INFO - ASR... Epoch: 2, Walltime: 22.674898 CPU time: 122.772970
2026-07-27 10:02:06,634 - Evaluate - INFO - ASR Module... Epoch: 2, RSS: 3.39 GB
2026-07-27 10:02:06,636 - Evaluate - INFO - ASR... Epoch: 2, Walltime: 19.706703 CPU time: 108.472890
2026-07-27 10:02:26,464 - Evaluate - INFO - ASR Module... Epoch: 2, RSS: 3.39 GB
2026-07-27 10:02:26,466 - Evaluate - INFO - ASR... Epoch: 2, Walltime: 19.825067 CPU time: 109.359645
2026-07-27 10:02:45,531 - Evaluate - INFO - ASR Module... Epoch: 2, RSS: 3.39 GB
2026-07-27 10:02:45,532 - Evaluate - INFO - ASR... Epoch: 2, Walltime: 19.061551 CPU time: 105.725208
2026-07-27 10:03:06,058 - Evaluate - INFO - ASR Module... Epoch: 2, RSS: 3.39 GB
2026-07-27 10:03:06,060 - Evaluate - INFO - ASR... Epoch: 2, Walltime: 20.522782 CPU time: 112.147582
2026-07-27 10:03:26,052 - Evaluate - INFO - ASR Module... Epoch: 2, RSS: 3.39 GB
2026-07-27 10:03:26,053 - Evaluate - INFO - ASR... Epoch: 2, Walltime: 19.988845 CPU time: 110.388590
2026-07-27 10:03:45,188 - Evaluate - INFO - ASR Module... Epoch: 2, RSS: 3.39 GB
2026-07-27 10:03:45,189 - Evaluate - INFO - ASR... Epoch: 2, Walltime: 19.130396 CPU time: 105.051652
2026-07-27 10:04:04,505 - Evaluate - INFO - ASR Module... Epoch: 2, RSS: 3.39 GB
2026-07-27 10:04:04,506 - Evaluate - INFO - ASR... Epoch: 2, Walltime: 19.312380 CPU time: 106.717733
2026-07-27 10:04:22,823 - Evaluate - INFO - ASR Module... Epoch: 2, RSS: 3.39 GB
2026-07-27 10:04:22,824 - Evaluate - INFO - ASR... Epoch: 2, Walltime: 18.312765 CPU time: 101.310467
2026-07-27 10:04:40,847 - Evaluate - INFO - ASR Module... Epoch: 2, RSS: 3.39 GB
2026-07-27 10:04:40,848 - Evaluate - INFO - ASR... Epoch: 2, Walltime: 18.020776 CPU time: 99.467352
2026-07-27 10:04:59,606 - Evaluate - INFO - ASR Module... Epoch: 2, RSS: 3.39 GB
2026-07-27 10:04:59,607 - Evaluate - INFO - ASR... Epoch: 2, Walltime: 18.755068 CPU time: 102.798665
2026-07-27 10:05:17,644 - Evaluate - INFO - ASR Module... Epoch: 2, RSS: 3.39 GB
2026-07-27 10:05:17,645 - Evaluate - INFO - ASR... Epoch: 2, Walltime: 18.033820 CPU time: 100.226807
2026-07-27 10:05:37,771 - Evaluate - INFO - ASR Module... Epoch: 2, RSS: 3.39 GB
2026-07-27 10:05:37,772 - Evaluate - INFO - ASR... Epoch: 2, Walltime: 20.123284 CPU time: 109.425270
2026-07-27 10:05:56,429 - Evaluate - INFO - ASR Module... Epoch: 2, RSS: 3.39 GB
2026-07-27 10:05:56,430 - Evaluate - INFO - ASR... Epoch: 2, Walltime: 18.653752 CPU time: 103.435236
2026-07-27 10:06:15,466 - Evaluate - INFO - ASR Module... Epoch: 2, RSS: 3.39 GB
2026-07-27 10:06:15,467 - Evaluate - INFO - ASR... Epoch: 2, Walltime: 19.033064 CPU time: 105.344948
2026-07-27 10:06:35,629 - Evaluate - INFO - ASR Module... Epoch: 2, RSS: 3.39 GB
2026-07-27 10:06:35,630 - Evaluate - INFO - ASR... Epoch: 2, Walltime: 20.158235 CPU time: 110.116619
2026-07-27 10:06:54,345 - Evaluate - INFO - ASR Module... Epoch: 2, RSS: 3.39 GB
2026-07-27 10:06:54,346 - Evaluate - INFO - ASR... Epoch: 2, Walltime: 18.711693 CPU time: 103.471368
2026-07-27 10:07:14,247 - Evaluate - INFO - ASR Module... Epoch: 2, RSS: 3.39 GB
2026-07-27 10:07:14,248 - Evaluate - INFO - ASR... Epoch: 2, Walltime: 19.898222 CPU time: 108.328273
2026-07-27 10:07:33,333 - Evaluate - INFO - ASR Module... Epoch: 2, RSS: 3.39 GB
2026-07-27 10:07:33,334 - Evaluate - INFO - ASR... Epoch: 2, Walltime: 19.081619 CPU time: 104.864626
2026-07-27 10:07:51,302 - Evaluate - INFO - ASR Module... Epoch: 2, RSS: 3.39 GB
2026-07-27 10:07:51,303 - Evaluate - INFO - ASR... Epoch: 2, Walltime: 17.965679 CPU time: 99.557069
2026-07-27 10:08:10,514 - Evaluate - INFO - ASR Module... Epoch: 2, RSS: 3.39 GB
2026-07-27 10:08:10,515 - Evaluate - INFO - ASR... Epoch: 2, Walltime: 19.207048 CPU time: 105.050573
2026-07-27 10:08:30,403 - Evaluate - INFO - ASR Module... Epoch: 2, RSS: 3.39 GB
2026-07-27 10:08:30,404 - Evaluate - INFO - ASR... Epoch: 2, Walltime: 19.884158 CPU time: 106.737665
2026-07-27 10:08:48,667 - Evaluate - INFO - ASR Module... Epoch: 2, RSS: 3.39 GB
2026-07-27 10:08:48,668 - Evaluate - INFO - ASR... Epoch: 2, Walltime: 18.259616 CPU time: 101.565729
2026-07-27 10:09:07,365 - Evaluate - INFO - ASR Module... Epoch: 2, RSS: 3.39 GB
2026-07-27 10:09:07,366 - Evaluate - INFO - ASR... Epoch: 2, Walltime: 18.692934 CPU time: 103.340726
2026-07-27 10:09:26,895 - Evaluate - INFO - ASR Module... Epoch: 2, RSS: 3.39 GB
2026-07-27 10:09:26,896 - Evaluate - INFO - ASR... Epoch: 2, Walltime: 19.526307 CPU time: 108.184488
2026-07-27 10:09:45,542 - Evaluate - INFO - ASR Module... Epoch: 2, RSS: 3.39 GB
2026-07-27 10:09:45,543 - Evaluate - INFO - ASR... Epoch: 2, Walltime: 18.642557 CPU time: 102.977918
2026-07-27 10:10:03,942 - Evaluate - INFO - ASR Module... Epoch: 2, RSS: 3.39 GB
2026-07-27 10:10:03,943 - Evaluate - INFO - ASR... Epoch: 2, Walltime: 18.395975 CPU time: 101.900445
2026-07-27 10:10:22,823 - Evaluate - INFO - ASR Module... Epoch: 2, RSS: 3.39 GB
2026-07-27 10:10:22,824 - Evaluate - INFO - ASR... Epoch: 2, Walltime: 18.876763 CPU time: 103.841547
2026-07-27 10:10:42,342 - Evaluate - INFO - ASR Module... Epoch: 2, RSS: 3.39 GB
2026-07-27 10:10:42,343 - Evaluate - INFO - ASR... Epoch: 2, Walltime: 19.514917 CPU time: 107.320137
2026-07-27 10:11:01,340 - Evaluate - INFO - ASR Module... Epoch: 2, RSS: 3.39 GB
2026-07-27 10:11:01,341 - Evaluate - INFO - ASR... Epoch: 2, Walltime: 18.992854 CPU time: 105.214023
2026-07-27 10:11:19,966 - Evaluate - INFO - ASR Module... Epoch: 2, RSS: 3.39 GB
2026-07-27 10:11:19,967 - Evaluate - INFO - ASR... Epoch: 2, Walltime: 18.622136 CPU time: 102.408807
2026-07-27 10:11:39,801 - Evaluate - INFO - ASR Module... Epoch: 2, RSS: 3.39 GB
2026-07-27 10:11:39,802 - Evaluate - INFO - ASR... Epoch: 2, Walltime: 19.830422 CPU time: 107.974976
2026-07-27 10:11:59,392 - Evaluate - INFO - ASR Module... Epoch: 2, RSS: 3.39 GB
2026-07-27 10:11:59,393 - Evaluate - INFO - ASR... Epoch: 2, Walltime: 19.585447 CPU time: 108.305921
2026-07-27 10:12:17,922 - Evaluate - INFO - ASR Module... Epoch: 2, RSS: 3.39 GB
2026-07-27 10:12:17,923 - Evaluate - INFO - ASR... Epoch: 2, Walltime: 18.525627 CPU time: 102.561062
2026-07-27 10:12:36,973 - Evaluate - INFO - ASR Module... Epoch: 2, RSS: 3.39 GB
2026-07-27 10:12:36,974 - Evaluate - INFO - ASR... Epoch: 2, Walltime: 19.047744 CPU time: 104.002740
2026-07-27 10:12:56,387 - Evaluate - INFO - ASR Module... Epoch: 2, RSS: 3.39 GB
2026-07-27 10:12:56,388 - Evaluate - INFO - ASR... Epoch: 2, Walltime: 19.408164 CPU time: 107.058818
2026-07-27 10:13:16,180 - Evaluate - INFO - ASR Module... Epoch: 2, RSS: 3.39 GB
2026-07-27 10:13:16,181 - Evaluate - INFO - ASR... Epoch: 2, Walltime: 19.789080 CPU time: 109.043066
2026-07-27 10:13:34,883 - Evaluate - INFO - ASR Module... Epoch: 2, RSS: 3.39 GB
2026-07-27 10:13:34,884 - Evaluate - INFO - ASR... Epoch: 2, Walltime: 18.698948 CPU time: 103.136522
2026-07-27 10:13:53,350 - Evaluate - INFO - ASR Module... Epoch: 2, RSS: 3.39 GB
2026-07-27 10:13:53,350 - Evaluate - INFO - ASR... Epoch: 2, Walltime: 18.461218 CPU time: 101.561680
2026-07-27 10:14:13,797 - Evaluate - INFO - ASR Module... Epoch: 2, RSS: 3.39 GB
2026-07-27 10:14:13,798 - Evaluate - INFO - ASR... Epoch: 2, Walltime: 20.443426 CPU time: 112.850987
2026-07-27 10:14:33,527 - Evaluate - INFO - ASR Module... Epoch: 2, RSS: 3.39 GB
2026-07-27 10:14:33,528 - Evaluate - INFO - ASR... Epoch: 2, Walltime: 19.724519 CPU time: 108.757802
2026-07-27 10:14:52,539 - Evaluate - INFO - ASR Module... Epoch: 2, RSS: 3.39 GB
2026-07-27 10:14:52,540 - Evaluate - INFO - ASR... Epoch: 2, Walltime: 19.007047 CPU time: 104.813901
2026-07-27 10:15:11,015 - Evaluate - INFO - ASR Module... Epoch: 2, RSS: 3.39 GB
2026-07-27 10:15:11,017 - Evaluate - INFO - ASR... Epoch: 2, Walltime: 18.472563 CPU time: 101.546687
2026-07-27 10:15:29,565 - Evaluate - INFO - ASR Module... Epoch: 2, RSS: 3.39 GB
2026-07-27 10:15:29,566 - Evaluate - INFO - ASR... Epoch: 2, Walltime: 18.544648 CPU time: 102.651844
2026-07-27 10:15:47,829 - Evaluate - INFO - ASR Module... Epoch: 2, RSS: 3.39 GB
2026-07-27 10:15:47,830 - Evaluate - INFO - ASR... Epoch: 2, Walltime: 18.260767 CPU time: 100.408376
2026-07-27 10:16:06,278 - Evaluate - INFO - ASR Module... Epoch: 2, RSS: 3.39 GB
2026-07-27 10:16:06,279 - Evaluate - INFO - ASR... Epoch: 2, Walltime: 18.444933 CPU time: 102.177562
2026-07-27 10:16:24,441 - Evaluate - INFO - ASR Module... Epoch: 2, RSS: 3.39 GB
2026-07-27 10:16:24,442 - Evaluate - INFO - ASR... Epoch: 2, Walltime: 18.159005 CPU time: 101.021027
2026-07-27 10:16:43,597 - Evaluate - INFO - ASR Module... Epoch: 2, RSS: 3.39 GB
2026-07-27 10:16:43,598 - Evaluate - INFO - ASR... Epoch: 2, Walltime: 19.152088 CPU time: 105.770172
2026-07-27 10:17:04,814 - Evaluate - INFO - ASR Module... Epoch: 2, RSS: 3.39 GB
2026-07-27 10:17:04,815 - Evaluate - INFO - ASR... Epoch: 2, Walltime: 21.212055 CPU time: 115.837511
2026-07-27 10:17:25,129 - Evaluate - INFO - ASR Module... Epoch: 2, RSS: 3.39 GB
2026-07-27 10:17:25,130 - Evaluate - INFO - ASR... Epoch: 2, Walltime: 20.309666 CPU time: 111.145380
2026-07-27 10:17:45,078 - Evaluate - INFO - ASR Module... Epoch: 2, RSS: 3.39 GB
2026-07-27 10:17:45,079 - Evaluate - INFO - ASR... Epoch: 2, Walltime: 19.943676 CPU time: 109.578517
2026-07-27 10:18:03,020 - Evaluate - INFO - ASR Module... Epoch: 2, RSS: 3.39 GB
2026-07-27 10:18:03,021 - Evaluate - INFO - ASR... Epoch: 2, Walltime: 17.938260 CPU time: 99.118898
2026-07-27 10:18:25,399 - Evaluate - INFO - ASR Module... Epoch: 2, RSS: 3.39 GB
2026-07-27 10:18:25,401 - Evaluate - INFO - ASR... Epoch: 2, Walltime: 22.373818 CPU time: 122.147540
2026-07-27 10:18:44,981 - Evaluate - INFO - ASR Module... Epoch: 2, RSS: 3.39 GB
2026-07-27 10:18:44,982 - Evaluate - INFO - ASR... Epoch: 2, Walltime: 19.576213 CPU time: 108.272301
2026-07-27 10:19:03,539 - Evaluate - INFO - ASR Module... Epoch: 2, RSS: 3.39 GB
2026-07-27 10:19:03,540 - Evaluate - INFO - ASR... Epoch: 2, Walltime: 18.554354 CPU time: 102.711364
2026-07-27 10:19:25,197 - Evaluate - INFO - ASR Module... Epoch: 2, RSS: 3.39 GB
2026-07-27 10:19:25,198 - Evaluate - INFO - ASR... Epoch: 2, Walltime: 21.653657 CPU time: 117.800442
2026-07-27 10:19:46,667 - Evaluate - INFO - ASR Module... Epoch: 2, RSS: 3.39 GB
2026-07-27 10:19:46,668 - Evaluate - INFO - ASR... Epoch: 2, Walltime: 21.464199 CPU time: 117.763044
2026-07-27 10:20:06,633 - Evaluate - INFO - ASR Module... Epoch: 2, RSS: 3.39 GB
2026-07-27 10:20:06,635 - Evaluate - INFO - ASR... Epoch: 2, Walltime: 19.961260 CPU time: 108.900763
2026-07-27 10:20:25,413 - Evaluate - INFO - ASR Module... Epoch: 2, RSS: 3.39 GB
2026-07-27 10:20:25,414 - Evaluate - INFO - ASR... Epoch: 2, Walltime: 18.775117 CPU time: 102.753088
2026-07-27 10:20:48,302 - Evaluate - INFO - ASR Module... Epoch: 2, RSS: 3.39 GB
2026-07-27 10:20:48,303 - Evaluate - INFO - ASR... Epoch: 2, Walltime: 22.883969 CPU time: 117.135318
2026-07-27 10:21:09,315 - Evaluate - INFO - ASR Module... Epoch: 2, RSS: 3.39 GB
2026-07-27 10:21:09,317 - Evaluate - INFO - ASR... Epoch: 2, Walltime: 21.007601 CPU time: 115.011095
2026-07-27 10:21:28,564 - Evaluate - INFO - ASR Module... Epoch: 2, RSS: 3.39 GB
2026-07-27 10:21:28,565 - Evaluate - INFO - ASR... Epoch: 2, Walltime: 19.244675 CPU time: 105.619681
2026-07-27 10:21:47,285 - Evaluate - INFO - ASR Module... Epoch: 2, RSS: 3.39 GB
2026-07-27 10:21:47,286 - Evaluate - INFO - ASR... Epoch: 2, Walltime: 18.716497 CPU time: 101.921807
2026-07-27 10:22:06,386 - Evaluate - INFO - ASR Module... Epoch: 2, RSS: 3.39 GB
2026-07-27 10:22:06,387 - Evaluate - INFO - ASR... Epoch: 2, Walltime: 19.096993 CPU time: 105.695993
2026-07-27 10:22:26,120 - Evaluate - INFO - ASR Module... Epoch: 2, RSS: 3.39 GB
2026-07-27 10:22:26,121 - Evaluate - INFO - ASR... Epoch: 2, Walltime: 19.730038 CPU time: 109.129257
2026-07-27 10:22:46,018 - Evaluate - INFO - ASR Module... Epoch: 2, RSS: 3.39 GB
2026-07-27 10:22:46,019 - Evaluate - INFO - ASR... Epoch: 2, Walltime: 19.893272 CPU time: 109.019721
2026-07-27 10:23:06,079 - Evaluate - INFO - ASR Module... Epoch: 2, RSS: 3.39 GB
2026-07-27 10:23:06,080 - Evaluate - INFO - ASR... Epoch: 2, Walltime: 20.056650 CPU time: 110.519071
2026-07-27 10:23:27,952 - Evaluate - INFO - ASR Module... Epoch: 2, RSS: 3.39 GB
2026-07-27 10:23:27,953 - Evaluate - INFO - ASR... Epoch: 2, Walltime: 21.867042 CPU time: 116.786126
2026-07-27 10:23:47,562 - Evaluate - INFO - ASR Module... Epoch: 2, RSS: 3.39 GB
2026-07-27 10:23:47,564 - Evaluate - INFO - ASR... Epoch: 2, Walltime: 19.606642 CPU time: 107.828249
2026-07-27 10:24:10,893 - Evaluate - INFO - ASR Module... Epoch: 2, RSS: 3.39 GB
2026-07-27 10:24:10,894 - Evaluate - INFO - ASR... Epoch: 2, Walltime: 23.325035 CPU time: 126.529590
2026-07-27 10:24:29,899 - Evaluate - INFO - ASR Module... Epoch: 2, RSS: 3.39 GB
2026-07-27 10:24:29,900 - Evaluate - INFO - ASR... Epoch: 2, Walltime: 19.000971 CPU time: 104.770606
2026-07-27 10:24:48,629 - Evaluate - INFO - ASR Module... Epoch: 2, RSS: 3.39 GB
2026-07-27 10:24:48,630 - Evaluate - INFO - ASR... Epoch: 2, Walltime: 18.725625 CPU time: 103.154501
2026-07-27 10:25:08,525 - Evaluate - INFO - ASR Module... Epoch: 2, RSS: 3.39 GB
2026-07-27 10:25:08,526 - Evaluate - INFO - ASR... Epoch: 2, Walltime: 19.892193 CPU time: 109.592086
2026-07-27 10:25:29,375 - Evaluate - INFO - ASR Module... Epoch: 2, RSS: 3.39 GB
2026-07-27 10:25:29,376 - Evaluate - INFO - ASR... Epoch: 2, Walltime: 20.845254 CPU time: 113.922484
2026-07-27 10:25:50,373 - Evaluate - INFO - ASR Module... Epoch: 2, RSS: 3.39 GB
2026-07-27 10:25:50,374 - Evaluate - INFO - ASR... Epoch: 2, Walltime: 20.993373 CPU time: 114.369287
2026-07-27 10:26:13,923 - Evaluate - INFO - ASR Module... Epoch: 2, RSS: 3.39 GB
2026-07-27 10:26:13,924 - Evaluate - INFO - ASR... Epoch: 2, Walltime: 23.544409 CPU time: 127.580700
2026-07-27 10:26:33,861 - Evaluate - INFO - ASR Module... Epoch: 2, RSS: 3.39 GB
2026-07-27 10:26:33,862 - Evaluate - INFO - ASR... Epoch: 2, Walltime: 19.933565 CPU time: 109.029452
2026-07-27 10:26:54,971 - Evaluate - INFO - ASR Module... Epoch: 2, RSS: 3.39 GB
2026-07-27 10:26:54,973 - Evaluate - INFO - ASR... Epoch: 2, Walltime: 21.105174 CPU time: 114.848387
2026-07-27 10:27:14,806 - Evaluate - INFO - ASR Module... Epoch: 2, RSS: 3.39 GB
2026-07-27 10:27:14,807 - Evaluate - INFO - ASR... Epoch: 2, Walltime: 19.829895 CPU time: 108.515829
2026-07-27 10:27:37,131 - Evaluate - INFO - ASR Module... Epoch: 2, RSS: 3.39 GB
2026-07-27 10:27:37,132 - Evaluate - INFO - ASR... Epoch: 2, Walltime: 22.319720 CPU time: 122.735899
2026-07-27 10:27:56,843 - Evaluate - INFO - ASR Module... Epoch: 2, RSS: 3.39 GB
2026-07-27 10:27:56,844 - Evaluate - INFO - ASR... Epoch: 2, Walltime: 19.706786 CPU time: 109.237215
2026-07-27 10:28:19,348 - Evaluate - INFO - ASR Module... Epoch: 2, RSS: 3.39 GB
2026-07-27 10:28:19,349 - Evaluate - INFO - ASR... Epoch: 2, Walltime: 22.499544 CPU time: 122.615687
2026-07-27 10:28:39,345 - Evaluate - INFO - ASR Module... Epoch: 2, RSS: 3.39 GB
2026-07-27 10:28:39,346 - Evaluate - INFO - ASR... Epoch: 2, Walltime: 19.992232 CPU time: 110.131010
2026-07-27 10:29:02,477 - Evaluate - INFO - ASR Module... Epoch: 2, RSS: 3.39 GB
2026-07-27 10:29:02,479 - Evaluate - INFO - ASR... Epoch: 2, Walltime: 23.126325 CPU time: 126.416360
2026-07-27 10:29:23,099 - Evaluate - INFO - ASR Module... Epoch: 2, RSS: 3.39 GB
2026-07-27 10:29:23,100 - Evaluate - INFO - ASR... Epoch: 2, Walltime: 20.616907 CPU time: 112.309224
2026-07-27 10:29:46,630 - Evaluate - INFO - ASR Module... Epoch: 2, RSS: 3.39 GB
2026-07-27 10:29:46,631 - Evaluate - INFO - ASR... Epoch: 2, Walltime: 23.524102 CPU time: 129.050621
2026-07-27 10:30:06,675 - Evaluate - INFO - ASR Module... Epoch: 2, RSS: 3.39 GB
2026-07-27 10:30:06,677 - Evaluate - INFO - ASR... Epoch: 2, Walltime: 20.040165 CPU time: 110.944539
2026-07-27 10:30:28,315 - Evaluate - INFO - ASR Module... Epoch: 2, RSS: 3.39 GB
2026-07-27 10:30:28,316 - Evaluate - INFO - ASR... Epoch: 2, Walltime: 21.633693 CPU time: 119.821500
2026-07-27 10:30:50,359 - Evaluate - INFO - ASR Module... Epoch: 2, RSS: 3.39 GB
2026-07-27 10:30:50,360 - Evaluate - INFO - ASR... Epoch: 2, Walltime: 22.039736 CPU time: 121.187451
2026-07-27 10:31:09,477 - Evaluate - INFO - ASR Module... Epoch: 2, RSS: 3.39 GB
2026-07-27 10:31:09,478 - Evaluate - INFO - ASR... Epoch: 2, Walltime: 19.112787 CPU time: 106.095122
2026-07-27 10:31:30,134 - Evaluate - INFO - ASR Module... Epoch: 2, RSS: 3.39 GB
2026-07-27 10:31:30,135 - Evaluate - INFO - ASR... Epoch: 2, Walltime: 20.652202 CPU time: 113.847563
2026-07-27 10:31:50,497 - Evaluate - INFO - ASR Module... Epoch: 2, RSS: 3.39 GB
2026-07-27 10:31:50,498 - Evaluate - INFO - ASR... Epoch: 2, Walltime: 20.359152 CPU time: 111.940317
2026-07-27 10:32:14,459 - Evaluate - INFO - ASR Module... Epoch: 2, RSS: 3.39 GB
2026-07-27 10:32:14,460 - Evaluate - INFO - ASR... Epoch: 2, Walltime: 23.956493 CPU time: 131.051463
2026-07-27 10:32:35,303 - Evaluate - INFO - ASR Module... Epoch: 2, RSS: 3.39 GB
2026-07-27 10:32:35,304 - Evaluate - INFO - ASR... Epoch: 2, Walltime: 20.837780 CPU time: 114.547675
2026-07-27 10:32:56,409 - Evaluate - INFO - ASR Module... Epoch: 2, RSS: 3.39 GB
2026-07-27 10:32:56,410 - Evaluate - INFO - ASR... Epoch: 2, Walltime: 21.099525 CPU time: 115.829847
2026-07-27 10:33:18,015 - Evaluate - INFO - ASR Module... Epoch: 2, RSS: 3.39 GB
2026-07-27 10:33:18,016 - Evaluate - INFO - ASR... Epoch: 2, Walltime: 21.599950 CPU time: 118.899051
2026-07-27 10:33:39,048 - Evaluate - INFO - ASR Module... Epoch: 2, RSS: 3.39 GB
2026-07-27 10:33:39,049 - Evaluate - INFO - ASR... Epoch: 2, Walltime: 21.026171 CPU time: 114.276465
2026-07-27 10:33:59,463 - Evaluate - INFO - ASR Module... Epoch: 2, RSS: 3.39 GB
2026-07-27 10:33:59,464 - Evaluate - INFO - ASR... Epoch: 2, Walltime: 20.410505 CPU time: 111.141358
2026-07-27 10:34:17,789 - Evaluate - INFO - ASR Module... Epoch: 2, RSS: 3.39 GB
2026-07-27 10:34:17,790 - Evaluate - INFO - ASR... Epoch: 2, Walltime: 18.321414 CPU time: 102.056825
2026-07-27 10:34:37,938 - Evaluate - INFO - ASR Module... Epoch: 2, RSS: 3.39 GB
2026-07-27 10:34:37,939 - Evaluate - INFO - ASR... Epoch: 2, Walltime: 20.144875 CPU time: 110.930818
2026-07-27 10:34:56,381 - Evaluate - INFO - ASR Module... Epoch: 2, RSS: 3.39 GB
2026-07-27 10:34:56,382 - Evaluate - INFO - ASR... Epoch: 2, Walltime: 18.439153 CPU time: 101.935512
2026-07-27 10:35:14,790 - Evaluate - INFO - ASR Module... Epoch: 2, RSS: 3.39 GB
2026-07-27 10:35:14,791 - Evaluate - INFO - ASR... Epoch: 2, Walltime: 18.405270 CPU time: 101.872843
2026-07-27 10:35:34,459 - Evaluate - INFO - ASR Module... Epoch: 2, RSS: 3.39 GB
2026-07-27 10:35:34,460 - Evaluate - INFO - ASR... Epoch: 2, Walltime: 19.664910 CPU time: 107.245026
2026-07-27 10:35:54,070 - Evaluate - INFO - ASR Module... Epoch: 2, RSS: 3.39 GB
2026-07-27 10:35:54,071 - Evaluate - INFO - ASR... Epoch: 2, Walltime: 19.606885 CPU time: 108.469814
2026-07-27 10:36:13,473 - Evaluate - INFO - ASR Module... Epoch: 2, RSS: 3.39 GB
2026-07-27 10:36:13,474 - Evaluate - INFO - ASR... Epoch: 2, Walltime: 19.398061 CPU time: 107.056366
2026-07-27 10:36:34,044 - Evaluate - INFO - ASR Module... Epoch: 2, RSS: 3.39 GB
2026-07-27 10:36:34,045 - Evaluate - INFO - ASR... Epoch: 2, Walltime: 20.566656 CPU time: 113.621668
2026-07-27 10:36:52,418 - Evaluate - INFO - ASR Module... Epoch: 2, RSS: 3.39 GB
2026-07-27 10:36:52,420 - Evaluate - INFO - ASR... Epoch: 2, Walltime: 18.370373 CPU time: 101.833164
2026-07-27 10:37:11,643 - Evaluate - INFO - ASR Module... Epoch: 2, RSS: 3.39 GB
2026-07-27 10:37:11,644 - Evaluate - INFO - ASR... Epoch: 2, Walltime: 19.221146 CPU time: 106.232315
2026-07-27 10:37:30,290 - Evaluate - INFO - ASR Module... Epoch: 2, RSS: 3.39 GB
2026-07-27 10:37:30,291 - Evaluate - INFO - ASR... Epoch: 2, Walltime: 18.642336 CPU time: 103.192836
2026-07-27 10:37:48,755 - Evaluate - INFO - ASR Module... Epoch: 2, RSS: 3.39 GB
2026-07-27 10:37:48,757 - Evaluate - INFO - ASR... Epoch: 2, Walltime: 18.462147 CPU time: 102.438916
2026-07-27 10:38:08,198 - Evaluate - INFO - ASR Module... Epoch: 2, RSS: 3.39 GB
2026-07-27 10:38:08,199 - Evaluate - INFO - ASR... Epoch: 2, Walltime: 19.437874 CPU time: 106.680466
2026-07-27 10:38:26,958 - Evaluate - INFO - ASR Module... Epoch: 2, RSS: 3.39 GB
2026-07-27 10:38:26,959 - Evaluate - INFO - ASR... Epoch: 2, Walltime: 18.756409 CPU time: 102.948495
2026-07-27 10:38:46,084 - Evaluate - INFO - ASR Module... Epoch: 2, RSS: 3.39 GB
2026-07-27 10:38:46,085 - Evaluate - INFO - ASR... Epoch: 2, Walltime: 19.122083 CPU time: 105.926733
2026-07-27 10:39:04,902 - Evaluate - INFO - ASR Module... Epoch: 2, RSS: 3.39 GB
2026-07-27 10:39:04,903 - Evaluate - INFO - ASR... Epoch: 2, Walltime: 18.814141 CPU time: 103.247625
2026-07-27 10:39:24,102 - Evaluate - INFO - ASR Module... Epoch: 2, RSS: 3.39 GB
2026-07-27 10:39:24,103 - Evaluate - INFO - ASR... Epoch: 2, Walltime: 19.195835 CPU time: 105.932236
2026-07-27 10:39:43,870 - Evaluate - INFO - ASR Module... Epoch: 2, RSS: 3.39 GB
2026-07-27 10:39:43,871 - Evaluate - INFO - ASR... Epoch: 2, Walltime: 19.764082 CPU time: 108.983605
2026-07-27 10:40:03,267 - Evaluate - INFO - ASR Module... Epoch: 2, RSS: 3.39 GB
2026-07-27 10:40:03,268 - Evaluate - INFO - ASR... Epoch: 2, Walltime: 19.392679 CPU time: 107.013706
2026-07-27 10:40:21,956 - Evaluate - INFO - ASR Module... Epoch: 2, RSS: 3.39 GB
2026-07-27 10:40:21,957 - Evaluate - INFO - ASR... Epoch: 2, Walltime: 18.685237 CPU time: 103.060298
2026-07-27 10:40:40,624 - Evaluate - INFO - ASR Module... Epoch: 2, RSS: 3.39 GB
2026-07-27 10:40:40,626 - Evaluate - INFO - ASR... Epoch: 2, Walltime: 18.664467 CPU time: 103.135273
2026-07-27 10:40:59,493 - Evaluate - INFO - ASR Module... Epoch: 2, RSS: 3.39 GB
2026-07-27 10:40:59,494 - Evaluate - INFO - ASR... Epoch: 2, Walltime: 18.864737 CPU time: 104.598887
2026-07-27 10:41:18,929 - Evaluate - INFO - ASR Module... Epoch: 2, RSS: 3.39 GB
2026-07-27 10:41:18,930 - Evaluate - INFO - ASR... Epoch: 2, Walltime: 19.432677 CPU time: 106.851857
2026-07-27 10:41:39,128 - Evaluate - INFO - ASR Module... Epoch: 2, RSS: 3.39 GB
2026-07-27 10:41:39,129 - Evaluate - INFO - ASR... Epoch: 2, Walltime: 20.193871 CPU time: 111.475445
2026-07-27 10:41:58,426 - Evaluate - INFO - ASR Module... Epoch: 2, RSS: 3.39 GB
2026-07-27 10:41:58,427 - Evaluate - INFO - ASR... Epoch: 2, Walltime: 19.293800 CPU time: 106.852654
2026-07-27 10:42:17,444 - Evaluate - INFO - ASR Module... Epoch: 2, RSS: 3.39 GB
2026-07-27 10:42:17,445 - Evaluate - INFO - ASR... Epoch: 2, Walltime: 19.014231 CPU time: 105.347669
2026-07-27 10:42:36,405 - Evaluate - INFO - ASR Module... Epoch: 2, RSS: 3.39 GB
2026-07-27 10:42:36,406 - Evaluate - INFO - ASR... Epoch: 2, Walltime: 18.955926 CPU time: 105.158716
2026-07-27 10:42:54,707 - Evaluate - INFO - ASR Module... Epoch: 2, RSS: 3.39 GB
2026-07-27 10:42:54,708 - Evaluate - INFO - ASR... Epoch: 2, Walltime: 18.298356 CPU time: 101.733536
2026-07-27 10:43:14,234 - Evaluate - INFO - ASR Module... Epoch: 2, RSS: 3.39 GB
2026-07-27 10:43:14,235 - Evaluate - INFO - ASR... Epoch: 2, Walltime: 19.522988 CPU time: 108.109491
2026-07-27 10:43:33,079 - Evaluate - INFO - ASR Module... Epoch: 2, RSS: 3.39 GB
2026-07-27 10:43:33,080 - Evaluate - INFO - ASR... Epoch: 2, Walltime: 18.840018 CPU time: 103.926146
2026-07-27 10:43:52,283 - Evaluate - INFO - ASR Module... Epoch: 2, RSS: 3.39 GB
2026-07-27 10:43:52,284 - Evaluate - INFO - ASR... Epoch: 2, Walltime: 19.199741 CPU time: 105.000499
2026-07-27 10:44:11,751 - Evaluate - INFO - ASR Module... Epoch: 2, RSS: 3.39 GB
2026-07-27 10:44:11,752 - Evaluate - INFO - ASR... Epoch: 2, Walltime: 19.463557 CPU time: 107.105692
2026-07-27 10:44:30,617 - Evaluate - INFO - ASR Module... Epoch: 2, RSS: 3.39 GB
2026-07-27 10:44:30,619 - Evaluate - INFO - ASR... Epoch: 2, Walltime: 18.862356 CPU time: 103.766432
2026-07-27 10:44:49,975 - Evaluate - INFO - ASR Module... Epoch: 2, RSS: 3.39 GB
2026-07-27 10:44:49,976 - Evaluate - INFO - ASR... Epoch: 2, Walltime: 19.352267 CPU time: 107.131182
2026-07-27 10:45:08,620 - Evaluate - INFO - ASR Module... Epoch: 2, RSS: 3.39 GB
2026-07-27 10:45:08,621 - Evaluate - INFO - ASR... Epoch: 2, Walltime: 18.641300 CPU time: 103.131610
2026-07-27 10:45:27,358 - Evaluate - INFO - ASR Module... Epoch: 2, RSS: 3.39 GB
2026-07-27 10:45:27,359 - Evaluate - INFO - ASR... Epoch: 2, Walltime: 18.734827 CPU time: 103.682451
2026-07-27 10:45:49,277 - Evaluate - INFO - ASR Module... Epoch: 2, RSS: 3.39 GB
2026-07-27 10:45:49,278 - Evaluate - INFO - ASR... Epoch: 2, Walltime: 21.913510 CPU time: 118.755365
2026-07-27 10:46:09,736 - Evaluate - INFO - ASR Module... Epoch: 2, RSS: 3.39 GB
2026-07-27 10:46:09,737 - Evaluate - INFO - ASR... Epoch: 2, Walltime: 20.453960 CPU time: 112.232920
2026-07-27 10:46:29,253 - Evaluate - INFO - ASR Module... Epoch: 2, RSS: 3.39 GB
2026-07-27 10:46:29,254 - Evaluate - INFO - ASR... Epoch: 2, Walltime: 19.512250 CPU time: 106.290722
2026-07-27 10:46:48,408 - Evaluate - INFO - ASR Module... Epoch: 2, RSS: 3.39 GB
2026-07-27 10:46:48,409 - Evaluate - INFO - ASR... Epoch: 2, Walltime: 19.150616 CPU time: 105.859171
2026-07-27 10:47:07,141 - Evaluate - INFO - ASR Module... Epoch: 2, RSS: 3.39 GB
2026-07-27 10:47:07,142 - Evaluate - INFO - ASR... Epoch: 2, Walltime: 18.728403 CPU time: 103.495030
2026-07-27 10:47:27,158 - Evaluate - INFO - ASR Module... Epoch: 2, RSS: 3.39 GB
2026-07-27 10:47:27,159 - Evaluate - INFO - ASR... Epoch: 2, Walltime: 20.012007 CPU time: 110.275979
2026-07-27 10:47:48,219 - Evaluate - INFO - ASR Module... Epoch: 2, RSS: 3.39 GB
2026-07-27 10:47:48,220 - Evaluate - INFO - ASR... Epoch: 2, Walltime: 21.056793 CPU time: 115.265675
2026-07-27 10:48:06,528 - Evaluate - INFO - ASR Module... Epoch: 2, RSS: 3.39 GB
2026-07-27 10:48:06,529 - Evaluate - INFO - ASR... Epoch: 2, Walltime: 18.303698 CPU time: 100.998461
2026-07-27 10:48:27,592 - Evaluate - INFO - ASR Module... Epoch: 2, RSS: 3.39 GB
2026-07-27 10:48:27,593 - Evaluate - INFO - ASR... Epoch: 2, Walltime: 21.059181 CPU time: 116.016536
2026-07-27 10:48:47,031 - Evaluate - INFO - ASR Module... Epoch: 2, RSS: 3.39 GB
2026-07-27 10:48:47,032 - Evaluate - INFO - ASR... Epoch: 2, Walltime: 19.434350 CPU time: 106.060626
2026-07-27 10:49:07,755 - Evaluate - INFO - ASR Module... Epoch: 2, RSS: 3.39 GB
2026-07-27 10:49:07,756 - Evaluate - INFO - ASR... Epoch: 2, Walltime: 20.719485 CPU time: 113.719895
2026-07-27 10:49:27,860 - Evaluate - INFO - ASR Module... Epoch: 2, RSS: 3.39 GB
2026-07-27 10:49:27,861 - Evaluate - INFO - ASR... Epoch: 2, Walltime: 20.099909 CPU time: 110.469193
2026-07-27 10:49:48,035 - Evaluate - INFO - ASR Module... Epoch: 2, RSS: 3.39 GB
2026-07-27 10:49:48,036 - Evaluate - INFO - ASR... Epoch: 2, Walltime: 20.170123 CPU time: 110.505114
2026-07-27 10:50:06,834 - Evaluate - INFO - ASR Module... Epoch: 2, RSS: 3.39 GB
2026-07-27 10:50:06,835 - Evaluate - INFO - ASR... Epoch: 2, Walltime: 18.795692 CPU time: 104.385322
2026-07-27 10:50:26,678 - Evaluate - INFO - ASR Module... Epoch: 2, RSS: 3.39 GB
2026-07-27 10:50:26,679 - Evaluate - INFO - ASR... Epoch: 2, Walltime: 19.839631 CPU time: 108.149870
2026-07-27 10:50:46,560 - Evaluate - INFO - ASR Module... Epoch: 2, RSS: 3.39 GB
2026-07-27 10:50:46,562 - Evaluate - INFO - ASR... Epoch: 2, Walltime: 19.878019 CPU time: 109.762912
2026-07-27 10:51:04,736 - Evaluate - INFO - ASR Module... Epoch: 2, RSS: 3.39 GB
2026-07-27 10:51:04,737 - Evaluate - INFO - ASR... Epoch: 2, Walltime: 18.170925 CPU time: 100.705713
2026-07-27 10:51:26,302 - Evaluate - INFO - ASR Module... Epoch: 2, RSS: 3.39 GB
2026-07-27 10:51:26,303 - Evaluate - INFO - ASR... Epoch: 2, Walltime: 21.561475 CPU time: 117.638267
2026-07-27 10:51:46,151 - Evaluate - INFO - ASR Module... Epoch: 2, RSS: 3.39 GB
2026-07-27 10:51:46,152 - Evaluate - INFO - ASR... Epoch: 2, Walltime: 19.843912 CPU time: 108.548237
2026-07-27 10:52:05,241 - Evaluate - INFO - ASR Module... Epoch: 2, RSS: 3.39 GB
2026-07-27 10:52:05,242 - Evaluate - INFO - ASR... Epoch: 2, Walltime: 19.086123 CPU time: 105.018068
2026-07-27 10:52:26,468 - Evaluate - INFO - ASR Module... Epoch: 2, RSS: 3.39 GB
2026-07-27 10:52:26,469 - Evaluate - INFO - ASR... Epoch: 2, Walltime: 21.221542 CPU time: 115.689224
2026-07-27 10:52:48,030 - Evaluate - INFO - ASR Module... Epoch: 2, RSS: 3.39 GB
2026-07-27 10:52:48,032 - Evaluate - INFO - ASR... Epoch: 2, Walltime: 21.556511 CPU time: 116.767029
2026-07-27 10:53:07,720 - Evaluate - INFO - ASR Module... Epoch: 2, RSS: 3.39 GB
2026-07-27 10:53:07,721 - Evaluate - INFO - ASR... Epoch: 2, Walltime: 19.684443 CPU time: 107.631987
2026-07-27 10:53:27,009 - Evaluate - INFO - ASR Module... Epoch: 2, RSS: 3.39 GB
2026-07-27 10:53:27,011 - Evaluate - INFO - ASR... Epoch: 2, Walltime: 19.285807 CPU time: 106.839936
2026-07-27 10:53:49,687 - Evaluate - INFO - ASR Module... Epoch: 2, RSS: 3.39 GB
2026-07-27 10:53:49,688 - Evaluate - INFO - ASR... Epoch: 2, Walltime: 22.672359 CPU time: 123.546649
2026-07-27 10:54:07,993 - Evaluate - INFO - ASR Module... Epoch: 2, RSS: 3.39 GB
2026-07-27 10:54:07,994 - Evaluate - INFO - ASR... Epoch: 2, Walltime: 18.300618 CPU time: 101.472842
2026-07-27 10:54:29,210 - Evaluate - INFO - ASR Module... Epoch: 2, RSS: 3.39 GB
2026-07-27 10:54:29,211 - Evaluate - INFO - ASR... Epoch: 2, Walltime: 21.212656 CPU time: 115.665813
2026-07-27 10:54:50,075 - Evaluate - INFO - ASR Module... Epoch: 2, RSS: 3.39 GB
2026-07-27 10:54:50,076 - Evaluate - INFO - ASR... Epoch: 2, Walltime: 20.859822 CPU time: 113.009221
2026-07-27 10:55:10,947 - Evaluate - INFO - ASR Module... Epoch: 2, RSS: 3.39 GB
2026-07-27 10:55:10,948 - Evaluate - INFO - ASR... Epoch: 2, Walltime: 20.866754 CPU time: 114.481507
2026-07-27 10:55:30,559 - Evaluate - INFO - ASR Module... Epoch: 2, RSS: 3.39 GB
2026-07-27 10:55:30,560 - Evaluate - INFO - ASR... Epoch: 2, Walltime: 19.606579 CPU time: 107.103051
2026-07-27 10:55:52,938 - Evaluate - INFO - ASR Module... Epoch: 2, RSS: 3.39 GB
2026-07-27 10:55:52,939 - Evaluate - INFO - ASR... Epoch: 2, Walltime: 22.372336 CPU time: 122.570134
2026-07-27 10:56:13,082 - Evaluate - INFO - ASR Module... Epoch: 2, RSS: 3.39 GB
2026-07-27 10:56:13,083 - Evaluate - INFO - ASR... Epoch: 2, Walltime: 20.138757 CPU time: 109.735239
2026-07-27 10:56:35,160 - Evaluate - INFO - ASR Module... Epoch: 2, RSS: 3.39 GB
2026-07-27 10:56:35,161 - Evaluate - INFO - ASR... Epoch: 2, Walltime: 22.072172 CPU time: 120.622327
2026-07-27 10:56:54,195 - Evaluate - INFO - ASR Module... Epoch: 2, RSS: 3.39 GB
2026-07-27 10:56:54,196 - Evaluate - INFO - ASR... Epoch: 2, Walltime: 19.030591 CPU time: 105.244766
2026-07-27 10:57:14,174 - Evaluate - INFO - ASR Module... Epoch: 2, RSS: 3.39 GB
2026-07-27 10:57:14,175 - Evaluate - INFO - ASR... Epoch: 2, Walltime: 19.974079 CPU time: 109.851369
2026-07-27 10:57:33,996 - Evaluate - INFO - ASR Module... Epoch: 2, RSS: 3.39 GB
2026-07-27 10:57:33,997 - Evaluate - INFO - ASR... Epoch: 2, Walltime: 19.817368 CPU time: 108.654054
2026-07-27 10:57:56,747 - Evaluate - INFO - ASR Module... Epoch: 2, RSS: 3.39 GB
2026-07-27 10:57:56,748 - Evaluate - INFO - ASR... Epoch: 2, Walltime: 22.745438 CPU time: 122.847667
2026-07-27 10:58:18,034 - Evaluate - INFO - ASR Module... Epoch: 2, RSS: 3.39 GB
2026-07-27 10:58:18,035 - Evaluate - INFO - ASR... Epoch: 2, Walltime: 21.281119 CPU time: 116.261700
2026-07-27 10:58:37,868 - Evaluate - INFO - ASR Module... Epoch: 2, RSS: 3.39 GB
2026-07-27 10:58:37,869 - Evaluate - INFO - ASR... Epoch: 2, Walltime: 19.828581 CPU time: 109.388888
2026-07-27 10:59:03,866 - Evaluate - INFO - ASR Module... Epoch: 2, RSS: 3.43 GB
2026-07-27 10:59:03,867 - Evaluate - INFO - ASR... Epoch: 2, Walltime: 25.990530 CPU time: 138.324448
2026-07-27 10:59:28,369 - Evaluate - INFO - ASR Module... Epoch: 2, RSS: 3.43 GB
2026-07-27 10:59:28,371 - Evaluate - INFO - ASR... Epoch: 2, Walltime: 24.496879 CPU time: 133.276186
2026-07-27 10:59:55,133 - Evaluate - INFO - ASR Module... Epoch: 2, RSS: 3.43 GB
2026-07-27 10:59:55,135 - Evaluate - INFO - ASR... Epoch: 2, Walltime: 26.756401 CPU time: 143.835462
2026-07-27 11:00:17,328 - Evaluate - INFO - ASR Module... Epoch: 2, RSS: 3.43 GB
2026-07-27 11:00:17,329 - Evaluate - INFO - ASR... Epoch: 2, Walltime: 22.187347 CPU time: 120.200551
2026-07-27 11:00:43,005 - Evaluate - INFO - ASR Module... Epoch: 2, RSS: 3.43 GB
2026-07-27 11:00:43,006 - Evaluate - INFO - ASR... Epoch: 2, Walltime: 25.670724 CPU time: 138.491425
2026-07-27 11:01:04,978 - Evaluate - INFO - ASR Module... Epoch: 2, RSS: 3.43 GB
2026-07-27 11:01:04,979 - Evaluate - INFO - ASR... Epoch: 2, Walltime: 21.966022 CPU time: 120.034998
2026-07-27 11:01:26,573 - Evaluate - INFO - ASR Module... Epoch: 2, RSS: 3.43 GB
2026-07-27 11:01:26,574 - Evaluate - INFO - ASR... Epoch: 2, Walltime: 21.588744 CPU time: 118.192933
2026-07-27 11:01:44,735 - Evaluate - INFO - ASR Module... Epoch: 2, RSS: 3.43 GB
2026-07-27 11:01:44,736 - Evaluate - INFO - ASR... Epoch: 2, Walltime: 18.157686 CPU time: 100.456345
2026-07-27 11:02:05,423 - Evaluate - INFO - ASR Module... Epoch: 2, RSS: 3.43 GB
2026-07-27 11:02:05,424 - Evaluate - INFO - ASR... Epoch: 2, Walltime: 20.683205 CPU time: 113.875297
2026-07-27 11:02:24,722 - Evaluate - INFO - ASR Module... Epoch: 2, RSS: 3.43 GB
2026-07-27 11:02:24,723 - Evaluate - INFO - ASR... Epoch: 2, Walltime: 19.294516 CPU time: 106.020776
2026-07-27 11:02:43,955 - Evaluate - INFO - ASR Module... Epoch: 2, RSS: 3.43 GB
2026-07-27 11:02:43,956 - Evaluate - INFO - ASR... Epoch: 2, Walltime: 19.229054 CPU time: 105.363530
2026-07-27 11:03:02,315 - Evaluate - INFO - ASR Module... Epoch: 2, RSS: 3.43 GB
2026-07-27 11:03:02,317 - Evaluate - INFO - ASR... Epoch: 2, Walltime: 18.356846 CPU time: 101.508111
2026-07-27 11:03:21,192 - Evaluate - INFO - ASR Module... Epoch: 2, RSS: 3.43 GB
2026-07-27 11:03:21,194 - Evaluate - INFO - ASR... Epoch: 2, Walltime: 18.872953 CPU time: 103.950046
2026-07-27 11:03:40,663 - Evaluate - INFO - ASR Module... Epoch: 2, RSS: 3.43 GB
2026-07-27 11:03:40,664 - Evaluate - INFO - ASR... Epoch: 2, Walltime: 19.466379 CPU time: 107.269150
2026-07-27 11:04:00,002 - Evaluate - INFO - ASR Module... Epoch: 2, RSS: 3.43 GB
2026-07-27 11:04:00,004 - Evaluate - INFO - ASR... Epoch: 2, Walltime: 19.335117 CPU time: 106.841032
2026-07-27 11:04:18,897 - Evaluate - INFO - ASR Module... Epoch: 2, RSS: 3.43 GB
2026-07-27 11:04:18,898 - Evaluate - INFO - ASR... Epoch: 2, Walltime: 18.889911 CPU time: 103.856306
2026-07-27 11:04:37,680 - Evaluate - INFO - ASR Module... Epoch: 2, RSS: 3.43 GB
2026-07-27 11:04:37,681 - Evaluate - INFO - ASR... Epoch: 2, Walltime: 18.778230 CPU time: 104.083858
2026-07-27 11:04:56,671 - Evaluate - INFO - ASR Module... Epoch: 2, RSS: 3.43 GB
2026-07-27 11:04:56,673 - Evaluate - INFO - ASR... Epoch: 2, Walltime: 18.987268 CPU time: 104.681678
2026-07-27 11:05:15,425 - Evaluate - INFO - ASR Module... Epoch: 2, RSS: 3.43 GB
2026-07-27 11:05:15,426 - Evaluate - INFO - ASR... Epoch: 2, Walltime: 18.749407 CPU time: 103.900694
2026-07-27 11:05:35,279 - Evaluate - INFO - ASR Module... Epoch: 2, RSS: 3.43 GB
2026-07-27 11:05:35,280 - Evaluate - INFO - ASR... Epoch: 2, Walltime: 19.849324 CPU time: 109.421540
2026-07-27 11:05:55,243 - Evaluate - INFO - ASR Module... Epoch: 2, RSS: 3.43 GB
2026-07-27 11:05:55,244 - Evaluate - INFO - ASR... Epoch: 2, Walltime: 19.959495 CPU time: 109.762650
2026-07-27 11:06:16,275 - Evaluate - INFO - ASR Module... Epoch: 2, RSS: 3.43 GB
2026-07-27 11:06:16,276 - Evaluate - INFO - ASR... Epoch: 2, Walltime: 21.028145 CPU time: 115.216653
2026-07-27 11:06:35,812 - Evaluate - INFO - ASR Module... Epoch: 2, RSS: 3.43 GB
2026-07-27 11:06:35,813 - Evaluate - INFO - ASR... Epoch: 2, Walltime: 19.532360 CPU time: 107.949512
2026-07-27 11:06:54,760 - Evaluate - INFO - ASR Module... Epoch: 2, RSS: 3.43 GB
2026-07-27 11:06:54,761 - Evaluate - INFO - ASR... Epoch: 2, Walltime: 18.943479 CPU time: 105.145911
2026-07-27 11:07:13,996 - Evaluate - INFO - ASR Module... Epoch: 2, RSS: 3.43 GB
2026-07-27 11:07:13,997 - Evaluate - INFO - ASR... Epoch: 2, Walltime: 19.231044 CPU time: 106.610423
2026-07-27 11:07:34,780 - Evaluate - INFO - ASR Module... Epoch: 2, RSS: 3.43 GB
2026-07-27 11:07:34,782 - Evaluate - INFO - ASR... Epoch: 2, Walltime: 20.779985 CPU time: 113.317715
2026-07-27 11:07:53,334 - Evaluate - INFO - ASR Module... Epoch: 2, RSS: 3.43 GB
2026-07-27 11:07:53,335 - Evaluate - INFO - ASR... Epoch: 2, Walltime: 18.548759 CPU time: 102.856400
2026-07-27 11:08:11,748 - Evaluate - INFO - ASR Module... Epoch: 2, RSS: 3.43 GB
2026-07-27 11:08:11,749 - Evaluate - INFO - ASR... Epoch: 2, Walltime: 18.410103 CPU time: 102.516484
2026-07-27 11:08:31,140 - Evaluate - INFO - ASR Module... Epoch: 2, RSS: 3.43 GB
2026-07-27 11:08:31,142 - Evaluate - INFO - ASR... Epoch: 2, Walltime: 19.388186 CPU time: 105.469538
2026-07-27 11:08:51,631 - Evaluate - INFO - ASR Module... Epoch: 2, RSS: 3.43 GB
2026-07-27 11:08:51,632 - Evaluate - INFO - ASR... Epoch: 2, Walltime: 20.484278 CPU time: 112.299665
2026-07-27 11:09:11,536 - Evaluate - INFO - ASR Module... Epoch: 2, RSS: 3.43 GB
2026-07-27 11:09:11,537 - Evaluate - INFO - ASR... Epoch: 2, Walltime: 19.901224 CPU time: 109.740019
2026-07-27 11:09:30,383 - Evaluate - INFO - ASR Module... Epoch: 2, RSS: 3.43 GB
2026-07-27 11:09:30,384 - Evaluate - INFO - ASR... Epoch: 2, Walltime: 18.842557 CPU time: 104.667541
2026-07-27 11:09:50,527 - Evaluate - INFO - ASR Module... Epoch: 2, RSS: 3.43 GB
2026-07-27 11:09:50,529 - Evaluate - INFO - ASR... Epoch: 2, Walltime: 20.139986 CPU time: 109.994000
2026-07-27 11:10:09,845 - Evaluate - INFO - ASR Module... Epoch: 2, RSS: 3.43 GB
2026-07-27 11:10:09,846 - Evaluate - INFO - ASR... Epoch: 2, Walltime: 19.312970 CPU time: 106.850386
2026-07-27 11:10:27,999 - Evaluate - INFO - ASR Module... Epoch: 2, RSS: 3.43 GB
2026-07-27 11:10:28,000 - Evaluate - INFO - ASR... Epoch: 2, Walltime: 18.149695 CPU time: 100.721541
2026-07-27 11:10:47,352 - Evaluate - INFO - ASR Module... Epoch: 2, RSS: 3.43 GB
2026-07-27 11:10:47,353 - Evaluate - INFO - ASR... Epoch: 2, Walltime: 19.349399 CPU time: 105.542532
2026-07-27 11:11:06,536 - Evaluate - INFO - ASR Module... Epoch: 2, RSS: 3.43 GB
2026-07-27 11:11:06,537 - Evaluate - INFO - ASR... Epoch: 2, Walltime: 19.180179 CPU time: 104.629550
2026-07-27 11:11:24,897 - Evaluate - INFO - ASR Module... Epoch: 2, RSS: 3.43 GB
2026-07-27 11:11:24,898 - Evaluate - INFO - ASR... Epoch: 2, Walltime: 18.356480 CPU time: 101.802333
2026-07-27 11:11:43,810 - Evaluate - INFO - ASR Module... Epoch: 2, RSS: 3.43 GB
2026-07-27 11:11:43,811 - Evaluate - INFO - ASR... Epoch: 2, Walltime: 18.909655 CPU time: 104.042681
2026-07-27 11:12:03,804 - Evaluate - INFO - ASR Module... Epoch: 2, RSS: 3.43 GB
2026-07-27 11:12:03,806 - Evaluate - INFO - ASR... Epoch: 2, Walltime: 19.989720 CPU time: 110.022370
2026-07-27 11:12:23,026 - Evaluate - INFO - ASR Module... Epoch: 2, RSS: 3.43 GB
2026-07-27 11:12:23,027 - Evaluate - INFO - ASR... Epoch: 2, Walltime: 19.217310 CPU time: 105.570005
2026-07-27 11:12:42,428 - Evaluate - INFO - ASR Module... Epoch: 2, RSS: 3.43 GB
2026-07-27 11:12:42,429 - Evaluate - INFO - ASR... Epoch: 2, Walltime: 19.397808 CPU time: 105.231613
2026-07-27 11:13:01,249 - Evaluate - INFO - ASR Module... Epoch: 2, RSS: 3.43 GB
2026-07-27 11:13:01,250 - Evaluate - INFO - ASR... Epoch: 2, Walltime: 18.816338 CPU time: 104.666309
2026-07-27 11:13:20,720 - Evaluate - INFO - ASR Module... Epoch: 2, RSS: 3.43 GB
2026-07-27 11:13:20,721 - Evaluate - INFO - ASR... Epoch: 2, Walltime: 19.467159 CPU time: 107.419093
2026-07-27 11:13:40,150 - Evaluate - INFO - ASR Module... Epoch: 2, RSS: 3.43 GB
2026-07-27 11:13:40,151 - Evaluate - INFO - ASR... Epoch: 2, Walltime: 19.426464 CPU time: 107.178841
2026-07-27 11:13:59,758 - Evaluate - INFO - ASR Module... Epoch: 2, RSS: 3.43 GB
2026-07-27 11:13:59,759 - Evaluate - INFO - ASR... Epoch: 2, Walltime: 19.603434 CPU time: 107.539411
2026-07-27 11:14:17,985 - Evaluate - INFO - ASR Module... Epoch: 2, RSS: 3.43 GB
2026-07-27 11:14:17,986 - Evaluate - INFO - ASR... Epoch: 2, Walltime: 18.223137 CPU time: 100.682076
2026-07-27 11:14:38,124 - Evaluate - INFO - ASR Module... Epoch: 2, RSS: 3.43 GB
2026-07-27 11:14:38,125 - Evaluate - INFO - ASR... Epoch: 2, Walltime: 20.133912 CPU time: 110.349646
2026-07-27 11:14:59,179 - Evaluate - INFO - ASR Module... Epoch: 2, RSS: 3.43 GB
2026-07-27 11:14:59,180 - Evaluate - INFO - ASR... Epoch: 2, Walltime: 21.049689 CPU time: 115.570504
2026-07-27 11:15:20,306 - Evaluate - INFO - ASR Module... Epoch: 2, RSS: 3.43 GB
2026-07-27 11:15:20,307 - Evaluate - INFO - ASR... Epoch: 2, Walltime: 21.121129 CPU time: 115.334921
2026-07-27 11:15:40,567 - Evaluate - INFO - ASR Module... Epoch: 2, RSS: 3.43 GB
2026-07-27 11:15:40,568 - Evaluate - INFO - ASR... Epoch: 2, Walltime: 20.256923 CPU time: 111.581503
2026-07-27 11:16:00,596 - Evaluate - INFO - ASR Module... Epoch: 2, RSS: 3.43 GB
2026-07-27 11:16:00,598 - Evaluate - INFO - ASR... Epoch: 2, Walltime: 20.025274 CPU time: 110.833397
2026-07-27 11:16:21,333 - Evaluate - INFO - ASR Module... Epoch: 2, RSS: 3.43 GB
2026-07-27 11:16:21,334 - Evaluate - INFO - ASR... Epoch: 2, Walltime: 20.731776 CPU time: 113.740773
2026-07-27 11:16:42,742 - Evaluate - INFO - ASR Module... Epoch: 2, RSS: 3.43 GB
2026-07-27 11:16:42,743 - Evaluate - INFO - ASR... Epoch: 2, Walltime: 21.402983 CPU time: 117.552742
2026-07-27 11:17:05,584 - Evaluate - INFO - ASR Module... Epoch: 2, RSS: 3.43 GB
2026-07-27 11:17:05,585 - Evaluate - INFO - ASR... Epoch: 2, Walltime: 22.836467 CPU time: 125.314296
2026-07-27 11:17:27,104 - Evaluate - INFO - ASR Module... Epoch: 2, RSS: 3.43 GB
2026-07-27 11:17:27,105 - Evaluate - INFO - ASR... Epoch: 2, Walltime: 21.513818 CPU time: 118.224534
2026-07-27 11:17:48,497 - Evaluate - INFO - ASR Module... Epoch: 2, RSS: 3.43 GB
2026-07-27 11:17:48,498 - Evaluate - INFO - ASR... Epoch: 2, Walltime: 21.388671 CPU time: 117.663443
2026-07-27 11:18:10,198 - Evaluate - INFO - ASR Module... Epoch: 2, RSS: 3.43 GB
2026-07-27 11:18:10,200 - Evaluate - INFO - ASR... Epoch: 2, Walltime: 21.696117 CPU time: 118.847508
2026-07-27 11:18:31,299 - Evaluate - INFO - ASR Module... Epoch: 2, RSS: 3.43 GB
2026-07-27 11:18:31,300 - Evaluate - INFO - ASR... Epoch: 2, Walltime: 21.094730 CPU time: 114.030705
2026-07-27 11:18:52,240 - Evaluate - INFO - ASR Module... Epoch: 2, RSS: 3.43 GB
2026-07-27 11:18:52,241 - Evaluate - INFO - ASR... Epoch: 2, Walltime: 20.936803 CPU time: 115.379002
2026-07-27 11:19:14,063 - Evaluate - INFO - ASR Module... Epoch: 2, RSS: 3.43 GB
2026-07-27 11:19:14,064 - Evaluate - INFO - ASR... Epoch: 2, Walltime: 21.816807 CPU time: 119.749600
2026-07-27 11:19:34,969 - Evaluate - INFO - ASR Module... Epoch: 2, RSS: 3.43 GB
2026-07-27 11:19:34,970 - Evaluate - INFO - ASR... Epoch: 2, Walltime: 20.900566 CPU time: 114.684650
2026-07-27 11:19:56,663 - Evaluate - INFO - ASR Module... Epoch: 2, RSS: 3.43 GB
2026-07-27 11:19:56,665 - Evaluate - INFO - ASR... Epoch: 2, Walltime: 21.688476 CPU time: 118.745159
2026-07-27 11:20:17,457 - Evaluate - INFO - ASR Module... Epoch: 2, RSS: 3.43 GB
2026-07-27 11:20:17,458 - Evaluate - INFO - ASR... Epoch: 2, Walltime: 20.788222 CPU time: 113.065990
2026-07-27 11:20:38,417 - Evaluate - INFO - ASR Module... Epoch: 2, RSS: 3.43 GB
2026-07-27 11:20:38,418 - Evaluate - INFO - ASR... Epoch: 2, Walltime: 20.954813 CPU time: 114.873779
2026-07-27 11:21:00,207 - Evaluate - INFO - ASR Module... Epoch: 2, RSS: 3.43 GB
2026-07-27 11:21:00,208 - Evaluate - INFO - ASR... Epoch: 2, Walltime: 21.784018 CPU time: 118.614745
2026-07-27 11:21:21,660 - Evaluate - INFO - ASR Module... Epoch: 2, RSS: 3.43 GB
2026-07-27 11:21:21,661 - Evaluate - INFO - ASR... Epoch: 2, Walltime: 21.447720 CPU time: 117.872656
2026-07-27 11:21:44,345 - Evaluate - INFO - ASR Module... Epoch: 2, RSS: 3.43 GB
2026-07-27 11:21:44,346 - Evaluate - INFO - ASR... Epoch: 2, Walltime: 22.679003 CPU time: 123.913558
2026-07-27 11:22:05,963 - Evaluate - INFO - ASR Module... Epoch: 2, RSS: 3.43 GB
2026-07-27 11:22:05,964 - Evaluate - INFO - ASR... Epoch: 2, Walltime: 21.612499 CPU time: 118.365826
2026-07-27 11:22:27,714 - Evaluate - INFO - ASR Module... Epoch: 2, RSS: 3.43 GB
2026-07-27 11:22:27,715 - Evaluate - INFO - ASR... Epoch: 2, Walltime: 21.745336 CPU time: 119.351381
2026-07-27 11:22:49,253 - Evaluate - INFO - ASR Module... Epoch: 2, RSS: 3.43 GB
2026-07-27 11:22:49,254 - Evaluate - INFO - ASR... Epoch: 2, Walltime: 21.533494 CPU time: 118.670531
2026-07-27 11:23:07,988 - Evaluate - INFO - ASR Module... Epoch: 2, RSS: 3.43 GB
2026-07-27 11:23:07,989 - Evaluate - INFO - ASR... Epoch: 2, Walltime: 18.730553 CPU time: 103.961349
2026-07-27 11:23:28,553 - Evaluate - INFO - ASR Module... Epoch: 2, RSS: 3.43 GB
2026-07-27 11:23:28,555 - Evaluate - INFO - ASR... Epoch: 2, Walltime: 20.560641 CPU time: 112.284747
2026-07-27 11:23:46,398 - Evaluate - INFO - ASR Module... Epoch: 2, RSS: 3.43 GB
2026-07-27 11:23:46,399 - Evaluate - INFO - ASR... Epoch: 2, Walltime: 17.840254 CPU time: 98.780227
2026-07-27 11:24:05,823 - Evaluate - INFO - ASR Module... Epoch: 2, RSS: 3.43 GB
2026-07-27 11:24:05,824 - Evaluate - INFO - ASR... Epoch: 2, Walltime: 19.421448 CPU time: 105.827169
2026-07-27 11:24:24,688 - Evaluate - INFO - ASR Module... Epoch: 2, RSS: 3.43 GB
2026-07-27 11:24:24,689 - Evaluate - INFO - ASR... Epoch: 2, Walltime: 18.861438 CPU time: 104.401230
2026-07-27 11:24:43,295 - Evaluate - INFO - ASR Module... Epoch: 2, RSS: 3.43 GB
2026-07-27 11:24:43,296 - Evaluate - INFO - ASR... Epoch: 2, Walltime: 18.603090 CPU time: 103.211258
2026-07-27 11:25:02,150 - Evaluate - INFO - ASR Module... Epoch: 2, RSS: 3.43 GB
2026-07-27 11:25:02,151 - Evaluate - INFO - ASR... Epoch: 2, Walltime: 18.851176 CPU time: 104.298507
2026-07-27 11:25:20,498 - Evaluate - INFO - ASR Module... Epoch: 2, RSS: 3.43 GB
2026-07-27 11:25:20,499 - Evaluate - INFO - ASR... Epoch: 2, Walltime: 18.344573 CPU time: 101.821633
2026-07-27 11:25:40,583 - Evaluate - INFO - ASR Module... Epoch: 2, RSS: 3.43 GB
2026-07-27 11:25:40,584 - Evaluate - INFO - ASR... Epoch: 2, Walltime: 20.080523 CPU time: 110.961838
2026-07-27 11:25:59,406 - Evaluate - INFO - ASR Module... Epoch: 2, RSS: 3.43 GB
2026-07-27 11:25:59,407 - Evaluate - INFO - ASR... Epoch: 2, Walltime: 18.818554 CPU time: 103.259853
2026-07-27 11:26:18,850 - Evaluate - INFO - ASR Module... Epoch: 2, RSS: 3.43 GB
2026-07-27 11:26:18,851 - Evaluate - INFO - ASR... Epoch: 2, Walltime: 19.440070 CPU time: 107.183626
2026-07-27 11:26:37,938 - Evaluate - INFO - ASR Module... Epoch: 2, RSS: 3.43 GB
2026-07-27 11:26:37,939 - Evaluate - INFO - ASR... Epoch: 2, Walltime: 19.084754 CPU time: 105.463258
2026-07-27 11:26:58,426 - Evaluate - INFO - ASR Module... Epoch: 2, RSS: 3.43 GB
2026-07-27 11:26:58,427 - Evaluate - INFO - ASR... Epoch: 2, Walltime: 20.484139 CPU time: 111.232778
2026-07-27 11:27:18,765 - Evaluate - INFO - ASR Module... Epoch: 2, RSS: 3.43 GB
2026-07-27 11:27:18,767 - Evaluate - INFO - ASR... Epoch: 2, Walltime: 20.334094 CPU time: 111.306015
2026-07-27 11:27:38,875 - Evaluate - INFO - ASR Module... Epoch: 2, RSS: 3.43 GB
2026-07-27 11:27:38,876 - Evaluate - INFO - ASR... Epoch: 2, Walltime: 20.104716 CPU time: 110.897346
2026-07-27 11:27:58,496 - Evaluate - INFO - ASR Module... Epoch: 2, RSS: 3.43 GB
2026-07-27 11:27:58,497 - Evaluate - INFO - ASR... Epoch: 2, Walltime: 19.617851 CPU time: 107.401084
2026-07-27 11:28:16,960 - Evaluate - INFO - ASR Module... Epoch: 2, RSS: 3.43 GB
2026-07-27 11:28:16,962 - Evaluate - INFO - ASR... Epoch: 2, Walltime: 18.460452 CPU time: 101.990983
2026-07-27 11:28:35,636 - Evaluate - INFO - ASR Module... Epoch: 2, RSS: 3.43 GB
2026-07-27 11:28:35,637 - Evaluate - INFO - ASR... Epoch: 2, Walltime: 18.671047 CPU time: 102.074211
2026-07-27 11:28:54,929 - Evaluate - INFO - ASR Module... Epoch: 2, RSS: 3.43 GB
2026-07-27 11:28:54,930 - Evaluate - INFO - ASR... Epoch: 2, Walltime: 19.289399 CPU time: 105.002109
2026-07-27 11:29:13,488 - Evaluate - INFO - ASR Module... Epoch: 2, RSS: 3.43 GB
2026-07-27 11:29:13,489 - Evaluate - INFO - ASR... Epoch: 2, Walltime: 18.554816 CPU time: 102.388881
2026-07-27 11:29:32,821 - Evaluate - INFO - ASR Module... Epoch: 2, RSS: 3.43 GB
2026-07-27 11:29:32,822 - Evaluate - INFO - ASR... Epoch: 2, Walltime: 19.329480 CPU time: 106.082052
2026-07-27 11:29:51,994 - Evaluate - INFO - ASR Module... Epoch: 2, RSS: 3.43 GB
2026-07-27 11:29:51,996 - Evaluate - INFO - ASR... Epoch: 2, Walltime: 19.168942 CPU time: 105.995713
2026-07-27 11:30:10,579 - Evaluate - INFO - ASR Module... Epoch: 2, RSS: 3.43 GB
2026-07-27 11:30:10,580 - Evaluate - INFO - ASR... Epoch: 2, Walltime: 18.580504 CPU time: 101.946804
2026-07-27 11:30:29,908 - Evaluate - INFO - ASR Module... Epoch: 2, RSS: 3.43 GB
2026-07-27 11:30:29,909 - Evaluate - INFO - ASR... Epoch: 2, Walltime: 19.325028 CPU time: 105.354203
2026-07-27 11:30:48,530 - Evaluate - INFO - ASR Module... Epoch: 2, RSS: 3.43 GB
2026-07-27 11:30:48,531 - Evaluate - INFO - ASR... Epoch: 2, Walltime: 18.617215 CPU time: 102.581060
2026-07-27 11:31:07,874 - Evaluate - INFO - ASR Module... Epoch: 2, RSS: 3.43 GB
2026-07-27 11:31:07,876 - Evaluate - INFO - ASR... Epoch: 2, Walltime: 19.340412 CPU time: 106.823887
2026-07-27 11:31:26,808 - Evaluate - INFO - ASR Module... Epoch: 2, RSS: 3.43 GB
2026-07-27 11:31:26,809 - Evaluate - INFO - ASR... Epoch: 2, Walltime: 18.928713 CPU time: 104.588440
2026-07-27 11:31:47,345 - Evaluate - INFO - ASR Module... Epoch: 2, RSS: 3.43 GB
2026-07-27 11:31:47,346 - Evaluate - INFO - ASR... Epoch: 2, Walltime: 20.532303 CPU time: 112.739439
2026-07-27 11:32:09,095 - Evaluate - INFO - ASR Module... Epoch: 2, RSS: 3.43 GB
2026-07-27 11:32:09,096 - Evaluate - INFO - ASR... Epoch: 2, Walltime: 21.745236 CPU time: 118.104787
2026-07-27 11:32:28,647 - Evaluate - INFO - ASR Module... Epoch: 2, RSS: 3.43 GB
2026-07-27 11:32:28,648 - Evaluate - INFO - ASR... Epoch: 2, Walltime: 19.547291 CPU time: 107.541730
2026-07-27 11:32:47,117 - Evaluate - INFO - ASR Module... Epoch: 2, RSS: 3.43 GB
2026-07-27 11:32:47,118 - Evaluate - INFO - ASR... Epoch: 2, Walltime: 18.465844 CPU time: 102.192971
2026-07-27 11:33:06,932 - Evaluate - INFO - ASR Module... Epoch: 2, RSS: 3.43 GB
2026-07-27 11:33:06,933 - Evaluate - INFO - ASR... Epoch: 2, Walltime: 19.810738 CPU time: 109.047264
2026-07-27 11:33:26,800 - Evaluate - INFO - ASR Module... Epoch: 2, RSS: 3.43 GB
2026-07-27 11:33:26,801 - Evaluate - INFO - ASR... Epoch: 2, Walltime: 19.864516 CPU time: 109.134338
2026-07-27 11:33:46,083 - Evaluate - INFO - ASR Module... Epoch: 2, RSS: 3.43 GB
2026-07-27 11:33:46,084 - Evaluate - INFO - ASR... Epoch: 2, Walltime: 19.278584 CPU time: 106.119193
2026-07-27 11:34:04,715 - Evaluate - INFO - ASR Module... Epoch: 2, RSS: 3.43 GB
2026-07-27 11:34:04,716 - Evaluate - INFO - ASR... Epoch: 2, Walltime: 18.628868 CPU time: 103.133543
2026-07-27 11:34:24,300 - Evaluate - INFO - ASR Module... Epoch: 2, RSS: 3.43 GB
2026-07-27 11:34:24,301 - Evaluate - INFO - ASR... Epoch: 2, Walltime: 19.579924 CPU time: 107.871680
2026-07-27 11:34:42,927 - Evaluate - INFO - ASR Module... Epoch: 2, RSS: 3.43 GB
2026-07-27 11:34:42,928 - Evaluate - INFO - ASR... Epoch: 2, Walltime: 18.623233 CPU time: 103.106593
2026-07-27 11:35:02,021 - Evaluate - INFO - ASR Module... Epoch: 2, RSS: 3.43 GB
2026-07-27 11:35:02,022 - Evaluate - INFO - ASR... Epoch: 2, Walltime: 19.090819 CPU time: 104.747159
2026-07-27 11:35:20,398 - Evaluate - INFO - ASR Module... Epoch: 2, RSS: 3.43 GB
2026-07-27 11:35:20,400 - Evaluate - INFO - ASR... Epoch: 2, Walltime: 18.373584 CPU time: 102.113362
2026-07-27 11:35:39,837 - Evaluate - INFO - ASR Module... Epoch: 2, RSS: 3.43 GB
2026-07-27 11:35:39,838 - Evaluate - INFO - ASR... Epoch: 2, Walltime: 19.434175 CPU time: 106.863424
2026-07-27 11:35:59,025 - Evaluate - INFO - ASR Module... Epoch: 2, RSS: 3.43 GB
2026-07-27 11:35:59,026 - Evaluate - INFO - ASR... Epoch: 2, Walltime: 19.183723 CPU time: 105.587756
2026-07-27 11:36:19,754 - Evaluate - INFO - ASR Module... Epoch: 2, RSS: 3.43 GB
2026-07-27 11:36:19,755 - Evaluate - INFO - ASR... Epoch: 2, Walltime: 20.723836 CPU time: 112.620162
2026-07-27 11:36:38,956 - Evaluate - INFO - ASR Module... Epoch: 2, RSS: 3.43 GB
2026-07-27 11:36:38,957 - Evaluate - INFO - ASR... Epoch: 2, Walltime: 19.197650 CPU time: 105.789280
2026-07-27 11:36:57,359 - Evaluate - INFO - ASR Module... Epoch: 2, RSS: 3.43 GB
2026-07-27 11:36:57,360 - Evaluate - INFO - ASR... Epoch: 2, Walltime: 18.398345 CPU time: 101.959934
2026-07-27 11:37:17,183 - Evaluate - INFO - ASR Module... Epoch: 2, RSS: 3.43 GB
2026-07-27 11:37:17,185 - Evaluate - INFO - ASR... Epoch: 2, Walltime: 19.820372 CPU time: 108.642596
2026-07-27 11:37:37,660 - Evaluate - INFO - ASR Module... Epoch: 2, RSS: 3.43 GB
2026-07-27 11:37:37,661 - Evaluate - INFO - ASR... Epoch: 2, Walltime: 20.471574 CPU time: 111.651416
2026-07-27 11:37:56,716 - Evaluate - INFO - ASR Module... Epoch: 2, RSS: 3.43 GB
2026-07-27 11:37:56,717 - Evaluate - INFO - ASR... Epoch: 2, Walltime: 19.051106 CPU time: 104.981426
2026-07-27 11:38:15,632 - Evaluate - INFO - ASR Module... Epoch: 2, RSS: 3.43 GB
2026-07-27 11:38:15,634 - Evaluate - INFO - ASR... Epoch: 2, Walltime: 18.912302 CPU time: 103.280938
2026-07-27 11:38:34,492 - Evaluate - INFO - ASR Module... Epoch: 2, RSS: 3.43 GB
2026-07-27 11:38:34,493 - Evaluate - INFO - ASR... Epoch: 2, Walltime: 18.855157 CPU time: 104.640261
2026-07-27 11:38:53,255 - Evaluate - INFO - ASR Module... Epoch: 2, RSS: 3.43 GB
2026-07-27 11:38:53,256 - Evaluate - INFO - ASR... Epoch: 2, Walltime: 18.759391 CPU time: 103.796989
2026-07-27 11:39:12,783 - Evaluate - INFO - ASR Module... Epoch: 2, RSS: 3.43 GB
2026-07-27 11:39:12,784 - Evaluate - INFO - ASR... Epoch: 2, Walltime: 19.523149 CPU time: 106.990435
2026-07-27 11:39:32,588 - Evaluate - INFO - ASR Module... Epoch: 2, RSS: 3.43 GB
2026-07-27 11:39:32,589 - Evaluate - INFO - ASR... Epoch: 2, Walltime: 19.800914 CPU time: 109.313864
2026-07-27 11:39:51,681 - Evaluate - INFO - ASR Module... Epoch: 2, RSS: 3.43 GB
2026-07-27 11:39:51,682 - Evaluate - INFO - ASR... Epoch: 2, Walltime: 19.088539 CPU time: 105.824969
2026-07-27 11:40:11,033 - Evaluate - INFO - ASR Module... Epoch: 2, RSS: 3.43 GB
2026-07-27 11:40:11,035 - Evaluate - INFO - ASR... Epoch: 2, Walltime: 19.348197 CPU time: 106.765338
2026-07-27 11:40:29,956 - Evaluate - INFO - ASR Module... Epoch: 2, RSS: 3.43 GB
2026-07-27 11:40:29,957 - Evaluate - INFO - ASR... Epoch: 2, Walltime: 18.918841 CPU time: 104.599813
2026-07-27 11:40:50,753 - Evaluate - INFO - ASR Module... Epoch: 2, RSS: 3.43 GB
2026-07-27 11:40:50,755 - Evaluate - INFO - ASR... Epoch: 2, Walltime: 20.792958 CPU time: 114.048678
2026-07-27 11:41:09,766 - Evaluate - INFO - ASR Module... Epoch: 2, RSS: 3.43 GB
2026-07-27 11:41:09,768 - Evaluate - INFO - ASR... Epoch: 2, Walltime: 19.007967 CPU time: 105.083317
2026-07-27 11:41:30,365 - Evaluate - INFO - ASR Module... Epoch: 2, RSS: 3.43 GB
2026-07-27 11:41:30,366 - Evaluate - INFO - ASR... Epoch: 2, Walltime: 20.594373 CPU time: 112.093026
2026-07-27 11:41:49,285 - Evaluate - INFO - ASR Module... Epoch: 2, RSS: 3.43 GB
2026-07-27 11:41:49,287 - Evaluate - INFO - ASR... Epoch: 2, Walltime: 18.916066 CPU time: 105.074511
2026-07-27 11:42:08,966 - Evaluate - INFO - ASR Module... Epoch: 2, RSS: 3.43 GB
2026-07-27 11:42:08,967 - Evaluate - INFO - ASR... Epoch: 2, Walltime: 19.675966 CPU time: 107.110916
2026-07-27 11:42:27,337 - Evaluate - INFO - ASR Module... Epoch: 2, RSS: 3.43 GB
2026-07-27 11:42:27,338 - Evaluate - INFO - ASR... Epoch: 2, Walltime: 18.367072 CPU time: 101.386351
2026-07-27 11:42:47,031 - Evaluate - INFO - ASR Module... Epoch: 2, RSS: 3.43 GB
2026-07-27 11:42:47,033 - Evaluate - INFO - ASR... Epoch: 2, Walltime: 19.690552 CPU time: 108.106561
2026-07-27 11:43:07,086 - Evaluate - INFO - ASR Module... Epoch: 2, RSS: 3.43 GB
2026-07-27 11:43:07,087 - Evaluate - INFO - ASR... Epoch: 2, Walltime: 20.049664 CPU time: 110.051968
2026-07-27 11:43:27,049 - Evaluate - INFO - ASR Module... Epoch: 2, RSS: 3.43 GB
2026-07-27 11:43:27,050 - Evaluate - INFO - ASR... Epoch: 2, Walltime: 19.958387 CPU time: 107.446119
2026-07-27 11:43:46,930 - Evaluate - INFO - ASR Module... Epoch: 2, RSS: 3.43 GB
2026-07-27 11:43:46,931 - Evaluate - INFO - ASR... Epoch: 2, Walltime: 19.877449 CPU time: 109.848460
2026-07-27 11:44:10,374 - Evaluate - INFO - ASR Module... Epoch: 2, RSS: 3.44 GB
2026-07-27 11:44:10,375 - Evaluate - INFO - ASR... Epoch: 2, Walltime: 23.440500 CPU time: 114.739366
2026-07-27 11:44:32,060 - Evaluate - INFO - ASR Module... Epoch: 2, RSS: 3.44 GB
2026-07-27 11:44:32,061 - Evaluate - INFO - ASR... Epoch: 2, Walltime: 21.680463 CPU time: 118.718286
2026-07-27 11:44:51,672 - Evaluate - INFO - ASR Module... Epoch: 2, RSS: 3.44 GB
2026-07-27 11:44:51,673 - Evaluate - INFO - ASR... Epoch: 2, Walltime: 19.608002 CPU time: 104.627754
2026-07-27 11:45:11,341 - Evaluate - INFO - ASR Module... Epoch: 2, RSS: 3.44 GB
2026-07-27 11:45:11,342 - Evaluate - INFO - ASR... Epoch: 2, Walltime: 19.665473 CPU time: 105.796235
2026-07-27 11:45:30,716 - Evaluate - INFO - ASR Module... Epoch: 2, RSS: 3.44 GB
2026-07-27 11:45:30,718 - Evaluate - INFO - ASR... Epoch: 2, Walltime: 19.371389 CPU time: 107.497919
2026-07-27 11:45:50,837 - Evaluate - INFO - ASR Module... Epoch: 2, RSS: 3.44 GB
2026-07-27 11:45:50,839 - Evaluate - INFO - ASR... Epoch: 2, Walltime: 20.115999 CPU time: 108.490771
2026-07-27 11:46:10,237 - Evaluate - INFO - ASR Module... Epoch: 2, RSS: 3.44 GB
2026-07-27 11:46:10,238 - Evaluate - INFO - ASR... Epoch: 2, Walltime: 19.394761 CPU time: 107.803016
2026-07-27 11:46:30,695 - Evaluate - INFO - ASR Module... Epoch: 2, RSS: 3.44 GB
2026-07-27 11:46:30,696 - Evaluate - INFO - ASR... Epoch: 2, Walltime: 20.453684 CPU time: 112.929890
2026-07-27 11:46:51,094 - Evaluate - INFO - ASR Module... Epoch: 2, RSS: 3.44 GB
2026-07-27 11:46:51,095 - Evaluate - INFO - ASR... Epoch: 2, Walltime: 20.394774 CPU time: 111.643665
2026-07-27 11:47:11,374 - Evaluate - INFO - ASR Module... Epoch: 2, RSS: 3.44 GB
2026-07-27 11:47:11,376 - Evaluate - INFO - ASR... Epoch: 2, Walltime: 20.276999 CPU time: 111.167344
2026-07-27 11:47:30,963 - Evaluate - INFO - ASR Module... Epoch: 2, RSS: 3.44 GB
2026-07-27 11:47:30,964 - Evaluate - INFO - ASR... Epoch: 2, Walltime: 19.583994 CPU time: 108.670326
2026-07-27 11:47:51,179 - Evaluate - INFO - ASR Module... Epoch: 2, RSS: 3.44 GB
2026-07-27 11:47:51,181 - Evaluate - INFO - ASR... Epoch: 2, Walltime: 20.212621 CPU time: 111.658346
2026-07-27 11:48:10,868 - Evaluate - INFO - ASR Module... Epoch: 2, RSS: 3.44 GB
2026-07-27 11:48:10,870 - Evaluate - INFO - ASR... Epoch: 2, Walltime: 19.684990 CPU time: 109.224468
2026-07-27 11:48:31,012 - Evaluate - INFO - ASR Module... Epoch: 2, RSS: 3.44 GB
2026-07-27 11:48:31,013 - Evaluate - INFO - ASR... Epoch: 2, Walltime: 20.138514 CPU time: 111.689755
2026-07-27 11:48:50,874 - Evaluate - INFO - ASR Module... Epoch: 2, RSS: 3.44 GB
2026-07-27 11:48:50,875 - Evaluate - INFO - ASR... Epoch: 2, Walltime: 19.858209 CPU time: 109.452727
2026-07-27 11:49:10,642 - Evaluate - INFO - ASR Module... Epoch: 2, RSS: 3.44 GB
2026-07-27 11:49:10,644 - Evaluate - INFO - ASR... Epoch: 2, Walltime: 19.764790 CPU time: 109.789431
2026-07-27 11:49:30,903 - Evaluate - INFO - ASR Module... Epoch: 2, RSS: 3.44 GB
2026-07-27 11:49:30,904 - Evaluate - INFO - ASR... Epoch: 2, Walltime: 20.256348 CPU time: 110.065489
2026-07-27 11:49:51,562 - Evaluate - INFO - ASR Module... Epoch: 2, RSS: 3.44 GB
2026-07-27 11:49:51,563 - Evaluate - INFO - ASR... Epoch: 2, Walltime: 20.654711 CPU time: 106.346571
2026-07-27 11:50:12,041 - Evaluate - INFO - ASR Module... Epoch: 2, RSS: 3.44 GB
2026-07-27 11:50:12,042 - Evaluate - INFO - ASR... Epoch: 2, Walltime: 20.475361 CPU time: 105.912615
2026-07-27 11:50:32,088 - Evaluate - INFO - ASR Module... Epoch: 2, RSS: 3.44 GB
2026-07-27 11:50:32,089 - Evaluate - INFO - ASR... Epoch: 2, Walltime: 20.043045 CPU time: 111.201607
2026-07-27 11:50:51,856 - Evaluate - INFO - ASR Module... Epoch: 2, RSS: 3.44 GB
2026-07-27 11:50:51,857 - Evaluate - INFO - ASR... Epoch: 2, Walltime: 19.763707 CPU time: 109.416909
2026-07-27 11:51:12,291 - Evaluate - INFO - ASR Module... Epoch: 2, RSS: 3.44 GB
2026-07-27 11:51:12,292 - Evaluate - INFO - ASR... Epoch: 2, Walltime: 20.430622 CPU time: 110.525520
2026-07-27 11:51:32,230 - Evaluate - INFO - ASR Module... Epoch: 2, RSS: 3.44 GB
2026-07-27 11:51:32,231 - Evaluate - INFO - ASR... Epoch: 2, Walltime: 19.934922 CPU time: 110.586005
2026-07-27 11:51:52,222 - Evaluate - INFO - ASR Module... Epoch: 2, RSS: 3.44 GB
2026-07-27 11:51:52,223 - Evaluate - INFO - ASR... Epoch: 2, Walltime: 19.988720 CPU time: 110.599475
2026-07-27 11:52:12,306 - Evaluate - INFO - ASR Module... Epoch: 2, RSS: 3.44 GB
2026-07-27 11:52:12,307 - Evaluate - INFO - ASR... Epoch: 2, Walltime: 20.079835 CPU time: 110.503607
2026-07-27 11:52:32,246 - Evaluate - INFO - ASR Module... Epoch: 2, RSS: 3.44 GB
2026-07-27 11:52:32,247 - Evaluate - INFO - ASR... Epoch: 2, Walltime: 19.936722 CPU time: 110.188829
2026-07-27 11:52:51,952 - Evaluate - INFO - ASR Module... Epoch: 2, RSS: 3.44 GB
2026-07-27 11:52:51,953 - Evaluate - INFO - ASR... Epoch: 2, Walltime: 19.701902 CPU time: 108.674932
2026-07-27 11:53:11,975 - Evaluate - INFO - ASR Module... Epoch: 2, RSS: 3.44 GB
2026-07-27 11:53:11,976 - Evaluate - INFO - ASR... Epoch: 2, Walltime: 20.019443 CPU time: 111.117783
2026-07-27 11:53:31,459 - Evaluate - INFO - ASR Module... Epoch: 2, RSS: 3.44 GB
2026-07-27 11:53:31,461 - Evaluate - INFO - ASR... Epoch: 2, Walltime: 19.480545 CPU time: 108.135078
2026-07-27 11:53:51,438 - Evaluate - INFO - ASR Module... Epoch: 2, RSS: 3.44 GB
2026-07-27 11:53:51,439 - Evaluate - INFO - ASR... Epoch: 2, Walltime: 19.974265 CPU time: 108.765421
2026-07-27 11:54:12,570 - Evaluate - INFO - ASR Module... Epoch: 2, RSS: 3.44 GB
2026-07-27 11:54:12,572 - Evaluate - INFO - ASR... Epoch: 2, Walltime: 21.129029 CPU time: 116.046081
2026-07-27 11:54:35,024 - Evaluate - INFO - ASR Module... Epoch: 2, RSS: 3.44 GB
2026-07-27 11:54:35,025 - Evaluate - INFO - ASR... Epoch: 2, Walltime: 22.449087 CPU time: 110.251302
2026-07-27 11:54:54,376 - Evaluate - INFO - ASR Module... Epoch: 2, RSS: 3.44 GB
2026-07-27 11:54:54,377 - Evaluate - INFO - ASR... Epoch: 2, Walltime: 19.348364 CPU time: 108.011572
2026-07-27 11:55:13,972 - Evaluate - INFO - ASR Module... Epoch: 2, RSS: 3.43 GB
2026-07-27 11:55:13,972 - Evaluate - INFO - ASR... Epoch: 2, Walltime: 19.591613 CPU time: 109.320499
2026-07-27 11:55:33,198 - Evaluate - INFO - ASR Module... Epoch: 2, RSS: 3.44 GB
2026-07-27 11:55:33,200 - Evaluate - INFO - ASR... Epoch: 2, Walltime: 19.223648 CPU time: 106.839988
2026-07-27 11:55:53,400 - Evaluate - INFO - ASR Module... Epoch: 2, RSS: 3.44 GB
2026-07-27 11:55:53,401 - Evaluate - INFO - ASR... Epoch: 2, Walltime: 20.195336 CPU time: 111.779340
2026-07-27 11:56:14,607 - Evaluate - INFO - ASR Module... Epoch: 2, RSS: 3.44 GB
2026-07-27 11:56:14,608 - Evaluate - INFO - ASR... Epoch: 2, Walltime: 21.202927 CPU time: 109.492177
2026-07-27 11:56:34,869 - Evaluate - INFO - ASR Module... Epoch: 2, RSS: 3.44 GB
2026-07-27 11:56:34,870 - Evaluate - INFO - ASR... Epoch: 2, Walltime: 20.257903 CPU time: 108.616937
2026-07-27 11:56:55,527 - Evaluate - INFO - ASR Module... Epoch: 2, RSS: 3.44 GB
2026-07-27 11:56:55,528 - Evaluate - INFO - ASR... Epoch: 2, Walltime: 20.653787 CPU time: 113.986151
2026-07-27 11:57:16,047 - Evaluate - INFO - ASR Module... Epoch: 2, RSS: 3.44 GB
2026-07-27 11:57:16,048 - Evaluate - INFO - ASR... Epoch: 2, Walltime: 20.516029 CPU time: 113.495514
2026-07-27 11:57:37,248 - Evaluate - INFO - ASR Module... Epoch: 2, RSS: 3.44 GB
2026-07-27 11:57:37,249 - Evaluate - INFO - ASR... Epoch: 2, Walltime: 21.197154 CPU time: 110.451711
2026-07-27 11:57:56,809 - Evaluate - INFO - ASR Module... Epoch: 2, RSS: 3.44 GB
2026-07-27 11:57:56,810 - Evaluate - INFO - ASR... Epoch: 2, Walltime: 19.557418 CPU time: 108.222536
2026-07-27 11:58:17,252 - Evaluate - INFO - ASR Module... Epoch: 2, RSS: 3.44 GB
2026-07-27 11:58:17,253 - Evaluate - INFO - ASR... Epoch: 2, Walltime: 20.439347 CPU time: 113.114849
2026-07-27 11:58:36,786 - Evaluate - INFO - ASR Module... Epoch: 2, RSS: 3.44 GB
2026-07-27 11:58:36,787 - Evaluate - INFO - ASR... Epoch: 2, Walltime: 19.529548 CPU time: 108.499476
2026-07-27 11:58:57,091 - Evaluate - INFO - ASR Module... Epoch: 2, RSS: 3.44 GB
2026-07-27 11:58:57,092 - Evaluate - INFO - ASR... Epoch: 2, Walltime: 20.301102 CPU time: 112.125769
2026-07-27 11:59:17,232 - Evaluate - INFO - ASR Module... Epoch: 2, RSS: 3.44 GB
2026-07-27 11:59:17,233 - Evaluate - INFO - ASR... Epoch: 2, Walltime: 20.136496 CPU time: 111.836836
2026-07-27 11:59:40,049 - Evaluate - INFO - ASR Module... Epoch: 2, RSS: 3.44 GB
2026-07-27 11:59:40,050 - Evaluate - INFO - ASR... Epoch: 2, Walltime: 22.811612 CPU time: 113.845098
2026-07-27 11:59:59,801 - Evaluate - INFO - ASR Module... Epoch: 2, RSS: 3.44 GB
2026-07-27 11:59:59,802 - Evaluate - INFO - ASR... Epoch: 2, Walltime: 19.747475 CPU time: 109.815972
2026-07-27 12:00:19,800 - Evaluate - INFO - ASR Module... Epoch: 2, RSS: 3.44 GB
2026-07-27 12:00:19,801 - Evaluate - INFO - ASR... Epoch: 2, Walltime: 19.994069 CPU time: 111.199215
2026-07-27 12:00:40,089 - Evaluate - INFO - ASR Module... Epoch: 2, RSS: 3.44 GB
2026-07-27 12:00:40,090 - Evaluate - INFO - ASR... Epoch: 2, Walltime: 20.283973 CPU time: 111.948972
2026-07-27 12:01:01,497 - Evaluate - INFO - ASR Module... Epoch: 2, RSS: 3.44 GB
2026-07-27 12:01:01,498 - Evaluate - INFO - ASR... Epoch: 2, Walltime: 21.403852 CPU time: 116.992147
2026-07-27 12:01:24,020 - Evaluate - INFO - ASR Module... Epoch: 2, RSS: 3.44 GB
2026-07-27 12:01:24,022 - Evaluate - INFO - ASR... Epoch: 2, Walltime: 22.518356 CPU time: 115.800403
2026-07-27 12:01:44,966 - Evaluate - INFO - ASR Module... Epoch: 2, RSS: 3.44 GB
2026-07-27 12:01:44,967 - Evaluate - INFO - ASR... Epoch: 2, Walltime: 20.940053 CPU time: 114.840831
2026-07-27 12:02:06,068 - Evaluate - INFO - ASR Module... Epoch: 2, RSS: 3.44 GB
2026-07-27 12:02:06,068 - Evaluate - INFO - ASR... Epoch: 2, Walltime: 21.097322 CPU time: 116.046231
2026-07-27 12:02:25,917 - Evaluate - INFO - ASR Module... Epoch: 2, RSS: 3.44 GB
2026-07-27 12:02:25,918 - Evaluate - INFO - ASR... Epoch: 2, Walltime: 19.844965 CPU time: 109.757341
2026-07-27 12:02:47,815 - Evaluate - INFO - ASR Module... Epoch: 2, RSS: 3.44 GB
2026-07-27 12:02:47,817 - Evaluate - INFO - ASR... Epoch: 2, Walltime: 21.893719 CPU time: 119.769231
2026-07-27 12:03:07,985 - Evaluate - INFO - ASR Module... Epoch: 2, RSS: 3.44 GB
2026-07-27 12:03:07,986 - Evaluate - INFO - ASR... Epoch: 2, Walltime: 20.164153 CPU time: 111.838882
2026-07-27 12:03:29,201 - Evaluate - INFO - ASR Module... Epoch: 2, RSS: 3.44 GB
2026-07-27 12:03:29,202 - Evaluate - INFO - ASR... Epoch: 2, Walltime: 21.210800 CPU time: 110.600421
2026-07-27 12:03:49,939 - Evaluate - INFO - ASR Module... Epoch: 2, RSS: 3.44 GB
2026-07-27 12:03:49,940 - Evaluate - INFO - ASR... Epoch: 2, Walltime: 20.732931 CPU time: 114.316934
2026-07-27 12:04:10,278 - Evaluate - INFO - ASR Module... Epoch: 2, RSS: 3.44 GB
2026-07-27 12:04:10,279 - Evaluate - INFO - ASR... Epoch: 2, Walltime: 20.333831 CPU time: 109.017494
2026-07-27 12:04:30,801 - Evaluate - INFO - ASR Module... Epoch: 2, RSS: 3.44 GB
2026-07-27 12:04:30,802 - Evaluate - INFO - ASR... Epoch: 2, Walltime: 20.518635 CPU time: 112.995713
2026-07-27 12:04:52,121 - Evaluate - INFO - ASR Module... Epoch: 2, RSS: 3.44 GB
2026-07-27 12:04:52,122 - Evaluate - INFO - ASR... Epoch: 2, Walltime: 21.315193 CPU time: 116.020144
2026-07-27 12:05:14,180 - Evaluate - INFO - ASR Module... Epoch: 2, RSS: 3.44 GB
2026-07-27 12:05:14,181 - Evaluate - INFO - ASR... Epoch: 2, Walltime: 22.049653 CPU time: 121.474522
2026-07-27 12:05:35,954 - Evaluate - INFO - ASR Module... Epoch: 2, RSS: 3.44 GB
2026-07-27 12:05:35,955 - Evaluate - INFO - ASR... Epoch: 2, Walltime: 21.769087 CPU time: 118.706416
2026-07-27 12:05:56,108 - Evaluate - INFO - ASR Module... Epoch: 2, RSS: 3.44 GB
2026-07-27 12:05:56,109 - Evaluate - INFO - ASR... Epoch: 2, Walltime: 20.148543 CPU time: 112.154175
2026-07-27 12:06:17,344 - Evaluate - INFO - ASR Module... Epoch: 2, RSS: 3.44 GB
2026-07-27 12:06:17,346 - Evaluate - INFO - ASR... Epoch: 2, Walltime: 21.230299 CPU time: 117.752977
2026-07-27 12:06:37,942 - Evaluate - INFO - ASR Module... Epoch: 2, RSS: 3.44 GB
2026-07-27 12:06:37,943 - Evaluate - INFO - ASR... Epoch: 2, Walltime: 20.591462 CPU time: 114.388139
2026-07-27 12:06:58,017 - Evaluate - INFO - ASR Module... Epoch: 2, RSS: 3.44 GB
2026-07-27 12:06:58,018 - Evaluate - INFO - ASR... Epoch: 2, Walltime: 20.070784 CPU time: 109.659044
2026-07-27 12:07:19,868 - Evaluate - INFO - ASR Module... Epoch: 2, RSS: 3.44 GB
2026-07-27 12:07:19,869 - Evaluate - INFO - ASR... Epoch: 2, Walltime: 21.846035 CPU time: 119.743992
2026-07-27 12:07:40,466 - Evaluate - INFO - ASR Module... Epoch: 2, RSS: 3.44 GB
2026-07-27 12:07:40,467 - Evaluate - INFO - ASR... Epoch: 2, Walltime: 20.593672 CPU time: 113.059858
2026-07-27 12:08:00,758 - Evaluate - INFO - ASR Module... Epoch: 2, RSS: 3.44 GB
2026-07-27 12:08:00,760 - Evaluate - INFO - ASR... Epoch: 2, Walltime: 20.288078 CPU time: 110.987435
2026-07-27 12:08:21,669 - Evaluate - INFO - ASR Module... Epoch: 2, RSS: 3.44 GB
2026-07-27 12:08:21,670 - Evaluate - INFO - ASR... Epoch: 2, Walltime: 20.905803 CPU time: 115.254002
2026-07-27 12:08:42,776 - Evaluate - INFO - ASR Module... Epoch: 2, RSS: 3.44 GB
2026-07-27 12:08:42,777 - Evaluate - INFO - ASR... Epoch: 2, Walltime: 21.100153 CPU time: 116.921517
2026-07-27 12:09:03,294 - Evaluate - INFO - ASR Module... Epoch: 2, RSS: 3.44 GB
2026-07-27 12:09:03,295 - Evaluate - INFO - ASR... Epoch: 2, Walltime: 20.513503 CPU time: 112.209837
2026-07-27 12:09:23,711 - Evaluate - INFO - ASR Module... Epoch: 2, RSS: 3.44 GB
2026-07-27 12:09:23,712 - Evaluate - INFO - ASR... Epoch: 2, Walltime: 20.412548 CPU time: 111.296802
2026-07-27 12:09:43,029 - Evaluate - INFO - ASR Module... Epoch: 2, RSS: 3.44 GB
2026-07-27 12:09:43,030 - Evaluate - INFO - ASR... Epoch: 2, Walltime: 19.312983 CPU time: 107.154134
2026-07-27 12:10:03,753 - Evaluate - INFO - ASR Module... Epoch: 2, RSS: 3.44 GB
2026-07-27 12:10:03,754 - Evaluate - INFO - ASR... Epoch: 2, Walltime: 20.718414 CPU time: 114.856875
2026-07-27 12:10:25,313 - Evaluate - INFO - ASR Module... Epoch: 2, RSS: 3.44 GB
2026-07-27 12:10:25,314 - Evaluate - INFO - ASR... Epoch: 2, Walltime: 21.554723 CPU time: 117.693861
2026-07-27 12:10:45,561 - Evaluate - INFO - ASR Module... Epoch: 2, RSS: 3.44 GB
2026-07-27 12:10:45,562 - Evaluate - INFO - ASR... Epoch: 2, Walltime: 20.243597 CPU time: 110.421014
2026-07-27 12:11:04,756 - Evaluate - INFO - ASR Module... Epoch: 2, RSS: 3.44 GB
2026-07-27 12:11:04,757 - Evaluate - INFO - ASR... Epoch: 2, Walltime: 19.191284 CPU time: 107.035054
2026-07-27 12:11:25,699 - Evaluate - INFO - ASR Module... Epoch: 2, RSS: 3.44 GB
2026-07-27 12:11:25,700 - Evaluate - INFO - ASR... Epoch: 2, Walltime: 20.937166 CPU time: 116.131925
2026-07-27 12:11:46,194 - Evaluate - INFO - ASR Module... Epoch: 2, RSS: 3.44 GB
2026-07-27 12:11:46,195 - Evaluate - INFO - ASR... Epoch: 2, Walltime: 20.490273 CPU time: 111.495867
2026-07-27 12:12:06,439 - Evaluate - INFO - ASR Module... Epoch: 2, RSS: 3.44 GB
2026-07-27 12:12:06,440 - Evaluate - INFO - ASR... Epoch: 2, Walltime: 20.240694 CPU time: 112.579286
2026-07-27 12:12:26,416 - Evaluate - INFO - ASR Module... Epoch: 2, RSS: 3.44 GB
2026-07-27 12:12:26,417 - Evaluate - INFO - ASR... Epoch: 2, Walltime: 19.971691 CPU time: 109.779514
2026-07-27 12:12:47,748 - Evaluate - INFO - ASR Module... Epoch: 2, RSS: 3.44 GB
2026-07-27 12:12:47,749 - Evaluate - INFO - ASR... Epoch: 2, Walltime: 21.327795 CPU time: 114.614020
2026-07-27 12:13:07,020 - Evaluate - INFO - ASR Module... Epoch: 2, RSS: 3.44 GB
2026-07-27 12:13:07,021 - Evaluate - INFO - ASR... Epoch: 2, Walltime: 19.267665 CPU time: 107.203917
2026-07-27 12:13:27,615 - Evaluate - INFO - ASR Module... Epoch: 2, RSS: 3.44 GB
2026-07-27 12:13:27,616 - Evaluate - INFO - ASR... Epoch: 2, Walltime: 20.590689 CPU time: 113.691335
2026-07-27 12:13:48,094 - Evaluate - INFO - ASR Module... Epoch: 2, RSS: 3.44 GB
2026-07-27 12:13:48,095 - Evaluate - INFO - ASR... Epoch: 2, Walltime: 20.474785 CPU time: 112.329809
2026-07-27 12:14:07,316 - Evaluate - INFO - ASR Module... Epoch: 2, RSS: 3.44 GB
2026-07-27 12:14:07,317 - Evaluate - INFO - ASR... Epoch: 2, Walltime: 19.217727 CPU time: 106.943710
2026-07-27 12:14:31,753 - Evaluate - INFO - ASR Module... Epoch: 2, RSS: 3.44 GB
2026-07-27 12:14:31,754 - Evaluate - INFO - ASR... Epoch: 2, Walltime: 24.431613 CPU time: 107.231850
2026-07-27 12:14:51,859 - Evaluate - INFO - ASR Module... Epoch: 2, RSS: 3.44 GB
2026-07-27 12:14:51,860 - Evaluate - INFO - ASR... Epoch: 2, Walltime: 20.102510 CPU time: 111.090155
2026-07-27 12:15:11,775 - Evaluate - INFO - ASR Module... Epoch: 2, RSS: 3.44 GB
2026-07-27 12:15:11,776 - Evaluate - INFO - ASR... Epoch: 2, Walltime: 19.912230 CPU time: 108.558428
2026-07-27 12:15:32,332 - Evaluate - INFO - ASR Module... Epoch: 2, RSS: 3.44 GB
2026-07-27 12:15:32,333 - Evaluate - INFO - ASR... Epoch: 2, Walltime: 20.552882 CPU time: 112.969915
2026-07-27 12:15:53,180 - Evaluate - INFO - ASR Module... Epoch: 2, RSS: 3.44 GB
2026-07-27 12:15:53,182 - Evaluate - INFO - ASR... Epoch: 2, Walltime: 20.843207 CPU time: 114.140513
2026-07-27 12:16:14,752 - Evaluate - INFO - ASR Module... Epoch: 2, RSS: 3.44 GB
2026-07-27 12:16:14,753 - Evaluate - INFO - ASR... Epoch: 2, Walltime: 21.566748 CPU time: 116.266669
2026-07-27 12:16:35,194 - Evaluate - INFO - ASR Module... Epoch: 2, RSS: 3.44 GB
2026-07-27 12:16:35,195 - Evaluate - INFO - ASR... Epoch: 2, Walltime: 20.437448 CPU time: 110.375175
2026-07-27 12:16:55,747 - Evaluate - INFO - ASR Module... Epoch: 2, RSS: 3.44 GB
2026-07-27 12:16:55,748 - Evaluate - INFO - ASR... Epoch: 2, Walltime: 20.547700 CPU time: 113.453496
2026-07-27 12:17:15,670 - Evaluate - INFO - ASR Module... Epoch: 2, RSS: 3.44 GB
2026-07-27 12:17:15,671 - Evaluate - INFO - ASR... Epoch: 2, Walltime: 19.919100 CPU time: 110.116931
2026-07-27 12:17:36,386 - Evaluate - INFO - ASR Module... Epoch: 2, RSS: 3.44 GB
2026-07-27 12:17:36,388 - Evaluate - INFO - ASR... Epoch: 2, Walltime: 20.711665 CPU time: 109.249944
2026-07-27 12:17:56,664 - Evaluate - INFO - ASR Module... Epoch: 2, RSS: 3.44 GB
2026-07-27 12:17:56,665 - Evaluate - INFO - ASR... Epoch: 2, Walltime: 20.272669 CPU time: 112.309047
2026-07-27 12:18:17,105 - Evaluate - INFO - ASR Module... Epoch: 2, RSS: 3.44 GB
2026-07-27 12:18:17,107 - Evaluate - INFO - ASR... Epoch: 2, Walltime: 20.436885 CPU time: 111.123258
2026-07-27 12:18:37,934 - Evaluate - INFO - ASR Module... Epoch: 2, RSS: 3.44 GB
2026-07-27 12:18:37,935 - Evaluate - INFO - ASR... Epoch: 2, Walltime: 20.822690 CPU time: 108.959671
2026-07-27 12:18:57,559 - Evaluate - INFO - ASR Module... Epoch: 2, RSS: 3.44 GB
2026-07-27 12:18:57,560 - Evaluate - INFO - ASR... Epoch: 2, Walltime: 19.621027 CPU time: 109.112084
2026-07-27 12:19:18,074 - Evaluate - INFO - ASR Module... Epoch: 2, RSS: 3.44 GB
2026-07-27 12:19:18,075 - Evaluate - INFO - ASR... Epoch: 2, Walltime: 20.510724 CPU time: 113.664001
2026-07-27 12:19:38,463 - Evaluate - INFO - ASR Module... Epoch: 2, RSS: 3.44 GB
2026-07-27 12:19:38,464 - Evaluate - INFO - ASR... Epoch: 2, Walltime: 20.383219 CPU time: 112.870026
2026-07-27 12:19:58,036 - Evaluate - INFO - ASR Module... Epoch: 2, RSS: 3.44 GB
2026-07-27 12:19:58,037 - Evaluate - INFO - ASR... Epoch: 2, Walltime: 19.568801 CPU time: 108.839332
2026-07-27 12:20:17,470 - Evaluate - INFO - ASR Module... Epoch: 2, RSS: 3.44 GB
2026-07-27 12:20:17,472 - Evaluate - INFO - ASR... Epoch: 2, Walltime: 19.429620 CPU time: 106.877709
2026-07-27 12:20:36,446 - Evaluate - INFO - ASR Module... Epoch: 2, RSS: 3.44 GB
2026-07-27 12:20:36,447 - Evaluate - INFO - ASR... Epoch: 2, Walltime: 18.971465 CPU time: 104.677159
2026-07-27 12:20:56,920 - Evaluate - INFO - ASR Module... Epoch: 2, RSS: 3.44 GB
2026-07-27 12:20:56,920 - Evaluate - INFO - ASR... Epoch: 2, Walltime: 20.469202 CPU time: 111.325471
2026-07-27 12:21:16,973 - Evaluate - INFO - ASR Module... Epoch: 2, RSS: 3.44 GB
2026-07-27 12:21:16,975 - Evaluate - INFO - ASR... Epoch: 2, Walltime: 20.050181 CPU time: 109.510395
2026-07-27 12:21:38,013 - Evaluate - INFO - ASR Module... Epoch: 2, RSS: 3.44 GB
2026-07-27 12:21:38,014 - Evaluate - INFO - ASR... Epoch: 2, Walltime: 21.034058 CPU time: 107.155758
2026-07-27 12:22:01,934 - Evaluate - INFO - ASR Module... Epoch: 2, RSS: 3.44 GB
2026-07-27 12:22:01,935 - Evaluate - INFO - ASR... Epoch: 2, Walltime: 23.916928 CPU time: 111.763616
2026-07-27 12:22:24,453 - Evaluate - INFO - ASR Module... Epoch: 2, RSS: 3.44 GB
2026-07-27 12:22:24,454 - Evaluate - INFO - ASR... Epoch: 2, Walltime: 22.515385 CPU time: 112.165777
2026-07-27 12:22:45,901 - Evaluate - INFO - ASR Module... Epoch: 2, RSS: 3.44 GB
2026-07-27 12:22:45,902 - Evaluate - INFO - ASR... Epoch: 2, Walltime: 21.442518 CPU time: 113.873138
2026-07-27 12:23:06,167 - Evaluate - INFO - ASR Module... Epoch: 2, RSS: 3.44 GB
2026-07-27 12:23:06,168 - Evaluate - INFO - ASR... Epoch: 2, Walltime: 20.261254 CPU time: 111.687854
2026-07-27 12:23:26,922 - Evaluate - INFO - ASR Module... Epoch: 2, RSS: 3.44 GB
2026-07-27 12:23:26,923 - Evaluate - INFO - ASR... Epoch: 2, Walltime: 20.751536 CPU time: 114.346629
2026-07-27 12:23:46,017 - Evaluate - INFO - ASR Module... Epoch: 2, RSS: 3.44 GB
2026-07-27 12:23:46,018 - Evaluate - INFO - ASR... Epoch: 2, Walltime: 19.090709 CPU time: 106.492266
2026-07-27 12:24:06,318 - Evaluate - INFO - ASR Module... Epoch: 2, RSS: 3.44 GB
2026-07-27 12:24:06,319 - Evaluate - INFO - ASR... Epoch: 2, Walltime: 20.295434 CPU time: 111.351773
2026-07-27 12:24:29,061 - Evaluate - INFO - ASR Module... Epoch: 2, RSS: 3.44 GB
2026-07-27 12:24:29,062 - Evaluate - INFO - ASR... Epoch: 2, Walltime: 22.737381 CPU time: 120.837485
2026-07-27 12:24:51,126 - Evaluate - INFO - ASR Module... Epoch: 2, RSS: 3.44 GB
2026-07-27 12:24:51,127 - Evaluate - INFO - ASR... Epoch: 2, Walltime: 22.058526 CPU time: 121.663523
2026-07-27 12:25:13,123 - Evaluate - INFO - ASR Module... Epoch: 2, RSS: 3.44 GB
2026-07-27 12:25:13,125 - Evaluate - INFO - ASR... Epoch: 2, Walltime: 21.991288 CPU time: 118.207070
2026-07-27 12:25:34,317 - Evaluate - INFO - ASR Module... Epoch: 2, RSS: 3.44 GB
2026-07-27 12:25:34,319 - Evaluate - INFO - ASR... Epoch: 2, Walltime: 21.188281 CPU time: 117.265833
2026-07-27 12:25:56,125 - Evaluate - INFO - ASR Module... Epoch: 2, RSS: 3.44 GB
2026-07-27 12:25:56,126 - Evaluate - INFO - ASR... Epoch: 2, Walltime: 21.801022 CPU time: 118.744088
2026-07-27 12:26:20,302 - Evaluate - INFO - ASR Module... Epoch: 2, RSS: 3.43 GB
2026-07-27 12:26:20,304 - Evaluate - INFO - ASR... Epoch: 2, Walltime: 24.170735 CPU time: 132.327801
2026-07-27 12:26:44,628 - Evaluate - INFO - ASR Module... Epoch: 2, RSS: 3.44 GB
2026-07-27 12:26:44,629 - Evaluate - INFO - ASR... Epoch: 2, Walltime: 24.319148 CPU time: 132.538438
2026-07-27 12:27:06,478 - Evaluate - INFO - ASR Module... Epoch: 2, RSS: 3.44 GB
2026-07-27 12:27:06,479 - Evaluate - INFO - ASR... Epoch: 2, Walltime: 21.843375 CPU time: 120.047576
2026-07-27 12:27:30,860 - Evaluate - INFO - ASR Module... Epoch: 2, RSS: 3.44 GB
2026-07-27 12:27:30,861 - Evaluate - INFO - ASR... Epoch: 2, Walltime: 24.374175 CPU time: 132.491226
2026-07-27 12:27:50,241 - Evaluate - INFO - ASR Module... Epoch: 2, RSS: 3.44 GB
2026-07-27 12:27:50,242 - Evaluate - INFO - ASR... Epoch: 2, Walltime: 19.375911 CPU time: 106.636803
2026-07-27 12:28:14,669 - Evaluate - INFO - ASR Module... Epoch: 2, RSS: 3.43 GB
2026-07-27 12:28:14,670 - Evaluate - INFO - ASR... Epoch: 2, Walltime: 24.421856 CPU time: 132.607014
2026-07-27 12:28:41,739 - Evaluate - INFO - ASR Module... Epoch: 2, RSS: 3.43 GB
2026-07-27 12:28:41,742 - Evaluate - INFO - ASR... Epoch: 2, Walltime: 27.061055 CPU time: 137.697499
2026-07-27 12:29:05,246 - Evaluate - INFO - ASR Module... Epoch: 2, RSS: 3.44 GB
2026-07-27 12:29:05,247 - Evaluate - INFO - ASR... Epoch: 2, Walltime: 23.495867 CPU time: 128.365877
2026-07-27 12:29:29,265 - Evaluate - INFO - ASR Module... Epoch: 2, RSS: 3.44 GB
2026-07-27 12:29:29,266 - Evaluate - INFO - ASR... Epoch: 2, Walltime: 24.012470 CPU time: 130.929666
2026-07-27 12:29:51,684 - Evaluate - INFO - ASR Module... Epoch: 2, RSS: 3.44 GB
2026-07-27 12:29:51,685 - Evaluate - INFO - ASR... Epoch: 2, Walltime: 22.412524 CPU time: 123.034080
2026-07-27 12:30:14,307 - Evaluate - INFO - ASR Module... Epoch: 2, RSS: 3.44 GB
2026-07-27 12:30:14,308 - Evaluate - INFO - ASR... Epoch: 2, Walltime: 22.617728 CPU time: 111.354398
2026-07-27 12:30:35,302 - Evaluate - INFO - ASR Module... Epoch: 2, RSS: 3.44 GB
2026-07-27 12:30:35,303 - Evaluate - INFO - ASR... Epoch: 2, Walltime: 20.989484 CPU time: 115.761360
2026-07-27 12:30:54,008 - Evaluate - INFO - ASR Module... Epoch: 2, RSS: 3.44 GB
2026-07-27 12:30:54,009 - Evaluate - INFO - ASR... Epoch: 2, Walltime: 18.702267 CPU time: 103.709204
2026-07-27 12:31:16,519 - Evaluate - INFO - ASR Module... Epoch: 2, RSS: 3.44 GB
2026-07-27 12:31:16,520 - Evaluate - INFO - ASR... Epoch: 2, Walltime: 22.505127 CPU time: 120.556418
2026-07-27 12:31:38,730 - Evaluate - INFO - ASR Module... Epoch: 2, RSS: 3.44 GB
2026-07-27 12:31:38,731 - Evaluate - INFO - ASR... Epoch: 2, Walltime: 22.205923 CPU time: 121.710806
2026-07-27 12:31:57,905 - Evaluate - INFO - ASR Module... Epoch: 2, RSS: 3.44 GB
2026-07-27 12:31:57,907 - Evaluate - INFO - ASR... Epoch: 2, Walltime: 19.170871 CPU time: 106.274373
2026-07-27 12:32:18,914 - Evaluate - INFO - ASR Module... Epoch: 2, RSS: 3.44 GB
2026-07-27 12:32:18,915 - Evaluate - INFO - ASR... Epoch: 2, Walltime: 21.003220 CPU time: 116.093401
2026-07-27 12:32:41,467 - Evaluate - INFO - ASR Module... Epoch: 2, RSS: 3.44 GB
2026-07-27 12:32:41,468 - Evaluate - INFO - ASR... Epoch: 2, Walltime: 22.547866 CPU time: 123.974442
2026-07-27 12:33:04,079 - Evaluate - INFO - ASR Module... Epoch: 2, RSS: 3.44 GB
2026-07-27 12:33:04,080 - Evaluate - INFO - ASR... Epoch: 2, Walltime: 22.605468 CPU time: 123.985349
2026-07-27 12:33:29,179 - Evaluate - INFO - ASR Module... Epoch: 2, RSS: 3.44 GB
2026-07-27 12:33:29,180 - Evaluate - INFO - ASR... Epoch: 2, Walltime: 25.094354 CPU time: 128.924976
2026-07-27 12:33:50,282 - Evaluate - INFO - ASR Module... Epoch: 2, RSS: 3.44 GB
2026-07-27 12:33:50,283 - Evaluate - INFO - ASR... Epoch: 2, Walltime: 21.097708 CPU time: 115.943547
2026-07-27 12:34:10,147 - Evaluate - INFO - ASR Module... Epoch: 2, RSS: 3.44 GB
2026-07-27 12:34:10,148 - Evaluate - INFO - ASR... Epoch: 2, Walltime: 19.860144 CPU time: 110.158221
2026-07-27 12:34:33,128 - Evaluate - INFO - ASR Module... Epoch: 2, RSS: 3.44 GB
2026-07-27 12:34:33,129 - Evaluate - INFO - ASR... Epoch: 2, Walltime: 22.976049 CPU time: 122.598866
2026-07-27 12:34:54,947 - Evaluate - INFO - ASR Module... Epoch: 2, RSS: 3.44 GB
2026-07-27 12:34:54,948 - Evaluate - INFO - ASR... Epoch: 2, Walltime: 21.813851 CPU time: 120.197547
2026-07-27 12:35:14,058 - Evaluate - INFO - ASR Module... Epoch: 2, RSS: 3.44 GB
2026-07-27 12:35:14,059 - Evaluate - INFO - ASR... Epoch: 2, Walltime: 19.106273 CPU time: 106.345784
2026-07-27 12:35:35,790 - Evaluate - INFO - ASR Module... Epoch: 2, RSS: 3.44 GB
2026-07-27 12:35:35,790 - Evaluate - INFO - ASR... Epoch: 2, Walltime: 21.726871 CPU time: 119.151999
2026-07-27 12:35:56,360 - Evaluate - INFO - ASR Module... Epoch: 2, RSS: 3.44 GB
2026-07-27 12:35:56,361 - Evaluate - INFO - ASR... Epoch: 2, Walltime: 20.566395 CPU time: 113.931945
2026-07-27 12:36:19,185 - Evaluate - INFO - ASR Module... Epoch: 2, RSS: 3.44 GB
2026-07-27 12:36:19,186 - Evaluate - INFO - ASR... Epoch: 2, Walltime: 22.818891 CPU time: 124.808081
2026-07-27 12:36:42,564 - Evaluate - INFO - ASR Module... Epoch: 2, RSS: 3.44 GB
2026-07-27 12:36:42,565 - Evaluate - INFO - ASR... Epoch: 2, Walltime: 23.373029 CPU time: 125.750488
2026-07-27 12:37:05,135 - Evaluate - INFO - ASR Module... Epoch: 2, RSS: 3.44 GB
2026-07-27 12:37:05,136 - Evaluate - INFO - ASR... Epoch: 2, Walltime: 22.565446 CPU time: 117.381529
2026-07-27 12:37:26,779 - Evaluate - INFO - ASR Module... Epoch: 2, RSS: 3.44 GB
2026-07-27 12:37:26,780 - Evaluate - INFO - ASR... Epoch: 2, Walltime: 21.638700 CPU time: 114.747870
2026-07-27 12:37:47,947 - Evaluate - INFO - ASR Module... Epoch: 2, RSS: 3.44 GB
2026-07-27 12:37:47,948 - Evaluate - INFO - ASR... Epoch: 2, Walltime: 21.162670 CPU time: 115.882967
2026-07-27 12:38:08,449 - Evaluate - INFO - ASR Module... Epoch: 2, RSS: 3.44 GB
2026-07-27 12:38:08,451 - Evaluate - INFO - ASR... Epoch: 2, Walltime: 20.498117 CPU time: 113.225086
2026-07-27 12:38:29,291 - Evaluate - INFO - ASR Module... Epoch: 2, RSS: 3.44 GB
2026-07-27 12:38:29,292 - Evaluate - INFO - ASR... Epoch: 2, Walltime: 20.836811 CPU time: 114.756856
2026-07-27 12:38:49,498 - Evaluate - INFO - ASR Module... Epoch: 2, RSS: 3.44 GB
2026-07-27 12:38:49,499 - Evaluate - INFO - ASR... Epoch: 2, Walltime: 20.202847 CPU time: 111.183286
2026-07-27 12:39:15,295 - Evaluate - INFO - ASR Module... Epoch: 2, RSS: 3.44 GB
2026-07-27 12:39:15,296 - Evaluate - INFO - ASR... Epoch: 2, Walltime: 25.791657 CPU time: 118.611424
2026-07-27 12:39:37,440 - Evaluate - INFO - ASR Module... Epoch: 2, RSS: 3.44 GB
2026-07-27 12:39:37,441 - Evaluate - INFO - ASR... Epoch: 2, Walltime: 22.138490 CPU time: 119.426074
2026-07-27 12:39:58,765 - Evaluate - INFO - ASR Module... Epoch: 2, RSS: 3.44 GB
2026-07-27 12:39:58,766 - Evaluate - INFO - ASR... Epoch: 2, Walltime: 21.319626 CPU time: 117.571866
2026-07-27 12:40:19,425 - Evaluate - INFO - ASR Module... Epoch: 2, RSS: 3.44 GB
2026-07-27 12:40:19,426 - Evaluate - INFO - ASR... Epoch: 2, Walltime: 20.654332 CPU time: 111.310584
2026-07-27 12:40:42,463 - Evaluate - INFO - ASR Module... Epoch: 2, RSS: 3.44 GB
2026-07-27 12:40:42,463 - Evaluate - INFO - ASR... Epoch: 2, Walltime: 23.032857 CPU time: 125.142845
2026-07-27 12:41:06,232 - Evaluate - INFO - ASR Module... Epoch: 2, RSS: 3.44 GB
2026-07-27 12:41:06,233 - Evaluate - INFO - ASR... Epoch: 2, Walltime: 23.763743 CPU time: 129.796687
2026-07-27 12:41:27,262 - Evaluate - INFO - ASR Module... Epoch: 2, RSS: 3.44 GB
2026-07-27 12:41:27,263 - Evaluate - INFO - ASR... Epoch: 2, Walltime: 21.024174 CPU time: 115.768657
2026-07-27 12:41:53,127 - Evaluate - INFO - ASR Module... Epoch: 2, RSS: 3.44 GB
2026-07-27 12:41:53,128 - Evaluate - INFO - ASR... Epoch: 2, Walltime: 25.858933 CPU time: 121.546528
2026-07-27 12:42:16,294 - Evaluate - INFO - ASR Module... Epoch: 2, RSS: 3.44 GB
2026-07-27 12:42:16,295 - Evaluate - INFO - ASR... Epoch: 2, Walltime: 23.160616 CPU time: 124.714838
2026-07-27 12:42:37,939 - Evaluate - INFO - ASR Module... Epoch: 2, RSS: 3.44 GB
2026-07-27 12:42:37,941 - Evaluate - INFO - ASR... Epoch: 2, Walltime: 21.639459 CPU time: 117.991916
2026-07-27 12:43:05,801 - Evaluate - INFO - ASR Module... Epoch: 2, RSS: 3.44 GB
2026-07-27 12:43:05,802 - Evaluate - INFO - ASR... Epoch: 2, Walltime: 27.855605 CPU time: 125.440987
2026-07-27 12:43:28,994 - Evaluate - INFO - ASR Module... Epoch: 2, RSS: 3.44 GB
2026-07-27 12:43:28,995 - Evaluate - INFO - ASR... Epoch: 2, Walltime: 23.186571 CPU time: 120.062595
2026-07-27 12:43:55,877 - Evaluate - INFO - ASR Module... Epoch: 2, RSS: 3.44 GB
2026-07-27 12:43:55,878 - Evaluate - INFO - ASR... Epoch: 2, Walltime: 26.876012 CPU time: 145.266258
2026-07-27 12:44:20,176 - Evaluate - INFO - ASR Module... Epoch: 2, RSS: 3.44 GB
2026-07-27 12:44:20,178 - Evaluate - INFO - ASR... Epoch: 2, Walltime: 24.292476 CPU time: 129.699201
2026-07-27 12:44:43,574 - Evaluate - INFO - ASR Module... Epoch: 2, RSS: 3.44 GB
2026-07-27 12:44:43,575 - Evaluate - INFO - ASR... Epoch: 2, Walltime: 23.390439 CPU time: 128.454382
2026-07-27 12:45:06,904 - Evaluate - INFO - ASR Module... Epoch: 2, RSS: 3.44 GB
2026-07-27 12:45:06,905 - Evaluate - INFO - ASR... Epoch: 2, Walltime: 23.323475 CPU time: 127.068412
2026-07-27 12:45:27,448 - Evaluate - INFO - ASR Module... Epoch: 2, RSS: 3.44 GB
2026-07-27 12:45:27,448 - Evaluate - INFO - ASR... Epoch: 2, Walltime: 20.538764 CPU time: 112.827549
2026-07-27 12:45:48,095 - Evaluate - INFO - ASR Module... Epoch: 2, RSS: 3.44 GB
2026-07-27 12:45:48,097 - Evaluate - INFO - ASR... Epoch: 2, Walltime: 20.644101 CPU time: 114.110660
2026-07-27 12:46:08,332 - Evaluate - INFO - ASR Module... Epoch: 2, RSS: 3.44 GB
2026-07-27 12:46:08,333 - Evaluate - INFO - ASR... Epoch: 2, Walltime: 20.232113 CPU time: 112.093742
2026-07-27 12:46:29,143 - Evaluate - INFO - ASR Module... Epoch: 2, RSS: 3.44 GB
2026-07-27 12:46:29,144 - Evaluate - INFO - ASR... Epoch: 2, Walltime: 20.807086 CPU time: 108.796758
2026-07-27 12:46:47,829 - Evaluate - INFO - ASR Module... Epoch: 2, RSS: 3.44 GB
2026-07-27 12:46:47,831 - Evaluate - INFO - ASR... Epoch: 2, Walltime: 18.682137 CPU time: 104.021434
2026-07-27 12:47:08,508 - Evaluate - INFO - ASR Module... Epoch: 2, RSS: 3.44 GB
2026-07-27 12:47:08,510 - Evaluate - INFO - ASR... Epoch: 2, Walltime: 20.674781 CPU time: 113.718888
2026-07-27 12:47:31,795 - Evaluate - INFO - ASR Module... Epoch: 2, RSS: 3.44 GB
2026-07-27 12:47:31,796 - Evaluate - INFO - ASR... Epoch: 2, Walltime: 23.281470 CPU time: 112.569684
2026-07-27 12:47:51,926 - Evaluate - INFO - ASR Module... Epoch: 2, RSS: 3.44 GB
2026-07-27 12:47:51,928 - Evaluate - INFO - ASR... Epoch: 2, Walltime: 20.127277 CPU time: 111.685983
2026-07-27 12:48:13,569 - Evaluate - INFO - ASR Module... Epoch: 2, RSS: 3.44 GB
2026-07-27 12:48:13,570 - Evaluate - INFO - ASR... Epoch: 2, Walltime: 21.636825 CPU time: 116.770771
2026-07-27 12:48:34,883 - Evaluate - INFO - ASR Module... Epoch: 2, RSS: 3.44 GB
2026-07-27 12:48:34,884 - Evaluate - INFO - ASR... Epoch: 2, Walltime: 21.309561 CPU time: 117.558085
2026-07-27 12:48:56,921 - Evaluate - INFO - ASR Module... Epoch: 2, RSS: 3.44 GB
2026-07-27 12:48:56,922 - Evaluate - INFO - ASR... Epoch: 2, Walltime: 22.032197 CPU time: 119.258819
2026-07-27 12:49:16,561 - Evaluate - INFO - ASR Module... Epoch: 2, RSS: 3.44 GB
2026-07-27 12:49:16,562 - Evaluate - INFO - ASR... Epoch: 2, Walltime: 19.635237 CPU time: 108.492571
2026-07-27 12:49:36,607 - Evaluate - INFO - ASR Module... Epoch: 2, RSS: 3.44 GB
2026-07-27 12:49:36,608 - Evaluate - INFO - ASR... Epoch: 2, Walltime: 20.042515 CPU time: 111.182219
2026-07-27 12:49:58,215 - Evaluate - INFO - ASR Module... Epoch: 2, RSS: 3.44 GB
2026-07-27 12:49:58,216 - Evaluate - INFO - ASR... Epoch: 2, Walltime: 21.604737 CPU time: 114.241432
2026-07-27 12:50:19,204 - Evaluate - INFO - ASR Module... Epoch: 2, RSS: 3.44 GB
2026-07-27 12:50:19,205 - Evaluate - INFO - ASR... Epoch: 2, Walltime: 20.983780 CPU time: 115.300414
2026-07-27 12:50:39,154 - Evaluate - INFO - ASR Module... Epoch: 2, RSS: 3.44 GB
2026-07-27 12:50:39,155 - Evaluate - INFO - ASR... Epoch: 2, Walltime: 19.945535 CPU time: 110.648562
2026-07-27 12:51:01,006 - Evaluate - INFO - ASR Module... Epoch: 2, RSS: 3.44 GB
2026-07-27 12:51:01,007 - Evaluate - INFO - ASR... Epoch: 2, Walltime: 21.847150 CPU time: 118.154850
2026-07-27 12:51:24,648 - Evaluate - INFO - ASR Module... Epoch: 2, RSS: 3.44 GB
2026-07-27 12:51:24,649 - Evaluate - INFO - ASR... Epoch: 2, Walltime: 23.636176 CPU time: 125.185386
2026-07-27 12:51:46,085 - Evaluate - INFO - ASR Module... Epoch: 2, RSS: 3.44 GB
2026-07-27 12:51:46,086 - Evaluate - INFO - ASR... Epoch: 2, Walltime: 21.432074 CPU time: 117.277599
2026-07-27 12:52:10,266 - Evaluate - INFO - ASR Module... Epoch: 2, RSS: 3.44 GB
2026-07-27 12:52:10,268 - Evaluate - INFO - ASR... Epoch: 2, Walltime: 24.174994 CPU time: 132.626095
2026-07-27 12:52:31,653 - Evaluate - INFO - ASR Module... Epoch: 2, RSS: 3.44 GB
2026-07-27 12:52:31,654 - Evaluate - INFO - ASR... Epoch: 2, Walltime: 21.380838 CPU time: 118.193088
2026-07-27 12:52:51,845 - Evaluate - INFO - ASR Module... Epoch: 2, RSS: 3.44 GB
2026-07-27 12:52:51,846 - Evaluate - INFO - ASR... Epoch: 2, Walltime: 20.187320 CPU time: 111.808925
2026-07-27 12:53:11,001 - Evaluate - INFO - ASR Module... Epoch: 2, RSS: 3.44 GB
2026-07-27 12:53:11,003 - Evaluate - INFO - ASR... Epoch: 2, Walltime: 19.151739 CPU time: 106.312692
2026-07-27 12:53:31,119 - Evaluate - INFO - ASR Module... Epoch: 2, RSS: 3.44 GB
2026-07-27 12:53:31,120 - Evaluate - INFO - ASR... Epoch: 2, Walltime: 20.113169 CPU time: 111.563519
2026-07-27 12:53:52,099 - Evaluate - INFO - ASR Module... Epoch: 2, RSS: 3.44 GB
2026-07-27 12:53:52,100 - Evaluate - INFO - ASR... Epoch: 2, Walltime: 20.975445 CPU time: 115.937613
2026-07-27 12:54:12,238 - Evaluate - INFO - ASR Module... Epoch: 2, RSS: 3.44 GB
2026-07-27 12:54:12,239 - Evaluate - INFO - ASR... Epoch: 2, Walltime: 20.133840 CPU time: 111.640075
2026-07-27 12:54:31,868 - Evaluate - INFO - ASR Module... Epoch: 2, RSS: 3.44 GB
2026-07-27 12:54:31,869 - Evaluate - INFO - ASR... Epoch: 2, Walltime: 19.625727 CPU time: 108.976511
2026-07-27 12:54:51,536 - Evaluate - INFO - ASR Module... Epoch: 2, RSS: 3.44 GB
2026-07-27 12:54:51,537 - Evaluate - INFO - ASR... Epoch: 2, Walltime: 19.664019 CPU time: 108.646125
2026-07-27 12:55:12,907 - Evaluate - INFO - ASR Module... Epoch: 2, RSS: 3.44 GB
2026-07-27 12:55:12,908 - Evaluate - INFO - ASR... Epoch: 2, Walltime: 21.366547 CPU time: 112.441102
2026-07-27 12:55:33,711 - Evaluate - INFO - ASR Module... Epoch: 2, RSS: 3.44 GB
2026-07-27 12:55:33,712 - Evaluate - INFO - ASR... Epoch: 2, Walltime: 20.799985 CPU time: 111.198691
2026-07-27 12:55:53,949 - Evaluate - INFO - ASR Module... Epoch: 2, RSS: 3.44 GB
2026-07-27 12:55:53,950 - Evaluate - INFO - ASR... Epoch: 2, Walltime: 20.232982 CPU time: 112.097988
2026-07-27 12:56:13,231 - Evaluate - INFO - ASR Module... Epoch: 2, RSS: 3.44 GB
2026-07-27 12:56:13,232 - Evaluate - INFO - ASR... Epoch: 2, Walltime: 19.277171 CPU time: 106.999774
2026-07-27 12:56:34,877 - Evaluate - INFO - ASR Module... Epoch: 2, RSS: 3.44 GB
2026-07-27 12:56:34,878 - Evaluate - INFO - ASR... Epoch: 2, Walltime: 21.641186 CPU time: 114.381581
2026-07-27 12:56:54,889 - Evaluate - INFO - ASR Module... Epoch: 2, RSS: 3.44 GB
2026-07-27 12:56:54,890 - Evaluate - INFO - ASR... Epoch: 2, Walltime: 20.007978 CPU time: 110.308971
2026-07-27 12:57:15,733 - Evaluate - INFO - ASR Module... Epoch: 2, RSS: 3.44 GB
2026-07-27 12:57:15,734 - Evaluate - INFO - ASR... Epoch: 2, Walltime: 20.840070 CPU time: 111.896888
2026-07-27 12:57:37,638 - Evaluate - INFO - ASR Module... Epoch: 2, RSS: 3.44 GB
2026-07-27 12:57:37,639 - Evaluate - INFO - ASR... Epoch: 2, Walltime: 21.901070 CPU time: 111.272503
2026-07-27 12:57:59,614 - Evaluate - INFO - ASR Module... Epoch: 2, RSS: 3.44 GB
2026-07-27 12:57:59,615 - Evaluate - INFO - ASR... Epoch: 2, Walltime: 21.971615 CPU time: 109.080873
2026-07-27 12:58:20,709 - Evaluate - INFO - ASR Module... Epoch: 2, RSS: 3.44 GB
2026-07-27 12:58:20,711 - Evaluate - INFO - ASR... Epoch: 2, Walltime: 21.091707 CPU time: 107.634745
2026-07-27 12:58:41,105 - Evaluate - INFO - ASR Module... Epoch: 2, RSS: 3.44 GB
2026-07-27 12:58:41,107 - Evaluate - INFO - ASR... Epoch: 2, Walltime: 20.390861 CPU time: 112.670056
2026-07-27 12:59:01,039 - Evaluate - INFO - ASR Module... Epoch: 2, RSS: 3.44 GB
2026-07-27 12:59:01,041 - Evaluate - INFO - ASR... Epoch: 2, Walltime: 19.929921 CPU time: 110.604679
2026-07-27 12:59:20,400 - Evaluate - INFO - ASR Module... Epoch: 2, RSS: 3.44 GB
2026-07-27 12:59:20,402 - Evaluate - INFO - ASR... Epoch: 2, Walltime: 19.356423 CPU time: 107.549581
2026-07-27 12:59:40,612 - Evaluate - INFO - ASR Module... Epoch: 2, RSS: 3.44 GB
2026-07-27 12:59:40,614 - Evaluate - INFO - ASR... Epoch: 2, Walltime: 20.207532 CPU time: 112.059561
2026-07-27 13:00:00,033 - Evaluate - INFO - ASR Module... Epoch: 2, RSS: 3.44 GB
2026-07-27 13:00:00,034 - Evaluate - INFO - ASR... Epoch: 2, Walltime: 19.416571 CPU time: 106.719258
2026-07-27 13:00:19,431 - Evaluate - INFO - ASR Module... Epoch: 2, RSS: 3.44 GB
2026-07-27 13:00:19,432 - Evaluate - INFO - ASR... Epoch: 2, Walltime: 19.394120 CPU time: 107.673420
2026-07-27 13:00:38,776 - Evaluate - INFO - ASR Module... Epoch: 2, RSS: 3.44 GB
2026-07-27 13:00:38,777 - Evaluate - INFO - ASR... Epoch: 2, Walltime: 19.340761 CPU time: 107.871280
2026-07-27 13:01:00,086 - Evaluate - INFO - ASR Module... Epoch: 2, RSS: 3.44 GB
2026-07-27 13:01:00,087 - Evaluate - INFO - ASR... Epoch: 2, Walltime: 21.306298 CPU time: 114.131604
2026-07-27 13:01:19,975 - Evaluate - INFO - ASR Module... Epoch: 2, RSS: 3.44 GB
2026-07-27 13:01:19,976 - Evaluate - INFO - ASR... Epoch: 2, Walltime: 19.883685 CPU time: 108.991866
2026-07-27 13:01:40,488 - Evaluate - INFO - ASR Module... Epoch: 2, RSS: 3.44 GB
2026-07-27 13:01:40,489 - Evaluate - INFO - ASR... Epoch: 2, Walltime: 20.509259 CPU time: 112.645540
2026-07-27 13:01:59,808 - Evaluate - INFO - ASR Module... Epoch: 2, RSS: 3.44 GB
2026-07-27 13:01:59,809 - Evaluate - INFO - ASR... Epoch: 2, Walltime: 19.315332 CPU time: 106.927275
2026-07-27 13:02:20,795 - Evaluate - INFO - ASR Module... Epoch: 2, RSS: 3.44 GB
2026-07-27 13:02:20,796 - Evaluate - INFO - ASR... Epoch: 2, Walltime: 20.983117 CPU time: 113.544871
2026-07-27 13:02:39,969 - Evaluate - INFO - ASR Module... Epoch: 2, RSS: 3.44 GB
2026-07-27 13:02:39,970 - Evaluate - INFO - ASR... Epoch: 2, Walltime: 19.169806 CPU time: 106.372243
2026-07-27 13:03:00,163 - Evaluate - INFO - ASR Module... Epoch: 2, RSS: 3.44 GB
2026-07-27 13:03:00,165 - Evaluate - INFO - ASR... Epoch: 2, Walltime: 20.190472 CPU time: 110.330240
2026-07-27 13:03:20,553 - Evaluate - INFO - ASR Module... Epoch: 2, RSS: 3.44 GB
2026-07-27 13:03:20,555 - Evaluate - INFO - ASR... Epoch: 2, Walltime: 20.385824 CPU time: 112.800304
2026-07-27 13:03:40,510 - Evaluate - INFO - ASR Module... Epoch: 2, RSS: 3.44 GB
2026-07-27 13:03:40,512 - Evaluate - INFO - ASR... Epoch: 2, Walltime: 19.952756 CPU time: 110.591861
2026-07-27 13:04:00,168 - Evaluate - INFO - ASR Module... Epoch: 2, RSS: 3.44 GB
2026-07-27 13:04:00,169 - Evaluate - INFO - ASR... Epoch: 2, Walltime: 19.653539 CPU time: 107.328063
2026-07-27 13:04:19,565 - Evaluate - INFO - ASR Module... Epoch: 2, RSS: 3.44 GB
2026-07-27 13:04:19,566 - Evaluate - INFO - ASR... Epoch: 2, Walltime: 19.392457 CPU time: 106.287540
2026-07-27 13:04:39,151 - Evaluate - INFO - ASR Module... Epoch: 2, RSS: 3.44 GB
2026-07-27 13:04:39,152 - Evaluate - INFO - ASR... Epoch: 2, Walltime: 19.582908 CPU time: 107.903231
2026-07-27 13:04:58,634 - Evaluate - INFO - ASR Module... Epoch: 2, RSS: 3.44 GB
2026-07-27 13:04:58,636 - Evaluate - INFO - ASR... Epoch: 2, Walltime: 19.478941 CPU time: 107.208066
2026-07-27 13:05:18,919 - Evaluate - INFO - ASR Module... Epoch: 2, RSS: 3.44 GB
2026-07-27 13:05:18,920 - Evaluate - INFO - ASR... Epoch: 2, Walltime: 20.280461 CPU time: 111.020168
2026-07-27 13:05:38,315 - Evaluate - INFO - ASR Module... Epoch: 2, RSS: 3.44 GB
2026-07-27 13:05:38,316 - Evaluate - INFO - ASR... Epoch: 2, Walltime: 19.391212 CPU time: 107.037931
2026-07-27 13:05:58,912 - Evaluate - INFO - ASR Module... Epoch: 2, RSS: 3.44 GB
2026-07-27 13:05:58,913 - Evaluate - INFO - ASR... Epoch: 2, Walltime: 20.592435 CPU time: 113.354211
2026-07-27 13:06:19,619 - Evaluate - INFO - ASR Module... Epoch: 2, RSS: 3.44 GB
2026-07-27 13:06:19,620 - Evaluate - INFO - ASR... Epoch: 2, Walltime: 20.701746 CPU time: 112.940212
2026-07-27 13:06:39,170 - Evaluate - INFO - ASR Module... Epoch: 2, RSS: 3.44 GB
2026-07-27 13:06:39,171 - Evaluate - INFO - ASR... Epoch: 2, Walltime: 19.546546 CPU time: 108.963956
2026-07-27 13:06:59,361 - Evaluate - INFO - ASR Module... Epoch: 2, RSS: 3.44 GB
2026-07-27 13:06:59,362 - Evaluate - INFO - ASR... Epoch: 2, Walltime: 20.186489 CPU time: 112.181032
2026-07-27 13:07:19,147 - Evaluate - INFO - ASR Module... Epoch: 2, RSS: 3.44 GB
2026-07-27 13:07:19,148 - Evaluate - INFO - ASR... Epoch: 2, Walltime: 19.781048 CPU time: 108.248267
2026-07-27 13:07:38,679 - Evaluate - INFO - ASR Module... Epoch: 2, RSS: 3.44 GB
2026-07-27 13:07:38,680 - Evaluate - INFO - ASR... Epoch: 2, Walltime: 19.528273 CPU time: 106.990942
2026-07-27 13:07:59,057 - Evaluate - INFO - ASR Module... Epoch: 2, RSS: 3.44 GB
2026-07-27 13:07:59,058 - Evaluate - INFO - ASR... Epoch: 2, Walltime: 20.373405 CPU time: 112.769815
2026-07-27 13:08:18,287 - Evaluate - INFO - ASR Module... Epoch: 2, RSS: 3.44 GB
2026-07-27 13:08:18,288 - Evaluate - INFO - ASR... Epoch: 2, Walltime: 19.226078 CPU time: 106.377709
2026-07-27 13:08:39,261 - Evaluate - INFO - ASR Module... Epoch: 2, RSS: 3.44 GB
2026-07-27 13:08:39,262 - Evaluate - INFO - ASR... Epoch: 2, Walltime: 20.969772 CPU time: 112.649480
2026-07-27 13:08:58,709 - Evaluate - INFO - ASR Module... Epoch: 2, RSS: 3.44 GB
2026-07-27 13:08:58,710 - Evaluate - INFO - ASR... Epoch: 2, Walltime: 19.443197 CPU time: 107.013834
2026-07-27 13:09:19,417 - Evaluate - INFO - ASR Module... Epoch: 2, RSS: 3.44 GB
2026-07-27 13:09:19,418 - Evaluate - INFO - ASR... Epoch: 2, Walltime: 20.703889 CPU time: 111.627877
2026-07-27 13:09:40,100 - Evaluate - INFO - ASR Module... Epoch: 2, RSS: 3.44 GB
2026-07-27 13:09:40,101 - Evaluate - INFO - ASR... Epoch: 2, Walltime: 20.678854 CPU time: 114.550852
2026-07-27 13:10:00,074 - Evaluate - INFO - ASR Module... Epoch: 2, RSS: 3.44 GB
2026-07-27 13:10:00,075 - Evaluate - INFO - ASR... Epoch: 2, Walltime: 19.970236 CPU time: 107.003708
2026-07-27 13:10:19,253 - Evaluate - INFO - ASR Module... Epoch: 2, RSS: 3.44 GB
2026-07-27 13:10:19,254 - Evaluate - INFO - ASR... Epoch: 2, Walltime: 19.174987 CPU time: 106.374549
2026-07-27 13:10:39,935 - Evaluate - INFO - ASR Module... Epoch: 2, RSS: 3.44 GB
2026-07-27 13:10:39,936 - Evaluate - INFO - ASR... Epoch: 2, Walltime: 20.678181 CPU time: 114.064557
2026-07-27 13:11:00,545 - Evaluate - INFO - ASR Module... Epoch: 2, RSS: 3.44 GB
2026-07-27 13:11:00,546 - Evaluate - INFO - ASR... Epoch: 2, Walltime: 20.605439 CPU time: 113.634956
2026-07-27 13:11:20,521 - Evaluate - INFO - ASR Module... Epoch: 2, RSS: 3.44 GB
2026-07-27 13:11:20,521 - Evaluate - INFO - ASR... Epoch: 2, Walltime: 19.971022 CPU time: 110.261129
2026-07-27 13:11:39,872 - Evaluate - INFO - ASR Module... Epoch: 2, RSS: 3.44 GB
2026-07-27 13:11:39,874 - Evaluate - INFO - ASR... Epoch: 2, Walltime: 19.347915 CPU time: 106.809933
2026-07-27 13:12:04,224 - Evaluate - INFO - ASR Module... Epoch: 2, RSS: 3.44 GB
2026-07-27 13:12:04,225 - Evaluate - INFO - ASR... Epoch: 2, Walltime: 24.346223 CPU time: 131.526789
2026-07-27 13:12:29,384 - Evaluate - INFO - ASR Module... Epoch: 2, RSS: 3.56 GB
2026-07-27 13:12:29,385 - Evaluate - INFO - ASR... Epoch: 2, Walltime: 25.152999 CPU time: 137.334248
2026-07-27 13:12:53,478 - Evaluate - INFO - ASR Module... Epoch: 2, RSS: 3.56 GB
2026-07-27 13:12:53,479 - Evaluate - INFO - ASR... Epoch: 2, Walltime: 24.088167 CPU time: 131.526485
2026-07-27 13:13:17,853 - Evaluate - INFO - ASR Module... Epoch: 2, RSS: 3.56 GB
2026-07-27 13:13:17,854 - Evaluate - INFO - ASR... Epoch: 2, Walltime: 24.368311 CPU time: 132.507899
2026-07-27 13:13:37,971 - Evaluate - INFO - ASR Module... Epoch: 2, RSS: 3.56 GB
2026-07-27 13:13:37,972 - Evaluate - INFO - ASR... Epoch: 2, Walltime: 20.113375 CPU time: 105.153652
2026-07-27 13:14:02,728 - Evaluate - INFO - ASR Module... Epoch: 2, RSS: 3.56 GB
2026-07-27 13:14:02,728 - Evaluate - INFO - ASR... Epoch: 2, Walltime: 24.750914 CPU time: 134.210465
2026-07-27 13:14:28,208 - Evaluate - INFO - ASR Module... Epoch: 2, RSS: 3.56 GB
2026-07-27 13:14:28,209 - Evaluate - INFO - ASR... Epoch: 2, Walltime: 25.474904 CPU time: 137.974801
2026-07-27 13:14:55,772 - Evaluate - INFO - ASR Module... Epoch: 2, RSS: 3.56 GB
2026-07-27 13:14:55,773 - Evaluate - INFO - ASR... Epoch: 2, Walltime: 27.556887 CPU time: 147.910571
2026-07-27 13:15:23,421 - Evaluate - INFO - ASR Module... Epoch: 2, RSS: 3.56 GB
2026-07-27 13:15:23,422 - Evaluate - INFO - ASR... Epoch: 2, Walltime: 27.642135 CPU time: 148.898562
2026-07-27 13:15:47,984 - Evaluate - INFO - ASR Module... Epoch: 2, RSS: 3.56 GB
2026-07-27 13:15:47,985 - Evaluate - INFO - ASR... Epoch: 2, Walltime: 24.555372 CPU time: 134.302712
2026-07-27 13:16:10,628 - Evaluate - INFO - ASR Module... Epoch: 2, RSS: 3.56 GB
2026-07-27 13:16:10,629 - Evaluate - INFO - ASR... Epoch: 2, Walltime: 22.638272 CPU time: 123.112498
2026-07-27 13:16:30,570 - Evaluate - INFO - ASR Module... Epoch: 2, RSS: 3.56 GB
2026-07-27 13:16:30,571 - Evaluate - INFO - ASR... Epoch: 2, Walltime: 19.937819 CPU time: 110.133434
2026-07-27 13:16:53,526 - Evaluate - INFO - ASR Module... Epoch: 2, RSS: 3.56 GB
2026-07-27 13:16:53,526 - Evaluate - INFO - ASR... Epoch: 2, Walltime: 22.950545 CPU time: 125.612652
2026-07-27 13:17:15,177 - Evaluate - INFO - ASR Module... Epoch: 2, RSS: 3.44 GB
2026-07-27 13:17:15,178 - Evaluate - INFO - ASR... Epoch: 2, Walltime: 21.645437 CPU time: 119.726591
2026-07-27 13:17:38,733 - Evaluate - INFO - ASR Module... Epoch: 2, RSS: 3.44 GB
2026-07-27 13:17:38,734 - Evaluate - INFO - ASR... Epoch: 2, Walltime: 23.550640 CPU time: 129.108388
2026-07-27 13:18:01,876 - Evaluate - INFO - ASR Module... Epoch: 2, RSS: 3.44 GB
2026-07-27 13:18:01,877 - Evaluate - INFO - ASR... Epoch: 2, Walltime: 23.137007 CPU time: 125.743283
2026-07-27 13:18:22,776 - Evaluate - INFO - ASR Module... Epoch: 2, RSS: 3.44 GB
2026-07-27 13:18:22,777 - Evaluate - INFO - ASR... Epoch: 2, Walltime: 20.895099 CPU time: 114.957749
2026-07-27 13:18:45,843 - Evaluate - INFO - ASR Module... Epoch: 2, RSS: 3.44 GB
2026-07-27 13:18:45,844 - Evaluate - INFO - ASR... Epoch: 2, Walltime: 23.061283 CPU time: 124.660369
2026-07-27 13:19:09,992 - Evaluate - INFO - ASR Module... Epoch: 2, RSS: 3.44 GB
2026-07-27 13:19:09,993 - Evaluate - INFO - ASR... Epoch: 2, Walltime: 24.142690 CPU time: 129.992919
2026-07-27 13:19:31,433 - Evaluate - INFO - ASR Module... Epoch: 2, RSS: 3.44 GB
2026-07-27 13:19:31,434 - Evaluate - INFO - ASR... Epoch: 2, Walltime: 21.434978 CPU time: 118.058952
2026-07-27 13:19:53,361 - Evaluate - INFO - ASR Module... Epoch: 2, RSS: 3.44 GB
2026-07-27 13:19:53,362 - Evaluate - INFO - ASR... Epoch: 2, Walltime: 21.923038 CPU time: 111.638713
2026-07-27 13:20:15,179 - Evaluate - INFO - ASR Module... Epoch: 2, RSS: 3.44 GB
2026-07-27 13:20:15,180 - Evaluate - INFO - ASR... Epoch: 2, Walltime: 21.813307 CPU time: 118.934866
2026-07-27 13:20:35,852 - Evaluate - INFO - ASR Module... Epoch: 2, RSS: 3.44 GB
2026-07-27 13:20:35,854 - Evaluate - INFO - ASR... Epoch: 2, Walltime: 20.669038 CPU time: 112.168934
2026-07-27 13:20:59,501 - Evaluate - INFO - ASR Module... Epoch: 2, RSS: 3.44 GB
2026-07-27 13:20:59,502 - Evaluate - INFO - ASR... Epoch: 2, Walltime: 23.643490 CPU time: 128.838067
2026-07-27 13:21:19,539 - Evaluate - INFO - ASR Module... Epoch: 2, RSS: 3.44 GB
2026-07-27 13:21:19,541 - Evaluate - INFO - ASR... Epoch: 2, Walltime: 20.033530 CPU time: 110.917733
2026-07-27 13:21:41,791 - Evaluate - INFO - ASR Module... Epoch: 2, RSS: 3.44 GB
2026-07-27 13:21:41,792 - Evaluate - INFO - ASR... Epoch: 2, Walltime: 22.246660 CPU time: 122.196253
2026-07-27 13:22:04,626 - Evaluate - INFO - ASR Module... Epoch: 2, RSS: 3.44 GB
2026-07-27 13:22:04,628 - Evaluate - INFO - ASR... Epoch: 2, Walltime: 22.830680 CPU time: 124.298714
2026-07-27 13:22:28,476 - Evaluate - INFO - ASR Module... Epoch: 2, RSS: 3.44 GB
2026-07-27 13:22:28,478 - Evaluate - INFO - ASR... Epoch: 2, Walltime: 23.844511 CPU time: 131.009980
2026-07-27 13:22:49,380 - Evaluate - INFO - ASR Module... Epoch: 2, RSS: 3.44 GB
2026-07-27 13:22:49,382 - Evaluate - INFO - ASR... Epoch: 2, Walltime: 20.898673 CPU time: 114.837353
2026-07-27 13:23:10,155 - Evaluate - INFO - ASR Module... Epoch: 2, RSS: 3.44 GB
2026-07-27 13:23:10,156 - Evaluate - INFO - ASR... Epoch: 2, Walltime: 20.770724 CPU time: 111.765026
2026-07-27 13:23:31,040 - Evaluate - INFO - ASR Module... Epoch: 2, RSS: 3.44 GB
2026-07-27 13:23:31,041 - Evaluate - INFO - ASR... Epoch: 2, Walltime: 20.880716 CPU time: 115.307206
2026-07-27 13:23:53,881 - Evaluate - INFO - ASR Module... Epoch: 2, RSS: 3.44 GB
2026-07-27 13:23:53,882 - Evaluate - INFO - ASR... Epoch: 2, Walltime: 22.834823 CPU time: 123.449215
2026-07-27 13:24:18,903 - Evaluate - INFO - ASR Module... Epoch: 2, RSS: 3.44 GB
2026-07-27 13:24:18,904 - Evaluate - INFO - ASR... Epoch: 2, Walltime: 25.017437 CPU time: 135.345922
2026-07-27 13:24:44,195 - Evaluate - INFO - ASR Module... Epoch: 2, RSS: 3.44 GB
2026-07-27 13:24:44,196 - Evaluate - INFO - ASR... Epoch: 2, Walltime: 25.285099 CPU time: 137.756327
2026-07-27 13:25:08,118 - Evaluate - INFO - ASR Module... Epoch: 2, RSS: 3.44 GB
2026-07-27 13:25:08,119 - Evaluate - INFO - ASR... Epoch: 2, Walltime: 23.916498 CPU time: 131.682696
2026-07-27 13:25:30,686 - Evaluate - INFO - ASR Module... Epoch: 2, RSS: 3.44 GB
2026-07-27 13:25:30,687 - Evaluate - INFO - ASR... Epoch: 2, Walltime: 22.562263 CPU time: 124.404643
2026-07-27 13:25:52,862 - Evaluate - INFO - ASR Module... Epoch: 2, RSS: 3.44 GB
2026-07-27 13:25:52,863 - Evaluate - INFO - ASR... Epoch: 2, Walltime: 22.170547 CPU time: 119.226549
2026-07-27 13:26:14,769 - Evaluate - INFO - ASR Module... Epoch: 2, RSS: 3.44 GB
2026-07-27 13:26:14,770 - Evaluate - INFO - ASR... Epoch: 2, Walltime: 21.901072 CPU time: 121.394130
