2026-07-26 13:20:52,152 - Engine - INFO - Type: whisper. Memory Stats of Processor...: Before load: 737.558528, After load: 796.749824, Delta: 59.191296
2026-07-26 13:20:54,359 - Engine - INFO - Type: whisper. Memory Stats of Model...: Before load: 796.749824, After load: 7104.729088, Delta: 6307.979264
2026-07-26 13:22:10,315 - Evaluate - INFO - ASR Module... Epoch: 0, RSS: 6.94 GB
2026-07-26 13:22:10,317 - Evaluate - INFO - ASR... Epoch: 0, Walltime: 68.111944 CPU time: 404.322637
2026-07-26 13:24:05,240 - Evaluate - INFO - ASR Module... Epoch: 0, RSS: 7.19 GB
2026-07-26 13:24:05,241 - Evaluate - INFO - ASR... Epoch: 0, Walltime: 114.917171 CPU time: 685.645260
2026-07-26 13:26:03,555 - Evaluate - INFO - ASR Module... Epoch: 0, RSS: 7.19 GB
2026-07-26 13:26:03,556 - Evaluate - INFO - ASR... Epoch: 0, Walltime: 118.307937 CPU time: 704.691838
2026-07-26 13:28:51,781 - Evaluate - INFO - ASR Module... Epoch: 0, RSS: 7.19 GB
2026-07-26 13:28:51,782 - Evaluate - INFO - ASR... Epoch: 0, Walltime: 168.217414 CPU time: 1003.876402
2026-07-26 13:31:49,320 - Evaluate - INFO - ASR Module... Epoch: 0, RSS: 7.19 GB
2026-07-26 13:31:49,321 - Evaluate - INFO - ASR... Epoch: 0, Walltime: 177.529702 CPU time: 1062.487925
2026-07-26 13:33:44,210 - Evaluate - INFO - ASR Module... Epoch: 0, RSS: 7.19 GB
2026-07-26 13:33:44,211 - Evaluate - INFO - ASR... Epoch: 0, Walltime: 114.884391 CPU time: 684.532058
2026-07-26 13:35:10,486 - Evaluate - INFO - ASR Module... Epoch: 0, RSS: 7.19 GB
2026-07-26 13:35:10,488 - Evaluate - INFO - ASR... Epoch: 0, Walltime: 86.271065 CPU time: 515.944093
2026-07-26 13:36:43,607 - Evaluate - INFO - ASR Module... Epoch: 0, RSS: 7.19 GB
2026-07-26 13:36:43,608 - Evaluate - INFO - ASR... Epoch: 0, Walltime: 93.115802 CPU time: 555.670970
2026-07-26 13:38:30,511 - Evaluate - INFO - ASR Module... Epoch: 0, RSS: 7.19 GB
2026-07-26 13:38:30,512 - Evaluate - INFO - ASR... Epoch: 0, Walltime: 106.898540 CPU time: 639.100600
2026-07-26 13:40:05,898 - Evaluate - INFO - ASR Module... Epoch: 0, RSS: 7.19 GB
2026-07-26 13:40:05,899 - Evaluate - INFO - ASR... Epoch: 0, Walltime: 95.382250 CPU time: 570.816920
2026-07-26 13:42:15,942 - Evaluate - INFO - ASR Module... Epoch: 0, RSS: 7.19 GB
2026-07-26 13:42:15,943 - Evaluate - INFO - ASR... Epoch: 0, Walltime: 130.038147 CPU time: 778.430582
2026-07-26 13:43:21,215 - Evaluate - INFO - ASR Module... Epoch: 0, RSS: 7.19 GB
2026-07-26 13:43:21,216 - Evaluate - INFO - ASR... Epoch: 0, Walltime: 65.268280 CPU time: 390.696954
2026-07-26 13:44:46,769 - Evaluate - INFO - ASR Module... Epoch: 0, RSS: 7.19 GB
2026-07-26 13:44:46,770 - Evaluate - INFO - ASR... Epoch: 0, Walltime: 85.551099 CPU time: 512.077444
2026-07-26 13:47:14,491 - Evaluate - INFO - ASR Module... Epoch: 0, RSS: 7.19 GB
2026-07-26 13:47:14,492 - Evaluate - INFO - ASR... Epoch: 0, Walltime: 147.716125 CPU time: 880.816265
2026-07-26 13:49:20,037 - Evaluate - INFO - ASR Module... Epoch: 0, RSS: 7.19 GB
2026-07-26 13:49:20,039 - Evaluate - INFO - ASR... Epoch: 0, Walltime: 125.540779 CPU time: 749.472190
2026-07-26 13:50:36,946 - Evaluate - INFO - ASR Module... Epoch: 0, RSS: 7.19 GB
2026-07-26 13:50:36,947 - Evaluate - INFO - ASR... Epoch: 0, Walltime: 76.903684 CPU time: 450.746676
2026-07-26 13:52:08,762 - Evaluate - INFO - ASR Module... Epoch: 0, RSS: 7.19 GB
2026-07-26 13:52:08,763 - Evaluate - INFO - ASR... Epoch: 0, Walltime: 91.811844 CPU time: 545.085696
2026-07-26 13:53:20,253 - Evaluate - INFO - ASR Module... Epoch: 0, RSS: 7.19 GB
2026-07-26 13:53:20,255 - Evaluate - INFO - ASR... Epoch: 0, Walltime: 71.487045 CPU time: 425.065066
2026-07-26 13:54:25,712 - Evaluate - INFO - ASR Module... Epoch: 0, RSS: 7.19 GB
2026-07-26 13:54:25,713 - Evaluate - INFO - ASR... Epoch: 0, Walltime: 65.454418 CPU time: 391.826436
2026-07-26 13:55:35,743 - Evaluate - INFO - ASR Module... Epoch: 0, RSS: 7.19 GB
2026-07-26 13:55:35,744 - Evaluate - INFO - ASR... Epoch: 0, Walltime: 70.027664 CPU time: 419.192811
2026-07-26 13:57:40,367 - Evaluate - INFO - ASR Module... Epoch: 0, RSS: 7.19 GB
2026-07-26 13:57:40,368 - Evaluate - INFO - ASR... Epoch: 0, Walltime: 124.617739 CPU time: 745.236070
2026-07-26 14:00:34,561 - Evaluate - INFO - ASR Module... Epoch: 0, RSS: 7.19 GB
2026-07-26 14:00:34,562 - Evaluate - INFO - ASR... Epoch: 0, Walltime: 174.186493 CPU time: 1039.411738
2026-07-26 14:01:50,768 - Evaluate - INFO - ASR Module... Epoch: 0, RSS: 7.19 GB
2026-07-26 14:01:50,769 - Evaluate - INFO - ASR... Epoch: 0, Walltime: 76.201784 CPU time: 456.213497
2026-07-26 14:03:03,575 - Evaluate - INFO - ASR Module... Epoch: 0, RSS: 7.19 GB
2026-07-26 14:03:03,576 - Evaluate - INFO - ASR... Epoch: 0, Walltime: 72.802966 CPU time: 435.845735
2026-07-26 14:04:31,788 - Evaluate - INFO - ASR Module... Epoch: 0, RSS: 7.19 GB
2026-07-26 14:04:31,789 - Evaluate - INFO - ASR... Epoch: 0, Walltime: 88.208499 CPU time: 528.081497
2026-07-26 14:06:04,197 - Evaluate - INFO - ASR Module... Epoch: 0, RSS: 7.19 GB
2026-07-26 14:06:04,198 - Evaluate - INFO - ASR... Epoch: 0, Walltime: 92.404163 CPU time: 553.206547
2026-07-26 14:07:31,294 - Evaluate - INFO - ASR Module... Epoch: 0, RSS: 7.19 GB
2026-07-26 14:07:31,295 - Evaluate - INFO - ASR... Epoch: 0, Walltime: 87.091250 CPU time: 521.458961
2026-07-26 14:09:15,044 - Evaluate - INFO - ASR Module... Epoch: 0, RSS: 7.19 GB
2026-07-26 14:09:15,045 - Evaluate - INFO - ASR... Epoch: 0, Walltime: 103.745010 CPU time: 621.053587
2026-07-26 14:10:39,330 - Evaluate - INFO - ASR Module... Epoch: 0, RSS: 7.19 GB
2026-07-26 14:10:39,331 - Evaluate - INFO - ASR... Epoch: 0, Walltime: 84.280436 CPU time: 504.513650
2026-07-26 14:12:04,333 - Evaluate - INFO - ASR Module... Epoch: 0, RSS: 7.19 GB
2026-07-26 14:12:04,334 - Evaluate - INFO - ASR... Epoch: 0, Walltime: 84.998786 CPU time: 508.859456
2026-07-26 14:13:43,960 - Evaluate - INFO - ASR Module... Epoch: 0, RSS: 7.19 GB
2026-07-26 14:13:43,961 - Evaluate - INFO - ASR... Epoch: 0, Walltime: 99.622276 CPU time: 596.352812
2026-07-26 14:14:59,138 - Evaluate - INFO - ASR Module... Epoch: 0, RSS: 7.19 GB
2026-07-26 14:14:59,140 - Evaluate - INFO - ASR... Epoch: 0, Walltime: 75.174271 CPU time: 450.016684
2026-07-26 14:16:26,180 - Evaluate - INFO - ASR Module... Epoch: 0, RSS: 7.19 GB
2026-07-26 14:16:26,181 - Evaluate - INFO - ASR... Epoch: 0, Walltime: 87.037869 CPU time: 520.671279
2026-07-26 14:17:54,024 - Evaluate - INFO - ASR Module... Epoch: 0, RSS: 7.19 GB
2026-07-26 14:17:54,025 - Evaluate - INFO - ASR... Epoch: 0, Walltime: 87.839758 CPU time: 525.821880
2026-07-26 14:19:04,569 - Evaluate - INFO - ASR Module... Epoch: 0, RSS: 7.19 GB
2026-07-26 14:19:04,570 - Evaluate - INFO - ASR... Epoch: 0, Walltime: 70.540630 CPU time: 422.288397
2026-07-26 14:20:54,555 - Evaluate - INFO - ASR Module... Epoch: 0, RSS: 7.19 GB
2026-07-26 14:20:54,556 - Evaluate - INFO - ASR... Epoch: 0, Walltime: 109.981449 CPU time: 658.468175
2026-07-26 14:23:03,348 - Evaluate - INFO - ASR Module... Epoch: 0, RSS: 7.19 GB
2026-07-26 14:23:03,349 - Evaluate - INFO - ASR... Epoch: 0, Walltime: 128.787273 CPU time: 769.895376
2026-07-26 14:25:18,039 - Evaluate - INFO - ASR Module... Epoch: 0, RSS: 7.19 GB
2026-07-26 14:25:18,040 - Evaluate - INFO - ASR... Epoch: 0, Walltime: 134.684946 CPU time: 803.029524
2026-07-26 14:27:11,479 - Evaluate - INFO - ASR Module... Epoch: 0, RSS: 7.19 GB
2026-07-26 14:27:11,480 - Evaluate - INFO - ASR... Epoch: 0, Walltime: 113.433693 CPU time: 677.795736
2026-07-26 14:28:18,473 - Evaluate - INFO - ASR Module... Epoch: 0, RSS: 7.19 GB
2026-07-26 14:28:18,474 - Evaluate - INFO - ASR... Epoch: 0, Walltime: 66.989307 CPU time: 399.798161
2026-07-26 14:29:28,803 - Evaluate - INFO - ASR Module... Epoch: 0, RSS: 7.19 GB
2026-07-26 14:29:28,804 - Evaluate - INFO - ASR... Epoch: 0, Walltime: 70.325465 CPU time: 420.061850
2026-07-26 14:30:56,564 - Evaluate - INFO - ASR Module... Epoch: 0, RSS: 7.19 GB
2026-07-26 14:30:56,565 - Evaluate - INFO - ASR... Epoch: 0, Walltime: 87.756366 CPU time: 523.881954
2026-07-26 14:32:07,928 - Evaluate - INFO - ASR Module... Epoch: 0, RSS: 7.19 GB
2026-07-26 14:32:07,929 - Evaluate - INFO - ASR... Epoch: 0, Walltime: 71.359858 CPU time: 425.962569
2026-07-26 14:33:14,534 - Evaluate - INFO - ASR Module... Epoch: 0, RSS: 7.19 GB
2026-07-26 14:33:14,535 - Evaluate - INFO - ASR... Epoch: 0, Walltime: 66.601855 CPU time: 397.917525
2026-07-26 14:34:40,850 - Evaluate - INFO - ASR Module... Epoch: 0, RSS: 7.19 GB
2026-07-26 14:34:40,851 - Evaluate - INFO - ASR... Epoch: 0, Walltime: 86.311092 CPU time: 512.874913
2026-07-26 14:35:51,247 - Evaluate - INFO - ASR Module... Epoch: 0, RSS: 7.19 GB
2026-07-26 14:35:51,248 - Evaluate - INFO - ASR... Epoch: 0, Walltime: 70.392905 CPU time: 411.848340
2026-07-26 14:36:57,884 - Evaluate - INFO - ASR Module... Epoch: 0, RSS: 7.19 GB
2026-07-26 14:36:57,885 - Evaluate - INFO - ASR... Epoch: 0, Walltime: 66.632861 CPU time: 397.916187
2026-07-26 14:38:17,266 - Evaluate - INFO - ASR Module... Epoch: 0, RSS: 7.19 GB
2026-07-26 14:38:17,267 - Evaluate - INFO - ASR... Epoch: 0, Walltime: 79.378071 CPU time: 474.759098
2026-07-26 14:39:36,363 - Evaluate - INFO - ASR Module... Epoch: 0, RSS: 7.19 GB
2026-07-26 14:39:36,364 - Evaluate - INFO - ASR... Epoch: 0, Walltime: 79.092292 CPU time: 471.638826
2026-07-26 14:40:37,232 - Evaluate - INFO - ASR Module... Epoch: 0, RSS: 7.19 GB
2026-07-26 14:40:37,233 - Evaluate - INFO - ASR... Epoch: 0, Walltime: 60.864121 CPU time: 364.144761
2026-07-26 14:41:57,320 - Evaluate - INFO - ASR Module... Epoch: 0, RSS: 7.19 GB
2026-07-26 14:41:57,321 - Evaluate - INFO - ASR... Epoch: 0, Walltime: 80.084694 CPU time: 464.561888
2026-07-26 14:42:59,591 - Evaluate - INFO - ASR Module... Epoch: 0, RSS: 7.19 GB
2026-07-26 14:42:59,592 - Evaluate - INFO - ASR... Epoch: 0, Walltime: 62.266253 CPU time: 372.636170
2026-07-26 14:44:28,556 - Evaluate - INFO - ASR Module... Epoch: 0, RSS: 7.19 GB
2026-07-26 14:44:28,558 - Evaluate - INFO - ASR... Epoch: 0, Walltime: 88.961533 CPU time: 529.673083
2026-07-26 14:45:37,952 - Evaluate - INFO - ASR Module... Epoch: 0, RSS: 7.19 GB
2026-07-26 14:45:37,953 - Evaluate - INFO - ASR... Epoch: 0, Walltime: 69.387705 CPU time: 415.029301
2026-07-26 14:46:57,728 - Evaluate - INFO - ASR Module... Epoch: 0, RSS: 7.19 GB
2026-07-26 14:46:57,729 - Evaluate - INFO - ASR... Epoch: 0, Walltime: 79.768271 CPU time: 477.009331
2026-07-26 14:48:16,276 - Evaluate - INFO - ASR Module... Epoch: 0, RSS: 7.19 GB
2026-07-26 14:48:16,277 - Evaluate - INFO - ASR... Epoch: 0, Walltime: 78.543527 CPU time: 468.571304
2026-07-26 14:49:32,128 - Evaluate - INFO - ASR Module... Epoch: 0, RSS: 7.19 GB
2026-07-26 14:49:32,129 - Evaluate - INFO - ASR... Epoch: 0, Walltime: 75.847239 CPU time: 452.623333
2026-07-26 14:51:04,159 - Evaluate - INFO - ASR Module... Epoch: 0, RSS: 7.19 GB
2026-07-26 14:51:04,160 - Evaluate - INFO - ASR... Epoch: 0, Walltime: 92.026372 CPU time: 547.606094
2026-07-26 14:52:24,171 - Evaluate - INFO - ASR Module... Epoch: 0, RSS: 7.19 GB
2026-07-26 14:52:24,173 - Evaluate - INFO - ASR... Epoch: 0, Walltime: 80.006982 CPU time: 478.942069
2026-07-26 14:53:56,607 - Evaluate - INFO - ASR Module... Epoch: 0, RSS: 7.19 GB
2026-07-26 14:53:56,608 - Evaluate - INFO - ASR... Epoch: 0, Walltime: 92.428970 CPU time: 543.475189
2026-07-26 14:55:14,349 - Evaluate - INFO - ASR Module... Epoch: 0, RSS: 7.19 GB
2026-07-26 14:55:14,351 - Evaluate - INFO - ASR... Epoch: 0, Walltime: 77.738588 CPU time: 457.112808
2026-07-26 14:56:36,011 - Evaluate - INFO - ASR Module... Epoch: 0, RSS: 7.19 GB
2026-07-26 14:56:36,012 - Evaluate - INFO - ASR... Epoch: 0, Walltime: 81.657377 CPU time: 480.386318
2026-07-26 14:57:54,444 - Evaluate - INFO - ASR Module... Epoch: 0, RSS: 7.19 GB
2026-07-26 14:57:54,446 - Evaluate - INFO - ASR... Epoch: 0, Walltime: 78.428848 CPU time: 458.200431
2026-07-26 14:59:36,996 - Evaluate - INFO - ASR Module... Epoch: 0, RSS: 7.19 GB
2026-07-26 14:59:36,997 - Evaluate - INFO - ASR... Epoch: 0, Walltime: 102.546052 CPU time: 592.513951
2026-07-26 15:00:49,899 - Evaluate - INFO - ASR Module... Epoch: 0, RSS: 7.19 GB
2026-07-26 15:00:49,900 - Evaluate - INFO - ASR... Epoch: 0, Walltime: 72.898853 CPU time: 436.454419
2026-07-26 15:02:09,771 - Evaluate - INFO - ASR Module... Epoch: 0, RSS: 7.19 GB
2026-07-26 15:02:09,772 - Evaluate - INFO - ASR... Epoch: 0, Walltime: 79.867571 CPU time: 478.136426
2026-07-26 15:03:13,577 - Evaluate - INFO - ASR Module... Epoch: 0, RSS: 7.19 GB
2026-07-26 15:03:13,578 - Evaluate - INFO - ASR... Epoch: 0, Walltime: 63.802578 CPU time: 373.100778
2026-07-26 15:04:29,614 - Evaluate - INFO - ASR Module... Epoch: 0, RSS: 7.19 GB
2026-07-26 15:04:29,615 - Evaluate - INFO - ASR... Epoch: 0, Walltime: 76.032911 CPU time: 445.628625
2026-07-26 15:05:43,128 - Evaluate - INFO - ASR Module... Epoch: 0, RSS: 7.19 GB
2026-07-26 15:05:43,129 - Evaluate - INFO - ASR... Epoch: 0, Walltime: 73.510220 CPU time: 440.129973
2026-07-26 15:07:01,911 - Evaluate - INFO - ASR Module... Epoch: 0, RSS: 7.19 GB
2026-07-26 15:07:01,912 - Evaluate - INFO - ASR... Epoch: 0, Walltime: 78.779430 CPU time: 471.687522
2026-07-26 15:07:59,428 - Evaluate - INFO - ASR Module... Epoch: 0, RSS: 7.19 GB
2026-07-26 15:07:59,429 - Evaluate - INFO - ASR... Epoch: 0, Walltime: 57.513232 CPU time: 344.329261
2026-07-26 15:08:54,869 - Evaluate - INFO - ASR Module... Epoch: 0, RSS: 7.19 GB
2026-07-26 15:08:54,870 - Evaluate - INFO - ASR... Epoch: 0, Walltime: 55.437601 CPU time: 331.915866
2026-07-26 15:10:08,170 - Evaluate - INFO - ASR Module... Epoch: 0, RSS: 7.19 GB
2026-07-26 15:10:08,171 - Evaluate - INFO - ASR... Epoch: 0, Walltime: 73.296799 CPU time: 438.791447
2026-07-26 15:10:57,750 - Evaluate - INFO - ASR Module... Epoch: 0, RSS: 7.19 GB
2026-07-26 15:10:57,751 - Evaluate - INFO - ASR... Epoch: 0, Walltime: 49.576356 CPU time: 296.833410
2026-07-26 15:11:57,660 - Evaluate - INFO - ASR Module... Epoch: 0, RSS: 7.19 GB
2026-07-26 15:11:57,661 - Evaluate - INFO - ASR... Epoch: 0, Walltime: 59.906660 CPU time: 358.622634
2026-07-26 15:12:54,838 - Evaluate - INFO - ASR Module... Epoch: 0, RSS: 7.19 GB
2026-07-26 15:12:54,839 - Evaluate - INFO - ASR... Epoch: 0, Walltime: 57.175175 CPU time: 342.360424
2026-07-26 15:13:52,123 - Evaluate - INFO - ASR Module... Epoch: 0, RSS: 7.19 GB
2026-07-26 15:13:52,124 - Evaluate - INFO - ASR... Epoch: 0, Walltime: 57.282353 CPU time: 342.527995
2026-07-26 15:14:47,020 - Evaluate - INFO - ASR Module... Epoch: 0, RSS: 7.19 GB
2026-07-26 15:14:47,021 - Evaluate - INFO - ASR... Epoch: 0, Walltime: 54.893341 CPU time: 328.614421
2026-07-26 15:15:59,174 - Evaluate - INFO - ASR Module... Epoch: 0, RSS: 7.19 GB
2026-07-26 15:15:59,175 - Evaluate - INFO - ASR... Epoch: 0, Walltime: 72.150381 CPU time: 431.922691
2026-07-26 15:16:58,304 - Evaluate - INFO - ASR Module... Epoch: 0, RSS: 7.19 GB
2026-07-26 15:16:58,305 - Evaluate - INFO - ASR... Epoch: 0, Walltime: 59.126390 CPU time: 353.568009
2026-07-26 15:17:48,707 - Evaluate - INFO - ASR Module... Epoch: 0, RSS: 7.19 GB
2026-07-26 15:17:48,708 - Evaluate - INFO - ASR... Epoch: 0, Walltime: 50.399724 CPU time: 301.715423
2026-07-26 15:18:58,404 - Evaluate - INFO - ASR Module... Epoch: 0, RSS: 7.19 GB
2026-07-26 15:18:58,405 - Evaluate - INFO - ASR... Epoch: 0, Walltime: 69.693616 CPU time: 417.208209
2026-07-26 15:20:06,396 - Evaluate - INFO - ASR Module... Epoch: 0, RSS: 7.19 GB
2026-07-26 15:20:06,396 - Evaluate - INFO - ASR... Epoch: 0, Walltime: 67.987385 CPU time: 407.001575
2026-07-26 15:21:00,769 - Evaluate - INFO - ASR Module... Epoch: 0, RSS: 7.19 GB
2026-07-26 15:21:00,770 - Evaluate - INFO - ASR... Epoch: 0, Walltime: 54.369774 CPU time: 325.494014
2026-07-26 15:22:05,458 - Evaluate - INFO - ASR Module... Epoch: 0, RSS: 7.19 GB
2026-07-26 15:22:05,459 - Evaluate - INFO - ASR... Epoch: 0, Walltime: 64.685761 CPU time: 387.217048
2026-07-26 15:22:58,273 - Evaluate - INFO - ASR Module... Epoch: 0, RSS: 7.19 GB
2026-07-26 15:22:58,274 - Evaluate - INFO - ASR... Epoch: 0, Walltime: 52.811893 CPU time: 315.708943
2026-07-26 15:23:51,103 - Evaluate - INFO - ASR Module... Epoch: 0, RSS: 7.19 GB
2026-07-26 15:23:51,104 - Evaluate - INFO - ASR... Epoch: 0, Walltime: 52.826838 CPU time: 316.269650
2026-07-26 15:24:50,035 - Evaluate - INFO - ASR Module... Epoch: 0, RSS: 7.19 GB
2026-07-26 15:24:50,035 - Evaluate - INFO - ASR... Epoch: 0, Walltime: 58.928364 CPU time: 352.829217
2026-07-26 15:25:50,265 - Evaluate - INFO - ASR Module... Epoch: 0, RSS: 7.19 GB
2026-07-26 15:25:50,266 - Evaluate - INFO - ASR... Epoch: 0, Walltime: 60.227368 CPU time: 358.198855
2026-07-26 15:26:49,278 - Evaluate - INFO - ASR Module... Epoch: 0, RSS: 7.19 GB
2026-07-26 15:26:49,278 - Evaluate - INFO - ASR... Epoch: 0, Walltime: 59.008894 CPU time: 353.324123
2026-07-26 15:28:18,533 - Evaluate - INFO - ASR Module... Epoch: 0, RSS: 7.19 GB
2026-07-26 15:28:18,534 - Evaluate - INFO - ASR... Epoch: 0, Walltime: 89.251268 CPU time: 532.426243
2026-07-26 15:29:15,888 - Evaluate - INFO - ASR Module... Epoch: 0, RSS: 7.19 GB
2026-07-26 15:29:15,889 - Evaluate - INFO - ASR... Epoch: 0, Walltime: 57.350834 CPU time: 343.084727
2026-07-26 15:30:28,182 - Evaluate - INFO - ASR Module... Epoch: 0, RSS: 7.19 GB
2026-07-26 15:30:28,183 - Evaluate - INFO - ASR... Epoch: 0, Walltime: 72.290878 CPU time: 432.322221
2026-07-26 15:31:23,731 - Evaluate - INFO - ASR Module... Epoch: 0, RSS: 7.19 GB
2026-07-26 15:31:23,732 - Evaluate - INFO - ASR... Epoch: 0, Walltime: 55.544725 CPU time: 332.555443
2026-07-26 15:32:29,959 - Evaluate - INFO - ASR Module... Epoch: 0, RSS: 7.19 GB
2026-07-26 15:32:29,960 - Evaluate - INFO - ASR... Epoch: 0, Walltime: 66.224571 CPU time: 396.492746
2026-07-26 15:33:26,617 - Evaluate - INFO - ASR Module... Epoch: 0, RSS: 7.19 GB
2026-07-26 15:33:26,619 - Evaluate - INFO - ASR... Epoch: 0, Walltime: 56.655408 CPU time: 339.184428
2026-07-26 15:34:27,569 - Evaluate - INFO - ASR Module... Epoch: 0, RSS: 7.19 GB
2026-07-26 15:34:27,570 - Evaluate - INFO - ASR... Epoch: 0, Walltime: 60.947772 CPU time: 364.226862
2026-07-26 15:35:23,543 - Evaluate - INFO - ASR Module... Epoch: 0, RSS: 7.19 GB
2026-07-26 15:35:23,544 - Evaluate - INFO - ASR... Epoch: 0, Walltime: 55.971306 CPU time: 331.953363
2026-07-26 15:36:22,726 - Evaluate - INFO - ASR Module... Epoch: 0, RSS: 7.19 GB
2026-07-26 15:36:22,727 - Evaluate - INFO - ASR... Epoch: 0, Walltime: 59.179273 CPU time: 354.310762
2026-07-26 15:37:21,130 - Evaluate - INFO - ASR Module... Epoch: 0, RSS: 7.19 GB
2026-07-26 15:37:21,131 - Evaluate - INFO - ASR... Epoch: 0, Walltime: 58.400477 CPU time: 349.635752
2026-07-26 15:38:16,987 - Evaluate - INFO - ASR Module... Epoch: 0, RSS: 7.19 GB
2026-07-26 15:38:16,988 - Evaluate - INFO - ASR... Epoch: 0, Walltime: 55.854326 CPU time: 333.320380
2026-07-26 15:39:16,475 - Evaluate - INFO - ASR Module... Epoch: 0, RSS: 7.19 GB
2026-07-26 15:39:16,476 - Evaluate - INFO - ASR... Epoch: 0, Walltime: 59.484737 CPU time: 356.143255
2026-07-26 15:40:15,178 - Evaluate - INFO - ASR Module... Epoch: 0, RSS: 7.19 GB
2026-07-26 15:40:15,179 - Evaluate - INFO - ASR... Epoch: 0, Walltime: 58.699208 CPU time: 351.428952
2026-07-26 15:41:05,566 - Evaluate - INFO - ASR Module... Epoch: 0, RSS: 7.19 GB
2026-07-26 15:41:05,567 - Evaluate - INFO - ASR... Epoch: 0, Walltime: 50.384868 CPU time: 301.649416
2026-07-26 15:41:57,641 - Evaluate - INFO - ASR Module... Epoch: 0, RSS: 7.19 GB
2026-07-26 15:41:57,642 - Evaluate - INFO - ASR... Epoch: 0, Walltime: 52.071432 CPU time: 311.757474
2026-07-26 15:42:53,453 - Evaluate - INFO - ASR Module... Epoch: 0, RSS: 7.19 GB
2026-07-26 15:42:53,454 - Evaluate - INFO - ASR... Epoch: 0, Walltime: 55.808475 CPU time: 333.575640
2026-07-26 15:43:47,591 - Evaluate - INFO - ASR Module... Epoch: 0, RSS: 7.19 GB
2026-07-26 15:43:47,592 - Evaluate - INFO - ASR... Epoch: 0, Walltime: 54.134929 CPU time: 323.857767
2026-07-26 15:44:38,303 - Evaluate - INFO - ASR Module... Epoch: 0, RSS: 7.19 GB
2026-07-26 15:44:38,304 - Evaluate - INFO - ASR... Epoch: 0, Walltime: 50.708529 CPU time: 302.976644
2026-07-26 15:45:48,488 - Evaluate - INFO - ASR Module... Epoch: 0, RSS: 7.19 GB
2026-07-26 15:45:48,488 - Evaluate - INFO - ASR... Epoch: 0, Walltime: 70.180998 CPU time: 420.115285
2026-07-26 15:46:50,548 - Evaluate - INFO - ASR Module... Epoch: 0, RSS: 7.19 GB
2026-07-26 15:46:50,549 - Evaluate - INFO - ASR... Epoch: 0, Walltime: 62.056986 CPU time: 371.186747
2026-07-26 15:47:55,416 - Evaluate - INFO - ASR Module... Epoch: 0, RSS: 7.19 GB
2026-07-26 15:47:55,417 - Evaluate - INFO - ASR... Epoch: 0, Walltime: 64.863679 CPU time: 386.460460
2026-07-26 15:48:46,157 - Evaluate - INFO - ASR Module... Epoch: 0, RSS: 7.19 GB
2026-07-26 15:48:46,158 - Evaluate - INFO - ASR... Epoch: 0, Walltime: 50.737760 CPU time: 303.732788
2026-07-26 15:49:50,271 - Evaluate - INFO - ASR Module... Epoch: 0, RSS: 7.19 GB
2026-07-26 15:49:50,272 - Evaluate - INFO - ASR... Epoch: 0, Walltime: 64.110625 CPU time: 383.842157
2026-07-26 15:51:16,088 - Evaluate - INFO - ASR Module... Epoch: 0, RSS: 7.19 GB
2026-07-26 15:51:16,089 - Evaluate - INFO - ASR... Epoch: 0, Walltime: 85.812626 CPU time: 506.167193
2026-07-26 15:52:28,430 - Evaluate - INFO - ASR Module... Epoch: 0, RSS: 7.19 GB
2026-07-26 15:52:28,431 - Evaluate - INFO - ASR... Epoch: 0, Walltime: 72.338122 CPU time: 431.928246
2026-07-26 15:53:20,092 - Evaluate - INFO - ASR Module... Epoch: 0, RSS: 7.16 GB
2026-07-26 15:53:20,093 - Evaluate - INFO - ASR... Epoch: 0, Walltime: 51.657533 CPU time: 309.187599
2026-07-26 15:54:13,757 - Evaluate - INFO - ASR Module... Epoch: 0, RSS: 7.19 GB
2026-07-26 15:54:13,758 - Evaluate - INFO - ASR... Epoch: 0, Walltime: 53.662080 CPU time: 321.253708
2026-07-26 15:55:25,880 - Evaluate - INFO - ASR Module... Epoch: 0, RSS: 7.19 GB
2026-07-26 15:55:25,881 - Evaluate - INFO - ASR... Epoch: 0, Walltime: 72.118472 CPU time: 431.788814
2026-07-26 15:56:33,115 - Evaluate - INFO - ASR Module... Epoch: 0, RSS: 7.19 GB
2026-07-26 15:56:33,116 - Evaluate - INFO - ASR... Epoch: 0, Walltime: 67.230869 CPU time: 402.518580
2026-07-26 15:57:32,590 - Evaluate - INFO - ASR Module... Epoch: 0, RSS: 7.19 GB
2026-07-26 15:57:32,591 - Evaluate - INFO - ASR... Epoch: 0, Walltime: 59.471006 CPU time: 356.063677
2026-07-26 15:58:37,387 - Evaluate - INFO - ASR Module... Epoch: 0, RSS: 7.19 GB
2026-07-26 15:58:37,388 - Evaluate - INFO - ASR... Epoch: 0, Walltime: 64.793302 CPU time: 387.918749
2026-07-26 15:59:39,597 - Evaluate - INFO - ASR Module... Epoch: 0, RSS: 7.19 GB
2026-07-26 15:59:39,598 - Evaluate - INFO - ASR... Epoch: 0, Walltime: 62.205946 CPU time: 372.436079
2026-07-26 16:01:09,235 - Evaluate - INFO - ASR Module... Epoch: 0, RSS: 7.19 GB
2026-07-26 16:01:09,236 - Evaluate - INFO - ASR... Epoch: 0, Walltime: 89.633449 CPU time: 536.640376
2026-07-26 16:02:04,731 - Evaluate - INFO - ASR Module... Epoch: 0, RSS: 7.19 GB
2026-07-26 16:02:04,732 - Evaluate - INFO - ASR... Epoch: 0, Walltime: 55.491625 CPU time: 332.144990
2026-07-26 16:03:27,196 - Evaluate - INFO - ASR Module... Epoch: 0, RSS: 7.19 GB
2026-07-26 16:03:27,197 - Evaluate - INFO - ASR... Epoch: 0, Walltime: 82.461032 CPU time: 493.462536
2026-07-26 16:04:38,801 - Evaluate - INFO - ASR Module... Epoch: 0, RSS: 7.19 GB
2026-07-26 16:04:38,803 - Evaluate - INFO - ASR... Epoch: 0, Walltime: 71.600978 CPU time: 428.381204
2026-07-26 16:06:11,871 - Evaluate - INFO - ASR Module... Epoch: 0, RSS: 7.19 GB
2026-07-26 16:06:11,872 - Evaluate - INFO - ASR... Epoch: 0, Walltime: 93.064131 CPU time: 557.177302
2026-07-26 16:07:27,073 - Evaluate - INFO - ASR Module... Epoch: 0, RSS: 7.19 GB
2026-07-26 16:07:27,074 - Evaluate - INFO - ASR... Epoch: 0, Walltime: 75.196528 CPU time: 450.082657
2026-07-26 16:08:23,178 - Evaluate - INFO - ASR Module... Epoch: 0, RSS: 7.19 GB
2026-07-26 16:08:23,180 - Evaluate - INFO - ASR... Epoch: 0, Walltime: 56.102112 CPU time: 335.865433
2026-07-26 16:09:26,995 - Evaluate - INFO - ASR Module... Epoch: 0, RSS: 7.19 GB
2026-07-26 16:09:26,997 - Evaluate - INFO - ASR... Epoch: 0, Walltime: 63.813307 CPU time: 382.059358
2026-07-26 16:10:29,139 - Evaluate - INFO - ASR Module... Epoch: 0, RSS: 7.19 GB
2026-07-26 16:10:29,140 - Evaluate - INFO - ASR... Epoch: 0, Walltime: 62.139252 CPU time: 372.035328
2026-07-26 16:11:18,100 - Evaluate - INFO - ASR Module... Epoch: 0, RSS: 7.19 GB
2026-07-26 16:11:18,101 - Evaluate - INFO - ASR... Epoch: 0, Walltime: 48.957080 CPU time: 293.079393
2026-07-26 16:12:37,946 - Evaluate - INFO - ASR Module... Epoch: 0, RSS: 7.19 GB
2026-07-26 16:12:37,947 - Evaluate - INFO - ASR... Epoch: 0, Walltime: 79.841872 CPU time: 478.072680
2026-07-26 16:13:44,411 - Evaluate - INFO - ASR Module... Epoch: 0, RSS: 7.19 GB
2026-07-26 16:13:44,412 - Evaluate - INFO - ASR... Epoch: 0, Walltime: 66.461340 CPU time: 397.906088
2026-07-26 16:14:47,763 - Evaluate - INFO - ASR Module... Epoch: 0, RSS: 7.19 GB
2026-07-26 16:14:47,764 - Evaluate - INFO - ASR... Epoch: 0, Walltime: 63.347569 CPU time: 379.136442
2026-07-26 16:15:56,509 - Evaluate - INFO - ASR Module... Epoch: 0, RSS: 7.19 GB
2026-07-26 16:15:56,511 - Evaluate - INFO - ASR... Epoch: 0, Walltime: 68.742794 CPU time: 411.236057
2026-07-26 16:16:51,652 - Evaluate - INFO - ASR Module... Epoch: 0, RSS: 7.19 GB
2026-07-26 16:16:51,654 - Evaluate - INFO - ASR... Epoch: 0, Walltime: 55.139670 CPU time: 330.088093
2026-07-26 16:17:43,259 - Evaluate - INFO - ASR Module... Epoch: 0, RSS: 7.19 GB
2026-07-26 16:17:43,260 - Evaluate - INFO - ASR... Epoch: 0, Walltime: 51.603071 CPU time: 308.908632
2026-07-26 16:19:01,323 - Evaluate - INFO - ASR Module... Epoch: 0, RSS: 7.19 GB
2026-07-26 16:19:01,324 - Evaluate - INFO - ASR... Epoch: 0, Walltime: 78.060290 CPU time: 466.479208
2026-07-26 16:20:47,581 - Evaluate - INFO - ASR Module... Epoch: 0, RSS: 7.19 GB
2026-07-26 16:20:47,582 - Evaluate - INFO - ASR... Epoch: 0, Walltime: 106.252387 CPU time: 636.197071
2026-07-26 16:22:08,281 - Evaluate - INFO - ASR Module... Epoch: 0, RSS: 7.19 GB
2026-07-26 16:22:08,282 - Evaluate - INFO - ASR... Epoch: 0, Walltime: 80.695230 CPU time: 483.151087
2026-07-26 16:22:57,574 - Evaluate - INFO - ASR Module... Epoch: 0, RSS: 7.19 GB
2026-07-26 16:22:57,576 - Evaluate - INFO - ASR... Epoch: 0, Walltime: 49.289802 CPU time: 295.065140
2026-07-26 16:24:09,786 - Evaluate - INFO - ASR Module... Epoch: 0, RSS: 7.19 GB
2026-07-26 16:24:09,787 - Evaluate - INFO - ASR... Epoch: 0, Walltime: 72.208013 CPU time: 432.312632
2026-07-26 16:25:19,103 - Evaluate - INFO - ASR Module... Epoch: 0, RSS: 7.19 GB
2026-07-26 16:25:19,104 - Evaluate - INFO - ASR... Epoch: 0, Walltime: 69.312101 CPU time: 414.949414
2026-07-26 16:26:21,811 - Evaluate - INFO - ASR Module... Epoch: 0, RSS: 7.19 GB
2026-07-26 16:26:21,812 - Evaluate - INFO - ASR... Epoch: 0, Walltime: 62.704178 CPU time: 374.576593
2026-07-26 16:27:33,715 - Evaluate - INFO - ASR Module... Epoch: 0, RSS: 7.19 GB
2026-07-26 16:27:33,716 - Evaluate - INFO - ASR... Epoch: 0, Walltime: 71.899884 CPU time: 430.378663
2026-07-26 16:28:33,336 - Evaluate - INFO - ASR Module... Epoch: 0, RSS: 7.19 GB
2026-07-26 16:28:33,337 - Evaluate - INFO - ASR... Epoch: 0, Walltime: 59.616874 CPU time: 356.898551
2026-07-26 16:29:28,472 - Evaluate - INFO - ASR Module... Epoch: 0, RSS: 7.19 GB
2026-07-26 16:29:28,473 - Evaluate - INFO - ASR... Epoch: 0, Walltime: 55.131791 CPU time: 330.061015
2026-07-26 16:30:30,087 - Evaluate - INFO - ASR Module... Epoch: 0, RSS: 7.19 GB
2026-07-26 16:30:30,088 - Evaluate - INFO - ASR... Epoch: 0, Walltime: 61.610812 CPU time: 368.855045
2026-07-26 16:31:23,971 - Evaluate - INFO - ASR Module... Epoch: 0, RSS: 7.19 GB
2026-07-26 16:31:23,972 - Evaluate - INFO - ASR... Epoch: 0, Walltime: 53.880515 CPU time: 322.563979
2026-07-26 16:32:24,056 - Evaluate - INFO - ASR Module... Epoch: 0, RSS: 7.19 GB
2026-07-26 16:32:24,057 - Evaluate - INFO - ASR... Epoch: 0, Walltime: 60.081682 CPU time: 359.600050
2026-07-26 16:33:19,937 - Evaluate - INFO - ASR Module... Epoch: 0, RSS: 7.19 GB
2026-07-26 16:33:19,939 - Evaluate - INFO - ASR... Epoch: 0, Walltime: 55.878124 CPU time: 334.532704
2026-07-26 16:34:17,796 - Evaluate - INFO - ASR Module... Epoch: 0, RSS: 7.19 GB
2026-07-26 16:34:17,797 - Evaluate - INFO - ASR... Epoch: 0, Walltime: 57.854585 CPU time: 346.366285
2026-07-26 16:35:23,746 - Evaluate - INFO - ASR Module... Epoch: 0, RSS: 7.19 GB
2026-07-26 16:35:23,747 - Evaluate - INFO - ASR... Epoch: 0, Walltime: 65.946343 CPU time: 394.833033
2026-07-26 16:36:30,545 - Evaluate - INFO - ASR Module... Epoch: 0, RSS: 7.19 GB
2026-07-26 16:36:30,546 - Evaluate - INFO - ASR... Epoch: 0, Walltime: 66.794749 CPU time: 399.902749
2026-07-26 16:37:44,973 - Evaluate - INFO - ASR Module... Epoch: 0, RSS: 7.19 GB
2026-07-26 16:37:44,974 - Evaluate - INFO - ASR... Epoch: 0, Walltime: 74.423973 CPU time: 445.593120
2026-07-26 16:38:55,763 - Evaluate - INFO - ASR Module... Epoch: 0, RSS: 7.19 GB
2026-07-26 16:38:55,764 - Evaluate - INFO - ASR... Epoch: 0, Walltime: 70.786370 CPU time: 423.817961
2026-07-26 16:40:16,597 - Evaluate - INFO - ASR Module... Epoch: 0, RSS: 7.19 GB
2026-07-26 16:40:16,598 - Evaluate - INFO - ASR... Epoch: 0, Walltime: 80.830170 CPU time: 483.991615
2026-07-26 16:41:16,606 - Evaluate - INFO - ASR Module... Epoch: 0, RSS: 7.19 GB
2026-07-26 16:41:16,608 - Evaluate - INFO - ASR... Epoch: 0, Walltime: 60.005376 CPU time: 358.475277
2026-07-26 16:42:37,688 - Evaluate - INFO - ASR Module... Epoch: 0, RSS: 7.19 GB
2026-07-26 16:42:37,689 - Evaluate - INFO - ASR... Epoch: 0, Walltime: 81.076840 CPU time: 485.433849
2026-07-26 16:43:41,370 - Evaluate - INFO - ASR Module... Epoch: 0, RSS: 7.19 GB
2026-07-26 16:43:41,371 - Evaluate - INFO - ASR... Epoch: 0, Walltime: 63.678131 CPU time: 381.236939
2026-07-26 16:44:43,255 - Evaluate - INFO - ASR Module... Epoch: 0, RSS: 7.19 GB
2026-07-26 16:44:43,256 - Evaluate - INFO - ASR... Epoch: 0, Walltime: 61.881790 CPU time: 370.474841
2026-07-26 16:45:52,871 - Evaluate - INFO - ASR Module... Epoch: 0, RSS: 7.19 GB
2026-07-26 16:45:52,872 - Evaluate - INFO - ASR... Epoch: 0, Walltime: 69.612742 CPU time: 416.768228
2026-07-26 16:47:09,342 - Evaluate - INFO - ASR Module... Epoch: 0, RSS: 7.19 GB
2026-07-26 16:47:09,344 - Evaluate - INFO - ASR... Epoch: 0, Walltime: 76.467041 CPU time: 457.845771
2026-07-26 16:48:41,964 - Evaluate - INFO - ASR Module... Epoch: 0, RSS: 7.19 GB
2026-07-26 16:48:41,965 - Evaluate - INFO - ASR... Epoch: 0, Walltime: 92.617332 CPU time: 554.529080
2026-07-26 16:49:43,662 - Evaluate - INFO - ASR Module... Epoch: 0, RSS: 7.19 GB
2026-07-26 16:49:43,663 - Evaluate - INFO - ASR... Epoch: 0, Walltime: 61.694227 CPU time: 369.350847
2026-07-26 16:53:44,628 - Evaluate - INFO - ASR Module... Epoch: 0, RSS: 8.06 GB
2026-07-26 16:53:44,629 - Evaluate - INFO - ASR... Epoch: 0, Walltime: 240.962348 CPU time: 1443.083387
2026-07-26 16:54:48,356 - Evaluate - INFO - ASR Module... Epoch: 0, RSS: 7.19 GB
2026-07-26 16:54:48,357 - Evaluate - INFO - ASR... Epoch: 0, Walltime: 63.722477 CPU time: 381.299290
2026-07-26 16:55:44,767 - Evaluate - INFO - ASR Module... Epoch: 0, RSS: 7.19 GB
2026-07-26 16:55:44,768 - Evaluate - INFO - ASR... Epoch: 0, Walltime: 56.407608 CPU time: 337.693550
2026-07-26 16:57:14,444 - Evaluate - INFO - ASR Module... Epoch: 0, RSS: 7.19 GB
2026-07-26 16:57:14,445 - Evaluate - INFO - ASR... Epoch: 0, Walltime: 89.672763 CPU time: 536.920144
2026-07-26 16:58:10,986 - Evaluate - INFO - ASR Module... Epoch: 0, RSS: 7.19 GB
2026-07-26 16:58:10,987 - Evaluate - INFO - ASR... Epoch: 0, Walltime: 56.538258 CPU time: 338.487227
2026-07-26 16:59:23,997 - Evaluate - INFO - ASR Module... Epoch: 0, RSS: 7.19 GB
2026-07-26 16:59:23,998 - Evaluate - INFO - ASR... Epoch: 0, Walltime: 73.007586 CPU time: 437.101377
2026-07-26 17:00:29,234 - Evaluate - INFO - ASR Module... Epoch: 0, RSS: 7.19 GB
2026-07-26 17:00:29,235 - Evaluate - INFO - ASR... Epoch: 0, Walltime: 65.233164 CPU time: 390.553857
2026-07-26 17:01:39,210 - Evaluate - INFO - ASR Module... Epoch: 0, RSS: 7.19 GB
2026-07-26 17:01:39,211 - Evaluate - INFO - ASR... Epoch: 0, Walltime: 69.971730 CPU time: 418.936757
2026-07-26 17:02:51,532 - Evaluate - INFO - ASR Module... Epoch: 0, RSS: 7.19 GB
2026-07-26 17:02:51,533 - Evaluate - INFO - ASR... Epoch: 0, Walltime: 72.318423 CPU time: 432.965206
2026-07-26 17:03:46,294 - Evaluate - INFO - ASR Module... Epoch: 0, RSS: 7.19 GB
2026-07-26 17:03:46,296 - Evaluate - INFO - ASR... Epoch: 0, Walltime: 54.758762 CPU time: 327.825614
2026-07-26 17:05:14,632 - Evaluate - INFO - ASR Module... Epoch: 0, RSS: 7.19 GB
2026-07-26 17:05:14,633 - Evaluate - INFO - ASR... Epoch: 0, Walltime: 88.333678 CPU time: 528.889001
2026-07-26 17:06:17,287 - Evaluate - INFO - ASR Module... Epoch: 0, RSS: 7.19 GB
2026-07-26 17:06:17,288 - Evaluate - INFO - ASR... Epoch: 0, Walltime: 62.650043 CPU time: 374.809095
2026-07-26 17:07:14,939 - Evaluate - INFO - ASR Module... Epoch: 0, RSS: 7.19 GB
2026-07-26 17:07:14,941 - Evaluate - INFO - ASR... Epoch: 0, Walltime: 57.649442 CPU time: 345.130309
2026-07-26 17:08:24,432 - Evaluate - INFO - ASR Module... Epoch: 0, RSS: 7.19 GB
2026-07-26 17:08:24,433 - Evaluate - INFO - ASR... Epoch: 0, Walltime: 69.488286 CPU time: 416.037920
2026-07-26 17:09:28,116 - Evaluate - INFO - ASR Module... Epoch: 0, RSS: 7.19 GB
2026-07-26 17:09:28,118 - Evaluate - INFO - ASR... Epoch: 0, Walltime: 63.681084 CPU time: 380.668569
2026-07-26 17:10:26,479 - Evaluate - INFO - ASR Module... Epoch: 0, RSS: 7.19 GB
2026-07-26 17:10:26,480 - Evaluate - INFO - ASR... Epoch: 0, Walltime: 58.358697 CPU time: 348.226399
2026-07-26 17:11:40,676 - Evaluate - INFO - ASR Module... Epoch: 0, RSS: 7.19 GB
2026-07-26 17:11:40,677 - Evaluate - INFO - ASR... Epoch: 0, Walltime: 74.193686 CPU time: 440.123914
2026-07-26 17:12:36,573 - Evaluate - INFO - ASR Module... Epoch: 0, RSS: 7.19 GB
2026-07-26 17:12:36,574 - Evaluate - INFO - ASR... Epoch: 0, Walltime: 55.893470 CPU time: 334.647194
2026-07-26 17:13:36,440 - Evaluate - INFO - ASR Module... Epoch: 0, RSS: 7.19 GB
2026-07-26 17:13:36,442 - Evaluate - INFO - ASR... Epoch: 0, Walltime: 59.863644 CPU time: 358.404202
2026-07-26 17:14:29,464 - Evaluate - INFO - ASR Module... Epoch: 0, RSS: 7.19 GB
2026-07-26 17:14:29,466 - Evaluate - INFO - ASR... Epoch: 0, Walltime: 53.020375 CPU time: 317.427502
2026-07-26 17:15:36,952 - Evaluate - INFO - ASR Module... Epoch: 0, RSS: 7.19 GB
2026-07-26 17:15:36,953 - Evaluate - INFO - ASR... Epoch: 0, Walltime: 67.483697 CPU time: 404.066090
2026-07-26 17:16:35,919 - Evaluate - INFO - ASR Module... Epoch: 0, RSS: 7.19 GB
2026-07-26 17:16:35,920 - Evaluate - INFO - ASR... Epoch: 0, Walltime: 58.964211 CPU time: 352.768574
2026-07-26 17:17:31,665 - Evaluate - INFO - ASR Module... Epoch: 0, RSS: 7.19 GB
2026-07-26 17:17:31,667 - Evaluate - INFO - ASR... Epoch: 0, Walltime: 55.742421 CPU time: 333.724096
2026-07-26 17:18:27,492 - Evaluate - INFO - ASR Module... Epoch: 0, RSS: 7.19 GB
2026-07-26 17:18:27,493 - Evaluate - INFO - ASR... Epoch: 0, Walltime: 55.823710 CPU time: 334.209983
2026-07-26 17:19:33,248 - Evaluate - INFO - ASR Module... Epoch: 0, RSS: 7.19 GB
2026-07-26 17:19:33,249 - Evaluate - INFO - ASR... Epoch: 0, Walltime: 65.752990 CPU time: 393.701422
2026-07-26 17:20:33,958 - Evaluate - INFO - ASR Module... Epoch: 0, RSS: 7.19 GB
2026-07-26 17:20:33,959 - Evaluate - INFO - ASR... Epoch: 0, Walltime: 60.706017 CPU time: 363.408331
2026-07-26 17:21:34,266 - Evaluate - INFO - ASR Module... Epoch: 0, RSS: 7.19 GB
2026-07-26 17:21:34,267 - Evaluate - INFO - ASR... Epoch: 0, Walltime: 60.305086 CPU time: 361.052063
2026-07-26 17:22:34,910 - Evaluate - INFO - ASR Module... Epoch: 0, RSS: 7.19 GB
2026-07-26 17:22:34,911 - Evaluate - INFO - ASR... Epoch: 0, Walltime: 60.640623 CPU time: 363.058971
2026-07-26 17:23:50,254 - Evaluate - INFO - ASR Module... Epoch: 0, RSS: 7.19 GB
2026-07-26 17:23:50,256 - Evaluate - INFO - ASR... Epoch: 0, Walltime: 75.340539 CPU time: 451.118564
2026-07-26 17:25:10,328 - Evaluate - INFO - ASR Module... Epoch: 0, RSS: 7.19 GB
2026-07-26 17:25:10,329 - Evaluate - INFO - ASR... Epoch: 0, Walltime: 80.069139 CPU time: 479.427943
2026-07-26 17:26:16,061 - Evaluate - INFO - ASR Module... Epoch: 0, RSS: 7.19 GB
2026-07-26 17:26:16,062 - Evaluate - INFO - ASR... Epoch: 0, Walltime: 65.729378 CPU time: 389.118028
2026-07-26 17:27:37,384 - Evaluate - INFO - ASR Module... Epoch: 0, RSS: 7.19 GB
2026-07-26 17:27:37,385 - Evaluate - INFO - ASR... Epoch: 0, Walltime: 81.319169 CPU time: 486.079479
2026-07-26 17:28:50,008 - Evaluate - INFO - ASR Module... Epoch: 0, RSS: 7.19 GB
2026-07-26 17:28:50,009 - Evaluate - INFO - ASR... Epoch: 0, Walltime: 72.619877 CPU time: 434.509170
2026-07-26 17:29:53,772 - Evaluate - INFO - ASR Module... Epoch: 0, RSS: 7.19 GB
2026-07-26 17:29:53,774 - Evaluate - INFO - ASR... Epoch: 0, Walltime: 63.760863 CPU time: 381.752898
2026-07-26 17:31:12,739 - Evaluate - INFO - ASR Module... Epoch: 0, RSS: 7.19 GB
2026-07-26 17:31:12,741 - Evaluate - INFO - ASR... Epoch: 0, Walltime: 78.963190 CPU time: 472.770313
2026-07-26 17:32:26,692 - Evaluate - INFO - ASR Module... Epoch: 0, RSS: 7.19 GB
2026-07-26 17:32:26,693 - Evaluate - INFO - ASR... Epoch: 0, Walltime: 73.948100 CPU time: 442.689698
2026-07-26 17:33:42,040 - Evaluate - INFO - ASR Module... Epoch: 0, RSS: 7.19 GB
2026-07-26 17:33:42,042 - Evaluate - INFO - ASR... Epoch: 0, Walltime: 75.344589 CPU time: 451.124902
2026-07-26 17:34:55,263 - Evaluate - INFO - ASR Module... Epoch: 0, RSS: 7.19 GB
2026-07-26 17:34:55,265 - Evaluate - INFO - ASR... Epoch: 0, Walltime: 73.219112 CPU time: 438.389088
2026-07-26 17:35:58,814 - Evaluate - INFO - ASR Module... Epoch: 0, RSS: 7.19 GB
2026-07-26 17:35:58,816 - Evaluate - INFO - ASR... Epoch: 0, Walltime: 63.547124 CPU time: 380.477438
2026-07-26 17:37:09,720 - Evaluate - INFO - ASR Module... Epoch: 0, RSS: 7.19 GB
2026-07-26 17:37:09,721 - Evaluate - INFO - ASR... Epoch: 0, Walltime: 70.901835 CPU time: 424.518065
2026-07-26 17:38:12,425 - Evaluate - INFO - ASR Module... Epoch: 0, RSS: 7.19 GB
2026-07-26 17:38:12,426 - Evaluate - INFO - ASR... Epoch: 0, Walltime: 62.701612 CPU time: 375.412157
2026-07-26 17:39:26,073 - Evaluate - INFO - ASR Module... Epoch: 0, RSS: 7.19 GB
2026-07-26 17:39:26,074 - Evaluate - INFO - ASR... Epoch: 0, Walltime: 73.644465 CPU time: 440.941035
2026-07-26 17:40:30,228 - Evaluate - INFO - ASR Module... Epoch: 0, RSS: 7.19 GB
2026-07-26 17:40:30,229 - Evaluate - INFO - ASR... Epoch: 0, Walltime: 64.151023 CPU time: 384.068692
2026-07-26 17:41:58,844 - Evaluate - INFO - ASR Module... Epoch: 0, RSS: 7.19 GB
2026-07-26 17:41:58,845 - Evaluate - INFO - ASR... Epoch: 0, Walltime: 88.612273 CPU time: 530.588244
2026-07-26 17:43:18,372 - Evaluate - INFO - ASR Module... Epoch: 0, RSS: 7.19 GB
2026-07-26 17:43:18,373 - Evaluate - INFO - ASR... Epoch: 0, Walltime: 79.523813 CPU time: 476.158340
2026-07-26 17:44:37,123 - Evaluate - INFO - ASR Module... Epoch: 0, RSS: 7.19 GB
2026-07-26 17:44:37,125 - Evaluate - INFO - ASR... Epoch: 0, Walltime: 78.747109 CPU time: 471.496114
2026-07-26 17:45:55,784 - Evaluate - INFO - ASR Module... Epoch: 0, RSS: 7.19 GB
2026-07-26 17:45:55,786 - Evaluate - INFO - ASR... Epoch: 0, Walltime: 78.656144 CPU time: 465.201206
2026-07-26 17:47:05,337 - Evaluate - INFO - ASR Module... Epoch: 0, RSS: 7.19 GB
2026-07-26 17:47:05,338 - Evaluate - INFO - ASR... Epoch: 0, Walltime: 69.548146 CPU time: 416.281127
2026-07-26 17:48:11,450 - Evaluate - INFO - ASR Module... Epoch: 0, RSS: 7.19 GB
2026-07-26 17:48:11,451 - Evaluate - INFO - ASR... Epoch: 0, Walltime: 66.109168 CPU time: 395.789589
2026-07-26 17:49:27,158 - Evaluate - INFO - ASR Module... Epoch: 0, RSS: 7.19 GB
2026-07-26 17:49:27,159 - Evaluate - INFO - ASR... Epoch: 0, Walltime: 75.704301 CPU time: 453.263986
2026-07-26 17:50:36,622 - Evaluate - INFO - ASR Module... Epoch: 0, RSS: 7.19 GB
2026-07-26 17:50:36,623 - Evaluate - INFO - ASR... Epoch: 0, Walltime: 69.459661 CPU time: 415.869648
2026-07-26 17:51:59,950 - Evaluate - INFO - ASR Module... Epoch: 0, RSS: 7.19 GB
2026-07-26 17:51:59,951 - Evaluate - INFO - ASR... Epoch: 0, Walltime: 83.323846 CPU time: 498.894344
2026-07-26 17:53:45,770 - Evaluate - INFO - ASR Module... Epoch: 0, RSS: 7.19 GB
2026-07-26 17:53:45,771 - Evaluate - INFO - ASR... Epoch: 0, Walltime: 105.814681 CPU time: 623.008354
2026-07-26 17:54:56,529 - Evaluate - INFO - ASR Module... Epoch: 0, RSS: 7.19 GB
2026-07-26 17:54:56,530 - Evaluate - INFO - ASR... Epoch: 0, Walltime: 70.754377 CPU time: 423.645019
2026-07-26 17:56:29,235 - Evaluate - INFO - ASR Module... Epoch: 0, RSS: 7.19 GB
2026-07-26 17:56:29,236 - Evaluate - INFO - ASR... Epoch: 0, Walltime: 92.702147 CPU time: 554.844982
2026-07-26 17:57:45,223 - Evaluate - INFO - ASR Module... Epoch: 0, RSS: 7.19 GB
2026-07-26 17:57:45,224 - Evaluate - INFO - ASR... Epoch: 0, Walltime: 75.983099 CPU time: 454.590486
2026-07-26 17:58:58,881 - Evaluate - INFO - ASR Module... Epoch: 0, RSS: 7.19 GB
2026-07-26 17:58:58,882 - Evaluate - INFO - ASR... Epoch: 0, Walltime: 73.654522 CPU time: 440.914195
2026-07-26 18:00:07,257 - Evaluate - INFO - ASR Module... Epoch: 0, RSS: 7.19 GB
2026-07-26 18:00:07,258 - Evaluate - INFO - ASR... Epoch: 0, Walltime: 68.372785 CPU time: 409.367355
2026-07-26 18:01:26,926 - Evaluate - INFO - ASR Module... Epoch: 0, RSS: 7.19 GB
2026-07-26 18:01:26,927 - Evaluate - INFO - ASR... Epoch: 0, Walltime: 79.664459 CPU time: 476.993204
2026-07-26 18:02:42,303 - Evaluate - INFO - ASR Module... Epoch: 0, RSS: 7.19 GB
2026-07-26 18:02:42,304 - Evaluate - INFO - ASR... Epoch: 0, Walltime: 75.372792 CPU time: 450.873385
2026-07-26 18:03:48,655 - Evaluate - INFO - ASR Module... Epoch: 0, RSS: 7.19 GB
2026-07-26 18:03:48,656 - Evaluate - INFO - ASR... Epoch: 0, Walltime: 66.348008 CPU time: 397.244227
2026-07-26 18:04:58,573 - Evaluate - INFO - ASR Module... Epoch: 0, RSS: 7.19 GB
2026-07-26 18:04:58,574 - Evaluate - INFO - ASR... Epoch: 0, Walltime: 69.913436 CPU time: 418.598165
2026-07-26 18:05:55,396 - Evaluate - INFO - ASR Module... Epoch: 0, RSS: 7.19 GB
2026-07-26 18:05:55,397 - Evaluate - INFO - ASR... Epoch: 0, Walltime: 56.819470 CPU time: 340.178379
2026-07-26 18:06:49,048 - Evaluate - INFO - ASR Module... Epoch: 0, RSS: 7.19 GB
2026-07-26 18:06:49,049 - Evaluate - INFO - ASR... Epoch: 0, Walltime: 53.648727 CPU time: 321.193258
2026-07-26 18:07:46,340 - Evaluate - INFO - ASR Module... Epoch: 0, RSS: 7.19 GB
2026-07-26 18:07:46,341 - Evaluate - INFO - ASR... Epoch: 0, Walltime: 57.288541 CPU time: 342.694391
2026-07-26 18:08:39,435 - Evaluate - INFO - ASR Module... Epoch: 0, RSS: 7.19 GB
2026-07-26 18:08:39,436 - Evaluate - INFO - ASR... Epoch: 0, Walltime: 53.092489 CPU time: 317.621896
2026-07-26 18:09:54,918 - Evaluate - INFO - ASR Module... Epoch: 0, RSS: 7.19 GB
2026-07-26 18:09:54,919 - Evaluate - INFO - ASR... Epoch: 0, Walltime: 75.479757 CPU time: 448.975776
2026-07-26 18:10:55,708 - Evaluate - INFO - ASR Module... Epoch: 0, RSS: 7.19 GB
2026-07-26 18:10:55,709 - Evaluate - INFO - ASR... Epoch: 0, Walltime: 60.786413 CPU time: 363.929465
2026-07-26 18:12:03,332 - Evaluate - INFO - ASR Module... Epoch: 0, RSS: 7.19 GB
2026-07-26 18:12:03,333 - Evaluate - INFO - ASR... Epoch: 0, Walltime: 67.620074 CPU time: 404.866171
2026-07-26 18:13:18,264 - Evaluate - INFO - ASR Module... Epoch: 0, RSS: 7.19 GB
2026-07-26 18:13:18,265 - Evaluate - INFO - ASR... Epoch: 0, Walltime: 74.927984 CPU time: 447.771173
2026-07-26 18:14:16,539 - Evaluate - INFO - ASR Module... Epoch: 0, RSS: 7.19 GB
2026-07-26 18:14:16,540 - Evaluate - INFO - ASR... Epoch: 0, Walltime: 58.271769 CPU time: 348.861501
2026-07-26 18:15:30,806 - Evaluate - INFO - ASR Module... Epoch: 0, RSS: 7.19 GB
2026-07-26 18:15:30,807 - Evaluate - INFO - ASR... Epoch: 0, Walltime: 74.263022 CPU time: 443.494896
2026-07-26 18:16:37,874 - Evaluate - INFO - ASR Module... Epoch: 0, RSS: 7.19 GB
2026-07-26 18:16:37,875 - Evaluate - INFO - ASR... Epoch: 0, Walltime: 67.064018 CPU time: 400.725240
2026-07-26 18:17:32,836 - Evaluate - INFO - ASR Module... Epoch: 0, RSS: 7.19 GB
2026-07-26 18:17:32,837 - Evaluate - INFO - ASR... Epoch: 0, Walltime: 54.958956 CPU time: 328.947793
2026-07-26 18:18:39,309 - Evaluate - INFO - ASR Module... Epoch: 0, RSS: 7.19 GB
2026-07-26 18:18:39,310 - Evaluate - INFO - ASR... Epoch: 0, Walltime: 66.469065 CPU time: 397.231619
2026-07-26 18:19:49,505 - Evaluate - INFO - ASR Module... Epoch: 0, RSS: 7.19 GB
2026-07-26 18:19:49,506 - Evaluate - INFO - ASR... Epoch: 0, Walltime: 70.191714 CPU time: 420.054656
2026-07-26 18:20:47,091 - Evaluate - INFO - ASR Module... Epoch: 0, RSS: 7.19 GB
2026-07-26 18:20:47,092 - Evaluate - INFO - ASR... Epoch: 0, Walltime: 57.582269 CPU time: 344.564541
2026-07-26 18:21:50,110 - Evaluate - INFO - ASR Module... Epoch: 0, RSS: 7.19 GB
2026-07-26 18:21:50,111 - Evaluate - INFO - ASR... Epoch: 0, Walltime: 63.016279 CPU time: 377.288515
2026-07-26 18:23:07,808 - Evaluate - INFO - ASR Module... Epoch: 0, RSS: 7.19 GB
2026-07-26 18:23:07,810 - Evaluate - INFO - ASR... Epoch: 0, Walltime: 77.694310 CPU time: 462.022280
2026-07-26 18:24:09,674 - Evaluate - INFO - ASR Module... Epoch: 0, RSS: 7.19 GB
2026-07-26 18:24:09,675 - Evaluate - INFO - ASR... Epoch: 0, Walltime: 61.861334 CPU time: 370.176360
2026-07-26 18:25:08,150 - Evaluate - INFO - ASR Module... Epoch: 0, RSS: 7.19 GB
2026-07-26 18:25:08,151 - Evaluate - INFO - ASR... Epoch: 0, Walltime: 58.472825 CPU time: 350.072828
2026-07-26 18:26:14,383 - Evaluate - INFO - ASR Module... Epoch: 0, RSS: 7.19 GB
2026-07-26 18:26:14,384 - Evaluate - INFO - ASR... Epoch: 0, Walltime: 66.229239 CPU time: 395.517900
2026-07-26 18:27:25,817 - Evaluate - INFO - ASR Module... Epoch: 0, RSS: 7.19 GB
2026-07-26 18:27:25,818 - Evaluate - INFO - ASR... Epoch: 0, Walltime: 71.430649 CPU time: 427.390343
2026-07-26 18:28:32,010 - Evaluate - INFO - ASR Module... Epoch: 0, RSS: 7.19 GB
2026-07-26 18:28:32,011 - Evaluate - INFO - ASR... Epoch: 0, Walltime: 66.189545 CPU time: 395.928207
2026-07-26 18:29:33,335 - Evaluate - INFO - ASR Module... Epoch: 0, RSS: 7.19 GB
2026-07-26 18:29:33,336 - Evaluate - INFO - ASR... Epoch: 0, Walltime: 61.321097 CPU time: 366.952245
2026-07-26 18:30:44,007 - Evaluate - INFO - ASR Module... Epoch: 0, RSS: 7.19 GB
2026-07-26 18:30:44,008 - Evaluate - INFO - ASR... Epoch: 0, Walltime: 70.668355 CPU time: 423.145068
2026-07-26 18:31:58,089 - Evaluate - INFO - ASR Module... Epoch: 0, RSS: 7.19 GB
2026-07-26 18:31:58,090 - Evaluate - INFO - ASR... Epoch: 0, Walltime: 74.077970 CPU time: 443.559013
2026-07-26 18:32:59,754 - Evaluate - INFO - ASR Module... Epoch: 0, RSS: 7.19 GB
2026-07-26 18:32:59,755 - Evaluate - INFO - ASR... Epoch: 0, Walltime: 61.661422 CPU time: 369.184304
2026-07-26 18:34:00,681 - Evaluate - INFO - ASR Module... Epoch: 0, RSS: 7.19 GB
2026-07-26 18:34:00,682 - Evaluate - INFO - ASR... Epoch: 0, Walltime: 60.923212 CPU time: 364.760730
2026-07-26 18:35:11,626 - Evaluate - INFO - ASR Module... Epoch: 0, RSS: 7.19 GB
2026-07-26 18:35:11,627 - Evaluate - INFO - ASR... Epoch: 0, Walltime: 70.941259 CPU time: 424.776378
2026-07-26 18:36:26,738 - Evaluate - INFO - ASR Module... Epoch: 0, RSS: 7.19 GB
2026-07-26 18:36:26,739 - Evaluate - INFO - ASR... Epoch: 0, Walltime: 75.108233 CPU time: 449.723783
2026-07-26 18:37:26,179 - Evaluate - INFO - ASR Module... Epoch: 0, RSS: 7.19 GB
2026-07-26 18:37:26,180 - Evaluate - INFO - ASR... Epoch: 0, Walltime: 59.437962 CPU time: 355.861405
2026-07-26 18:38:23,398 - Evaluate - INFO - ASR Module... Epoch: 0, RSS: 7.19 GB
2026-07-26 18:38:23,399 - Evaluate - INFO - ASR... Epoch: 0, Walltime: 57.214859 CPU time: 342.554530
2026-07-26 18:39:49,054 - Evaluate - INFO - ASR Module... Epoch: 0, RSS: 7.19 GB
2026-07-26 18:39:49,055 - Evaluate - INFO - ASR... Epoch: 0, Walltime: 85.652340 CPU time: 512.874883
2026-07-26 18:40:58,902 - Evaluate - INFO - ASR Module... Epoch: 0, RSS: 7.19 GB
2026-07-26 18:40:58,903 - Evaluate - INFO - ASR... Epoch: 0, Walltime: 69.843625 CPU time: 417.888666
2026-07-26 18:42:00,984 - Evaluate - INFO - ASR Module... Epoch: 0, RSS: 7.19 GB
2026-07-26 18:42:00,985 - Evaluate - INFO - ASR... Epoch: 0, Walltime: 62.078262 CPU time: 371.674363
2026-07-26 18:42:58,208 - Evaluate - INFO - ASR Module... Epoch: 0, RSS: 7.19 GB
2026-07-26 18:42:58,209 - Evaluate - INFO - ASR... Epoch: 0, Walltime: 57.220149 CPU time: 342.575372
2026-07-26 18:43:57,798 - Evaluate - INFO - ASR Module... Epoch: 0, RSS: 7.19 GB
2026-07-26 18:43:57,799 - Evaluate - INFO - ASR... Epoch: 0, Walltime: 59.586280 CPU time: 356.749627
2026-07-26 18:44:53,495 - Evaluate - INFO - ASR Module... Epoch: 0, RSS: 7.19 GB
2026-07-26 18:44:53,496 - Evaluate - INFO - ASR... Epoch: 0, Walltime: 55.693472 CPU time: 333.386830
2026-07-26 18:45:51,991 - Evaluate - INFO - ASR Module... Epoch: 0, RSS: 7.19 GB
2026-07-26 18:45:51,992 - Evaluate - INFO - ASR... Epoch: 0, Walltime: 58.492815 CPU time: 350.192920
2026-07-26 18:46:52,650 - Evaluate - INFO - ASR Module... Epoch: 0, RSS: 7.19 GB
2026-07-26 18:46:52,652 - Evaluate - INFO - ASR... Epoch: 0, Walltime: 60.656181 CPU time: 359.816132
2026-07-26 18:47:59,485 - Evaluate - INFO - ASR Module... Epoch: 0, RSS: 7.19 GB
2026-07-26 18:47:59,486 - Evaluate - INFO - ASR... Epoch: 0, Walltime: 66.830742 CPU time: 399.729475
2026-07-26 18:49:27,094 - Evaluate - INFO - ASR Module... Epoch: 0, RSS: 7.19 GB
2026-07-26 18:49:27,095 - Evaluate - INFO - ASR... Epoch: 0, Walltime: 87.604816 CPU time: 524.436161
2026-07-26 18:50:44,119 - Evaluate - INFO - ASR Module... Epoch: 0, RSS: 7.19 GB
2026-07-26 18:50:44,120 - Evaluate - INFO - ASR... Epoch: 0, Walltime: 77.021107 CPU time: 461.175137
2026-07-26 18:51:57,659 - Evaluate - INFO - ASR Module... Epoch: 0, RSS: 7.19 GB
2026-07-26 18:51:57,660 - Evaluate - INFO - ASR... Epoch: 0, Walltime: 73.535655 CPU time: 440.295332
2026-07-26 18:52:50,876 - Evaluate - INFO - ASR Module... Epoch: 0, RSS: 7.19 GB
2026-07-26 18:52:50,877 - Evaluate - INFO - ASR... Epoch: 0, Walltime: 53.212927 CPU time: 318.583038
2026-07-26 18:54:36,057 - Evaluate - INFO - ASR Module... Epoch: 0, RSS: 7.19 GB
2026-07-26 18:54:36,058 - Evaluate - INFO - ASR... Epoch: 0, Walltime: 105.177519 CPU time: 629.832779
2026-07-26 18:55:46,876 - Evaluate - INFO - ASR Module... Epoch: 0, RSS: 7.19 GB
2026-07-26 18:55:46,877 - Evaluate - INFO - ASR... Epoch: 0, Walltime: 70.814932 CPU time: 424.000258
2026-07-26 18:56:46,207 - Evaluate - INFO - ASR Module... Epoch: 0, RSS: 7.19 GB
2026-07-26 18:56:46,208 - Evaluate - INFO - ASR... Epoch: 0, Walltime: 59.327190 CPU time: 355.210886
2026-07-26 18:58:16,908 - Evaluate - INFO - ASR Module... Epoch: 0, RSS: 7.19 GB
2026-07-26 18:58:16,909 - Evaluate - INFO - ASR... Epoch: 0, Walltime: 90.697137 CPU time: 543.098311
2026-07-26 18:59:57,788 - Evaluate - INFO - ASR Module... Epoch: 0, RSS: 7.19 GB
2026-07-26 18:59:57,790 - Evaluate - INFO - ASR... Epoch: 0, Walltime: 100.876156 CPU time: 604.073205
2026-07-26 19:01:09,036 - Evaluate - INFO - ASR Module... Epoch: 0, RSS: 7.17 GB
2026-07-26 19:01:09,037 - Evaluate - INFO - ASR... Epoch: 0, Walltime: 71.243551 CPU time: 426.581350
2026-07-26 19:02:09,201 - Evaluate - INFO - ASR Module... Epoch: 0, RSS: 7.19 GB
2026-07-26 19:02:09,203 - Evaluate - INFO - ASR... Epoch: 0, Walltime: 60.161243 CPU time: 360.202941
2026-07-26 19:03:49,023 - Evaluate - INFO - ASR Module... Epoch: 0, RSS: 7.19 GB
2026-07-26 19:03:49,024 - Evaluate - INFO - ASR... Epoch: 0, Walltime: 99.817723 CPU time: 591.345384
2026-07-26 19:05:16,391 - Evaluate - INFO - ASR Module... Epoch: 0, RSS: 7.19 GB
2026-07-26 19:05:16,392 - Evaluate - INFO - ASR... Epoch: 0, Walltime: 87.362975 CPU time: 523.128534
2026-07-26 19:06:24,292 - Evaluate - INFO - ASR Module... Epoch: 0, RSS: 7.19 GB
2026-07-26 19:06:24,293 - Evaluate - INFO - ASR... Epoch: 0, Walltime: 67.896952 CPU time: 406.540637
2026-07-26 19:07:24,481 - Evaluate - INFO - ASR Module... Epoch: 0, RSS: 7.19 GB
2026-07-26 19:07:24,482 - Evaluate - INFO - ASR... Epoch: 0, Walltime: 60.184887 CPU time: 359.967159
2026-07-26 19:08:32,808 - Evaluate - INFO - ASR Module... Epoch: 0, RSS: 7.19 GB
2026-07-26 19:08:32,809 - Evaluate - INFO - ASR... Epoch: 0, Walltime: 68.324418 CPU time: 409.040092
2026-07-26 19:09:48,145 - Evaluate - INFO - ASR Module... Epoch: 0, RSS: 7.19 GB
2026-07-26 19:09:48,146 - Evaluate - INFO - ASR... Epoch: 0, Walltime: 75.332419 CPU time: 450.989644
2026-07-26 19:11:07,888 - Evaluate - INFO - ASR Module... Epoch: 0, RSS: 7.19 GB
2026-07-26 19:11:07,889 - Evaluate - INFO - ASR... Epoch: 0, Walltime: 79.739777 CPU time: 476.560952
2026-07-26 19:12:25,878 - Evaluate - INFO - ASR Module... Epoch: 0, RSS: 7.19 GB
2026-07-26 19:12:25,880 - Evaluate - INFO - ASR... Epoch: 0, Walltime: 77.986471 CPU time: 466.960683
2026-07-26 19:13:59,177 - Evaluate - INFO - ASR Module... Epoch: 0, RSS: 7.19 GB
2026-07-26 19:13:59,178 - Evaluate - INFO - ASR... Epoch: 0, Walltime: 93.293118 CPU time: 551.511391
2026-07-26 19:15:09,566 - Evaluate - INFO - ASR Module... Epoch: 0, RSS: 7.19 GB
2026-07-26 19:15:09,567 - Evaluate - INFO - ASR... Epoch: 0, Walltime: 70.385167 CPU time: 421.447771
2026-07-26 19:17:04,113 - Evaluate - INFO - ASR Module... Epoch: 0, RSS: 7.19 GB
2026-07-26 19:17:04,115 - Evaluate - INFO - ASR... Epoch: 0, Walltime: 114.542777 CPU time: 685.641970
2026-07-26 19:18:11,153 - Evaluate - INFO - ASR Module... Epoch: 0, RSS: 7.19 GB
2026-07-26 19:18:11,154 - Evaluate - INFO - ASR... Epoch: 0, Walltime: 67.035463 CPU time: 401.359832
2026-07-26 19:19:15,445 - Evaluate - INFO - ASR Module... Epoch: 0, RSS: 7.19 GB
2026-07-26 19:19:15,446 - Evaluate - INFO - ASR... Epoch: 0, Walltime: 64.287826 CPU time: 384.630851
2026-07-26 19:20:31,838 - Evaluate - INFO - ASR Module... Epoch: 0, RSS: 7.19 GB
2026-07-26 19:20:31,839 - Evaluate - INFO - ASR... Epoch: 0, Walltime: 76.389234 CPU time: 457.369070
2026-07-26 19:21:56,247 - Evaluate - INFO - ASR Module... Epoch: 0, RSS: 7.19 GB
2026-07-26 19:21:56,248 - Evaluate - INFO - ASR... Epoch: 0, Walltime: 84.404153 CPU time: 505.399860
2026-07-26 19:23:15,549 - Evaluate - INFO - ASR Module... Epoch: 0, RSS: 7.19 GB
2026-07-26 19:23:15,550 - Evaluate - INFO - ASR... Epoch: 0, Walltime: 79.297814 CPU time: 474.805750
2026-07-26 19:25:04,433 - Evaluate - INFO - ASR Module... Epoch: 0, RSS: 7.19 GB
2026-07-26 19:25:04,434 - Evaluate - INFO - ASR... Epoch: 0, Walltime: 108.879898 CPU time: 651.993502
2026-07-26 19:26:17,497 - Evaluate - INFO - ASR Module... Epoch: 0, RSS: 7.19 GB
2026-07-26 19:26:17,498 - Evaluate - INFO - ASR... Epoch: 0, Walltime: 73.059259 CPU time: 437.123354
2026-07-26 19:27:39,270 - Evaluate - INFO - ASR Module... Epoch: 0, RSS: 7.19 GB
2026-07-26 19:27:39,271 - Evaluate - INFO - ASR... Epoch: 0, Walltime: 81.769099 CPU time: 489.579931
2026-07-26 19:28:50,851 - Evaluate - INFO - ASR Module... Epoch: 0, RSS: 7.19 GB
2026-07-26 19:28:50,852 - Evaluate - INFO - ASR... Epoch: 0, Walltime: 71.576117 CPU time: 428.552633
2026-07-26 19:30:43,713 - Evaluate - INFO - ASR Module... Epoch: 0, RSS: 7.19 GB
2026-07-26 19:30:43,714 - Evaluate - INFO - ASR... Epoch: 0, Walltime: 112.856975 CPU time: 675.754138
2026-07-26 19:32:06,270 - Evaluate - INFO - ASR Module... Epoch: 0, RSS: 7.19 GB
2026-07-26 19:32:06,271 - Evaluate - INFO - ASR... Epoch: 0, Walltime: 82.553030 CPU time: 494.054221
2026-07-26 19:33:53,905 - Evaluate - INFO - ASR Module... Epoch: 0, RSS: 7.19 GB
2026-07-26 19:33:53,906 - Evaluate - INFO - ASR... Epoch: 0, Walltime: 107.630283 CPU time: 644.474294
2026-07-26 19:35:14,650 - Evaluate - INFO - ASR Module... Epoch: 0, RSS: 7.19 GB
2026-07-26 19:35:14,651 - Evaluate - INFO - ASR... Epoch: 0, Walltime: 80.740317 CPU time: 483.432365
2026-07-26 19:37:11,937 - Evaluate - INFO - ASR Module... Epoch: 0, RSS: 7.19 GB
2026-07-26 19:37:11,938 - Evaluate - INFO - ASR... Epoch: 0, Walltime: 117.281331 CPU time: 702.271487
2026-07-26 19:38:29,973 - Evaluate - INFO - ASR Module... Epoch: 0, RSS: 7.19 GB
2026-07-26 19:38:29,974 - Evaluate - INFO - ASR... Epoch: 0, Walltime: 78.031564 CPU time: 466.565542
2026-07-26 19:40:36,932 - Evaluate - INFO - ASR Module... Epoch: 0, RSS: 7.19 GB
2026-07-26 19:40:36,933 - Evaluate - INFO - ASR... Epoch: 0, Walltime: 126.953787 CPU time: 759.344388
2026-07-26 19:42:04,051 - Evaluate - INFO - ASR Module... Epoch: 0, RSS: 7.19 GB
2026-07-26 19:42:04,053 - Evaluate - INFO - ASR... Epoch: 0, Walltime: 87.115048 CPU time: 518.464241
2026-07-26 19:43:51,173 - Evaluate - INFO - ASR Module... Epoch: 0, RSS: 7.19 GB
2026-07-26 19:43:51,174 - Evaluate - INFO - ASR... Epoch: 0, Walltime: 107.117037 CPU time: 641.418875
2026-07-26 19:45:38,711 - Evaluate - INFO - ASR Module... Epoch: 0, RSS: 7.19 GB
2026-07-26 19:45:38,712 - Evaluate - INFO - ASR... Epoch: 0, Walltime: 107.532952 CPU time: 643.904949
2026-07-26 19:46:50,438 - Evaluate - INFO - ASR Module... Epoch: 0, RSS: 7.19 GB
2026-07-26 19:46:50,439 - Evaluate - INFO - ASR... Epoch: 0, Walltime: 71.722880 CPU time: 429.426309
2026-07-26 19:48:15,805 - Evaluate - INFO - ASR Module... Epoch: 0, RSS: 7.19 GB
2026-07-26 19:48:15,807 - Evaluate - INFO - ASR... Epoch: 0, Walltime: 85.362908 CPU time: 511.118989
2026-07-26 19:49:37,220 - Evaluate - INFO - ASR Module... Epoch: 0, RSS: 7.19 GB
2026-07-26 19:49:37,221 - Evaluate - INFO - ASR... Epoch: 0, Walltime: 81.409790 CPU time: 487.447499
2026-07-26 19:51:44,104 - Evaluate - INFO - ASR Module... Epoch: 0, RSS: 7.19 GB
2026-07-26 19:51:44,106 - Evaluate - INFO - ASR... Epoch: 0, Walltime: 126.879447 CPU time: 759.333602
2026-07-26 19:53:13,740 - Evaluate - INFO - ASR Module... Epoch: 0, RSS: 7.19 GB
2026-07-26 19:53:13,741 - Evaluate - INFO - ASR... Epoch: 0, Walltime: 89.630066 CPU time: 536.692177
2026-07-26 19:54:43,760 - Evaluate - INFO - ASR Module... Epoch: 0, RSS: 7.19 GB
2026-07-26 19:54:43,761 - Evaluate - INFO - ASR... Epoch: 0, Walltime: 90.015465 CPU time: 538.871082
2026-07-26 19:56:30,669 - Evaluate - INFO - ASR Module... Epoch: 0, RSS: 7.19 GB
2026-07-26 19:56:30,670 - Evaluate - INFO - ASR... Epoch: 0, Walltime: 106.903930 CPU time: 638.792772
2026-07-26 19:58:02,996 - Evaluate - INFO - ASR Module... Epoch: 0, RSS: 7.19 GB
2026-07-26 19:58:02,998 - Evaluate - INFO - ASR... Epoch: 0, Walltime: 92.321975 CPU time: 552.761456
2026-07-26 19:59:30,390 - Evaluate - INFO - ASR Module... Epoch: 0, RSS: 7.19 GB
2026-07-26 19:59:30,391 - Evaluate - INFO - ASR... Epoch: 0, Walltime: 87.388367 CPU time: 523.232196
2026-07-26 20:00:33,032 - Evaluate - INFO - ASR Module... Epoch: 0, RSS: 7.19 GB
2026-07-26 20:00:33,034 - Evaluate - INFO - ASR... Epoch: 0, Walltime: 62.638678 CPU time: 375.015913
2026-07-26 20:01:51,188 - Evaluate - INFO - ASR Module... Epoch: 0, RSS: 7.19 GB
2026-07-26 20:01:51,189 - Evaluate - INFO - ASR... Epoch: 0, Walltime: 78.150535 CPU time: 467.863845
2026-07-26 20:02:51,752 - Evaluate - INFO - ASR Module... Epoch: 0, RSS: 7.19 GB
2026-07-26 20:02:51,753 - Evaluate - INFO - ASR... Epoch: 0, Walltime: 60.559913 CPU time: 362.539595
2026-07-26 20:03:51,036 - Evaluate - INFO - ASR Module... Epoch: 0, RSS: 7.19 GB
2026-07-26 20:03:51,037 - Evaluate - INFO - ASR... Epoch: 0, Walltime: 59.280220 CPU time: 354.886899
2026-07-26 20:05:02,049 - Evaluate - INFO - ASR Module... Epoch: 0, RSS: 7.19 GB
2026-07-26 20:05:02,050 - Evaluate - INFO - ASR... Epoch: 0, Walltime: 71.009828 CPU time: 425.191168
2026-07-26 20:06:17,512 - Evaluate - INFO - ASR Module... Epoch: 0, RSS: 7.20 GB
2026-07-26 20:06:17,513 - Evaluate - INFO - ASR... Epoch: 0, Walltime: 75.458637 CPU time: 450.881293
2026-07-26 20:07:29,954 - Evaluate - INFO - ASR Module... Epoch: 0, RSS: 7.20 GB
2026-07-26 20:07:29,955 - Evaluate - INFO - ASR... Epoch: 0, Walltime: 72.437920 CPU time: 433.722029
2026-07-26 20:08:58,202 - Evaluate - INFO - ASR Module... Epoch: 0, RSS: 7.20 GB
2026-07-26 20:08:58,203 - Evaluate - INFO - ASR... Epoch: 0, Walltime: 88.244129 CPU time: 528.183431
2026-07-26 20:09:56,079 - Evaluate - INFO - ASR Module... Epoch: 0, RSS: 7.20 GB
2026-07-26 20:09:56,080 - Evaluate - INFO - ASR... Epoch: 0, Walltime: 57.873239 CPU time: 346.497408
2026-07-26 20:11:05,081 - Evaluate - INFO - ASR Module... Epoch: 0, RSS: 7.20 GB
2026-07-26 20:11:05,082 - Evaluate - INFO - ASR... Epoch: 0, Walltime: 68.998721 CPU time: 413.007328
2026-07-26 20:12:05,934 - Evaluate - INFO - ASR Module... Epoch: 0, RSS: 7.20 GB
2026-07-26 20:12:05,935 - Evaluate - INFO - ASR... Epoch: 0, Walltime: 60.849769 CPU time: 364.328734
2026-07-26 20:13:06,331 - Evaluate - INFO - ASR Module... Epoch: 0, RSS: 7.20 GB
2026-07-26 20:13:06,332 - Evaluate - INFO - ASR... Epoch: 0, Walltime: 60.393228 CPU time: 361.593837
2026-07-26 20:14:15,655 - Evaluate - INFO - ASR Module... Epoch: 0, RSS: 7.20 GB
2026-07-26 20:14:15,656 - Evaluate - INFO - ASR... Epoch: 0, Walltime: 69.320559 CPU time: 415.064278
2026-07-26 20:15:15,703 - Evaluate - INFO - ASR Module... Epoch: 0, RSS: 7.20 GB
2026-07-26 20:15:15,704 - Evaluate - INFO - ASR... Epoch: 0, Walltime: 60.044621 CPU time: 358.271145
2026-07-26 20:16:24,997 - Evaluate - INFO - ASR Module... Epoch: 0, RSS: 7.20 GB
2026-07-26 20:16:24,998 - Evaluate - INFO - ASR... Epoch: 0, Walltime: 69.290185 CPU time: 414.878006
2026-07-26 20:17:29,492 - Evaluate - INFO - ASR Module... Epoch: 0, RSS: 7.20 GB
2026-07-26 20:17:29,493 - Evaluate - INFO - ASR... Epoch: 0, Walltime: 64.491089 CPU time: 383.381420
2026-07-26 20:18:35,613 - Evaluate - INFO - ASR Module... Epoch: 0, RSS: 7.20 GB
2026-07-26 20:18:35,614 - Evaluate - INFO - ASR... Epoch: 0, Walltime: 66.117007 CPU time: 395.882958
2026-07-26 20:19:50,453 - Evaluate - INFO - ASR Module... Epoch: 0, RSS: 7.20 GB
2026-07-26 20:19:50,454 - Evaluate - INFO - ASR... Epoch: 0, Walltime: 74.835674 CPU time: 448.006571
2026-07-26 20:21:03,007 - Evaluate - INFO - ASR Module... Epoch: 0, RSS: 7.20 GB
2026-07-26 20:21:03,008 - Evaluate - INFO - ASR... Epoch: 0, Walltime: 72.550853 CPU time: 434.427584
2026-07-26 20:22:04,261 - Evaluate - INFO - ASR Module... Epoch: 0, RSS: 7.20 GB
2026-07-26 20:22:04,262 - Evaluate - INFO - ASR... Epoch: 0, Walltime: 61.250449 CPU time: 366.732023
2026-07-26 20:23:07,112 - Evaluate - INFO - ASR Module... Epoch: 0, RSS: 7.20 GB
2026-07-26 20:23:07,113 - Evaluate - INFO - ASR... Epoch: 0, Walltime: 62.847763 CPU time: 373.362547
2026-07-26 20:24:08,531 - Evaluate - INFO - ASR Module... Epoch: 0, RSS: 7.20 GB
2026-07-26 20:24:08,532 - Evaluate - INFO - ASR... Epoch: 0, Walltime: 61.415811 CPU time: 367.688672
2026-07-26 20:25:14,798 - Evaluate - INFO - ASR Module... Epoch: 0, RSS: 7.20 GB
2026-07-26 20:25:14,799 - Evaluate - INFO - ASR... Epoch: 0, Walltime: 66.263155 CPU time: 396.511226
2026-07-26 20:26:36,091 - Evaluate - INFO - ASR Module... Epoch: 0, RSS: 7.20 GB
2026-07-26 20:26:36,092 - Evaluate - INFO - ASR... Epoch: 0, Walltime: 81.289098 CPU time: 486.719215
2026-07-26 20:27:46,612 - Evaluate - INFO - ASR Module... Epoch: 0, RSS: 7.20 GB
2026-07-26 20:27:46,613 - Evaluate - INFO - ASR... Epoch: 0, Walltime: 70.517474 CPU time: 422.200697
2026-07-26 20:28:55,601 - Evaluate - INFO - ASR Module... Epoch: 0, RSS: 7.20 GB
2026-07-26 20:28:55,602 - Evaluate - INFO - ASR... Epoch: 0, Walltime: 68.985983 CPU time: 413.035583
2026-07-26 20:30:02,224 - Evaluate - INFO - ASR Module... Epoch: 0, RSS: 7.20 GB
2026-07-26 20:30:02,225 - Evaluate - INFO - ASR... Epoch: 0, Walltime: 66.618655 CPU time: 398.854747
2026-07-26 20:31:00,359 - Evaluate - INFO - ASR Module... Epoch: 0, RSS: 7.20 GB
2026-07-26 20:31:00,360 - Evaluate - INFO - ASR... Epoch: 0, Walltime: 58.131644 CPU time: 348.033343
2026-07-26 20:32:17,344 - Evaluate - INFO - ASR Module... Epoch: 0, RSS: 7.20 GB
2026-07-26 20:32:17,345 - Evaluate - INFO - ASR... Epoch: 0, Walltime: 76.980919 CPU time: 457.882462
2026-07-26 20:33:16,827 - Evaluate - INFO - ASR Module... Epoch: 0, RSS: 7.20 GB
2026-07-26 20:33:16,828 - Evaluate - INFO - ASR... Epoch: 0, Walltime: 59.478952 CPU time: 356.098792
2026-07-26 20:34:25,403 - Evaluate - INFO - ASR Module... Epoch: 0, RSS: 7.20 GB
2026-07-26 20:34:25,404 - Evaluate - INFO - ASR... Epoch: 0, Walltime: 68.572115 CPU time: 410.508055
2026-07-26 20:35:36,237 - Evaluate - INFO - ASR Module... Epoch: 0, RSS: 7.20 GB
2026-07-26 20:35:36,238 - Evaluate - INFO - ASR... Epoch: 0, Walltime: 70.830607 CPU time: 424.088533
2026-07-26 20:36:39,440 - Evaluate - INFO - ASR Module... Epoch: 0, RSS: 7.20 GB
2026-07-26 20:36:39,441 - Evaluate - INFO - ASR... Epoch: 0, Walltime: 63.199404 CPU time: 378.386366
2026-07-26 20:37:51,062 - Evaluate - INFO - ASR Module... Epoch: 0, RSS: 7.20 GB
2026-07-26 20:37:51,064 - Evaluate - INFO - ASR... Epoch: 0, Walltime: 71.619010 CPU time: 428.801397
2026-07-26 20:38:49,572 - Evaluate - INFO - ASR Module... Epoch: 0, RSS: 7.20 GB
2026-07-26 20:38:49,573 - Evaluate - INFO - ASR... Epoch: 0, Walltime: 58.506022 CPU time: 350.287801
2026-07-26 20:39:49,429 - Evaluate - INFO - ASR Module... Epoch: 0, RSS: 7.20 GB
2026-07-26 20:39:49,430 - Evaluate - INFO - ASR... Epoch: 0, Walltime: 59.853549 CPU time: 358.118141
2026-07-26 20:41:16,072 - Evaluate - INFO - ASR Module... Epoch: 0, RSS: 7.20 GB
2026-07-26 20:41:16,073 - Evaluate - INFO - ASR... Epoch: 0, Walltime: 86.639116 CPU time: 518.803864
2026-07-26 20:42:35,673 - Evaluate - INFO - ASR Module... Epoch: 0, RSS: 7.20 GB
2026-07-26 20:42:35,674 - Evaluate - INFO - ASR... Epoch: 0, Walltime: 79.595693 CPU time: 476.618249
2026-07-26 20:43:41,957 - Evaluate - INFO - ASR Module... Epoch: 0, RSS: 7.20 GB
2026-07-26 20:43:41,958 - Evaluate - INFO - ASR... Epoch: 0, Walltime: 66.281005 CPU time: 396.829195
2026-07-26 20:44:46,985 - Evaluate - INFO - ASR Module... Epoch: 0, RSS: 7.20 GB
2026-07-26 20:44:46,986 - Evaluate - INFO - ASR... Epoch: 0, Walltime: 65.024510 CPU time: 389.313686
2026-07-26 20:48:49,754 - Evaluate - INFO - ASR Module... Epoch: 0, RSS: 8.70 GB
2026-07-26 20:48:49,756 - Evaluate - INFO - ASR... Epoch: 0, Walltime: 242.765170 CPU time: 1452.591404
2026-07-26 20:50:06,624 - Evaluate - INFO - ASR Module... Epoch: 0, RSS: 7.20 GB
2026-07-26 20:50:06,625 - Evaluate - INFO - ASR... Epoch: 0, Walltime: 76.865950 CPU time: 459.502415
2026-07-26 20:51:32,857 - Evaluate - INFO - ASR Module... Epoch: 0, RSS: 7.20 GB
2026-07-26 20:51:32,859 - Evaluate - INFO - ASR... Epoch: 0, Walltime: 86.228842 CPU time: 515.877197
2026-07-26 20:52:29,106 - Evaluate - INFO - ASR Module... Epoch: 0, RSS: 7.20 GB
2026-07-26 20:52:29,108 - Evaluate - INFO - ASR... Epoch: 0, Walltime: 56.245091 CPU time: 336.736539
2026-07-26 20:54:04,264 - Evaluate - INFO - ASR Module... Epoch: 0, RSS: 7.20 GB
2026-07-26 20:54:04,265 - Evaluate - INFO - ASR... Epoch: 0, Walltime: 95.152761 CPU time: 569.395283
2026-07-26 20:55:08,888 - Evaluate - INFO - ASR Module... Epoch: 0, RSS: 7.20 GB
2026-07-26 20:55:08,889 - Evaluate - INFO - ASR... Epoch: 0, Walltime: 64.619473 CPU time: 386.903455
2026-07-26 20:56:35,748 - Evaluate - INFO - ASR Module... Epoch: 0, RSS: 7.20 GB
2026-07-26 20:56:35,749 - Evaluate - INFO - ASR... Epoch: 0, Walltime: 86.856124 CPU time: 520.092807
2026-07-26 20:57:49,475 - Evaluate - INFO - ASR Module... Epoch: 0, RSS: 7.20 GB
2026-07-26 20:57:49,477 - Evaluate - INFO - ASR... Epoch: 0, Walltime: 73.722835 CPU time: 441.432895
2026-07-26 20:59:10,190 - Evaluate - INFO - ASR Module... Epoch: 0, RSS: 7.20 GB
2026-07-26 20:59:10,191 - Evaluate - INFO - ASR... Epoch: 0, Walltime: 80.710556 CPU time: 483.286101
2026-07-26 21:00:17,628 - Evaluate - INFO - ASR Module... Epoch: 0, RSS: 7.20 GB
2026-07-26 21:00:17,629 - Evaluate - INFO - ASR... Epoch: 0, Walltime: 67.433318 CPU time: 403.764784
2026-07-26 21:01:26,664 - Evaluate - INFO - ASR Module... Epoch: 0, RSS: 7.20 GB
2026-07-26 21:01:26,665 - Evaluate - INFO - ASR... Epoch: 0, Walltime: 69.032983 CPU time: 413.337295
2026-07-26 21:02:45,076 - Evaluate - INFO - ASR Module... Epoch: 0, RSS: 7.20 GB
2026-07-26 21:02:45,077 - Evaluate - INFO - ASR... Epoch: 0, Walltime: 78.408178 CPU time: 468.579610
2026-07-26 21:03:39,491 - Evaluate - INFO - ASR Module... Epoch: 0, RSS: 7.20 GB
2026-07-26 21:03:39,492 - Evaluate - INFO - ASR... Epoch: 0, Walltime: 54.411149 CPU time: 325.373278
2026-07-26 21:05:09,801 - Evaluate - INFO - ASR Module... Epoch: 0, RSS: 7.20 GB
2026-07-26 21:05:09,803 - Evaluate - INFO - ASR... Epoch: 0, Walltime: 90.306519 CPU time: 540.773042
2026-07-26 21:06:24,046 - Evaluate - INFO - ASR Module... Epoch: 0, RSS: 7.20 GB
2026-07-26 21:06:24,047 - Evaluate - INFO - ASR... Epoch: 0, Walltime: 74.240266 CPU time: 444.448494
2026-07-26 21:07:27,285 - Evaluate - INFO - ASR Module... Epoch: 0, RSS: 7.20 GB
2026-07-26 21:07:27,286 - Evaluate - INFO - ASR... Epoch: 0, Walltime: 63.235102 CPU time: 378.622354
2026-07-26 21:08:57,409 - Evaluate - INFO - ASR Module... Epoch: 0, RSS: 7.20 GB
2026-07-26 21:08:57,410 - Evaluate - INFO - ASR... Epoch: 0, Walltime: 90.120262 CPU time: 539.650026
2026-07-26 21:10:26,383 - Evaluate - INFO - ASR Module... Epoch: 0, RSS: 7.20 GB
2026-07-26 21:10:26,384 - Evaluate - INFO - ASR... Epoch: 0, Walltime: 88.969401 CPU time: 532.751940
2026-07-26 21:11:36,307 - Evaluate - INFO - ASR Module... Epoch: 0, RSS: 7.20 GB
2026-07-26 21:11:36,308 - Evaluate - INFO - ASR... Epoch: 0, Walltime: 69.919636 CPU time: 418.644642
2026-07-26 21:12:49,248 - Evaluate - INFO - ASR Module... Epoch: 0, RSS: 7.20 GB
2026-07-26 21:12:49,249 - Evaluate - INFO - ASR... Epoch: 0, Walltime: 72.936858 CPU time: 436.727419
2026-07-26 21:14:34,793 - Evaluate - INFO - ASR Module... Epoch: 0, RSS: 7.20 GB
2026-07-26 21:14:34,795 - Evaluate - INFO - ASR... Epoch: 0, Walltime: 105.540367 CPU time: 632.018892
2026-07-26 21:15:33,285 - Evaluate - INFO - ASR Module... Epoch: 0, RSS: 7.20 GB
2026-07-26 21:15:33,286 - Evaluate - INFO - ASR... Epoch: 0, Walltime: 58.486510 CPU time: 350.144670
2026-07-26 21:17:02,485 - Evaluate - INFO - ASR Module... Epoch: 0, RSS: 7.20 GB
2026-07-26 21:17:02,486 - Evaluate - INFO - ASR... Epoch: 0, Walltime: 89.195887 CPU time: 534.074743
2026-07-26 21:18:19,102 - Evaluate - INFO - ASR Module... Epoch: 0, RSS: 7.20 GB
2026-07-26 21:18:19,104 - Evaluate - INFO - ASR... Epoch: 0, Walltime: 76.612861 CPU time: 458.723644
2026-07-26 21:19:44,525 - Evaluate - INFO - ASR Module... Epoch: 0, RSS: 7.20 GB
2026-07-26 21:19:44,526 - Evaluate - INFO - ASR... Epoch: 0, Walltime: 85.418212 CPU time: 511.444826
2026-07-26 21:20:57,013 - Evaluate - INFO - ASR Module... Epoch: 0, RSS: 7.20 GB
2026-07-26 21:20:57,015 - Evaluate - INFO - ASR... Epoch: 0, Walltime: 72.484619 CPU time: 433.993721
2026-07-26 21:22:44,043 - Evaluate - INFO - ASR Module... Epoch: 0, RSS: 7.20 GB
2026-07-26 21:22:44,044 - Evaluate - INFO - ASR... Epoch: 0, Walltime: 107.024311 CPU time: 640.852596
2026-07-26 21:24:06,224 - Evaluate - INFO - ASR Module... Epoch: 0, RSS: 7.20 GB
2026-07-26 21:24:06,225 - Evaluate - INFO - ASR... Epoch: 0, Walltime: 82.176490 CPU time: 492.039462
2026-07-26 21:25:46,565 - Evaluate - INFO - ASR Module... Epoch: 0, RSS: 7.20 GB
2026-07-26 21:25:46,566 - Evaluate - INFO - ASR... Epoch: 0, Walltime: 100.336602 CPU time: 600.798758
2026-07-26 21:26:55,474 - Evaluate - INFO - ASR Module... Epoch: 0, RSS: 7.20 GB
2026-07-26 21:26:55,476 - Evaluate - INFO - ASR... Epoch: 0, Walltime: 68.904789 CPU time: 412.549337
2026-07-26 21:28:12,914 - Evaluate - INFO - ASR Module... Epoch: 0, RSS: 7.20 GB
2026-07-26 21:28:12,916 - Evaluate - INFO - ASR... Epoch: 0, Walltime: 77.435904 CPU time: 463.645489
2026-07-26 21:29:24,741 - Evaluate - INFO - ASR Module... Epoch: 0, RSS: 7.20 GB
2026-07-26 21:29:24,743 - Evaluate - INFO - ASR... Epoch: 0, Walltime: 71.822876 CPU time: 430.035342
2026-07-26 21:31:16,592 - Evaluate - INFO - ASR Module... Epoch: 0, RSS: 7.20 GB
2026-07-26 21:31:16,593 - Evaluate - INFO - ASR... Epoch: 0, Walltime: 111.845668 CPU time: 669.733377
2026-07-26 21:32:47,791 - Evaluate - INFO - ASR Module... Epoch: 0, RSS: 7.20 GB
2026-07-26 21:32:47,792 - Evaluate - INFO - ASR... Epoch: 0, Walltime: 91.194378 CPU time: 546.039190
2026-07-26 21:34:04,817 - Evaluate - INFO - ASR Module... Epoch: 0, RSS: 7.20 GB
2026-07-26 21:34:04,818 - Evaluate - INFO - ASR... Epoch: 0, Walltime: 77.021546 CPU time: 461.166494
2026-07-26 21:36:26,482 - Evaluate - INFO - ASR Module... Epoch: 0, RSS: 7.20 GB
2026-07-26 21:36:26,483 - Evaluate - INFO - ASR... Epoch: 0, Walltime: 141.659414 CPU time: 848.287013
2026-07-26 21:38:35,088 - Evaluate - INFO - ASR Module... Epoch: 0, RSS: 7.20 GB
2026-07-26 21:38:35,089 - Evaluate - INFO - ASR... Epoch: 0, Walltime: 128.599511 CPU time: 770.071352
2026-07-26 21:40:51,934 - Evaluate - INFO - ASR Module... Epoch: 0, RSS: 7.20 GB
2026-07-26 21:40:51,936 - Evaluate - INFO - ASR... Epoch: 0, Walltime: 136.840574 CPU time: 819.424222
2026-07-26 21:42:20,760 - Evaluate - INFO - ASR Module... Epoch: 0, RSS: 7.20 GB
2026-07-26 21:42:20,762 - Evaluate - INFO - ASR... Epoch: 0, Walltime: 88.819978 CPU time: 531.836179
2026-07-26 21:44:29,859 - Evaluate - INFO - ASR Module... Epoch: 0, RSS: 7.20 GB
2026-07-26 21:44:29,860 - Evaluate - INFO - ASR... Epoch: 0, Walltime: 129.092616 CPU time: 773.037977
2026-07-26 21:46:12,101 - Evaluate - INFO - ASR Module... Epoch: 0, RSS: 7.20 GB
2026-07-26 21:46:12,102 - Evaluate - INFO - ASR... Epoch: 0, Walltime: 102.235769 CPU time: 612.191797
2026-07-26 21:47:40,923 - Evaluate - INFO - ASR Module... Epoch: 0, RSS: 7.20 GB
2026-07-26 21:47:40,924 - Evaluate - INFO - ASR... Epoch: 0, Walltime: 88.816480 CPU time: 531.806364
2026-07-26 21:48:36,496 - Evaluate - INFO - ASR Module... Epoch: 0, RSS: 7.20 GB
2026-07-26 21:48:36,497 - Evaluate - INFO - ASR... Epoch: 0, Walltime: 55.568467 CPU time: 332.694056
2026-07-26 21:50:02,698 - Evaluate - INFO - ASR Module... Epoch: 0, RSS: 7.20 GB
2026-07-26 21:50:02,699 - Evaluate - INFO - ASR... Epoch: 0, Walltime: 86.199153 CPU time: 516.131512
2026-07-26 21:51:12,834 - Evaluate - INFO - ASR Module... Epoch: 0, RSS: 7.20 GB
2026-07-26 21:51:12,835 - Evaluate - INFO - ASR... Epoch: 0, Walltime: 70.131406 CPU time: 419.909909
2026-07-26 21:52:19,733 - Evaluate - INFO - ASR Module... Epoch: 0, RSS: 7.20 GB
2026-07-26 21:52:19,734 - Evaluate - INFO - ASR... Epoch: 0, Walltime: 66.895158 CPU time: 400.522708
2026-07-26 21:53:19,261 - Evaluate - INFO - ASR Module... Epoch: 0, RSS: 7.20 GB
2026-07-26 21:53:19,262 - Evaluate - INFO - ASR... Epoch: 0, Walltime: 59.524260 CPU time: 356.375948
2026-07-26 21:54:21,194 - Evaluate - INFO - ASR Module... Epoch: 0, RSS: 7.20 GB
2026-07-26 21:54:21,195 - Evaluate - INFO - ASR... Epoch: 0, Walltime: 61.929380 CPU time: 370.784347
2026-07-26 21:55:33,367 - Evaluate - INFO - ASR Module... Epoch: 0, RSS: 7.20 GB
2026-07-26 21:55:33,368 - Evaluate - INFO - ASR... Epoch: 0, Walltime: 72.169604 CPU time: 432.101034
2026-07-26 21:56:46,246 - Evaluate - INFO - ASR Module... Epoch: 0, RSS: 7.20 GB
2026-07-26 21:56:46,247 - Evaluate - INFO - ASR... Epoch: 0, Walltime: 72.874817 CPU time: 436.362714
2026-07-26 21:57:50,323 - Evaluate - INFO - ASR Module... Epoch: 0, RSS: 7.20 GB
2026-07-26 21:57:50,325 - Evaluate - INFO - ASR... Epoch: 0, Walltime: 64.073720 CPU time: 383.657272
2026-07-26 21:58:57,663 - Evaluate - INFO - ASR Module... Epoch: 0, RSS: 7.20 GB
2026-07-26 21:58:57,664 - Evaluate - INFO - ASR... Epoch: 0, Walltime: 67.335977 CPU time: 403.171173
2026-07-26 22:00:05,403 - Evaluate - INFO - ASR Module... Epoch: 0, RSS: 7.20 GB
2026-07-26 22:00:05,404 - Evaluate - INFO - ASR... Epoch: 0, Walltime: 67.736207 CPU time: 405.555148
2026-07-26 22:01:09,918 - Evaluate - INFO - ASR Module... Epoch: 0, RSS: 7.20 GB
2026-07-26 22:01:09,919 - Evaluate - INFO - ASR... Epoch: 0, Walltime: 64.511334 CPU time: 386.242864
2026-07-26 22:02:26,287 - Evaluate - INFO - ASR Module... Epoch: 0, RSS: 7.20 GB
2026-07-26 22:02:26,288 - Evaluate - INFO - ASR... Epoch: 0, Walltime: 76.365151 CPU time: 457.240424
2026-07-26 22:03:40,459 - Evaluate - INFO - ASR Module... Epoch: 0, RSS: 7.20 GB
2026-07-26 22:03:40,460 - Evaluate - INFO - ASR... Epoch: 0, Walltime: 74.168282 CPU time: 444.089444
2026-07-26 22:05:18,632 - Evaluate - INFO - ASR Module... Epoch: 0, RSS: 7.20 GB
2026-07-26 22:05:18,640 - Evaluate - INFO - ASR... Epoch: 0, Walltime: 98.168752 CPU time: 579.647932
2026-07-26 22:06:32,698 - Evaluate - INFO - ASR Module... Epoch: 0, RSS: 7.20 GB
2026-07-26 22:06:32,699 - Evaluate - INFO - ASR... Epoch: 0, Walltime: 74.054017 CPU time: 443.364847
2026-07-26 22:07:40,698 - Evaluate - INFO - ASR Module... Epoch: 0, RSS: 7.20 GB
2026-07-26 22:07:40,706 - Evaluate - INFO - ASR... Epoch: 0, Walltime: 67.995816 CPU time: 406.869765
2026-07-26 22:08:49,967 - Evaluate - INFO - ASR Module... Epoch: 0, RSS: 7.20 GB
2026-07-26 22:08:49,968 - Evaluate - INFO - ASR... Epoch: 0, Walltime: 69.251127 CPU time: 414.624161
2026-07-26 22:10:20,109 - Evaluate - INFO - ASR Module... Epoch: 0, RSS: 7.20 GB
2026-07-26 22:10:20,110 - Evaluate - INFO - ASR... Epoch: 0, Walltime: 90.138758 CPU time: 539.306647
2026-07-26 22:11:19,622 - Evaluate - INFO - ASR Module... Epoch: 0, RSS: 7.20 GB
2026-07-26 22:11:19,623 - Evaluate - INFO - ASR... Epoch: 0, Walltime: 59.508752 CPU time: 356.295905
2026-07-26 22:12:19,569 - Evaluate - INFO - ASR Module... Epoch: 0, RSS: 7.20 GB
2026-07-26 22:12:19,570 - Evaluate - INFO - ASR... Epoch: 0, Walltime: 59.944119 CPU time: 358.904893
2026-07-26 22:13:24,156 - Evaluate - INFO - ASR Module... Epoch: 0, RSS: 7.20 GB
2026-07-26 22:13:24,173 - Evaluate - INFO - ASR... Epoch: 0, Walltime: 64.583728 CPU time: 386.697295
2026-07-26 22:14:48,362 - Evaluate - INFO - ASR Module... Epoch: 0, RSS: 7.20 GB
2026-07-26 22:14:48,363 - Evaluate - INFO - ASR... Epoch: 0, Walltime: 83.970004 CPU time: 502.794810
2026-07-26 22:16:05,090 - Evaluate - INFO - ASR Module... Epoch: 0, RSS: 7.20 GB
2026-07-26 22:16:05,091 - Evaluate - INFO - ASR... Epoch: 0, Walltime: 76.724204 CPU time: 459.246299
2026-07-26 22:17:12,328 - Evaluate - INFO - ASR Module... Epoch: 0, RSS: 7.20 GB
2026-07-26 22:17:12,330 - Evaluate - INFO - ASR... Epoch: 0, Walltime: 67.234033 CPU time: 402.576424
2026-07-26 22:18:26,550 - Evaluate - INFO - ASR Module... Epoch: 0, RSS: 7.20 GB
2026-07-26 22:18:26,977 - Evaluate - INFO - ASR... Epoch: 0, Walltime: 74.217776 CPU time: 444.400786
2026-07-26 22:19:38,286 - Evaluate - INFO - ASR Module... Epoch: 0, RSS: 7.20 GB
2026-07-26 22:19:38,287 - Evaluate - INFO - ASR... Epoch: 0, Walltime: 71.306184 CPU time: 425.352840
2026-07-26 22:20:35,238 - Evaluate - INFO - ASR Module... Epoch: 0, RSS: 7.20 GB
2026-07-26 22:20:35,240 - Evaluate - INFO - ASR... Epoch: 0, Walltime: 56.948165 CPU time: 340.947860
2026-07-26 22:21:43,776 - Evaluate - INFO - ASR Module... Epoch: 0, RSS: 7.20 GB
2026-07-26 22:21:43,777 - Evaluate - INFO - ASR... Epoch: 0, Walltime: 68.534205 CPU time: 410.349372
2026-07-26 22:22:53,692 - Evaluate - INFO - ASR Module... Epoch: 0, RSS: 7.20 GB
2026-07-26 22:22:53,693 - Evaluate - INFO - ASR... Epoch: 0, Walltime: 69.911209 CPU time: 416.493896
2026-07-26 22:23:50,957 - Evaluate - INFO - ASR Module... Epoch: 0, RSS: 7.20 GB
2026-07-26 22:23:50,958 - Evaluate - INFO - ASR... Epoch: 0, Walltime: 57.261648 CPU time: 342.837926
2026-07-26 22:24:54,316 - Evaluate - INFO - ASR Module... Epoch: 0, RSS: 7.20 GB
2026-07-26 22:24:54,317 - Evaluate - INFO - ASR... Epoch: 0, Walltime: 63.355471 CPU time: 379.319763
2026-07-26 22:26:14,082 - Evaluate - INFO - ASR Module... Epoch: 0, RSS: 7.20 GB
2026-07-26 22:26:14,083 - Evaluate - INFO - ASR... Epoch: 0, Walltime: 79.761983 CPU time: 477.580834
2026-07-26 22:27:23,736 - Evaluate - INFO - ASR Module... Epoch: 0, RSS: 7.20 GB
2026-07-26 22:27:23,737 - Evaluate - INFO - ASR... Epoch: 0, Walltime: 69.649848 CPU time: 417.030095
2026-07-26 22:28:30,567 - Evaluate - INFO - ASR Module... Epoch: 0, RSS: 7.20 GB
2026-07-26 22:28:30,569 - Evaluate - INFO - ASR... Epoch: 0, Walltime: 66.827443 CPU time: 400.124306
2026-07-26 22:29:37,925 - Evaluate - INFO - ASR Module... Epoch: 0, RSS: 7.20 GB
2026-07-26 22:29:37,927 - Evaluate - INFO - ASR... Epoch: 0, Walltime: 67.353431 CPU time: 403.265839
2026-07-26 22:30:52,976 - Evaluate - INFO - ASR Module... Epoch: 0, RSS: 7.20 GB
2026-07-26 22:30:52,977 - Evaluate - INFO - ASR... Epoch: 0, Walltime: 75.047095 CPU time: 449.350677
2026-07-26 22:32:03,942 - Evaluate - INFO - ASR Module... Epoch: 0, RSS: 7.20 GB
2026-07-26 22:32:03,947 - Evaluate - INFO - ASR... Epoch: 0, Walltime: 70.961868 CPU time: 424.888505
2026-07-26 22:33:16,277 - Evaluate - INFO - ASR Module... Epoch: 0, RSS: 7.20 GB
2026-07-26 22:33:16,278 - Evaluate - INFO - ASR... Epoch: 0, Walltime: 72.324508 CPU time: 432.337197
2026-07-26 22:34:11,859 - Evaluate - INFO - ASR Module... Epoch: 0, RSS: 7.20 GB
2026-07-26 22:34:11,861 - Evaluate - INFO - ASR... Epoch: 0, Walltime: 55.579343 CPU time: 332.737756
2026-07-26 22:35:30,374 - Evaluate - INFO - ASR Module... Epoch: 0, RSS: 7.20 GB
2026-07-26 22:35:30,375 - Evaluate - INFO - ASR... Epoch: 0, Walltime: 78.510847 CPU time: 470.084808
2026-07-26 22:36:59,935 - Evaluate - INFO - ASR Module... Epoch: 0, RSS: 7.20 GB
2026-07-26 22:36:59,936 - Evaluate - INFO - ASR... Epoch: 0, Walltime: 89.556126 CPU time: 536.245048
2026-07-26 22:38:30,581 - Evaluate - INFO - ASR Module... Epoch: 0, RSS: 7.20 GB
2026-07-26 22:38:30,582 - Evaluate - INFO - ASR... Epoch: 0, Walltime: 90.641369 CPU time: 542.782662
2026-07-26 22:39:52,813 - Evaluate - INFO - ASR Module... Epoch: 0, RSS: 7.20 GB
2026-07-26 22:39:52,814 - Evaluate - INFO - ASR... Epoch: 0, Walltime: 82.227200 CPU time: 492.360563
2026-07-26 22:41:16,255 - Evaluate - INFO - ASR Module... Epoch: 0, RSS: 7.20 GB
2026-07-26 22:41:16,256 - Evaluate - INFO - ASR... Epoch: 0, Walltime: 83.437700 CPU time: 497.355336
2026-07-26 22:42:54,178 - Evaluate - INFO - ASR Module... Epoch: 0, RSS: 7.20 GB
2026-07-26 22:42:54,179 - Evaluate - INFO - ASR... Epoch: 0, Walltime: 97.918328 CPU time: 576.583563
2026-07-26 22:44:29,660 - Evaluate - INFO - ASR Module... Epoch: 0, RSS: 7.20 GB
2026-07-26 22:44:29,661 - Evaluate - INFO - ASR... Epoch: 0, Walltime: 95.477236 CPU time: 571.220774
2026-07-26 22:46:26,024 - Evaluate - INFO - ASR Module... Epoch: 0, RSS: 7.20 GB
2026-07-26 22:46:26,025 - Evaluate - INFO - ASR... Epoch: 0, Walltime: 116.358251 CPU time: 696.695424
2026-07-26 22:48:11,514 - Evaluate - INFO - ASR Module... Epoch: 0, RSS: 7.20 GB
2026-07-26 22:48:11,516 - Evaluate - INFO - ASR... Epoch: 0, Walltime: 105.485771 CPU time: 629.102468
2026-07-26 22:49:47,204 - Evaluate - INFO - ASR Module... Epoch: 0, RSS: 7.20 GB
2026-07-26 22:49:47,205 - Evaluate - INFO - ASR... Epoch: 0, Walltime: 95.684947 CPU time: 572.969023
2026-07-26 22:51:28,543 - Evaluate - INFO - ASR Module... Epoch: 0, RSS: 7.20 GB
2026-07-26 22:51:28,544 - Evaluate - INFO - ASR... Epoch: 0, Walltime: 101.334200 CPU time: 606.124472
2026-07-26 22:52:53,009 - Evaluate - INFO - ASR Module... Epoch: 0, RSS: 7.20 GB
2026-07-26 22:52:53,010 - Evaluate - INFO - ASR... Epoch: 0, Walltime: 84.461943 CPU time: 505.768011
2026-07-26 22:54:27,130 - Evaluate - INFO - ASR Module... Epoch: 0, RSS: 7.20 GB
2026-07-26 22:54:27,146 - Evaluate - INFO - ASR... Epoch: 0, Walltime: 94.116082 CPU time: 563.589091
2026-07-26 22:56:13,190 - Evaluate - INFO - ASR Module... Epoch: 0, RSS: 7.20 GB
2026-07-26 22:56:13,191 - Evaluate - INFO - ASR... Epoch: 0, Walltime: 106.033475 CPU time: 634.908864
2026-07-26 22:57:47,141 - Evaluate - INFO - ASR Module... Epoch: 0, RSS: 7.20 GB
2026-07-26 22:57:47,150 - Evaluate - INFO - ASR... Epoch: 0, Walltime: 93.945823 CPU time: 562.560533
2026-07-26 22:59:30,292 - Evaluate - INFO - ASR Module... Epoch: 0, RSS: 7.20 GB
2026-07-26 22:59:30,293 - Evaluate - INFO - ASR... Epoch: 0, Walltime: 103.137366 CPU time: 617.604269
2026-07-26 23:00:52,020 - Evaluate - INFO - ASR Module... Epoch: 0, RSS: 7.20 GB
2026-07-26 23:00:52,021 - Evaluate - INFO - ASR... Epoch: 0, Walltime: 81.723950 CPU time: 489.335566
2026-07-26 23:02:23,112 - Evaluate - INFO - ASR Module... Epoch: 0, RSS: 7.20 GB
2026-07-26 23:02:23,114 - Evaluate - INFO - ASR... Epoch: 0, Walltime: 91.087652 CPU time: 545.420491
2026-07-26 23:04:20,902 - Evaluate - INFO - ASR Module... Epoch: 0, RSS: 7.20 GB
2026-07-26 23:04:20,903 - Evaluate - INFO - ASR... Epoch: 0, Walltime: 117.784539 CPU time: 705.039082
2026-07-26 23:05:59,135 - Evaluate - INFO - ASR Module... Epoch: 0, RSS: 7.20 GB
2026-07-26 23:05:59,136 - Evaluate - INFO - ASR... Epoch: 0, Walltime: 98.228163 CPU time: 587.989559
2026-07-26 23:07:50,724 - Evaluate - INFO - ASR Module... Epoch: 0, RSS: 7.20 GB
2026-07-26 23:07:50,725 - Evaluate - INFO - ASR... Epoch: 0, Walltime: 111.584566 CPU time: 668.108414
2026-07-26 23:09:31,318 - Evaluate - INFO - ASR Module... Epoch: 0, RSS: 7.20 GB
2026-07-26 23:09:31,319 - Evaluate - INFO - ASR... Epoch: 0, Walltime: 100.588375 CPU time: 602.298082
2026-07-26 23:11:13,555 - Evaluate - INFO - ASR Module... Epoch: 0, RSS: 7.20 GB
2026-07-26 23:11:13,556 - Evaluate - INFO - ASR... Epoch: 0, Walltime: 102.231654 CPU time: 612.180063
2026-07-26 23:12:52,786 - Evaluate - INFO - ASR Module... Epoch: 0, RSS: 7.20 GB
2026-07-26 23:12:52,787 - Evaluate - INFO - ASR... Epoch: 0, Walltime: 99.226064 CPU time: 594.171013
2026-07-26 23:13:57,560 - Evaluate - INFO - ASR Module... Epoch: 0, RSS: 7.20 GB
2026-07-26 23:13:57,561 - Evaluate - INFO - ASR... Epoch: 0, Walltime: 64.770679 CPU time: 387.809359
2026-07-26 23:15:19,773 - Evaluate - INFO - ASR Module... Epoch: 0, RSS: 7.20 GB
2026-07-26 23:15:19,774 - Evaluate - INFO - ASR... Epoch: 0, Walltime: 82.208821 CPU time: 492.234349
2026-07-26 23:16:09,715 - Evaluate - INFO - ASR Module... Epoch: 0, RSS: 7.20 GB
2026-07-26 23:16:09,716 - Evaluate - INFO - ASR... Epoch: 0, Walltime: 49.937371 CPU time: 298.956952
2026-07-26 23:17:15,337 - Evaluate - INFO - ASR Module... Epoch: 0, RSS: 7.20 GB
2026-07-26 23:17:15,338 - Evaluate - INFO - ASR... Epoch: 0, Walltime: 65.619113 CPU time: 390.687032
2026-07-26 23:18:19,417 - Evaluate - INFO - ASR Module... Epoch: 0, RSS: 7.20 GB
2026-07-26 23:18:19,418 - Evaluate - INFO - ASR... Epoch: 0, Walltime: 64.076532 CPU time: 383.650042
2026-07-26 23:19:23,087 - Evaluate - INFO - ASR Module... Epoch: 0, RSS: 7.20 GB
2026-07-26 23:19:23,088 - Evaluate - INFO - ASR... Epoch: 0, Walltime: 63.666123 CPU time: 380.745445
2026-07-26 23:20:29,645 - Evaluate - INFO - ASR Module... Epoch: 0, RSS: 7.20 GB
2026-07-26 23:20:29,646 - Evaluate - INFO - ASR... Epoch: 0, Walltime: 66.554685 CPU time: 398.475686
2026-07-26 23:21:28,999 - Evaluate - INFO - ASR Module... Epoch: 0, RSS: 7.20 GB
2026-07-26 23:21:29,000 - Evaluate - INFO - ASR... Epoch: 0, Walltime: 59.350719 CPU time: 355.343255
2026-07-26 23:22:49,152 - Evaluate - INFO - ASR Module... Epoch: 0, RSS: 7.20 GB
2026-07-26 23:22:49,153 - Evaluate - INFO - ASR... Epoch: 0, Walltime: 80.148931 CPU time: 479.900534
2026-07-26 23:23:48,795 - Evaluate - INFO - ASR Module... Epoch: 0, RSS: 7.20 GB
2026-07-26 23:23:48,796 - Evaluate - INFO - ASR... Epoch: 0, Walltime: 59.639282 CPU time: 357.061440
2026-07-26 23:24:59,931 - Evaluate - INFO - ASR Module... Epoch: 0, RSS: 7.20 GB
2026-07-26 23:24:59,932 - Evaluate - INFO - ASR... Epoch: 0, Walltime: 71.132868 CPU time: 425.908676
2026-07-26 23:26:10,015 - Evaluate - INFO - ASR Module... Epoch: 0, RSS: 7.20 GB
2026-07-26 23:26:10,016 - Evaluate - INFO - ASR... Epoch: 0, Walltime: 70.079779 CPU time: 418.967836
2026-07-26 23:27:29,093 - Evaluate - INFO - ASR Module... Epoch: 0, RSS: 7.20 GB
2026-07-26 23:27:29,094 - Evaluate - INFO - ASR... Epoch: 0, Walltime: 79.074113 CPU time: 473.261498
2026-07-26 23:28:49,605 - Evaluate - INFO - ASR Module... Epoch: 0, RSS: 7.20 GB
2026-07-26 23:28:49,606 - Evaluate - INFO - ASR... Epoch: 0, Walltime: 80.507961 CPU time: 482.065624
2026-07-26 23:30:11,276 - Evaluate - INFO - ASR Module... Epoch: 0, RSS: 7.20 GB
2026-07-26 23:30:11,277 - Evaluate - INFO - ASR... Epoch: 0, Walltime: 81.667260 CPU time: 489.013487
2026-07-26 23:31:19,436 - Evaluate - INFO - ASR Module... Epoch: 0, RSS: 7.20 GB
2026-07-26 23:31:19,438 - Evaluate - INFO - ASR... Epoch: 0, Walltime: 68.156218 CPU time: 408.071311
2026-07-26 23:32:18,875 - Evaluate - INFO - ASR Module... Epoch: 0, RSS: 7.20 GB
2026-07-26 23:32:18,876 - Evaluate - INFO - ASR... Epoch: 0, Walltime: 59.435049 CPU time: 355.847808
2026-07-26 23:33:27,717 - Evaluate - INFO - ASR Module... Epoch: 0, RSS: 7.20 GB
2026-07-26 23:33:27,718 - Evaluate - INFO - ASR... Epoch: 0, Walltime: 68.838181 CPU time: 400.599199
2026-07-26 23:34:38,552 - Evaluate - INFO - ASR Module... Epoch: 0, RSS: 7.20 GB
2026-07-26 23:34:38,553 - Evaluate - INFO - ASR... Epoch: 0, Walltime: 70.832164 CPU time: 418.762467
2026-07-26 23:35:38,006 - Evaluate - INFO - ASR Module... Epoch: 0, RSS: 7.20 GB
2026-07-26 23:35:38,007 - Evaluate - INFO - ASR... Epoch: 0, Walltime: 59.450252 CPU time: 355.420091
2026-07-26 23:36:46,229 - Evaluate - INFO - ASR Module... Epoch: 0, RSS: 7.20 GB
2026-07-26 23:36:46,231 - Evaluate - INFO - ASR... Epoch: 0, Walltime: 68.219369 CPU time: 408.459864
2026-07-26 23:37:54,979 - Evaluate - INFO - ASR Module... Epoch: 0, RSS: 7.20 GB
2026-07-26 23:37:54,980 - Evaluate - INFO - ASR... Epoch: 0, Walltime: 68.745841 CPU time: 411.603594
2026-07-26 23:38:55,530 - Evaluate - INFO - ASR Module... Epoch: 0, RSS: 7.20 GB
2026-07-26 23:38:55,531 - Evaluate - INFO - ASR... Epoch: 0, Walltime: 60.546933 CPU time: 362.513525
2026-07-26 23:39:58,369 - Evaluate - INFO - ASR Module... Epoch: 0, RSS: 7.20 GB
2026-07-26 23:39:58,370 - Evaluate - INFO - ASR... Epoch: 0, Walltime: 62.835669 CPU time: 376.233270
2026-07-26 23:40:58,527 - Evaluate - INFO - ASR Module... Epoch: 0, RSS: 7.20 GB
2026-07-26 23:40:58,528 - Evaluate - INFO - ASR... Epoch: 0, Walltime: 60.154615 CPU time: 360.170826
2026-07-26 23:42:10,369 - Evaluate - INFO - ASR Module... Epoch: 0, RSS: 7.20 GB
2026-07-26 23:42:10,370 - Evaluate - INFO - ASR... Epoch: 0, Walltime: 71.838205 CPU time: 430.140820
2026-07-26 23:43:15,293 - Evaluate - INFO - ASR Module... Epoch: 0, RSS: 7.20 GB
2026-07-26 23:43:15,293 - Evaluate - INFO - ASR... Epoch: 0, Walltime: 64.920152 CPU time: 388.717263
2026-07-26 23:44:36,059 - Evaluate - INFO - ASR Module... Epoch: 0, RSS: 7.20 GB
2026-07-26 23:44:36,060 - Evaluate - INFO - ASR... Epoch: 0, Walltime: 80.762435 CPU time: 483.613407
2026-07-26 23:46:19,584 - Evaluate - INFO - ASR Module... Epoch: 0, RSS: 7.20 GB
2026-07-26 23:46:19,585 - Evaluate - INFO - ASR... Epoch: 0, Walltime: 103.520649 CPU time: 619.923633
2026-07-26 23:47:31,254 - Evaluate - INFO - ASR Module... Epoch: 0, RSS: 7.20 GB
2026-07-26 23:47:31,255 - Evaluate - INFO - ASR... Epoch: 0, Walltime: 71.666243 CPU time: 428.269859
2026-07-26 23:48:30,029 - Evaluate - INFO - ASR Module... Epoch: 0, RSS: 7.20 GB
2026-07-26 23:48:30,030 - Evaluate - INFO - ASR... Epoch: 0, Walltime: 58.770719 CPU time: 351.878294
2026-07-26 23:49:47,035 - Evaluate - INFO - ASR Module... Epoch: 0, RSS: 7.20 GB
2026-07-26 23:49:47,037 - Evaluate - INFO - ASR... Epoch: 0, Walltime: 77.002503 CPU time: 457.281480
2026-07-26 23:50:54,993 - Evaluate - INFO - ASR Module... Epoch: 0, RSS: 7.20 GB
2026-07-26 23:50:54,994 - Evaluate - INFO - ASR... Epoch: 0, Walltime: 67.953464 CPU time: 406.802513
2026-07-26 23:52:00,046 - Evaluate - INFO - ASR Module... Epoch: 0, RSS: 7.20 GB
2026-07-26 23:52:00,047 - Evaluate - INFO - ASR... Epoch: 0, Walltime: 65.049992 CPU time: 389.492512
2026-07-26 23:53:01,306 - Evaluate - INFO - ASR Module... Epoch: 0, RSS: 7.20 GB
2026-07-26 23:53:01,307 - Evaluate - INFO - ASR... Epoch: 0, Walltime: 61.255847 CPU time: 366.757986
2026-07-26 23:54:17,789 - Evaluate - INFO - ASR Module... Epoch: 0, RSS: 7.20 GB
2026-07-26 23:54:17,790 - Evaluate - INFO - ASR... Epoch: 0, Walltime: 76.479921 CPU time: 454.909363
2026-07-26 23:55:21,600 - Evaluate - INFO - ASR Module... Epoch: 0, RSS: 7.20 GB
2026-07-26 23:55:21,602 - Evaluate - INFO - ASR... Epoch: 0, Walltime: 63.807206 CPU time: 381.990596
2026-07-26 23:56:26,863 - Evaluate - INFO - ASR Module... Epoch: 0, RSS: 7.20 GB
2026-07-26 23:56:26,864 - Evaluate - INFO - ASR... Epoch: 0, Walltime: 65.258332 CPU time: 390.713962
2026-07-26 23:57:26,840 - Evaluate - INFO - ASR Module... Epoch: 0, RSS: 7.20 GB
2026-07-26 23:57:26,841 - Evaluate - INFO - ASR... Epoch: 0, Walltime: 59.973931 CPU time: 359.071157
2026-07-26 23:58:36,110 - Evaluate - INFO - ASR Module... Epoch: 0, RSS: 7.20 GB
2026-07-26 23:58:36,111 - Evaluate - INFO - ASR... Epoch: 0, Walltime: 69.266106 CPU time: 414.718472
2026-07-26 23:59:39,661 - Evaluate - INFO - ASR Module... Epoch: 0, RSS: 7.20 GB
2026-07-26 23:59:39,662 - Evaluate - INFO - ASR... Epoch: 0, Walltime: 63.547902 CPU time: 380.470578
2026-07-27 00:01:05,016 - Evaluate - INFO - ASR Module... Epoch: 0, RSS: 7.20 GB
2026-07-27 00:01:05,018 - Evaluate - INFO - ASR... Epoch: 0, Walltime: 85.351146 CPU time: 511.056418
2026-07-27 00:02:06,219 - Evaluate - INFO - ASR Module... Epoch: 0, RSS: 7.20 GB
2026-07-27 00:02:06,221 - Evaluate - INFO - ASR... Epoch: 0, Walltime: 61.198841 CPU time: 366.413648
2026-07-27 00:03:05,343 - Evaluate - INFO - ASR Module... Epoch: 0, RSS: 7.20 GB
2026-07-27 00:03:05,344 - Evaluate - INFO - ASR... Epoch: 0, Walltime: 59.119546 CPU time: 353.866897
2026-07-27 00:04:21,070 - Evaluate - INFO - ASR Module... Epoch: 0, RSS: 7.20 GB
2026-07-27 00:04:21,072 - Evaluate - INFO - ASR... Epoch: 0, Walltime: 75.723644 CPU time: 453.398064
2026-07-27 00:05:35,234 - Evaluate - INFO - ASR Module... Epoch: 0, RSS: 7.20 GB
2026-07-27 00:05:35,236 - Evaluate - INFO - ASR... Epoch: 0, Walltime: 74.159735 CPU time: 443.839450
2026-07-27 00:06:39,778 - Evaluate - INFO - ASR Module... Epoch: 0, RSS: 7.20 GB
2026-07-27 00:06:39,779 - Evaluate - INFO - ASR... Epoch: 0, Walltime: 64.539492 CPU time: 386.407908
2026-07-27 00:07:40,913 - Evaluate - INFO - ASR Module... Epoch: 0, RSS: 7.20 GB
2026-07-27 00:07:40,914 - Evaluate - INFO - ASR... Epoch: 0, Walltime: 61.131022 CPU time: 365.991773
2026-07-27 00:08:44,594 - Evaluate - INFO - ASR Module... Epoch: 0, RSS: 7.20 GB
2026-07-27 00:08:44,595 - Evaluate - INFO - ASR... Epoch: 0, Walltime: 63.677802 CPU time: 381.127684
2026-07-27 00:09:49,160 - Evaluate - INFO - ASR Module... Epoch: 0, RSS: 7.20 GB
2026-07-27 00:09:49,161 - Evaluate - INFO - ASR... Epoch: 0, Walltime: 64.562289 CPU time: 386.201234
2026-07-27 00:10:59,605 - Evaluate - INFO - ASR Module... Epoch: 0, RSS: 7.20 GB
2026-07-27 00:10:59,606 - Evaluate - INFO - ASR... Epoch: 0, Walltime: 70.441215 CPU time: 421.384674
2026-07-27 00:12:13,289 - Evaluate - INFO - ASR Module... Epoch: 0, RSS: 7.20 GB
2026-07-27 00:12:13,290 - Evaluate - INFO - ASR... Epoch: 0, Walltime: 73.680393 CPU time: 441.181794
2026-07-27 00:13:21,063 - Evaluate - INFO - ASR Module... Epoch: 0, RSS: 7.20 GB
2026-07-27 00:13:21,064 - Evaluate - INFO - ASR... Epoch: 0, Walltime: 67.769808 CPU time: 405.775984
2026-07-27 00:14:30,321 - Evaluate - INFO - ASR Module... Epoch: 0, RSS: 7.20 GB
2026-07-27 00:14:30,322 - Evaluate - INFO - ASR... Epoch: 0, Walltime: 69.254025 CPU time: 414.657206
2026-07-27 00:15:34,056 - Evaluate - INFO - ASR Module... Epoch: 0, RSS: 7.20 GB
2026-07-27 00:15:34,057 - Evaluate - INFO - ASR... Epoch: 0, Walltime: 63.731363 CPU time: 381.589023
2026-07-27 00:16:55,699 - Evaluate - INFO - ASR Module... Epoch: 0, RSS: 7.20 GB
2026-07-27 00:16:55,700 - Evaluate - INFO - ASR... Epoch: 0, Walltime: 81.639397 CPU time: 488.839042
2026-07-27 00:18:02,250 - Evaluate - INFO - ASR Module... Epoch: 0, RSS: 7.20 GB
2026-07-27 00:18:02,251 - Evaluate - INFO - ASR... Epoch: 0, Walltime: 66.546281 CPU time: 398.444171
2026-07-27 00:19:23,065 - Evaluate - INFO - ASR Module... Epoch: 0, RSS: 7.20 GB
2026-07-27 00:19:23,066 - Evaluate - INFO - ASR... Epoch: 0, Walltime: 80.811021 CPU time: 483.892985
2026-07-27 00:20:28,289 - Evaluate - INFO - ASR Module... Epoch: 0, RSS: 7.20 GB
2026-07-27 00:20:28,291 - Evaluate - INFO - ASR... Epoch: 0, Walltime: 65.220273 CPU time: 390.505811
2026-07-27 00:21:35,224 - Evaluate - INFO - ASR Module... Epoch: 0, RSS: 7.20 GB
2026-07-27 00:21:35,225 - Evaluate - INFO - ASR... Epoch: 0, Walltime: 66.930098 CPU time: 400.747887
2026-07-27 00:22:33,065 - Evaluate - INFO - ASR Module... Epoch: 0, RSS: 7.20 GB
2026-07-27 00:22:33,066 - Evaluate - INFO - ASR... Epoch: 0, Walltime: 57.837759 CPU time: 345.780691
2026-07-27 00:23:44,062 - Evaluate - INFO - ASR Module... Epoch: 0, RSS: 7.20 GB
2026-07-27 00:23:44,063 - Evaluate - INFO - ASR... Epoch: 0, Walltime: 70.993699 CPU time: 425.019427
2026-07-27 00:24:47,748 - Evaluate - INFO - ASR Module... Epoch: 0, RSS: 7.20 GB
2026-07-27 00:24:47,749 - Evaluate - INFO - ASR... Epoch: 0, Walltime: 63.681133 CPU time: 381.291329
2026-07-27 00:25:52,987 - Evaluate - INFO - ASR Module... Epoch: 0, RSS: 7.20 GB
2026-07-27 00:25:52,988 - Evaluate - INFO - ASR... Epoch: 0, Walltime: 65.236525 CPU time: 390.602292
2026-07-27 00:26:54,322 - Evaluate - INFO - ASR Module... Epoch: 0, RSS: 7.20 GB
2026-07-27 00:26:54,323 - Evaluate - INFO - ASR... Epoch: 0, Walltime: 61.330867 CPU time: 367.203977
2026-07-27 00:28:06,109 - Evaluate - INFO - ASR Module... Epoch: 0, RSS: 7.20 GB
2026-07-27 00:28:06,110 - Evaluate - INFO - ASR... Epoch: 0, Walltime: 71.784275 CPU time: 429.818130
2026-07-27 00:29:23,295 - Evaluate - INFO - ASR Module... Epoch: 0, RSS: 7.20 GB
2026-07-27 00:29:23,296 - Evaluate - INFO - ASR... Epoch: 0, Walltime: 77.181437 CPU time: 462.149549
2026-07-27 00:30:11,784 - Evaluate - INFO - ASR Module... Epoch: 0, RSS: 7.20 GB
2026-07-27 00:30:11,785 - Evaluate - INFO - ASR... Epoch: 0, Walltime: 48.484842 CPU time: 290.260017
2026-07-27 00:31:03,251 - Evaluate - INFO - ASR Module... Epoch: 0, RSS: 7.20 GB
2026-07-27 00:31:03,252 - Evaluate - INFO - ASR... Epoch: 0, Walltime: 51.464258 CPU time: 307.491730
2026-07-27 00:31:58,644 - Evaluate - INFO - ASR Module... Epoch: 0, RSS: 7.20 GB
2026-07-27 00:31:58,645 - Evaluate - INFO - ASR... Epoch: 0, Walltime: 55.389002 CPU time: 331.610102
2026-07-27 00:32:56,458 - Evaluate - INFO - ASR Module... Epoch: 0, RSS: 7.20 GB
2026-07-27 00:32:56,459 - Evaluate - INFO - ASR... Epoch: 0, Walltime: 57.811320 CPU time: 346.115440
2026-07-27 00:33:52,208 - Evaluate - INFO - ASR Module... Epoch: 0, RSS: 7.20 GB
2026-07-27 00:33:52,209 - Evaluate - INFO - ASR... Epoch: 0, Walltime: 55.746249 CPU time: 333.319519
2026-07-27 00:34:58,854 - Evaluate - INFO - ASR Module... Epoch: 0, RSS: 7.20 GB
2026-07-27 00:34:58,855 - Evaluate - INFO - ASR... Epoch: 0, Walltime: 66.642773 CPU time: 398.999344
2026-07-27 00:36:04,688 - Evaluate - INFO - ASR Module... Epoch: 0, RSS: 7.20 GB
2026-07-27 00:36:04,688 - Evaluate - INFO - ASR... Epoch: 0, Walltime: 65.829926 CPU time: 394.137601
2026-07-27 00:37:09,750 - Evaluate - INFO - ASR Module... Epoch: 0, RSS: 7.20 GB
2026-07-27 00:37:09,752 - Evaluate - INFO - ASR... Epoch: 0, Walltime: 65.059529 CPU time: 389.517447
2026-07-27 00:38:09,892 - Evaluate - INFO - ASR Module... Epoch: 0, RSS: 7.20 GB
2026-07-27 00:38:09,893 - Evaluate - INFO - ASR... Epoch: 0, Walltime: 60.138282 CPU time: 360.041382
2026-07-27 00:39:16,071 - Evaluate - INFO - ASR Module... Epoch: 0, RSS: 7.20 GB
2026-07-27 00:39:16,072 - Evaluate - INFO - ASR... Epoch: 0, Walltime: 66.175734 CPU time: 396.206773
2026-07-27 00:40:15,299 - Evaluate - INFO - ASR Module... Epoch: 0, RSS: 7.20 GB
2026-07-27 00:40:15,300 - Evaluate - INFO - ASR... Epoch: 0, Walltime: 59.224220 CPU time: 354.584365
2026-07-27 00:41:21,604 - Evaluate - INFO - ASR Module... Epoch: 0, RSS: 7.20 GB
2026-07-27 00:41:21,605 - Evaluate - INFO - ASR... Epoch: 0, Walltime: 66.301612 CPU time: 396.951713
2026-07-27 00:42:22,891 - Evaluate - INFO - ASR Module... Epoch: 0, RSS: 7.20 GB
2026-07-27 00:42:22,893 - Evaluate - INFO - ASR... Epoch: 0, Walltime: 61.284157 CPU time: 366.902371
2026-07-27 00:43:22,145 - Evaluate - INFO - ASR Module... Epoch: 0, RSS: 7.20 GB
2026-07-27 00:43:22,146 - Evaluate - INFO - ASR... Epoch: 0, Walltime: 59.249732 CPU time: 354.534387
2026-07-27 00:44:23,902 - Evaluate - INFO - ASR Module... Epoch: 0, RSS: 7.20 GB
2026-07-27 00:44:23,904 - Evaluate - INFO - ASR... Epoch: 0, Walltime: 61.754336 CPU time: 369.496006
2026-07-27 00:45:17,961 - Evaluate - INFO - ASR Module... Epoch: 0, RSS: 7.20 GB
2026-07-27 00:45:17,963 - Evaluate - INFO - ASR... Epoch: 0, Walltime: 54.055509 CPU time: 323.626114
2026-07-27 00:46:10,324 - Evaluate - INFO - ASR Module... Epoch: 0, RSS: 7.20 GB
2026-07-27 00:46:10,325 - Evaluate - INFO - ASR... Epoch: 0, Walltime: 52.359154 CPU time: 313.460388
2026-07-27 00:47:16,357 - Evaluate - INFO - ASR Module... Epoch: 0, RSS: 7.20 GB
2026-07-27 00:47:16,358 - Evaluate - INFO - ASR... Epoch: 0, Walltime: 66.028933 CPU time: 395.344908
2026-07-27 00:48:18,646 - Evaluate - INFO - ASR Module... Epoch: 0, RSS: 7.20 GB
2026-07-27 00:48:18,647 - Evaluate - INFO - ASR... Epoch: 0, Walltime: 62.285257 CPU time: 371.970181
2026-07-27 00:49:18,921 - Evaluate - INFO - ASR Module... Epoch: 0, RSS: 7.20 GB
2026-07-27 00:49:18,922 - Evaluate - INFO - ASR... Epoch: 0, Walltime: 60.271382 CPU time: 360.846909
2026-07-27 00:50:21,529 - Evaluate - INFO - ASR Module... Epoch: 0, RSS: 7.20 GB
2026-07-27 00:50:21,531 - Evaluate - INFO - ASR... Epoch: 0, Walltime: 62.605194 CPU time: 374.452436
2026-07-27 00:51:23,299 - Evaluate - INFO - ASR Module... Epoch: 0, RSS: 7.20 GB
2026-07-27 00:51:23,300 - Evaluate - INFO - ASR... Epoch: 0, Walltime: 61.766553 CPU time: 369.816424
2026-07-27 00:52:28,402 - Evaluate - INFO - ASR Module... Epoch: 0, RSS: 7.20 GB
2026-07-27 00:52:28,404 - Evaluate - INFO - ASR... Epoch: 0, Walltime: 65.099444 CPU time: 389.776516
2026-07-27 00:53:27,346 - Evaluate - INFO - ASR Module... Epoch: 0, RSS: 7.20 GB
2026-07-27 00:53:27,347 - Evaluate - INFO - ASR... Epoch: 0, Walltime: 58.940226 CPU time: 352.891820
2026-07-27 00:54:26,264 - Evaluate - INFO - ASR Module... Epoch: 0, RSS: 7.20 GB
2026-07-27 00:54:26,265 - Evaluate - INFO - ASR... Epoch: 0, Walltime: 58.913962 CPU time: 352.354380
2026-07-27 00:55:27,260 - Evaluate - INFO - ASR Module... Epoch: 0, RSS: 7.20 GB
2026-07-27 00:55:27,261 - Evaluate - INFO - ASR... Epoch: 0, Walltime: 60.992126 CPU time: 365.181145
2026-07-27 00:56:24,577 - Evaluate - INFO - ASR Module... Epoch: 0, RSS: 7.20 GB
2026-07-27 00:56:24,579 - Evaluate - INFO - ASR... Epoch: 0, Walltime: 57.314527 CPU time: 343.160133
2026-07-27 00:57:22,385 - Evaluate - INFO - ASR Module... Epoch: 0, RSS: 7.20 GB
2026-07-27 00:57:22,386 - Evaluate - INFO - ASR... Epoch: 0, Walltime: 57.804495 CPU time: 346.097902
2026-07-27 00:58:36,964 - Evaluate - INFO - ASR Module... Epoch: 0, RSS: 7.20 GB
2026-07-27 00:58:36,966 - Evaluate - INFO - ASR... Epoch: 0, Walltime: 74.575464 CPU time: 446.529378
2026-07-27 00:59:46,075 - Evaluate - INFO - ASR Module... Epoch: 0, RSS: 7.20 GB
2026-07-27 00:59:46,076 - Evaluate - INFO - ASR... Epoch: 0, Walltime: 69.106065 CPU time: 400.880365
2026-07-27 01:00:44,145 - Evaluate - INFO - ASR Module... Epoch: 0, RSS: 7.20 GB
2026-07-27 01:00:44,146 - Evaluate - INFO - ASR... Epoch: 0, Walltime: 58.066114 CPU time: 347.710134
2026-07-27 01:01:43,869 - Evaluate - INFO - ASR Module... Epoch: 0, RSS: 7.20 GB
2026-07-27 01:01:43,871 - Evaluate - INFO - ASR... Epoch: 0, Walltime: 59.721024 CPU time: 357.616513
2026-07-27 01:02:38,696 - Evaluate - INFO - ASR Module... Epoch: 0, RSS: 7.20 GB
2026-07-27 01:02:38,697 - Evaluate - INFO - ASR... Epoch: 0, Walltime: 54.822218 CPU time: 328.285093
2026-07-27 01:03:42,190 - Evaluate - INFO - ASR Module... Epoch: 0, RSS: 7.20 GB
2026-07-27 01:03:42,191 - Evaluate - INFO - ASR... Epoch: 0, Walltime: 63.490080 CPU time: 379.274674
2026-07-27 01:04:44,914 - Evaluate - INFO - ASR Module... Epoch: 0, RSS: 7.20 GB
2026-07-27 01:04:44,915 - Evaluate - INFO - ASR... Epoch: 0, Walltime: 62.720162 CPU time: 373.950176
2026-07-27 01:05:44,702 - Evaluate - INFO - ASR Module... Epoch: 0, RSS: 7.20 GB
2026-07-27 01:05:44,703 - Evaluate - INFO - ASR... Epoch: 0, Walltime: 59.784339 CPU time: 357.999085
2026-07-27 01:06:51,619 - Evaluate - INFO - ASR Module... Epoch: 0, RSS: 7.20 GB
2026-07-27 01:06:51,620 - Evaluate - INFO - ASR... Epoch: 0, Walltime: 66.914263 CPU time: 400.702175
2026-07-27 01:08:01,702 - Evaluate - INFO - ASR Module... Epoch: 0, RSS: 7.20 GB
2026-07-27 01:08:01,703 - Evaluate - INFO - ASR... Epoch: 0, Walltime: 70.079026 CPU time: 418.732891
2026-07-27 01:09:01,421 - Evaluate - INFO - ASR Module... Epoch: 0, RSS: 7.20 GB
2026-07-27 01:09:01,422 - Evaluate - INFO - ASR... Epoch: 0, Walltime: 59.715250 CPU time: 357.579725
2026-07-27 01:09:58,097 - Evaluate - INFO - ASR Module... Epoch: 0, RSS: 7.20 GB
2026-07-27 01:09:58,098 - Evaluate - INFO - ASR... Epoch: 0, Walltime: 56.672697 CPU time: 339.362027
2026-07-27 01:11:05,921 - Evaluate - INFO - ASR Module... Epoch: 0, RSS: 7.20 GB
2026-07-27 01:11:05,922 - Evaluate - INFO - ASR... Epoch: 0, Walltime: 67.820744 CPU time: 405.471522
2026-07-27 01:12:01,922 - Evaluate - INFO - ASR Module... Epoch: 0, RSS: 7.20 GB
2026-07-27 01:12:01,923 - Evaluate - INFO - ASR... Epoch: 0, Walltime: 55.997615 CPU time: 335.325645
2026-07-27 01:13:06,455 - Evaluate - INFO - ASR Module... Epoch: 0, RSS: 7.20 GB
2026-07-27 01:13:06,457 - Evaluate - INFO - ASR... Epoch: 0, Walltime: 64.529498 CPU time: 386.016651
2026-07-27 01:14:14,774 - Evaluate - INFO - ASR Module... Epoch: 0, RSS: 7.20 GB
2026-07-27 01:14:14,775 - Evaluate - INFO - ASR... Epoch: 0, Walltime: 68.315053 CPU time: 409.055787
2026-07-27 01:15:24,666 - Evaluate - INFO - ASR Module... Epoch: 0, RSS: 7.20 GB
2026-07-27 01:15:24,667 - Evaluate - INFO - ASR... Epoch: 0, Walltime: 69.887732 CPU time: 418.463598
2026-07-27 01:16:26,509 - Evaluate - INFO - ASR Module... Epoch: 0, RSS: 7.20 GB
2026-07-27 01:16:26,510 - Evaluate - INFO - ASR... Epoch: 0, Walltime: 61.838690 CPU time: 370.261217
2026-07-27 01:17:31,832 - Evaluate - INFO - ASR Module... Epoch: 0, RSS: 7.20 GB
2026-07-27 01:17:31,834 - Evaluate - INFO - ASR... Epoch: 0, Walltime: 65.319498 CPU time: 390.981056
2026-07-27 01:18:35,743 - Evaluate - INFO - ASR Module... Epoch: 0, RSS: 7.20 GB
2026-07-27 01:18:35,744 - Evaluate - INFO - ASR... Epoch: 0, Walltime: 63.906414 CPU time: 382.645511
2026-07-27 01:19:53,500 - Evaluate - INFO - ASR Module... Epoch: 0, RSS: 7.20 GB
2026-07-27 01:19:53,501 - Evaluate - INFO - ASR... Epoch: 0, Walltime: 77.753475 CPU time: 465.584789
2026-07-27 01:21:08,199 - Evaluate - INFO - ASR Module... Epoch: 0, RSS: 7.20 GB
2026-07-27 01:21:08,200 - Evaluate - INFO - ASR... Epoch: 0, Walltime: 74.694945 CPU time: 447.218335
2026-07-27 01:22:23,651 - Evaluate - INFO - ASR Module... Epoch: 0, RSS: 7.20 GB
2026-07-27 01:22:23,652 - Evaluate - INFO - ASR... Epoch: 0, Walltime: 75.447681 CPU time: 451.759124
2026-07-27 01:23:38,778 - Evaluate - INFO - ASR Module... Epoch: 0, RSS: 7.20 GB
2026-07-27 01:23:38,779 - Evaluate - INFO - ASR... Epoch: 0, Walltime: 75.122659 CPU time: 449.566368
2026-07-27 01:24:38,088 - Evaluate - INFO - ASR Module... Epoch: 0, RSS: 7.20 GB
2026-07-27 01:24:38,089 - Evaluate - INFO - ASR... Epoch: 0, Walltime: 59.306923 CPU time: 355.086636
2026-07-27 01:25:57,691 - Evaluate - INFO - ASR Module... Epoch: 0, RSS: 7.20 GB
2026-07-27 01:25:57,692 - Evaluate - INFO - ASR... Epoch: 0, Walltime: 79.598732 CPU time: 476.640736
2026-07-27 01:27:07,074 - Evaluate - INFO - ASR Module... Epoch: 0, RSS: 7.20 GB
2026-07-27 01:27:07,075 - Evaluate - INFO - ASR... Epoch: 0, Walltime: 69.378649 CPU time: 415.428387
2026-07-27 01:28:13,920 - Evaluate - INFO - ASR Module... Epoch: 0, RSS: 7.20 GB
2026-07-27 01:28:13,922 - Evaluate - INFO - ASR... Epoch: 0, Walltime: 66.842285 CPU time: 400.216050
2026-07-27 01:29:28,426 - Evaluate - INFO - ASR Module... Epoch: 0, RSS: 7.20 GB
2026-07-27 01:29:28,427 - Evaluate - INFO - ASR... Epoch: 0, Walltime: 74.501342 CPU time: 446.088486
2026-07-27 01:30:27,875 - Evaluate - INFO - ASR Module... Epoch: 0, RSS: 7.20 GB
2026-07-27 01:30:27,876 - Evaluate - INFO - ASR... Epoch: 0, Walltime: 59.444535 CPU time: 355.913183
2026-07-27 01:31:32,868 - Evaluate - INFO - ASR Module... Epoch: 0, RSS: 7.20 GB
2026-07-27 01:31:32,869 - Evaluate - INFO - ASR... Epoch: 0, Walltime: 64.989166 CPU time: 389.120980
2026-07-27 01:32:47,749 - Evaluate - INFO - ASR Module... Epoch: 0, RSS: 7.20 GB
2026-07-27 01:32:47,751 - Evaluate - INFO - ASR... Epoch: 0, Walltime: 74.877161 CPU time: 448.341490
2026-07-27 01:34:12,672 - Evaluate - INFO - ASR Module... Epoch: 0, RSS: 7.20 GB
2026-07-27 01:34:12,673 - Evaluate - INFO - ASR... Epoch: 0, Walltime: 84.917283 CPU time: 508.437088
2026-07-27 01:35:34,421 - Evaluate - INFO - ASR Module... Epoch: 0, RSS: 7.20 GB
2026-07-27 01:35:34,422 - Evaluate - INFO - ASR... Epoch: 0, Walltime: 81.744450 CPU time: 489.444063
2026-07-27 01:36:46,585 - Evaluate - INFO - ASR Module... Epoch: 0, RSS: 7.20 GB
2026-07-27 01:36:46,586 - Evaluate - INFO - ASR... Epoch: 0, Walltime: 72.159697 CPU time: 432.026422
2026-07-27 01:38:11,199 - Evaluate - INFO - ASR Module... Epoch: 0, RSS: 7.20 GB
2026-07-27 01:38:11,200 - Evaluate - INFO - ASR... Epoch: 0, Walltime: 84.609597 CPU time: 506.638893
2026-07-27 01:39:27,596 - Evaluate - INFO - ASR Module... Epoch: 0, RSS: 7.20 GB
2026-07-27 01:39:27,598 - Evaluate - INFO - ASR... Epoch: 0, Walltime: 76.392713 CPU time: 457.394245
2026-07-27 01:40:29,455 - Evaluate - INFO - ASR Module... Epoch: 0, RSS: 7.20 GB
2026-07-27 01:40:29,456 - Evaluate - INFO - ASR... Epoch: 0, Walltime: 61.854729 CPU time: 370.337296
2026-07-27 01:41:53,333 - Evaluate - INFO - ASR Module... Epoch: 0, RSS: 7.20 GB
2026-07-27 01:41:53,334 - Evaluate - INFO - ASR... Epoch: 0, Walltime: 83.873310 CPU time: 502.221060
2026-07-27 01:43:04,504 - Evaluate - INFO - ASR Module... Epoch: 0, RSS: 7.20 GB
2026-07-27 01:43:04,506 - Evaluate - INFO - ASR... Epoch: 0, Walltime: 71.166664 CPU time: 425.412008
2026-07-27 01:44:31,032 - Evaluate - INFO - ASR Module... Epoch: 0, RSS: 7.20 GB
2026-07-27 01:44:31,033 - Evaluate - INFO - ASR... Epoch: 0, Walltime: 86.523541 CPU time: 500.904698
2026-07-27 01:46:09,431 - Evaluate - INFO - ASR Module... Epoch: 0, RSS: 7.20 GB
2026-07-27 01:46:09,432 - Evaluate - INFO - ASR... Epoch: 0, Walltime: 98.394296 CPU time: 567.337017
2026-07-27 01:47:41,741 - Evaluate - INFO - ASR Module... Epoch: 0, RSS: 7.20 GB
2026-07-27 01:47:41,743 - Evaluate - INFO - ASR... Epoch: 0, Walltime: 92.305638 CPU time: 543.408919
2026-07-27 01:48:50,603 - Evaluate - INFO - ASR Module... Epoch: 0, RSS: 7.20 GB
2026-07-27 01:48:50,604 - Evaluate - INFO - ASR... Epoch: 0, Walltime: 68.857192 CPU time: 412.075628
2026-07-27 01:50:03,806 - Evaluate - INFO - ASR Module... Epoch: 0, RSS: 7.20 GB
2026-07-27 01:50:03,807 - Evaluate - INFO - ASR... Epoch: 0, Walltime: 73.198609 CPU time: 438.284649
2026-07-27 01:51:07,815 - Evaluate - INFO - ASR Module... Epoch: 0, RSS: 7.20 GB
2026-07-27 01:51:07,816 - Evaluate - INFO - ASR... Epoch: 0, Walltime: 64.004432 CPU time: 383.231398
2026-07-27 01:52:26,461 - Evaluate - INFO - ASR Module... Epoch: 0, RSS: 7.20 GB
2026-07-27 01:52:26,462 - Evaluate - INFO - ASR... Epoch: 0, Walltime: 78.640868 CPU time: 470.892000
2026-07-27 01:53:49,099 - Evaluate - INFO - ASR Module... Epoch: 0, RSS: 7.20 GB
2026-07-27 01:53:49,101 - Evaluate - INFO - ASR... Epoch: 0, Walltime: 82.633940 CPU time: 494.816979
2026-07-27 01:54:55,470 - Evaluate - INFO - ASR Module... Epoch: 0, RSS: 7.20 GB
2026-07-27 01:54:55,472 - Evaluate - INFO - ASR... Epoch: 0, Walltime: 66.366713 CPU time: 397.381254
2026-07-27 01:55:54,485 - Evaluate - INFO - ASR Module... Epoch: 0, RSS: 7.20 GB
2026-07-27 01:55:54,486 - Evaluate - INFO - ASR... Epoch: 0, Walltime: 59.011135 CPU time: 352.798360
2026-07-27 01:57:16,203 - Evaluate - INFO - ASR Module... Epoch: 0, RSS: 7.20 GB
2026-07-27 01:57:16,204 - Evaluate - INFO - ASR... Epoch: 0, Walltime: 81.713135 CPU time: 488.574616
2026-07-27 01:58:30,995 - Evaluate - INFO - ASR Module... Epoch: 0, RSS: 7.20 GB
2026-07-27 01:58:30,996 - Evaluate - INFO - ASR... Epoch: 0, Walltime: 74.788349 CPU time: 442.983096
2026-07-27 01:59:43,143 - Evaluate - INFO - ASR Module... Epoch: 0, RSS: 7.20 GB
2026-07-27 01:59:43,144 - Evaluate - INFO - ASR... Epoch: 0, Walltime: 72.143969 CPU time: 431.099352
2026-07-27 02:00:49,240 - Evaluate - INFO - ASR Module... Epoch: 0, RSS: 7.20 GB
2026-07-27 02:00:49,241 - Evaluate - INFO - ASR... Epoch: 0, Walltime: 66.092598 CPU time: 395.728274
2026-07-27 02:02:04,521 - Evaluate - INFO - ASR Module... Epoch: 0, RSS: 7.20 GB
2026-07-27 02:02:04,522 - Evaluate - INFO - ASR... Epoch: 0, Walltime: 75.277279 CPU time: 450.733266
2026-07-27 02:03:04,629 - Evaluate - INFO - ASR Module... Epoch: 0, RSS: 7.20 GB
2026-07-27 02:03:04,637 - Evaluate - INFO - ASR... Epoch: 0, Walltime: 60.104371 CPU time: 359.406517
2026-07-27 02:04:17,830 - Evaluate - INFO - ASR Module... Epoch: 0, RSS: 7.20 GB
2026-07-27 02:04:17,841 - Evaluate - INFO - ASR... Epoch: 0, Walltime: 73.189296 CPU time: 438.089754
2026-07-27 02:05:28,862 - Evaluate - INFO - ASR Module... Epoch: 0, RSS: 7.20 GB
2026-07-27 02:05:28,863 - Evaluate - INFO - ASR... Epoch: 0, Walltime: 71.011004 CPU time: 425.179368
2026-07-27 02:06:29,292 - Evaluate - INFO - ASR Module... Epoch: 0, RSS: 7.20 GB
2026-07-27 02:06:29,293 - Evaluate - INFO - ASR... Epoch: 0, Walltime: 60.426012 CPU time: 361.801239
2026-07-27 02:07:26,910 - Evaluate - INFO - ASR Module... Epoch: 0, RSS: 7.20 GB
2026-07-27 02:07:26,919 - Evaluate - INFO - ASR... Epoch: 0, Walltime: 57.615326 CPU time: 344.965567
2026-07-27 02:08:35,729 - Evaluate - INFO - ASR Module... Epoch: 0, RSS: 7.20 GB
2026-07-27 02:08:35,730 - Evaluate - INFO - ASR... Epoch: 0, Walltime: 68.806476 CPU time: 411.658194
2026-07-27 02:09:34,200 - Evaluate - INFO - ASR Module... Epoch: 0, RSS: 7.20 GB
2026-07-27 02:09:34,206 - Evaluate - INFO - ASR... Epoch: 0, Walltime: 58.467941 CPU time: 349.390654
2026-07-27 02:10:47,452 - Evaluate - INFO - ASR Module... Epoch: 0, RSS: 7.20 GB
2026-07-27 02:10:47,453 - Evaluate - INFO - ASR... Epoch: 0, Walltime: 73.239732 CPU time: 438.491657
2026-07-27 02:12:04,302 - Evaluate - INFO - ASR Module... Epoch: 0, RSS: 7.20 GB
2026-07-27 02:12:04,303 - Evaluate - INFO - ASR... Epoch: 0, Walltime: 76.845464 CPU time: 459.335974
2026-07-27 02:13:29,109 - Evaluate - INFO - ASR Module... Epoch: 0, RSS: 7.20 GB
2026-07-27 02:13:29,110 - Evaluate - INFO - ASR... Epoch: 0, Walltime: 84.803198 CPU time: 507.778259
2026-07-27 02:14:40,411 - Evaluate - INFO - ASR Module... Epoch: 0, RSS: 7.20 GB
2026-07-27 02:14:40,413 - Evaluate - INFO - ASR... Epoch: 0, Walltime: 71.298421 CPU time: 426.916780
2026-07-27 02:16:00,620 - Evaluate - INFO - ASR Module... Epoch: 0, RSS: 7.20 GB
2026-07-27 02:16:00,622 - Evaluate - INFO - ASR... Epoch: 0, Walltime: 80.205293 CPU time: 480.260856
2026-07-27 02:17:08,219 - Evaluate - INFO - ASR Module... Epoch: 0, RSS: 7.20 GB
2026-07-27 02:17:08,220 - Evaluate - INFO - ASR... Epoch: 0, Walltime: 67.594895 CPU time: 404.720596
2026-07-27 02:18:14,155 - Evaluate - INFO - ASR Module... Epoch: 0, RSS: 7.20 GB
2026-07-27 02:18:14,156 - Evaluate - INFO - ASR... Epoch: 0, Walltime: 65.932784 CPU time: 394.770277
2026-07-27 02:19:26,492 - Evaluate - INFO - ASR Module... Epoch: 0, RSS: 7.20 GB
2026-07-27 02:19:26,501 - Evaluate - INFO - ASR... Epoch: 0, Walltime: 72.332853 CPU time: 433.099831
2026-07-27 02:20:38,897 - Evaluate - INFO - ASR Module... Epoch: 0, RSS: 7.20 GB
2026-07-27 02:20:38,898 - Evaluate - INFO - ASR... Epoch: 0, Walltime: 72.388944 CPU time: 433.437962
2026-07-27 02:21:45,897 - Evaluate - INFO - ASR Module... Epoch: 0, RSS: 7.20 GB
2026-07-27 02:21:45,898 - Evaluate - INFO - ASR... Epoch: 0, Walltime: 66.996229 CPU time: 401.138413
2026-07-27 02:22:50,689 - Evaluate - INFO - ASR Module... Epoch: 0, RSS: 7.20 GB
2026-07-27 02:22:50,690 - Evaluate - INFO - ASR... Epoch: 0, Walltime: 64.788910 CPU time: 387.918115
2026-07-27 02:24:07,498 - Evaluate - INFO - ASR Module... Epoch: 0, RSS: 7.20 GB
2026-07-27 02:24:07,499 - Evaluate - INFO - ASR... Epoch: 0, Walltime: 76.804492 CPU time: 459.885457
2026-07-27 02:25:21,483 - Evaluate - INFO - ASR Module... Epoch: 0, RSS: 7.20 GB
2026-07-27 02:25:21,484 - Evaluate - INFO - ASR... Epoch: 0, Walltime: 73.981063 CPU time: 442.969432
2026-07-27 02:26:29,531 - Evaluate - INFO - ASR Module... Epoch: 0, RSS: 7.20 GB
2026-07-27 02:26:29,532 - Evaluate - INFO - ASR... Epoch: 0, Walltime: 68.044901 CPU time: 406.966255
2026-07-27 02:27:29,907 - Evaluate - INFO - ASR Module... Epoch: 0, RSS: 7.20 GB
2026-07-27 02:27:29,908 - Evaluate - INFO - ASR... Epoch: 0, Walltime: 60.372133 CPU time: 361.456468
2026-07-27 02:28:23,054 - Evaluate - INFO - ASR Module... Epoch: 0, RSS: 7.20 GB
2026-07-27 02:28:23,055 - Evaluate - INFO - ASR... Epoch: 0, Walltime: 53.143276 CPU time: 318.164254
2026-07-27 02:29:34,379 - Evaluate - INFO - ASR Module... Epoch: 0, RSS: 7.20 GB
2026-07-27 02:29:34,380 - Evaluate - INFO - ASR... Epoch: 0, Walltime: 71.320945 CPU time: 427.030493
2026-07-27 02:30:38,852 - Evaluate - INFO - ASR Module... Epoch: 0, RSS: 7.20 GB
2026-07-27 02:30:38,854 - Evaluate - INFO - ASR... Epoch: 0, Walltime: 64.470139 CPU time: 386.004627
2026-07-27 02:31:38,064 - Evaluate - INFO - ASR Module... Epoch: 0, RSS: 7.20 GB
2026-07-27 02:31:38,065 - Evaluate - INFO - ASR... Epoch: 0, Walltime: 59.207482 CPU time: 354.483853
2026-07-27 02:32:58,153 - Evaluate - INFO - ASR Module... Epoch: 0, RSS: 7.20 GB
2026-07-27 02:32:58,154 - Evaluate - INFO - ASR... Epoch: 0, Walltime: 80.086308 CPU time: 470.028579
2026-07-27 02:34:07,914 - Evaluate - INFO - ASR Module... Epoch: 0, RSS: 7.20 GB
2026-07-27 02:34:07,915 - Evaluate - INFO - ASR... Epoch: 0, Walltime: 69.756401 CPU time: 417.683596
2026-07-27 02:35:31,098 - Evaluate - INFO - ASR Module... Epoch: 0, RSS: 7.20 GB
2026-07-27 02:35:31,099 - Evaluate - INFO - ASR... Epoch: 0, Walltime: 83.180530 CPU time: 487.700877
2026-07-27 02:36:39,081 - Evaluate - INFO - ASR Module... Epoch: 0, RSS: 7.20 GB
2026-07-27 02:36:39,082 - Evaluate - INFO - ASR... Epoch: 0, Walltime: 67.979000 CPU time: 407.033935
2026-07-27 02:37:54,801 - Evaluate - INFO - ASR Module... Epoch: 0, RSS: 7.20 GB
2026-07-27 02:37:54,805 - Evaluate - INFO - ASR... Epoch: 0, Walltime: 75.715488 CPU time: 451.783172
2026-07-27 02:38:54,065 - Evaluate - INFO - ASR Module... Epoch: 0, RSS: 7.20 GB
2026-07-27 02:38:54,066 - Evaluate - INFO - ASR... Epoch: 0, Walltime: 59.257565 CPU time: 354.751776
2026-07-27 02:40:03,913 - Evaluate - INFO - ASR Module... Epoch: 0, RSS: 7.20 GB
2026-07-27 02:40:03,914 - Evaluate - INFO - ASR... Epoch: 0, Walltime: 69.843958 CPU time: 418.188496
2026-07-27 02:41:33,792 - Evaluate - INFO - ASR Module... Epoch: 0, RSS: 7.20 GB
2026-07-27 02:41:33,808 - Evaluate - INFO - ASR... Epoch: 0, Walltime: 89.873915 CPU time: 538.127889
2026-07-27 02:42:59,909 - Evaluate - INFO - ASR Module... Epoch: 0, RSS: 7.20 GB
2026-07-27 02:42:59,910 - Evaluate - INFO - ASR... Epoch: 0, Walltime: 86.092418 CPU time: 515.466025
2026-07-27 02:44:21,004 - Evaluate - INFO - ASR Module... Epoch: 0, RSS: 7.20 GB
2026-07-27 02:44:21,005 - Evaluate - INFO - ASR... Epoch: 0, Walltime: 81.089739 CPU time: 485.526714
2026-07-27 02:45:42,297 - Evaluate - INFO - ASR Module... Epoch: 0, RSS: 7.20 GB
2026-07-27 02:45:42,298 - Evaluate - INFO - ASR... Epoch: 0, Walltime: 81.288464 CPU time: 485.301467
2026-07-27 02:47:08,849 - Evaluate - INFO - ASR Module... Epoch: 0, RSS: 7.20 GB
2026-07-27 02:47:08,850 - Evaluate - INFO - ASR... Epoch: 0, Walltime: 86.547762 CPU time: 518.216098
2026-07-27 02:49:07,050 - Evaluate - INFO - ASR Module... Epoch: 0, RSS: 7.20 GB
2026-07-27 02:49:07,052 - Evaluate - INFO - ASR... Epoch: 0, Walltime: 118.195584 CPU time: 707.736408
2026-07-27 02:51:00,392 - Evaluate - INFO - ASR Module... Epoch: 0, RSS: 7.20 GB
2026-07-27 02:51:00,393 - Evaluate - INFO - ASR... Epoch: 0, Walltime: 113.335430 CPU time: 678.506886
2026-07-27 02:52:27,015 - Evaluate - INFO - ASR Module... Epoch: 0, RSS: 7.20 GB
2026-07-27 02:52:27,017 - Evaluate - INFO - ASR... Epoch: 0, Walltime: 86.618364 CPU time: 518.590220
2026-07-27 02:54:26,531 - Evaluate - INFO - ASR Module... Epoch: 0, RSS: 7.20 GB
2026-07-27 02:54:26,532 - Evaluate - INFO - ASR... Epoch: 0, Walltime: 119.510141 CPU time: 714.421193
2026-07-27 02:55:32,225 - Evaluate - INFO - ASR Module... Epoch: 0, RSS: 7.20 GB
2026-07-27 02:55:32,226 - Evaluate - INFO - ASR... Epoch: 0, Walltime: 65.689212 CPU time: 388.299692
2026-07-27 02:57:31,839 - Evaluate - INFO - ASR Module... Epoch: 0, RSS: 7.20 GB
2026-07-27 02:57:31,840 - Evaluate - INFO - ASR... Epoch: 0, Walltime: 119.607692 CPU time: 716.193207
2026-07-27 02:59:42,022 - Evaluate - INFO - ASR Module... Epoch: 0, RSS: 7.20 GB
2026-07-27 02:59:42,023 - Evaluate - INFO - ASR... Epoch: 0, Walltime: 130.176650 CPU time: 779.536024
2026-07-27 03:01:27,104 - Evaluate - INFO - ASR Module... Epoch: 0, RSS: 7.20 GB
2026-07-27 03:01:27,105 - Evaluate - INFO - ASR... Epoch: 0, Walltime: 105.075938 CPU time: 629.157952
2026-07-27 03:03:12,002 - Evaluate - INFO - ASR Module... Epoch: 0, RSS: 7.20 GB
2026-07-27 03:03:12,003 - Evaluate - INFO - ASR... Epoch: 0, Walltime: 104.892507 CPU time: 626.463467
2026-07-27 03:05:00,676 - Evaluate - INFO - ASR Module... Epoch: 0, RSS: 7.20 GB
2026-07-27 03:05:00,678 - Evaluate - INFO - ASR... Epoch: 0, Walltime: 108.668461 CPU time: 650.750448
2026-07-27 03:06:05,341 - Evaluate - INFO - ASR Module... Epoch: 0, RSS: 7.20 GB
2026-07-27 03:06:05,342 - Evaluate - INFO - ASR... Epoch: 0, Walltime: 64.659973 CPU time: 387.155255
2026-07-27 03:07:24,978 - Evaluate - INFO - ASR Module... Epoch: 0, RSS: 7.20 GB
2026-07-27 03:07:24,979 - Evaluate - INFO - ASR... Epoch: 0, Walltime: 79.632717 CPU time: 476.817575
2026-07-27 03:08:22,922 - Evaluate - INFO - ASR Module... Epoch: 0, RSS: 7.20 GB
2026-07-27 03:08:22,923 - Evaluate - INFO - ASR... Epoch: 0, Walltime: 57.940579 CPU time: 346.105915
2026-07-27 03:09:55,948 - Evaluate - INFO - ASR Module... Epoch: 0, RSS: 7.20 GB
2026-07-27 03:09:55,949 - Evaluate - INFO - ASR... Epoch: 0, Walltime: 93.022351 CPU time: 557.032137
2026-07-27 03:11:27,843 - Evaluate - INFO - ASR Module... Epoch: 0, RSS: 7.20 GB
2026-07-27 03:11:27,844 - Evaluate - INFO - ASR... Epoch: 0, Walltime: 91.890027 CPU time: 550.254623
2026-07-27 03:12:26,514 - Evaluate - INFO - ASR Module... Epoch: 0, RSS: 7.20 GB
2026-07-27 03:12:26,515 - Evaluate - INFO - ASR... Epoch: 0, Walltime: 58.666950 CPU time: 350.797842
2026-07-27 03:13:48,255 - Evaluate - INFO - ASR Module... Epoch: 0, RSS: 7.20 GB
2026-07-27 03:13:48,256 - Evaluate - INFO - ASR... Epoch: 0, Walltime: 81.737095 CPU time: 482.572651
2026-07-27 03:15:29,747 - Evaluate - INFO - ASR Module... Epoch: 0, RSS: 7.20 GB
2026-07-27 03:15:29,748 - Evaluate - INFO - ASR... Epoch: 0, Walltime: 101.487552 CPU time: 607.695285
2026-07-27 03:17:04,325 - Evaluate - INFO - ASR Module... Epoch: 0, RSS: 7.20 GB
2026-07-27 03:17:04,326 - Evaluate - INFO - ASR... Epoch: 0, Walltime: 94.572353 CPU time: 565.450939
2026-07-27 03:18:44,742 - Evaluate - INFO - ASR Module... Epoch: 0, RSS: 7.20 GB
2026-07-27 03:18:44,743 - Evaluate - INFO - ASR... Epoch: 0, Walltime: 100.412303 CPU time: 600.513669
2026-07-27 03:20:01,977 - Evaluate - INFO - ASR Module... Epoch: 0, RSS: 7.20 GB
2026-07-27 03:20:01,978 - Evaluate - INFO - ASR... Epoch: 0, Walltime: 77.229946 CPU time: 462.409095
2026-07-27 03:21:05,468 - Evaluate - INFO - ASR Module... Epoch: 0, RSS: 7.20 GB
2026-07-27 03:21:05,469 - Evaluate - INFO - ASR... Epoch: 0, Walltime: 63.487583 CPU time: 380.121169
2026-07-27 03:22:31,769 - Evaluate - INFO - ASR Module... Epoch: 0, RSS: 7.20 GB
2026-07-27 03:22:31,770 - Evaluate - INFO - ASR... Epoch: 0, Walltime: 86.297350 CPU time: 513.586637
2026-07-27 03:23:58,492 - Evaluate - INFO - ASR Module... Epoch: 0, RSS: 7.20 GB
2026-07-27 03:23:58,493 - Evaluate - INFO - ASR... Epoch: 0, Walltime: 86.718833 CPU time: 518.612453
2026-07-27 03:24:57,736 - Evaluate - INFO - ASR Module... Epoch: 0, RSS: 7.20 GB
2026-07-27 03:24:57,737 - Evaluate - INFO - ASR... Epoch: 0, Walltime: 59.239781 CPU time: 354.671987
2026-07-27 03:26:19,924 - Evaluate - INFO - ASR Module... Epoch: 0, RSS: 7.20 GB
2026-07-27 03:26:19,925 - Evaluate - INFO - ASR... Epoch: 0, Walltime: 82.184211 CPU time: 492.077149
2026-07-27 03:27:30,208 - Evaluate - INFO - ASR Module... Epoch: 0, RSS: 7.20 GB
2026-07-27 03:27:30,209 - Evaluate - INFO - ASR... Epoch: 0, Walltime: 70.280634 CPU time: 420.333635
2026-07-27 03:28:58,245 - Evaluate - INFO - ASR Module... Epoch: 0, RSS: 7.20 GB
2026-07-27 03:28:58,246 - Evaluate - INFO - ASR... Epoch: 0, Walltime: 88.032649 CPU time: 525.377470
2026-07-27 03:30:40,247 - Evaluate - INFO - ASR Module... Epoch: 0, RSS: 7.20 GB
2026-07-27 03:30:40,248 - Evaluate - INFO - ASR... Epoch: 0, Walltime: 101.997187 CPU time: 610.724440
2026-07-27 03:31:53,944 - Evaluate - INFO - ASR Module... Epoch: 0, RSS: 7.20 GB
2026-07-27 03:31:53,945 - Evaluate - INFO - ASR... Epoch: 0, Walltime: 73.692149 CPU time: 441.031482
2026-07-27 03:33:05,720 - Evaluate - INFO - ASR Module... Epoch: 0, RSS: 7.20 GB
2026-07-27 03:33:05,721 - Evaluate - INFO - ASR... Epoch: 0, Walltime: 71.772224 CPU time: 429.731906
2026-07-27 03:34:24,157 - Evaluate - INFO - ASR Module... Epoch: 0, RSS: 7.20 GB
2026-07-27 03:34:24,158 - Evaluate - INFO - ASR... Epoch: 0, Walltime: 78.432738 CPU time: 469.631804
2026-07-27 03:35:36,826 - Evaluate - INFO - ASR Module... Epoch: 0, RSS: 7.20 GB
2026-07-27 03:35:36,827 - Evaluate - INFO - ASR... Epoch: 0, Walltime: 72.665044 CPU time: 435.078219
2026-07-27 03:36:54,259 - Evaluate - INFO - ASR Module... Epoch: 0, RSS: 7.20 GB
2026-07-27 03:36:54,260 - Evaluate - INFO - ASR... Epoch: 0, Walltime: 77.428833 CPU time: 463.561231
2026-07-27 03:37:58,907 - Evaluate - INFO - ASR Module... Epoch: 0, RSS: 7.20 GB
2026-07-27 03:37:58,908 - Evaluate - INFO - ASR... Epoch: 0, Walltime: 64.643816 CPU time: 386.995139
2026-07-27 03:39:26,701 - Evaluate - INFO - ASR Module... Epoch: 0, RSS: 7.20 GB
2026-07-27 03:39:26,702 - Evaluate - INFO - ASR... Epoch: 0, Walltime: 87.789584 CPU time: 525.676861
2026-07-27 03:40:53,341 - Evaluate - INFO - ASR Module... Epoch: 0, RSS: 7.20 GB
2026-07-27 03:40:53,342 - Evaluate - INFO - ASR... Epoch: 0, Walltime: 86.635706 CPU time: 518.768188
2026-07-27 03:42:14,917 - Evaluate - INFO - ASR Module... Epoch: 0, RSS: 7.20 GB
2026-07-27 03:42:14,918 - Evaluate - INFO - ASR... Epoch: 0, Walltime: 81.571504 CPU time: 488.391900
2026-07-27 03:43:21,253 - Evaluate - INFO - ASR Module... Epoch: 0, RSS: 7.20 GB
2026-07-27 03:43:21,254 - Evaluate - INFO - ASR... Epoch: 0, Walltime: 66.332115 CPU time: 397.133547
2026-07-27 03:45:07,758 - Evaluate - INFO - ASR Module... Epoch: 0, RSS: 7.20 GB
2026-07-27 03:45:07,759 - Evaluate - INFO - ASR... Epoch: 0, Walltime: 106.500311 CPU time: 624.267311
2026-07-27 03:46:54,322 - Evaluate - INFO - ASR Module... Epoch: 0, RSS: 7.20 GB
2026-07-27 03:46:54,323 - Evaluate - INFO - ASR... Epoch: 0, Walltime: 106.559330 CPU time: 638.113641
2026-07-27 03:48:14,257 - Evaluate - INFO - ASR Module... Epoch: 0, RSS: 7.20 GB
2026-07-27 03:48:14,258 - Evaluate - INFO - ASR... Epoch: 0, Walltime: 79.930332 CPU time: 478.601771
2026-07-27 03:49:49,962 - Evaluate - INFO - ASR Module... Epoch: 0, RSS: 7.20 GB
2026-07-27 03:49:49,963 - Evaluate - INFO - ASR... Epoch: 0, Walltime: 95.700799 CPU time: 573.071885
2026-07-27 03:51:24,295 - Evaluate - INFO - ASR Module... Epoch: 0, RSS: 7.20 GB
2026-07-27 03:51:24,296 - Evaluate - INFO - ASR... Epoch: 0, Walltime: 94.327600 CPU time: 564.837573
2026-07-27 03:52:48,942 - Evaluate - INFO - ASR Module... Epoch: 0, RSS: 7.20 GB
2026-07-27 03:52:48,944 - Evaluate - INFO - ASR... Epoch: 0, Walltime: 84.642875 CPU time: 503.020642
2026-07-27 03:54:29,786 - Evaluate - INFO - ASR Module... Epoch: 0, RSS: 7.20 GB
2026-07-27 03:54:29,787 - Evaluate - INFO - ASR... Epoch: 0, Walltime: 100.839103 CPU time: 603.823866
2026-07-27 03:56:00,375 - Evaluate - INFO - ASR Module... Epoch: 0, RSS: 7.20 GB
2026-07-27 03:56:00,376 - Evaluate - INFO - ASR... Epoch: 0, Walltime: 90.583984 CPU time: 542.422700
2026-07-27 03:58:17,989 - Evaluate - INFO - ASR Module... Epoch: 0, RSS: 7.20 GB
2026-07-27 03:58:17,990 - Evaluate - INFO - ASR... Epoch: 0, Walltime: 137.608596 CPU time: 823.894407
2026-07-27 04:00:13,545 - Evaluate - INFO - ASR Module... Epoch: 0, RSS: 7.20 GB
2026-07-27 04:00:13,546 - Evaluate - INFO - ASR... Epoch: 0, Walltime: 115.549762 CPU time: 687.838438
2026-07-27 04:02:04,199 - Evaluate - INFO - ASR Module... Epoch: 0, RSS: 7.20 GB
2026-07-27 04:02:04,201 - Evaluate - INFO - ASR... Epoch: 0, Walltime: 110.649373 CPU time: 654.401245
2026-07-27 04:03:47,010 - Evaluate - INFO - ASR Module... Epoch: 0, RSS: 7.20 GB
2026-07-27 04:03:47,011 - Evaluate - INFO - ASR... Epoch: 0, Walltime: 102.805275 CPU time: 611.746761
2026-07-27 04:04:52,517 - Evaluate - INFO - ASR Module... Epoch: 0, RSS: 7.20 GB
2026-07-27 04:04:52,518 - Evaluate - INFO - ASR... Epoch: 0, Walltime: 65.502958 CPU time: 392.192929
2026-07-27 04:06:06,144 - Evaluate - INFO - ASR Module... Epoch: 0, RSS: 7.20 GB
2026-07-27 04:06:06,145 - Evaluate - INFO - ASR... Epoch: 0, Walltime: 73.623811 CPU time: 437.625963
2026-07-27 04:07:14,367 - Evaluate - INFO - ASR Module... Epoch: 0, RSS: 7.20 GB
2026-07-27 04:07:14,368 - Evaluate - INFO - ASR... Epoch: 0, Walltime: 68.219109 CPU time: 408.480564
2026-07-27 04:08:21,448 - Evaluate - INFO - ASR Module... Epoch: 0, RSS: 7.20 GB
2026-07-27 04:08:21,449 - Evaluate - INFO - ASR... Epoch: 0, Walltime: 67.077331 CPU time: 401.620729
2026-07-27 04:09:14,269 - Evaluate - INFO - ASR Module... Epoch: 0, RSS: 7.20 GB
2026-07-27 04:09:14,270 - Evaluate - INFO - ASR... Epoch: 0, Walltime: 52.817801 CPU time: 316.220225
2026-07-27 04:10:26,941 - Evaluate - INFO - ASR Module... Epoch: 0, RSS: 7.20 GB
2026-07-27 04:10:26,942 - Evaluate - INFO - ASR... Epoch: 0, Walltime: 72.669202 CPU time: 435.115613
2026-07-27 04:11:33,617 - Evaluate - INFO - ASR Module... Epoch: 0, RSS: 7.20 GB
2026-07-27 04:11:33,618 - Evaluate - INFO - ASR... Epoch: 0, Walltime: 66.672249 CPU time: 399.186534
2026-07-27 04:12:45,091 - Evaluate - INFO - ASR Module... Epoch: 0, RSS: 7.20 GB
2026-07-27 04:12:45,092 - Evaluate - INFO - ASR... Epoch: 0, Walltime: 71.470321 CPU time: 427.928578
2026-07-27 04:14:04,676 - Evaluate - INFO - ASR Module... Epoch: 0, RSS: 7.20 GB
2026-07-27 04:14:04,677 - Evaluate - INFO - ASR... Epoch: 0, Walltime: 79.580333 CPU time: 476.501380
2026-07-27 04:15:27,083 - Evaluate - INFO - ASR Module... Epoch: 0, RSS: 7.20 GB
2026-07-27 04:15:27,084 - Evaluate - INFO - ASR... Epoch: 0, Walltime: 82.403152 CPU time: 492.980623
2026-07-27 04:16:53,413 - Evaluate - INFO - ASR Module... Epoch: 0, RSS: 7.20 GB
2026-07-27 04:16:53,414 - Evaluate - INFO - ASR... Epoch: 0, Walltime: 86.325322 CPU time: 516.928236
2026-07-27 04:17:54,751 - Evaluate - INFO - ASR Module... Epoch: 0, RSS: 7.20 GB
2026-07-27 04:17:54,753 - Evaluate - INFO - ASR... Epoch: 0, Walltime: 61.335209 CPU time: 367.234512
2026-07-27 04:19:09,443 - Evaluate - INFO - ASR Module... Epoch: 0, RSS: 7.20 GB
2026-07-27 04:19:09,445 - Evaluate - INFO - ASR... Epoch: 0, Walltime: 74.688184 CPU time: 445.479407
2026-07-27 04:20:21,671 - Evaluate - INFO - ASR Module... Epoch: 0, RSS: 7.20 GB
2026-07-27 04:20:21,672 - Evaluate - INFO - ASR... Epoch: 0, Walltime: 72.223396 CPU time: 432.459967
2026-07-27 04:21:34,430 - Evaluate - INFO - ASR Module... Epoch: 0, RSS: 7.20 GB
2026-07-27 04:21:34,431 - Evaluate - INFO - ASR... Epoch: 0, Walltime: 72.755311 CPU time: 435.642734
2026-07-27 04:22:42,049 - Evaluate - INFO - ASR Module... Epoch: 0, RSS: 7.20 GB
2026-07-27 04:22:42,050 - Evaluate - INFO - ASR... Epoch: 0, Walltime: 67.615343 CPU time: 404.861488
2026-07-27 04:24:09,604 - Evaluate - INFO - ASR Module... Epoch: 0, RSS: 7.20 GB
2026-07-27 04:24:09,605 - Evaluate - INFO - ASR... Epoch: 0, Walltime: 87.551331 CPU time: 524.065707
2026-07-27 04:25:50,630 - Evaluate - INFO - ASR Module... Epoch: 0, RSS: 7.20 GB
2026-07-27 04:25:50,631 - Evaluate - INFO - ASR... Epoch: 0, Walltime: 101.020694 CPU time: 604.897969
2026-07-27 04:27:12,334 - Evaluate - INFO - ASR Module... Epoch: 0, RSS: 7.20 GB
2026-07-27 04:27:12,335 - Evaluate - INFO - ASR... Epoch: 0, Walltime: 81.699041 CPU time: 483.791098
2026-07-27 04:29:06,306 - Evaluate - INFO - ASR Module... Epoch: 0, RSS: 7.20 GB
2026-07-27 04:29:06,308 - Evaluate - INFO - ASR... Epoch: 0, Walltime: 113.967552 CPU time: 682.458618
2026-07-27 04:30:34,403 - Evaluate - INFO - ASR Module... Epoch: 0, RSS: 7.20 GB
2026-07-27 04:30:34,404 - Evaluate - INFO - ASR... Epoch: 0, Walltime: 88.091889 CPU time: 524.472925
2026-07-27 04:31:44,856 - Evaluate - INFO - ASR Module... Epoch: 0, RSS: 7.20 GB
2026-07-27 04:31:44,857 - Evaluate - INFO - ASR... Epoch: 0, Walltime: 70.448810 CPU time: 421.813102
2026-07-27 04:32:42,114 - Evaluate - INFO - ASR Module... Epoch: 0, RSS: 7.20 GB
2026-07-27 04:32:42,115 - Evaluate - INFO - ASR... Epoch: 0, Walltime: 57.254691 CPU time: 342.787753
2026-07-27 04:33:52,163 - Evaluate - INFO - ASR Module... Epoch: 0, RSS: 7.20 GB
2026-07-27 04:33:52,164 - Evaluate - INFO - ASR... Epoch: 0, Walltime: 70.046046 CPU time: 419.401350
2026-07-27 04:35:11,587 - Evaluate - INFO - ASR Module... Epoch: 0, RSS: 7.20 GB
2026-07-27 04:35:11,588 - Evaluate - INFO - ASR... Epoch: 0, Walltime: 79.419889 CPU time: 475.550474
2026-07-27 04:36:20,369 - Evaluate - INFO - ASR Module... Epoch: 0, RSS: 7.20 GB
2026-07-27 04:36:20,370 - Evaluate - INFO - ASR... Epoch: 0, Walltime: 68.778627 CPU time: 411.805249
2026-07-27 04:37:25,191 - Evaluate - INFO - ASR Module... Epoch: 0, RSS: 7.20 GB
2026-07-27 04:37:25,192 - Evaluate - INFO - ASR... Epoch: 0, Walltime: 64.818431 CPU time: 388.079995
2026-07-27 04:38:27,586 - Evaluate - INFO - ASR Module... Epoch: 0, RSS: 7.20 GB
2026-07-27 04:38:27,587 - Evaluate - INFO - ASR... Epoch: 0, Walltime: 62.391437 CPU time: 373.565548
2026-07-27 04:39:39,290 - Evaluate - INFO - ASR Module... Epoch: 0, RSS: 7.20 GB
2026-07-27 04:39:39,291 - Evaluate - INFO - ASR... Epoch: 0, Walltime: 71.700253 CPU time: 429.129783
2026-07-27 04:40:42,396 - Evaluate - INFO - ASR Module... Epoch: 0, RSS: 7.20 GB
2026-07-27 04:40:42,397 - Evaluate - INFO - ASR... Epoch: 0, Walltime: 63.102568 CPU time: 377.812863
2026-07-27 04:41:56,941 - Evaluate - INFO - ASR Module... Epoch: 0, RSS: 7.20 GB
2026-07-27 04:41:56,942 - Evaluate - INFO - ASR... Epoch: 0, Walltime: 74.541190 CPU time: 446.267729
2026-07-27 04:42:58,206 - Evaluate - INFO - ASR Module... Epoch: 0, RSS: 7.20 GB
2026-07-27 04:42:58,207 - Evaluate - INFO - ASR... Epoch: 0, Walltime: 61.261041 CPU time: 366.766716
2026-07-27 04:44:11,572 - Evaluate - INFO - ASR Module... Epoch: 0, RSS: 7.20 GB
2026-07-27 04:44:11,573 - Evaluate - INFO - ASR... Epoch: 0, Walltime: 73.362042 CPU time: 439.250737
2026-07-27 04:45:14,056 - Evaluate - INFO - ASR Module... Epoch: 0, RSS: 7.20 GB
2026-07-27 04:45:14,057 - Evaluate - INFO - ASR... Epoch: 0, Walltime: 62.480574 CPU time: 374.081604
2026-07-27 04:46:22,531 - Evaluate - INFO - ASR Module... Epoch: 0, RSS: 7.20 GB
2026-07-27 04:46:22,532 - Evaluate - INFO - ASR... Epoch: 0, Walltime: 68.471139 CPU time: 409.965039
2026-07-27 04:47:32,135 - Evaluate - INFO - ASR Module... Epoch: 0, RSS: 7.20 GB
2026-07-27 04:47:32,136 - Evaluate - INFO - ASR... Epoch: 0, Walltime: 69.599996 CPU time: 416.729765
2026-07-27 04:48:34,537 - Evaluate - INFO - ASR Module... Epoch: 0, RSS: 7.20 GB
2026-07-27 04:48:34,538 - Evaluate - INFO - ASR... Epoch: 0, Walltime: 62.398950 CPU time: 373.596881
2026-07-27 04:49:34,242 - Evaluate - INFO - ASR Module... Epoch: 0, RSS: 7.20 GB
2026-07-27 04:49:34,243 - Evaluate - INFO - ASR... Epoch: 0, Walltime: 59.701746 CPU time: 357.446454
2026-07-27 04:50:45,031 - Evaluate - INFO - ASR Module... Epoch: 0, RSS: 7.20 GB
2026-07-27 04:50:45,032 - Evaluate - INFO - ASR... Epoch: 0, Walltime: 70.785132 CPU time: 423.814952
2026-07-27 04:51:50,249 - Evaluate - INFO - ASR Module... Epoch: 0, RSS: 7.20 GB
2026-07-27 04:51:50,250 - Evaluate - INFO - ASR... Epoch: 0, Walltime: 65.215051 CPU time: 390.460053
2026-07-27 04:52:54,142 - Evaluate - INFO - ASR Module... Epoch: 0, RSS: 7.20 GB
2026-07-27 04:52:54,143 - Evaluate - INFO - ASR... Epoch: 0, Walltime: 63.889126 CPU time: 382.214746
2026-07-27 04:54:02,013 - Evaluate - INFO - ASR Module... Epoch: 0, RSS: 7.20 GB
2026-07-27 04:54:02,014 - Evaluate - INFO - ASR... Epoch: 0, Walltime: 67.867902 CPU time: 406.135505
2026-07-27 04:55:00,573 - Evaluate - INFO - ASR Module... Epoch: 0, RSS: 7.20 GB
2026-07-27 04:55:00,574 - Evaluate - INFO - ASR... Epoch: 0, Walltime: 58.557016 CPU time: 350.579622
2026-07-27 04:55:56,831 - Evaluate - INFO - ASR Module... Epoch: 0, RSS: 7.20 GB
2026-07-27 04:55:56,832 - Evaluate - INFO - ASR... Epoch: 0, Walltime: 56.254253 CPU time: 336.741649
2026-07-27 04:56:56,260 - Evaluate - INFO - ASR Module... Epoch: 0, RSS: 7.20 GB
2026-07-27 04:56:56,261 - Evaluate - INFO - ASR... Epoch: 0, Walltime: 59.425881 CPU time: 355.797227
2026-07-27 04:58:09,643 - Evaluate - INFO - ASR Module... Epoch: 0, RSS: 7.20 GB
2026-07-27 04:58:09,644 - Evaluate - INFO - ASR... Epoch: 0, Walltime: 73.379385 CPU time: 439.362455
2026-07-27 04:59:13,036 - Evaluate - INFO - ASR Module... Epoch: 0, RSS: 7.20 GB
2026-07-27 04:59:13,037 - Evaluate - INFO - ASR... Epoch: 0, Walltime: 63.388521 CPU time: 379.526695
2026-07-27 05:00:18,108 - Evaluate - INFO - ASR Module... Epoch: 0, RSS: 7.20 GB
2026-07-27 05:00:18,110 - Evaluate - INFO - ASR... Epoch: 0, Walltime: 65.068763 CPU time: 389.592247
2026-07-27 05:01:13,948 - Evaluate - INFO - ASR Module... Epoch: 0, RSS: 7.20 GB
2026-07-27 05:01:13,949 - Evaluate - INFO - ASR... Epoch: 0, Walltime: 55.836427 CPU time: 334.238010
2026-07-27 05:02:29,634 - Evaluate - INFO - ASR Module... Epoch: 0, RSS: 7.20 GB
2026-07-27 05:02:29,635 - Evaluate - INFO - ASR... Epoch: 0, Walltime: 75.682205 CPU time: 450.960636
2026-07-27 05:03:28,084 - Evaluate - INFO - ASR Module... Epoch: 0, RSS: 7.20 GB
2026-07-27 05:03:28,085 - Evaluate - INFO - ASR... Epoch: 0, Walltime: 58.446752 CPU time: 349.562759
2026-07-27 05:04:31,060 - Evaluate - INFO - ASR Module... Epoch: 0, RSS: 7.20 GB
2026-07-27 05:04:31,061 - Evaluate - INFO - ASR... Epoch: 0, Walltime: 62.972513 CPU time: 377.020151
2026-07-27 05:05:45,567 - Evaluate - INFO - ASR Module... Epoch: 0, RSS: 7.20 GB
2026-07-27 05:05:45,569 - Evaluate - INFO - ASR... Epoch: 0, Walltime: 74.503820 CPU time: 446.081447
2026-07-27 05:06:48,603 - Evaluate - INFO - ASR Module... Epoch: 0, RSS: 7.20 GB
2026-07-27 05:06:48,604 - Evaluate - INFO - ASR... Epoch: 0, Walltime: 63.031653 CPU time: 377.391664
2026-07-27 05:07:47,178 - Evaluate - INFO - ASR Module... Epoch: 0, RSS: 7.20 GB
2026-07-27 05:07:47,179 - Evaluate - INFO - ASR... Epoch: 0, Walltime: 58.571936 CPU time: 350.671614
2026-07-27 05:08:46,937 - Evaluate - INFO - ASR Module... Epoch: 0, RSS: 7.20 GB
2026-07-27 05:08:46,938 - Evaluate - INFO - ASR... Epoch: 0, Walltime: 59.755358 CPU time: 357.763160
2026-07-27 05:09:45,899 - Evaluate - INFO - ASR Module... Epoch: 0, RSS: 7.20 GB
2026-07-27 05:09:45,900 - Evaluate - INFO - ASR... Epoch: 0, Walltime: 58.958111 CPU time: 352.991356
2026-07-27 05:10:48,732 - Evaluate - INFO - ASR Module... Epoch: 0, RSS: 7.20 GB
2026-07-27 05:10:48,733 - Evaluate - INFO - ASR... Epoch: 0, Walltime: 62.829316 CPU time: 369.468417
2026-07-27 05:11:54,507 - Evaluate - INFO - ASR Module... Epoch: 0, RSS: 7.20 GB
2026-07-27 05:11:54,508 - Evaluate - INFO - ASR... Epoch: 0, Walltime: 65.770713 CPU time: 393.201878
2026-07-27 05:12:49,983 - Evaluate - INFO - ASR Module... Epoch: 0, RSS: 7.20 GB
2026-07-27 05:12:49,984 - Evaluate - INFO - ASR... Epoch: 0, Walltime: 55.473359 CPU time: 332.126113
2026-07-27 05:14:06,250 - Evaluate - INFO - ASR Module... Epoch: 0, RSS: 7.20 GB
2026-07-27 05:14:06,251 - Evaluate - INFO - ASR... Epoch: 0, Walltime: 76.263134 CPU time: 456.615680
2026-07-27 05:15:18,413 - Evaluate - INFO - ASR Module... Epoch: 0, RSS: 7.20 GB
2026-07-27 05:15:18,414 - Evaluate - INFO - ASR... Epoch: 0, Walltime: 72.159372 CPU time: 432.049100
2026-07-27 05:16:24,040 - Evaluate - INFO - ASR Module... Epoch: 0, RSS: 7.20 GB
2026-07-27 05:16:24,041 - Evaluate - INFO - ASR... Epoch: 0, Walltime: 65.623956 CPU time: 392.314623
2026-07-27 05:17:32,923 - Evaluate - INFO - ASR Module... Epoch: 0, RSS: 7.20 GB
2026-07-27 05:17:32,924 - Evaluate - INFO - ASR... Epoch: 0, Walltime: 68.879130 CPU time: 412.416019
2026-07-27 05:18:31,353 - Evaluate - INFO - ASR Module... Epoch: 0, RSS: 7.20 GB
2026-07-27 05:18:31,355 - Evaluate - INFO - ASR... Epoch: 0, Walltime: 58.426995 CPU time: 349.774221
2026-07-27 05:19:33,053 - Evaluate - INFO - ASR Module... Epoch: 0, RSS: 7.20 GB
2026-07-27 05:19:33,055 - Evaluate - INFO - ASR... Epoch: 0, Walltime: 61.696083 CPU time: 369.398272
2026-07-27 05:20:44,476 - Evaluate - INFO - ASR Module... Epoch: 0, RSS: 7.20 GB
2026-07-27 05:20:44,477 - Evaluate - INFO - ASR... Epoch: 0, Walltime: 71.418218 CPU time: 427.637066
2026-07-27 05:21:40,510 - Evaluate - INFO - ASR Module... Epoch: 0, RSS: 7.20 GB
2026-07-27 05:21:40,511 - Evaluate - INFO - ASR... Epoch: 0, Walltime: 56.030516 CPU time: 335.457218
2026-07-27 05:22:47,540 - Evaluate - INFO - ASR Module... Epoch: 0, RSS: 7.20 GB
2026-07-27 05:22:47,541 - Evaluate - INFO - ASR... Epoch: 0, Walltime: 67.026528 CPU time: 401.337175
2026-07-27 05:23:47,513 - Evaluate - INFO - ASR Module... Epoch: 0, RSS: 7.20 GB
2026-07-27 05:23:47,515 - Evaluate - INFO - ASR... Epoch: 0, Walltime: 59.969531 CPU time: 359.056081
2026-07-27 05:24:56,684 - Evaluate - INFO - ASR Module... Epoch: 0, RSS: 7.20 GB
2026-07-27 05:24:56,685 - Evaluate - INFO - ASR... Epoch: 0, Walltime: 69.167213 CPU time: 410.806963
2026-07-27 05:26:12,609 - Evaluate - INFO - ASR Module... Epoch: 0, RSS: 7.20 GB
2026-07-27 05:26:12,610 - Evaluate - INFO - ASR... Epoch: 0, Walltime: 75.921130 CPU time: 453.295771
2026-07-27 05:27:09,569 - Evaluate - INFO - ASR Module... Epoch: 0, RSS: 7.20 GB
2026-07-27 05:27:09,570 - Evaluate - INFO - ASR... Epoch: 0, Walltime: 56.955927 CPU time: 340.987209
2026-07-27 05:28:05,774 - Evaluate - INFO - ASR Module... Epoch: 0, RSS: 7.20 GB
2026-07-27 05:28:05,775 - Evaluate - INFO - ASR... Epoch: 0, Walltime: 56.201518 CPU time: 336.475165
2026-07-27 05:29:22,237 - Evaluate - INFO - ASR Module... Epoch: 0, RSS: 7.20 GB
2026-07-27 05:29:22,238 - Evaluate - INFO - ASR... Epoch: 0, Walltime: 76.460462 CPU time: 457.795149
2026-07-27 05:30:46,670 - Evaluate - INFO - ASR Module... Epoch: 0, RSS: 7.20 GB
2026-07-27 05:30:46,671 - Evaluate - INFO - ASR... Epoch: 0, Walltime: 84.428717 CPU time: 495.172362
2026-07-27 05:31:56,018 - Evaluate - INFO - ASR Module... Epoch: 0, RSS: 7.20 GB
2026-07-27 05:31:56,019 - Evaluate - INFO - ASR... Epoch: 0, Walltime: 69.343972 CPU time: 413.582565
2026-07-27 05:32:57,312 - Evaluate - INFO - ASR Module... Epoch: 0, RSS: 7.20 GB
2026-07-27 05:32:57,313 - Evaluate - INFO - ASR... Epoch: 0, Walltime: 61.290609 CPU time: 365.763785
2026-07-27 05:34:54,317 - Evaluate - INFO - ASR Module... Epoch: 0, RSS: 7.20 GB
2026-07-27 05:34:54,319 - Evaluate - INFO - ASR... Epoch: 0, Walltime: 117.001029 CPU time: 699.067506
2026-07-27 05:37:10,678 - Evaluate - INFO - ASR Module... Epoch: 0, RSS: 7.20 GB
2026-07-27 05:37:10,679 - Evaluate - INFO - ASR... Epoch: 0, Walltime: 136.354985 CPU time: 816.509281
2026-07-27 05:39:05,428 - Evaluate - INFO - ASR Module... Epoch: 0, RSS: 7.20 GB
2026-07-27 05:39:05,429 - Evaluate - INFO - ASR... Epoch: 0, Walltime: 114.744301 CPU time: 686.717222
2026-07-27 05:40:57,443 - Evaluate - INFO - ASR Module... Epoch: 0, RSS: 7.20 GB
2026-07-27 05:40:57,444 - Evaluate - INFO - ASR... Epoch: 0, Walltime: 112.009296 CPU time: 670.690516
2026-07-27 05:41:55,042 - Evaluate - INFO - ASR Module... Epoch: 0, RSS: 7.20 GB
2026-07-27 05:41:55,043 - Evaluate - INFO - ASR... Epoch: 0, Walltime: 57.594830 CPU time: 344.778059
2026-07-27 05:43:58,952 - Evaluate - INFO - ASR Module... Epoch: 0, RSS: 7.20 GB
2026-07-27 05:43:58,953 - Evaluate - INFO - ASR... Epoch: 0, Walltime: 123.904832 CPU time: 741.927996
2026-07-27 05:45:55,263 - Evaluate - INFO - ASR Module... Epoch: 0, RSS: 7.20 GB
2026-07-27 05:45:55,264 - Evaluate - INFO - ASR... Epoch: 0, Walltime: 116.304730 CPU time: 696.413280
2026-07-27 05:48:16,456 - Evaluate - INFO - ASR Module... Epoch: 0, RSS: 7.20 GB
2026-07-27 05:48:16,457 - Evaluate - INFO - ASR... Epoch: 0, Walltime: 141.187207 CPU time: 844.249990
2026-07-27 05:50:39,009 - Evaluate - INFO - ASR Module... Epoch: 0, RSS: 7.20 GB
2026-07-27 05:50:39,010 - Evaluate - INFO - ASR... Epoch: 0, Walltime: 142.546743 CPU time: 853.031994
2026-07-27 05:52:35,660 - Evaluate - INFO - ASR Module... Epoch: 0, RSS: 7.20 GB
2026-07-27 05:52:35,661 - Evaluate - INFO - ASR... Epoch: 0, Walltime: 116.644523 CPU time: 698.475483
2026-07-27 05:54:05,033 - Evaluate - INFO - ASR Module... Epoch: 0, RSS: 7.20 GB
2026-07-27 05:54:05,035 - Evaluate - INFO - ASR... Epoch: 0, Walltime: 89.368950 CPU time: 535.118877
2026-07-27 05:55:13,616 - Evaluate - INFO - ASR Module... Epoch: 0, RSS: 7.20 GB
2026-07-27 05:55:13,617 - Evaluate - INFO - ASR... Epoch: 0, Walltime: 68.578759 CPU time: 410.601541
2026-07-27 05:57:05,681 - Evaluate - INFO - ASR Module... Epoch: 0, RSS: 7.20 GB
2026-07-27 05:57:05,682 - Evaluate - INFO - ASR... Epoch: 0, Walltime: 112.060469 CPU time: 666.938154
2026-07-27 05:58:33,815 - Evaluate - INFO - ASR Module... Epoch: 0, RSS: 7.20 GB
2026-07-27 05:58:33,816 - Evaluate - INFO - ASR... Epoch: 0, Walltime: 88.128677 CPU time: 527.048850
2026-07-27 06:00:25,986 - Evaluate - INFO - ASR Module... Epoch: 0, RSS: 7.20 GB
2026-07-27 06:00:25,988 - Evaluate - INFO - ASR... Epoch: 0, Walltime: 112.166708 CPU time: 670.523945
2026-07-27 06:01:57,192 - Evaluate - INFO - ASR Module... Epoch: 0, RSS: 7.20 GB
2026-07-27 06:01:57,193 - Evaluate - INFO - ASR... Epoch: 0, Walltime: 91.200513 CPU time: 546.091141
2026-07-27 06:03:07,403 - Evaluate - INFO - ASR Module... Epoch: 0, RSS: 7.20 GB
2026-07-27 06:03:07,404 - Evaluate - INFO - ASR... Epoch: 0, Walltime: 70.207069 CPU time: 420.354533
2026-07-27 06:04:45,743 - Evaluate - INFO - ASR Module... Epoch: 0, RSS: 7.20 GB
2026-07-27 06:04:45,744 - Evaluate - INFO - ASR... Epoch: 0, Walltime: 98.335295 CPU time: 588.837517
2026-07-27 06:06:30,225 - Evaluate - INFO - ASR Module... Epoch: 0, RSS: 7.20 GB
2026-07-27 06:06:30,226 - Evaluate - INFO - ASR... Epoch: 0, Walltime: 104.476050 CPU time: 624.750501
2026-07-27 06:07:51,681 - Evaluate - INFO - ASR Module... Epoch: 0, RSS: 7.20 GB
2026-07-27 06:07:51,682 - Evaluate - INFO - ASR... Epoch: 0, Walltime: 81.452289 CPU time: 485.164231
2026-07-27 06:09:02,645 - Evaluate - INFO - ASR Module... Epoch: 0, RSS: 7.20 GB
2026-07-27 06:09:02,647 - Evaluate - INFO - ASR... Epoch: 0, Walltime: 70.960354 CPU time: 424.864551
2026-07-27 06:10:17,699 - Evaluate - INFO - ASR Module... Epoch: 0, RSS: 7.20 GB
2026-07-27 06:10:17,701 - Evaluate - INFO - ASR... Epoch: 0, Walltime: 75.050062 CPU time: 449.072535
2026-07-27 06:11:25,949 - Evaluate - INFO - ASR Module... Epoch: 0, RSS: 7.20 GB
2026-07-27 06:11:25,950 - Evaluate - INFO - ASR... Epoch: 0, Walltime: 68.244937 CPU time: 408.615227
2026-07-27 06:13:04,328 - Evaluate - INFO - ASR Module... Epoch: 0, RSS: 7.20 GB
2026-07-27 06:13:04,330 - Evaluate - INFO - ASR... Epoch: 0, Walltime: 98.375465 CPU time: 589.071549
2026-07-27 06:14:10,928 - Evaluate - INFO - ASR Module... Epoch: 0, RSS: 7.20 GB
2026-07-27 06:14:10,929 - Evaluate - INFO - ASR... Epoch: 0, Walltime: 66.595305 CPU time: 398.736603
2026-07-27 06:15:48,556 - Evaluate - INFO - ASR Module... Epoch: 0, RSS: 7.20 GB
2026-07-27 06:15:48,557 - Evaluate - INFO - ASR... Epoch: 0, Walltime: 97.624374 CPU time: 584.427172
2026-07-27 06:17:18,927 - Evaluate - INFO - ASR Module... Epoch: 0, RSS: 7.20 GB
2026-07-27 06:17:18,928 - Evaluate - INFO - ASR... Epoch: 0, Walltime: 90.366359 CPU time: 540.682252
2026-07-27 06:19:12,727 - Evaluate - INFO - ASR Module... Epoch: 0, RSS: 7.20 GB
2026-07-27 06:19:12,728 - Evaluate - INFO - ASR... Epoch: 0, Walltime: 113.794779 CPU time: 681.445569
2026-07-27 06:20:21,683 - Evaluate - INFO - ASR Module... Epoch: 0, RSS: 7.20 GB
2026-07-27 06:20:21,684 - Evaluate - INFO - ASR... Epoch: 0, Walltime: 68.952407 CPU time: 412.849885
2026-07-27 06:21:31,954 - Evaluate - INFO - ASR Module... Epoch: 0, RSS: 7.20 GB
2026-07-27 06:21:31,955 - Evaluate - INFO - ASR... Epoch: 0, Walltime: 70.267058 CPU time: 420.706332
2026-07-27 06:22:48,559 - Evaluate - INFO - ASR Module... Epoch: 0, RSS: 7.20 GB
2026-07-27 06:22:48,560 - Evaluate - INFO - ASR... Epoch: 0, Walltime: 76.600180 CPU time: 458.670477
2026-07-27 06:24:16,763 - Evaluate - INFO - ASR Module... Epoch: 0, RSS: 7.20 GB
2026-07-27 06:24:16,764 - Evaluate - INFO - ASR... Epoch: 0, Walltime: 88.199746 CPU time: 528.145870
2026-07-27 06:25:56,492 - Evaluate - INFO - ASR Module... Epoch: 0, RSS: 7.20 GB
2026-07-27 06:25:56,493 - Evaluate - INFO - ASR... Epoch: 0, Walltime: 99.724325 CPU time: 597.182191
2026-07-27 06:29:11,356 - Evaluate - INFO - ASR Module... Epoch: 0, RSS: 7.20 GB
2026-07-27 06:29:11,357 - Evaluate - INFO - ASR... Epoch: 0, Walltime: 194.858788 CPU time: 1166.906886
2026-07-27 06:31:08,428 - Evaluate - INFO - ASR Module... Epoch: 0, RSS: 7.20 GB
2026-07-27 06:31:08,429 - Evaluate - INFO - ASR... Epoch: 0, Walltime: 117.066064 CPU time: 699.240141
2026-07-27 06:32:43,355 - Evaluate - INFO - ASR Module... Epoch: 0, RSS: 7.20 GB
2026-07-27 06:32:43,356 - Evaluate - INFO - ASR... Epoch: 0, Walltime: 94.921666 CPU time: 568.398832
2026-07-27 06:34:10,721 - Evaluate - INFO - ASR Module... Epoch: 0, RSS: 7.20 GB
2026-07-27 06:34:10,722 - Evaluate - INFO - ASR... Epoch: 0, Walltime: 87.361650 CPU time: 523.095024
2026-07-27 06:35:47,313 - Evaluate - INFO - ASR Module... Epoch: 0, RSS: 7.20 GB
2026-07-27 06:35:47,314 - Evaluate - INFO - ASR... Epoch: 0, Walltime: 96.587867 CPU time: 576.415106
2026-07-27 06:37:15,423 - Evaluate - INFO - ASR Module... Epoch: 0, RSS: 7.20 GB
2026-07-27 06:37:15,425 - Evaluate - INFO - ASR... Epoch: 0, Walltime: 88.106116 CPU time: 527.573811
2026-07-27 06:38:42,033 - Evaluate - INFO - ASR Module... Epoch: 0, RSS: 7.20 GB
2026-07-27 06:38:42,034 - Evaluate - INFO - ASR... Epoch: 0, Walltime: 86.604811 CPU time: 518.568733
2026-07-27 06:39:56,277 - Evaluate - INFO - ASR Module... Epoch: 0, RSS: 7.20 GB
2026-07-27 06:39:56,278 - Evaluate - INFO - ASR... Epoch: 0, Walltime: 74.240157 CPU time: 444.530782
2026-07-27 06:41:19,963 - Evaluate - INFO - ASR Module... Epoch: 0, RSS: 7.20 GB
2026-07-27 06:41:19,965 - Evaluate - INFO - ASR... Epoch: 0, Walltime: 83.682442 CPU time: 501.072534
2026-07-27 06:42:14,607 - Evaluate - INFO - ASR Module... Epoch: 0, RSS: 7.20 GB
2026-07-27 06:42:14,608 - Evaluate - INFO - ASR... Epoch: 0, Walltime: 54.640576 CPU time: 327.137451
2026-07-27 06:43:18,775 - Evaluate - INFO - ASR Module... Epoch: 0, RSS: 7.20 GB
2026-07-27 06:43:18,776 - Evaluate - INFO - ASR... Epoch: 0, Walltime: 64.164304 CPU time: 384.188134
2026-07-27 06:44:41,967 - Evaluate - INFO - ASR Module... Epoch: 0, RSS: 7.20 GB
2026-07-27 06:44:41,968 - Evaluate - INFO - ASR... Epoch: 0, Walltime: 83.187610 CPU time: 498.131425
2026-07-27 06:46:09,914 - Evaluate - INFO - ASR Module... Epoch: 0, RSS: 7.20 GB
2026-07-27 06:46:09,916 - Evaluate - INFO - ASR... Epoch: 0, Walltime: 87.943602 CPU time: 526.613442
2026-07-27 06:47:33,502 - Evaluate - INFO - ASR Module... Epoch: 0, RSS: 7.20 GB
2026-07-27 06:47:33,503 - Evaluate - INFO - ASR... Epoch: 0, Walltime: 83.583323 CPU time: 500.504279
2026-07-27 06:48:35,793 - Evaluate - INFO - ASR Module... Epoch: 0, RSS: 7.20 GB
2026-07-27 06:48:35,794 - Evaluate - INFO - ASR... Epoch: 0, Walltime: 62.287693 CPU time: 372.939723
2026-07-27 06:49:47,355 - Evaluate - INFO - ASR Module... Epoch: 0, RSS: 7.20 GB
2026-07-27 06:49:47,356 - Evaluate - INFO - ASR... Epoch: 0, Walltime: 71.558475 CPU time: 428.469321
2026-07-27 06:51:18,910 - Evaluate - INFO - ASR Module... Epoch: 0, RSS: 7.20 GB
2026-07-27 06:51:18,911 - Evaluate - INFO - ASR... Epoch: 0, Walltime: 91.551050 CPU time: 548.222545
2026-07-27 06:52:35,458 - Evaluate - INFO - ASR Module... Epoch: 0, RSS: 7.20 GB
2026-07-27 06:52:35,459 - Evaluate - INFO - ASR... Epoch: 0, Walltime: 76.544053 CPU time: 458.336673
2026-07-27 06:54:24,920 - Evaluate - INFO - ASR Module... Epoch: 0, RSS: 7.20 GB
2026-07-27 06:54:24,921 - Evaluate - INFO - ASR... Epoch: 0, Walltime: 109.457309 CPU time: 655.483908
2026-07-27 06:55:34,784 - Evaluate - INFO - ASR Module... Epoch: 0, RSS: 7.20 GB
2026-07-27 06:55:34,786 - Evaluate - INFO - ASR... Epoch: 0, Walltime: 69.860206 CPU time: 418.300617
2026-07-27 06:57:01,686 - Evaluate - INFO - ASR Module... Epoch: 0, RSS: 7.20 GB
2026-07-27 06:57:01,687 - Evaluate - INFO - ASR... Epoch: 0, Walltime: 86.897219 CPU time: 520.340609
2026-07-27 06:58:42,871 - Evaluate - INFO - ASR Module... Epoch: 0, RSS: 7.20 GB
2026-07-27 06:58:42,872 - Evaluate - INFO - ASR... Epoch: 0, Walltime: 101.180461 CPU time: 605.906195
2026-07-27 07:00:31,687 - Evaluate - INFO - ASR Module... Epoch: 0, RSS: 7.20 GB
2026-07-27 07:00:31,688 - Evaluate - INFO - ASR... Epoch: 0, Walltime: 108.810529 CPU time: 651.605045
2026-07-27 07:01:56,547 - Evaluate - INFO - ASR Module... Epoch: 0, RSS: 7.20 GB
2026-07-27 07:01:56,548 - Evaluate - INFO - ASR... Epoch: 0, Walltime: 84.855588 CPU time: 508.123473
2026-07-27 07:03:42,459 - Evaluate - INFO - ASR Module... Epoch: 0, RSS: 7.20 GB
2026-07-27 07:03:42,460 - Evaluate - INFO - ASR... Epoch: 0, Walltime: 105.907612 CPU time: 634.213334
2026-07-27 07:05:16,532 - Evaluate - INFO - ASR Module... Epoch: 0, RSS: 7.20 GB
2026-07-27 07:05:16,533 - Evaluate - INFO - ASR... Epoch: 0, Walltime: 94.068117 CPU time: 563.284335
2026-07-27 07:07:02,558 - Evaluate - INFO - ASR Module... Epoch: 0, RSS: 7.20 GB
2026-07-27 07:07:02,559 - Evaluate - INFO - ASR... Epoch: 0, Walltime: 106.021128 CPU time: 634.894107
2026-07-27 07:08:44,782 - Evaluate - INFO - ASR Module... Epoch: 0, RSS: 7.20 GB
2026-07-27 07:08:44,783 - Evaluate - INFO - ASR... Epoch: 0, Walltime: 102.219142 CPU time: 612.104119
2026-07-27 07:10:32,364 - Evaluate - INFO - ASR Module... Epoch: 0, RSS: 7.20 GB
2026-07-27 07:10:32,365 - Evaluate - INFO - ASR... Epoch: 0, Walltime: 107.576303 CPU time: 635.887803
2026-07-27 07:12:23,327 - Evaluate - INFO - ASR Module... Epoch: 0, RSS: 7.20 GB
2026-07-27 07:12:23,328 - Evaluate - INFO - ASR... Epoch: 0, Walltime: 110.957125 CPU time: 664.515880
2026-07-27 07:13:44,544 - Evaluate - INFO - ASR Module... Epoch: 0, RSS: 7.20 GB
2026-07-27 07:13:44,545 - Evaluate - INFO - ASR... Epoch: 0, Walltime: 81.211899 CPU time: 486.351427
2026-07-27 07:15:32,262 - Evaluate - INFO - ASR Module... Epoch: 0, RSS: 7.20 GB
2026-07-27 07:15:32,263 - Evaluate - INFO - ASR... Epoch: 0, Walltime: 107.713508 CPU time: 645.092478
2026-07-27 07:17:10,947 - Evaluate - INFO - ASR Module... Epoch: 0, RSS: 7.20 GB
2026-07-27 07:17:10,948 - Evaluate - INFO - ASR... Epoch: 0, Walltime: 98.680629 CPU time: 590.971910
2026-07-27 07:18:50,050 - Evaluate - INFO - ASR Module... Epoch: 0, RSS: 7.20 GB
2026-07-27 07:18:50,051 - Evaluate - INFO - ASR... Epoch: 0, Walltime: 99.097260 CPU time: 593.458939
2026-07-27 07:20:41,695 - Evaluate - INFO - ASR Module... Epoch: 0, RSS: 7.20 GB
2026-07-27 07:20:41,696 - Evaluate - INFO - ASR... Epoch: 0, Walltime: 111.640094 CPU time: 668.586095
2026-07-27 07:22:35,245 - Evaluate - INFO - ASR Module... Epoch: 0, RSS: 7.20 GB
2026-07-27 07:22:35,246 - Evaluate - INFO - ASR... Epoch: 0, Walltime: 113.545253 CPU time: 680.002749
2026-07-27 07:24:06,026 - Evaluate - INFO - ASR Module... Epoch: 0, RSS: 7.20 GB
2026-07-27 07:24:06,027 - Evaluate - INFO - ASR... Epoch: 0, Walltime: 90.775948 CPU time: 543.615205
2026-07-27 07:26:01,392 - Evaluate - INFO - ASR Module... Epoch: 0, RSS: 7.20 GB
2026-07-27 07:26:01,394 - Evaluate - INFO - ASR... Epoch: 0, Walltime: 115.361960 CPU time: 676.865017
2026-07-27 07:27:53,240 - Evaluate - INFO - ASR Module... Epoch: 0, RSS: 7.20 GB
2026-07-27 07:27:53,241 - Evaluate - INFO - ASR... Epoch: 0, Walltime: 111.842463 CPU time: 669.813896
2026-07-27 07:29:25,881 - Evaluate - INFO - ASR Module... Epoch: 0, RSS: 7.20 GB
2026-07-27 07:29:25,882 - Evaluate - INFO - ASR... Epoch: 0, Walltime: 92.636530 CPU time: 554.334802
2026-07-27 07:30:54,323 - Evaluate - INFO - ASR Module... Epoch: 0, RSS: 7.20 GB
2026-07-27 07:30:54,324 - Evaluate - INFO - ASR... Epoch: 0, Walltime: 88.437252 CPU time: 529.611106
2026-07-27 07:32:32,662 - Evaluate - INFO - ASR Module... Epoch: 0, RSS: 7.20 GB
2026-07-27 07:32:32,663 - Evaluate - INFO - ASR... Epoch: 0, Walltime: 98.334305 CPU time: 588.889266
2026-07-27 07:34:24,570 - Evaluate - INFO - ASR Module... Epoch: 0, RSS: 7.20 GB
2026-07-27 07:34:24,571 - Evaluate - INFO - ASR... Epoch: 0, Walltime: 111.902847 CPU time: 670.153796
2026-07-27 07:36:10,479 - Evaluate - INFO - ASR Module... Epoch: 0, RSS: 7.20 GB
2026-07-27 07:36:10,480 - Evaluate - INFO - ASR... Epoch: 0, Walltime: 105.904236 CPU time: 634.193348
2026-07-27 07:37:42,053 - Evaluate - INFO - ASR Module... Epoch: 0, RSS: 7.20 GB
2026-07-27 07:37:42,054 - Evaluate - INFO - ASR... Epoch: 0, Walltime: 91.569795 CPU time: 548.387393
2026-07-27 07:38:41,015 - Evaluate - INFO - ASR Module... Epoch: 0, RSS: 7.20 GB
2026-07-27 07:38:41,016 - Evaluate - INFO - ASR... Epoch: 0, Walltime: 58.957837 CPU time: 353.059903
2026-07-27 07:39:50,700 - Evaluate - INFO - ASR Module... Epoch: 0, RSS: 7.20 GB
2026-07-27 07:39:50,701 - Evaluate - INFO - ASR... Epoch: 0, Walltime: 69.681619 CPU time: 417.284114
2026-07-27 07:40:55,797 - Evaluate - INFO - ASR Module... Epoch: 0, RSS: 7.20 GB
2026-07-27 07:40:55,798 - Evaluate - INFO - ASR... Epoch: 0, Walltime: 65.094161 CPU time: 389.810955
2026-07-27 07:41:59,265 - Evaluate - INFO - ASR Module... Epoch: 0, RSS: 7.20 GB
2026-07-27 07:41:59,266 - Evaluate - INFO - ASR... Epoch: 0, Walltime: 63.463686 CPU time: 380.066144
2026-07-27 07:43:11,890 - Evaluate - INFO - ASR Module... Epoch: 0, RSS: 7.20 GB
2026-07-27 07:43:11,891 - Evaluate - INFO - ASR... Epoch: 0, Walltime: 72.621192 CPU time: 434.888888
2026-07-27 07:44:14,154 - Evaluate - INFO - ASR Module... Epoch: 0, RSS: 7.20 GB
2026-07-27 07:44:14,155 - Evaluate - INFO - ASR... Epoch: 0, Walltime: 62.260387 CPU time: 372.837346
2026-07-27 07:45:25,141 - Evaluate - INFO - ASR Module... Epoch: 0, RSS: 7.20 GB
2026-07-27 07:45:25,142 - Evaluate - INFO - ASR... Epoch: 0, Walltime: 70.984250 CPU time: 425.093799
2026-07-27 07:46:35,971 - Evaluate - INFO - ASR Module... Epoch: 0, RSS: 7.20 GB
2026-07-27 07:46:35,972 - Evaluate - INFO - ASR... Epoch: 0, Walltime: 70.826020 CPU time: 424.146709
2026-07-27 07:47:44,874 - Evaluate - INFO - ASR Module... Epoch: 0, RSS: 7.20 GB
2026-07-27 07:47:44,875 - Evaluate - INFO - ASR... Epoch: 0, Walltime: 68.900023 CPU time: 412.599393
2026-07-27 07:48:50,387 - Evaluate - INFO - ASR Module... Epoch: 0, RSS: 7.20 GB
2026-07-27 07:48:50,389 - Evaluate - INFO - ASR... Epoch: 0, Walltime: 65.509402 CPU time: 392.293059
2026-07-27 07:49:54,570 - Evaluate - INFO - ASR Module... Epoch: 0, RSS: 7.20 GB
2026-07-27 07:49:54,571 - Evaluate - INFO - ASR... Epoch: 0, Walltime: 64.178949 CPU time: 384.330935
2026-07-27 07:51:05,432 - Evaluate - INFO - ASR Module... Epoch: 0, RSS: 7.20 GB
2026-07-27 07:51:05,433 - Evaluate - INFO - ASR... Epoch: 0, Walltime: 70.858589 CPU time: 424.335187
2026-07-27 07:52:12,343 - Evaluate - INFO - ASR Module... Epoch: 0, RSS: 7.20 GB
2026-07-27 07:52:12,344 - Evaluate - INFO - ASR... Epoch: 0, Walltime: 66.907215 CPU time: 400.671956
2026-07-27 07:53:23,247 - Evaluate - INFO - ASR Module... Epoch: 0, RSS: 7.20 GB
2026-07-27 07:53:23,248 - Evaluate - INFO - ASR... Epoch: 0, Walltime: 70.900403 CPU time: 424.583817
2026-07-27 07:54:30,122 - Evaluate - INFO - ASR Module... Epoch: 0, RSS: 7.20 GB
2026-07-27 07:54:30,123 - Evaluate - INFO - ASR... Epoch: 0, Walltime: 66.871367 CPU time: 400.454976
2026-07-27 07:55:40,537 - Evaluate - INFO - ASR Module... Epoch: 0, RSS: 7.20 GB
2026-07-27 07:55:40,537 - Evaluate - INFO - ASR... Epoch: 0, Walltime: 70.410971 CPU time: 421.656536
2026-07-27 07:56:47,524 - Evaluate - INFO - ASR Module... Epoch: 0, RSS: 7.20 GB
2026-07-27 07:56:47,525 - Evaluate - INFO - ASR... Epoch: 0, Walltime: 66.984142 CPU time: 401.127759
2026-07-27 07:57:58,106 - Evaluate - INFO - ASR Module... Epoch: 0, RSS: 7.20 GB
2026-07-27 07:57:58,107 - Evaluate - INFO - ASR... Epoch: 0, Walltime: 70.577924 CPU time: 422.646355
2026-07-27 07:59:18,020 - Evaluate - INFO - ASR Module... Epoch: 0, RSS: 7.20 GB
2026-07-27 07:59:18,021 - Evaluate - INFO - ASR... Epoch: 0, Walltime: 79.910656 CPU time: 478.556070
2026-07-27 08:00:24,948 - Evaluate - INFO - ASR Module... Epoch: 0, RSS: 7.20 GB
2026-07-27 08:00:24,949 - Evaluate - INFO - ASR... Epoch: 0, Walltime: 66.924642 CPU time: 400.770982
2026-07-27 08:01:31,086 - Evaluate - INFO - ASR Module... Epoch: 0, RSS: 7.20 GB
2026-07-27 08:01:31,087 - Evaluate - INFO - ASR... Epoch: 0, Walltime: 66.134560 CPU time: 396.037040
2026-07-27 08:02:36,005 - Evaluate - INFO - ASR Module... Epoch: 0, RSS: 7.20 GB
2026-07-27 08:02:36,006 - Evaluate - INFO - ASR... Epoch: 0, Walltime: 64.915261 CPU time: 388.733216
2026-07-27 08:03:42,269 - Evaluate - INFO - ASR Module... Epoch: 0, RSS: 7.20 GB
2026-07-27 08:03:42,269 - Evaluate - INFO - ASR... Epoch: 0, Walltime: 66.259637 CPU time: 396.787741
2026-07-27 08:04:53,147 - Evaluate - INFO - ASR Module... Epoch: 0, RSS: 7.20 GB
2026-07-27 08:04:53,148 - Evaluate - INFO - ASR... Epoch: 0, Walltime: 70.875183 CPU time: 424.425583
2026-07-27 08:06:07,270 - Evaluate - INFO - ASR Module... Epoch: 0, RSS: 7.20 GB
2026-07-27 08:06:07,271 - Evaluate - INFO - ASR... Epoch: 0, Walltime: 74.119163 CPU time: 442.937293
2026-07-27 08:07:17,765 - Evaluate - INFO - ASR Module... Epoch: 0, RSS: 7.20 GB
2026-07-27 08:07:17,766 - Evaluate - INFO - ASR... Epoch: 0, Walltime: 70.491423 CPU time: 422.125353
2026-07-27 08:08:26,239 - Evaluate - INFO - ASR Module... Epoch: 0, RSS: 7.20 GB
2026-07-27 08:08:26,240 - Evaluate - INFO - ASR... Epoch: 0, Walltime: 68.470791 CPU time: 410.033118
2026-07-27 08:09:35,692 - Evaluate - INFO - ASR Module... Epoch: 0, RSS: 7.20 GB
2026-07-27 08:09:35,692 - Evaluate - INFO - ASR... Epoch: 0, Walltime: 69.448924 CPU time: 415.662523
2026-07-27 08:10:50,265 - Evaluate - INFO - ASR Module... Epoch: 0, RSS: 7.20 GB
2026-07-27 08:10:50,266 - Evaluate - INFO - ASR... Epoch: 0, Walltime: 74.569683 CPU time: 446.557506
2026-07-27 08:12:05,005 - Evaluate - INFO - ASR Module... Epoch: 0, RSS: 7.20 GB
2026-07-27 08:12:05,006 - Evaluate - INFO - ASR... Epoch: 0, Walltime: 74.736288 CPU time: 447.553947
2026-07-27 08:13:10,044 - Evaluate - INFO - ASR Module... Epoch: 0, RSS: 7.20 GB
2026-07-27 08:13:10,045 - Evaluate - INFO - ASR... Epoch: 0, Walltime: 65.035270 CPU time: 389.455527
2026-07-27 08:14:38,082 - Evaluate - INFO - ASR Module... Epoch: 0, RSS: 7.20 GB
2026-07-27 08:14:38,083 - Evaluate - INFO - ASR... Epoch: 0, Walltime: 88.034954 CPU time: 527.198292
2026-07-27 08:15:41,630 - Evaluate - INFO - ASR Module... Epoch: 0, RSS: 7.20 GB
2026-07-27 08:15:41,631 - Evaluate - INFO - ASR... Epoch: 0, Walltime: 63.543678 CPU time: 380.521935
2026-07-27 08:16:51,716 - Evaluate - INFO - ASR Module... Epoch: 0, RSS: 7.20 GB
2026-07-27 08:16:51,717 - Evaluate - INFO - ASR... Epoch: 0, Walltime: 70.082965 CPU time: 419.692931
2026-07-27 08:17:58,072 - Evaluate - INFO - ASR Module... Epoch: 0, RSS: 7.20 GB
2026-07-27 08:17:58,073 - Evaluate - INFO - ASR... Epoch: 0, Walltime: 66.352100 CPU time: 397.347108
2026-07-27 08:19:03,050 - Evaluate - INFO - ASR Module... Epoch: 0, RSS: 7.20 GB
2026-07-27 08:19:03,051 - Evaluate - INFO - ASR... Epoch: 0, Walltime: 64.975431 CPU time: 389.096677
2026-07-27 08:20:09,214 - Evaluate - INFO - ASR Module... Epoch: 0, RSS: 7.20 GB
2026-07-27 08:20:09,216 - Evaluate - INFO - ASR... Epoch: 0, Walltime: 66.160794 CPU time: 396.202653
2026-07-27 08:21:09,549 - Evaluate - INFO - ASR Module... Epoch: 0, RSS: 7.20 GB
2026-07-27 08:21:09,550 - Evaluate - INFO - ASR... Epoch: 0, Walltime: 60.331261 CPU time: 361.275624
2026-07-27 08:22:20,960 - Evaluate - INFO - ASR Module... Epoch: 0, RSS: 7.20 GB
2026-07-27 08:22:20,962 - Evaluate - INFO - ASR... Epoch: 0, Walltime: 71.407597 CPU time: 427.616781
2026-07-27 08:23:26,701 - Evaluate - INFO - ASR Module... Epoch: 0, RSS: 7.20 GB
2026-07-27 08:23:26,702 - Evaluate - INFO - ASR... Epoch: 0, Walltime: 65.736668 CPU time: 393.652159
2026-07-27 08:24:40,697 - Evaluate - INFO - ASR Module... Epoch: 0, RSS: 7.20 GB
2026-07-27 08:24:40,698 - Evaluate - INFO - ASR... Epoch: 0, Walltime: 73.993153 CPU time: 443.111342
2026-07-27 08:25:55,467 - Evaluate - INFO - ASR Module... Epoch: 0, RSS: 7.20 GB
2026-07-27 08:25:55,468 - Evaluate - INFO - ASR... Epoch: 0, Walltime: 74.766021 CPU time: 447.729614
2026-07-27 08:27:03,260 - Evaluate - INFO - ASR Module... Epoch: 0, RSS: 7.20 GB
2026-07-27 08:27:03,261 - Evaluate - INFO - ASR... Epoch: 0, Walltime: 67.788659 CPU time: 405.946643
2026-07-27 08:28:09,319 - Evaluate - INFO - ASR Module... Epoch: 0, RSS: 7.20 GB
2026-07-27 08:28:09,320 - Evaluate - INFO - ASR... Epoch: 0, Walltime: 66.055809 CPU time: 395.565346
2026-07-27 08:29:14,718 - Evaluate - INFO - ASR Module... Epoch: 0, RSS: 7.20 GB
2026-07-27 08:29:14,719 - Evaluate - INFO - ASR... Epoch: 0, Walltime: 65.395579 CPU time: 391.616774
2026-07-27 08:30:20,879 - Evaluate - INFO - ASR Module... Epoch: 0, RSS: 7.20 GB
2026-07-27 08:30:20,880 - Evaluate - INFO - ASR... Epoch: 0, Walltime: 66.157402 CPU time: 396.181546
2026-07-27 08:31:30,183 - Evaluate - INFO - ASR Module... Epoch: 0, RSS: 7.20 GB
2026-07-27 08:31:30,184 - Evaluate - INFO - ASR... Epoch: 0, Walltime: 69.300500 CPU time: 415.002129
2026-07-27 08:32:37,892 - Evaluate - INFO - ASR Module... Epoch: 0, RSS: 7.20 GB
2026-07-27 08:32:37,893 - Evaluate - INFO - ASR... Epoch: 0, Walltime: 67.705177 CPU time: 405.450568
2026-07-27 08:33:54,968 - Evaluate - INFO - ASR Module... Epoch: 0, RSS: 7.20 GB
2026-07-27 08:33:54,968 - Evaluate - INFO - ASR... Epoch: 0, Walltime: 77.072137 CPU time: 461.547602
2026-07-27 08:35:01,962 - Evaluate - INFO - ASR Module... Epoch: 0, RSS: 7.20 GB
2026-07-27 08:35:01,963 - Evaluate - INFO - ASR... Epoch: 0, Walltime: 66.991037 CPU time: 401.166968
2026-07-27 08:36:08,922 - Evaluate - INFO - ASR Module... Epoch: 0, RSS: 7.20 GB
2026-07-27 08:36:08,923 - Evaluate - INFO - ASR... Epoch: 0, Walltime: 66.956451 CPU time: 400.964377
2026-07-27 08:37:23,366 - Evaluate - INFO - ASR Module... Epoch: 0, RSS: 7.20 GB
2026-07-27 08:37:23,368 - Evaluate - INFO - ASR... Epoch: 0, Walltime: 74.440773 CPU time: 445.779943
2026-07-27 08:38:43,192 - Evaluate - INFO - ASR Module... Epoch: 0, RSS: 7.20 GB
2026-07-27 08:38:43,193 - Evaluate - INFO - ASR... Epoch: 0, Walltime: 79.820992 CPU time: 478.006544
2026-07-27 08:40:05,511 - Evaluate - INFO - ASR Module... Epoch: 0, RSS: 7.20 GB
2026-07-27 08:40:05,512 - Evaluate - INFO - ASR... Epoch: 0, Walltime: 82.315692 CPU time: 492.718221
2026-07-27 08:41:14,972 - Evaluate - INFO - ASR Module... Epoch: 0, RSS: 7.20 GB
2026-07-27 08:41:14,973 - Evaluate - INFO - ASR... Epoch: 0, Walltime: 69.457112 CPU time: 415.939115
2026-07-27 08:42:25,157 - Evaluate - INFO - ASR Module... Epoch: 0, RSS: 7.20 GB
2026-07-27 08:42:25,158 - Evaluate - INFO - ASR... Epoch: 0, Walltime: 70.181760 CPU time: 420.263124
2026-07-27 08:43:31,965 - Evaluate - INFO - ASR Module... Epoch: 0, RSS: 7.20 GB
2026-07-27 08:43:31,966 - Evaluate - INFO - ASR... Epoch: 0, Walltime: 66.804932 CPU time: 400.003612
2026-07-27 08:44:49,449 - Evaluate - INFO - ASR Module... Epoch: 0, RSS: 7.20 GB
2026-07-27 08:44:49,450 - Evaluate - INFO - ASR... Epoch: 0, Walltime: 77.480495 CPU time: 463.939436
2026-07-27 08:46:11,674 - Evaluate - INFO - ASR Module... Epoch: 0, RSS: 7.20 GB
2026-07-27 08:46:11,676 - Evaluate - INFO - ASR... Epoch: 0, Walltime: 82.221635 CPU time: 492.339784
2026-07-27 08:47:09,362 - Evaluate - INFO - ASR Module... Epoch: 0, RSS: 7.20 GB
2026-07-27 08:47:09,364 - Evaluate - INFO - ASR... Epoch: 0, Walltime: 57.684011 CPU time: 345.343412
2026-07-27 08:48:09,995 - Evaluate - INFO - ASR Module... Epoch: 0, RSS: 7.20 GB
2026-07-27 08:48:09,997 - Evaluate - INFO - ASR... Epoch: 0, Walltime: 60.629736 CPU time: 362.510272
2026-07-27 08:49:23,483 - Evaluate - INFO - ASR Module... Epoch: 0, RSS: 7.20 GB
2026-07-27 08:49:23,484 - Evaluate - INFO - ASR... Epoch: 0, Walltime: 73.483603 CPU time: 440.014859
2026-07-27 08:50:38,327 - Evaluate - INFO - ASR Module... Epoch: 0, RSS: 7.20 GB
2026-07-27 08:50:38,328 - Evaluate - INFO - ASR... Epoch: 0, Walltime: 74.840441 CPU time: 448.129902
2026-07-27 08:51:57,351 - Evaluate - INFO - ASR Module... Epoch: 0, RSS: 7.20 GB
2026-07-27 08:51:57,352 - Evaluate - INFO - ASR... Epoch: 0, Walltime: 79.020711 CPU time: 473.171854
2026-07-27 08:53:09,217 - Evaluate - INFO - ASR Module... Epoch: 0, RSS: 7.20 GB
2026-07-27 08:53:09,218 - Evaluate - INFO - ASR... Epoch: 0, Walltime: 71.862185 CPU time: 430.305410
2026-07-27 08:54:21,913 - Evaluate - INFO - ASR Module... Epoch: 0, RSS: 7.20 GB
2026-07-27 08:54:21,914 - Evaluate - INFO - ASR... Epoch: 0, Walltime: 72.691816 CPU time: 435.268789
2026-07-27 08:55:35,346 - Evaluate - INFO - ASR Module... Epoch: 0, RSS: 7.20 GB
2026-07-27 08:55:35,347 - Evaluate - INFO - ASR... Epoch: 0, Walltime: 73.429059 CPU time: 439.681158
2026-07-27 08:56:48,485 - Evaluate - INFO - ASR Module... Epoch: 0, RSS: 7.20 GB
2026-07-27 08:56:48,486 - Evaluate - INFO - ASR... Epoch: 0, Walltime: 73.136294 CPU time: 437.934649
2026-07-27 08:58:28,441 - Evaluate - INFO - ASR Module... Epoch: 0, RSS: 7.20 GB
2026-07-27 08:58:28,442 - Evaluate - INFO - ASR... Epoch: 0, Walltime: 99.951273 CPU time: 598.541476
2026-07-27 08:59:44,867 - Evaluate - INFO - ASR Module... Epoch: 0, RSS: 7.20 GB
2026-07-27 08:59:44,867 - Evaluate - INFO - ASR... Epoch: 0, Walltime: 76.421904 CPU time: 457.609717
2026-07-27 09:00:59,960 - Evaluate - INFO - ASR Module... Epoch: 0, RSS: 7.20 GB
2026-07-27 09:00:59,961 - Evaluate - INFO - ASR... Epoch: 0, Walltime: 75.089795 CPU time: 449.639444
2026-07-27 09:02:23,917 - Evaluate - INFO - ASR Module... Epoch: 0, RSS: 7.20 GB
2026-07-27 09:02:23,918 - Evaluate - INFO - ASR... Epoch: 0, Walltime: 83.952616 CPU time: 502.726698
2026-07-27 09:03:28,914 - Evaluate - INFO - ASR Module... Epoch: 0, RSS: 7.20 GB
2026-07-27 09:03:28,915 - Evaluate - INFO - ASR... Epoch: 0, Walltime: 64.993204 CPU time: 389.163764
2026-07-27 09:04:35,087 - Evaluate - INFO - ASR Module... Epoch: 0, RSS: 7.20 GB
2026-07-27 09:04:35,088 - Evaluate - INFO - ASR... Epoch: 0, Walltime: 66.169924 CPU time: 396.207553
2026-07-27 09:05:43,972 - Evaluate - INFO - ASR Module... Epoch: 0, RSS: 7.20 GB
2026-07-27 09:05:43,973 - Evaluate - INFO - ASR... Epoch: 0, Walltime: 68.881189 CPU time: 412.441053
2026-07-27 09:07:06,756 - Evaluate - INFO - ASR Module... Epoch: 0, RSS: 7.20 GB
2026-07-27 09:07:06,757 - Evaluate - INFO - ASR... Epoch: 0, Walltime: 82.781019 CPU time: 495.709689
2026-07-27 09:08:30,681 - Evaluate - INFO - ASR Module... Epoch: 0, RSS: 7.20 GB
2026-07-27 09:08:30,682 - Evaluate - INFO - ASR... Epoch: 0, Walltime: 83.920823 CPU time: 502.539334
2026-07-27 09:09:36,803 - Evaluate - INFO - ASR Module... Epoch: 0, RSS: 7.20 GB
2026-07-27 09:09:36,804 - Evaluate - INFO - ASR... Epoch: 0, Walltime: 66.117916 CPU time: 395.888736
2026-07-27 09:10:44,635 - Evaluate - INFO - ASR Module... Epoch: 0, RSS: 7.20 GB
2026-07-27 09:10:44,636 - Evaluate - INFO - ASR... Epoch: 0, Walltime: 67.829256 CPU time: 406.146121
2026-07-27 09:12:11,653 - Evaluate - INFO - ASR Module... Epoch: 0, RSS: 7.20 GB
2026-07-27 09:12:11,654 - Evaluate - INFO - ASR... Epoch: 0, Walltime: 87.014113 CPU time: 521.063561
2026-07-27 09:13:22,237 - Evaluate - INFO - ASR Module... Epoch: 0, RSS: 7.20 GB
2026-07-27 09:13:22,238 - Evaluate - INFO - ASR... Epoch: 0, Walltime: 70.580145 CPU time: 422.621557
2026-07-27 09:14:39,673 - Evaluate - INFO - ASR Module... Epoch: 0, RSS: 7.20 GB
2026-07-27 09:14:39,674 - Evaluate - INFO - ASR... Epoch: 0, Walltime: 77.432544 CPU time: 463.676354
2026-07-27 09:15:54,053 - Evaluate - INFO - ASR Module... Epoch: 0, RSS: 7.21 GB
2026-07-27 09:15:54,054 - Evaluate - INFO - ASR... Epoch: 0, Walltime: 74.376761 CPU time: 445.358510
2026-07-27 09:17:01,765 - Evaluate - INFO - ASR Module... Epoch: 0, RSS: 7.20 GB
2026-07-27 09:17:01,766 - Evaluate - INFO - ASR... Epoch: 0, Walltime: 67.708394 CPU time: 405.419280
2026-07-27 09:18:15,454 - Evaluate - INFO - ASR Module... Epoch: 0, RSS: 7.20 GB
2026-07-27 09:18:15,455 - Evaluate - INFO - ASR... Epoch: 0, Walltime: 73.684625 CPU time: 441.212221
2026-07-27 09:19:28,442 - Evaluate - INFO - ASR Module... Epoch: 0, RSS: 7.21 GB
2026-07-27 09:19:28,443 - Evaluate - INFO - ASR... Epoch: 0, Walltime: 72.984512 CPU time: 437.018817
2026-07-27 09:20:33,439 - Evaluate - INFO - ASR Module... Epoch: 0, RSS: 7.21 GB
2026-07-27 09:20:33,440 - Evaluate - INFO - ASR... Epoch: 0, Walltime: 64.993920 CPU time: 389.163916
2026-07-27 09:21:38,284 - Evaluate - INFO - ASR Module... Epoch: 0, RSS: 7.20 GB
2026-07-27 09:21:38,285 - Evaluate - INFO - ASR... Epoch: 0, Walltime: 64.841535 CPU time: 388.238478
2026-07-27 09:22:50,743 - Evaluate - INFO - ASR Module... Epoch: 0, RSS: 7.21 GB
2026-07-27 09:22:50,744 - Evaluate - INFO - ASR... Epoch: 0, Walltime: 72.455288 CPU time: 433.856265
2026-07-27 09:24:37,003 - Evaluate - INFO - ASR Module... Epoch: 0, RSS: 7.20 GB
2026-07-27 09:24:37,004 - Evaluate - INFO - ASR... Epoch: 0, Walltime: 106.255872 CPU time: 636.325882
2026-07-27 09:26:02,956 - Evaluate - INFO - ASR Module... Epoch: 0, RSS: 7.20 GB
2026-07-27 09:26:02,957 - Evaluate - INFO - ASR... Epoch: 0, Walltime: 85.948561 CPU time: 514.682426
2026-07-27 09:27:20,814 - Evaluate - INFO - ASR Module... Epoch: 0, RSS: 7.20 GB
2026-07-27 09:27:20,815 - Evaluate - INFO - ASR... Epoch: 0, Walltime: 77.854507 CPU time: 466.195090
2026-07-27 09:28:35,501 - Evaluate - INFO - ASR Module... Epoch: 0, RSS: 7.20 GB
2026-07-27 09:28:35,502 - Evaluate - INFO - ASR... Epoch: 0, Walltime: 74.682865 CPU time: 447.184630
2026-07-27 09:29:42,115 - Evaluate - INFO - ASR Module... Epoch: 0, RSS: 7.21 GB
2026-07-27 09:29:42,116 - Evaluate - INFO - ASR... Epoch: 0, Walltime: 66.610625 CPU time: 398.832942
2026-07-27 09:31:00,242 - Evaluate - INFO - ASR Module... Epoch: 0, RSS: 7.20 GB
2026-07-27 09:31:00,243 - Evaluate - INFO - ASR... Epoch: 0, Walltime: 78.123553 CPU time: 467.803397
2026-07-27 09:32:16,384 - Evaluate - INFO - ASR Module... Epoch: 0, RSS: 7.20 GB
2026-07-27 09:32:16,385 - Evaluate - INFO - ASR... Epoch: 0, Walltime: 76.137947 CPU time: 455.906847
2026-07-27 09:33:21,377 - Evaluate - INFO - ASR Module... Epoch: 0, RSS: 7.20 GB
2026-07-27 09:33:21,378 - Evaluate - INFO - ASR... Epoch: 0, Walltime: 64.989428 CPU time: 389.108771
2026-07-27 09:34:48,462 - Evaluate - INFO - ASR Module... Epoch: 0, RSS: 7.20 GB
2026-07-27 09:34:48,463 - Evaluate - INFO - ASR... Epoch: 0, Walltime: 87.080733 CPU time: 520.799393
2026-07-27 09:35:57,116 - Evaluate - INFO - ASR Module... Epoch: 0, RSS: 7.21 GB
2026-07-27 09:35:57,117 - Evaluate - INFO - ASR... Epoch: 0, Walltime: 68.650102 CPU time: 411.029318
2026-07-27 09:37:07,750 - Evaluate - INFO - ASR Module... Epoch: 0, RSS: 7.21 GB
2026-07-27 09:37:07,751 - Evaluate - INFO - ASR... Epoch: 0, Walltime: 70.630171 CPU time: 422.433989
2026-07-27 09:38:32,510 - Evaluate - INFO - ASR Module... Epoch: 0, RSS: 7.21 GB
2026-07-27 09:38:32,511 - Evaluate - INFO - ASR... Epoch: 0, Walltime: 84.755614 CPU time: 507.512903
2026-07-27 09:39:43,448 - Evaluate - INFO - ASR Module... Epoch: 0, RSS: 7.21 GB
2026-07-27 09:39:43,449 - Evaluate - INFO - ASR... Epoch: 0, Walltime: 70.935032 CPU time: 424.738268
2026-07-27 09:41:08,783 - Evaluate - INFO - ASR Module... Epoch: 0, RSS: 7.20 GB
2026-07-27 09:41:08,784 - Evaluate - INFO - ASR... Epoch: 0, Walltime: 85.331134 CPU time: 510.954536
2026-07-27 09:42:02,808 - Evaluate - INFO - ASR Module... Epoch: 0, RSS: 7.21 GB
2026-07-27 09:42:02,809 - Evaluate - INFO - ASR... Epoch: 0, Walltime: 54.021870 CPU time: 323.328085
2026-07-27 09:43:04,622 - Evaluate - INFO - ASR Module... Epoch: 0, RSS: 7.20 GB
2026-07-27 09:43:04,624 - Evaluate - INFO - ASR... Epoch: 0, Walltime: 61.811012 CPU time: 370.072262
2026-07-27 09:44:24,925 - Evaluate - INFO - ASR Module... Epoch: 0, RSS: 7.20 GB
2026-07-27 09:44:24,926 - Evaluate - INFO - ASR... Epoch: 0, Walltime: 80.298581 CPU time: 480.635687
2026-07-27 09:45:56,691 - Evaluate - INFO - ASR Module... Epoch: 0, RSS: 7.21 GB
2026-07-27 09:45:56,692 - Evaluate - INFO - ASR... Epoch: 0, Walltime: 91.761420 CPU time: 549.476990
2026-07-27 09:47:01,622 - Evaluate - INFO - ASR Module... Epoch: 0, RSS: 7.21 GB
2026-07-27 09:47:01,623 - Evaluate - INFO - ASR... Epoch: 0, Walltime: 64.927669 CPU time: 388.741794
2026-07-27 09:48:08,114 - Evaluate - INFO - ASR Module... Epoch: 0, RSS: 7.21 GB
2026-07-27 09:48:08,114 - Evaluate - INFO - ASR... Epoch: 0, Walltime: 66.487588 CPU time: 398.095782
2026-07-27 09:50:05,571 - Evaluate - INFO - ASR Module... Epoch: 0, RSS: 7.21 GB
2026-07-27 09:50:05,572 - Evaluate - INFO - ASR... Epoch: 0, Walltime: 117.452853 CPU time: 703.379699
2026-07-27 09:51:04,653 - Evaluate - INFO - ASR Module... Epoch: 0, RSS: 7.21 GB
2026-07-27 09:51:04,654 - Evaluate - INFO - ASR... Epoch: 0, Walltime: 59.078878 CPU time: 353.722422
2026-07-27 09:52:01,708 - Evaluate - INFO - ASR Module... Epoch: 0, RSS: 7.21 GB
2026-07-27 09:52:01,709 - Evaluate - INFO - ASR... Epoch: 0, Walltime: 57.052046 CPU time: 341.583494
2026-07-27 09:52:57,372 - Evaluate - INFO - ASR Module... Epoch: 0, RSS: 7.21 GB
2026-07-27 09:52:57,373 - Evaluate - INFO - ASR... Epoch: 0, Walltime: 55.660646 CPU time: 333.257404
2026-07-27 09:53:56,851 - Evaluate - INFO - ASR Module... Epoch: 0, RSS: 7.20 GB
2026-07-27 09:53:56,852 - Evaluate - INFO - ASR... Epoch: 0, Walltime: 59.475354 CPU time: 356.105570
2026-07-27 09:54:57,523 - Evaluate - INFO - ASR Module... Epoch: 0, RSS: 7.21 GB
2026-07-27 09:54:57,524 - Evaluate - INFO - ASR... Epoch: 0, Walltime: 60.668530 CPU time: 363.242306
2026-07-27 09:55:50,191 - Evaluate - INFO - ASR Module... Epoch: 0, RSS: 7.20 GB
2026-07-27 09:55:50,192 - Evaluate - INFO - ASR... Epoch: 0, Walltime: 52.664508 CPU time: 315.302639
2026-07-27 09:56:54,344 - Evaluate - INFO - ASR Module... Epoch: 0, RSS: 7.21 GB
2026-07-27 09:56:54,345 - Evaluate - INFO - ASR... Epoch: 0, Walltime: 64.149130 CPU time: 384.083945
2026-07-27 09:57:50,559 - Evaluate - INFO - ASR Module... Epoch: 0, RSS: 7.21 GB
2026-07-27 09:57:50,560 - Evaluate - INFO - ASR... Epoch: 0, Walltime: 56.211777 CPU time: 336.547827
2026-07-27 09:58:45,688 - Evaluate - INFO - ASR Module... Epoch: 0, RSS: 7.21 GB
2026-07-27 09:58:45,689 - Evaluate - INFO - ASR... Epoch: 0, Walltime: 55.125743 CPU time: 330.048733
2026-07-27 09:59:50,241 - Evaluate - INFO - ASR Module... Epoch: 0, RSS: 7.20 GB
2026-07-27 09:59:50,242 - Evaluate - INFO - ASR... Epoch: 0, Walltime: 64.549717 CPU time: 386.493976
2026-07-27 10:00:43,505 - Evaluate - INFO - ASR Module... Epoch: 0, RSS: 7.21 GB
2026-07-27 10:00:43,506 - Evaluate - INFO - ASR... Epoch: 0, Walltime: 53.261222 CPU time: 318.875580
2026-07-27 10:01:42,563 - Evaluate - INFO - ASR Module... Epoch: 0, RSS: 7.21 GB
2026-07-27 10:01:42,564 - Evaluate - INFO - ASR... Epoch: 0, Walltime: 59.054632 CPU time: 353.579549
2026-07-27 10:02:38,454 - Evaluate - INFO - ASR Module... Epoch: 0, RSS: 7.21 GB
2026-07-27 10:02:38,455 - Evaluate - INFO - ASR... Epoch: 0, Walltime: 55.887110 CPU time: 334.597987
2026-07-27 10:03:44,243 - Evaluate - INFO - ASR Module... Epoch: 0, RSS: 7.21 GB
2026-07-27 10:03:44,245 - Evaluate - INFO - ASR... Epoch: 0, Walltime: 65.786546 CPU time: 393.889432
2026-07-27 10:04:47,179 - Evaluate - INFO - ASR Module... Epoch: 0, RSS: 7.20 GB
2026-07-27 10:04:47,180 - Evaluate - INFO - ASR... Epoch: 0, Walltime: 62.932302 CPU time: 376.803321
2026-07-27 10:05:43,785 - Evaluate - INFO - ASR Module... Epoch: 0, RSS: 7.21 GB
2026-07-27 10:05:43,787 - Evaluate - INFO - ASR... Epoch: 0, Walltime: 56.602842 CPU time: 338.886652
2026-07-27 10:06:40,681 - Evaluate - INFO - ASR Module... Epoch: 0, RSS: 7.21 GB
2026-07-27 10:06:40,682 - Evaluate - INFO - ASR... Epoch: 0, Walltime: 56.892335 CPU time: 340.625162
2026-07-27 10:07:37,662 - Evaluate - INFO - ASR Module... Epoch: 0, RSS: 7.21 GB
2026-07-27 10:07:37,663 - Evaluate - INFO - ASR... Epoch: 0, Walltime: 56.977484 CPU time: 341.138788
2026-07-27 10:08:44,557 - Evaluate - INFO - ASR Module... Epoch: 0, RSS: 7.21 GB
2026-07-27 10:08:44,558 - Evaluate - INFO - ASR... Epoch: 0, Walltime: 66.891642 CPU time: 400.511703
2026-07-27 10:09:47,916 - Evaluate - INFO - ASR Module... Epoch: 0, RSS: 7.21 GB
2026-07-27 10:09:47,917 - Evaluate - INFO - ASR... Epoch: 0, Walltime: 63.355621 CPU time: 379.352032
2026-07-27 10:10:50,363 - Evaluate - INFO - ASR Module... Epoch: 0, RSS: 7.21 GB
2026-07-27 10:10:50,364 - Evaluate - INFO - ASR... Epoch: 0, Walltime: 62.443844 CPU time: 373.876644
2026-07-27 10:11:43,579 - Evaluate - INFO - ASR Module... Epoch: 0, RSS: 7.21 GB
2026-07-27 10:11:43,580 - Evaluate - INFO - ASR... Epoch: 0, Walltime: 53.212061 CPU time: 318.590600
2026-07-27 10:12:50,462 - Evaluate - INFO - ASR Module... Epoch: 0, RSS: 7.21 GB
2026-07-27 10:12:50,463 - Evaluate - INFO - ASR... Epoch: 0, Walltime: 66.880182 CPU time: 400.459057
2026-07-27 10:13:50,973 - Evaluate - INFO - ASR Module... Epoch: 0, RSS: 7.21 GB
2026-07-27 10:13:50,975 - Evaluate - INFO - ASR... Epoch: 0, Walltime: 60.507488 CPU time: 362.288095
2026-07-27 10:14:54,684 - Evaluate - INFO - ASR Module... Epoch: 0, RSS: 7.20 GB
2026-07-27 10:14:54,685 - Evaluate - INFO - ASR... Epoch: 0, Walltime: 63.706764 CPU time: 380.395549
2026-07-27 10:16:03,516 - Evaluate - INFO - ASR Module... Epoch: 0, RSS: 7.21 GB
2026-07-27 10:16:03,517 - Evaluate - INFO - ASR... Epoch: 0, Walltime: 68.828623 CPU time: 411.702269
2026-07-27 10:17:03,494 - Evaluate - INFO - ASR Module... Epoch: 0, RSS: 7.21 GB
2026-07-27 10:17:03,495 - Evaluate - INFO - ASR... Epoch: 0, Walltime: 59.974035 CPU time: 359.095371
2026-07-27 10:18:10,050 - Evaluate - INFO - ASR Module... Epoch: 0, RSS: 7.21 GB
2026-07-27 10:18:10,051 - Evaluate - INFO - ASR... Epoch: 0, Walltime: 66.553134 CPU time: 398.141810
2026-07-27 10:19:11,010 - Evaluate - INFO - ASR Module... Epoch: 0, RSS: 7.21 GB
2026-07-27 10:19:11,011 - Evaluate - INFO - ASR... Epoch: 0, Walltime: 60.955507 CPU time: 364.577756
2026-07-27 10:20:10,756 - Evaluate - INFO - ASR Module... Epoch: 0, RSS: 7.21 GB
2026-07-27 10:20:10,757 - Evaluate - INFO - ASR... Epoch: 0, Walltime: 59.742035 CPU time: 354.430270
2026-07-27 10:21:16,770 - Evaluate - INFO - ASR Module... Epoch: 0, RSS: 7.21 GB
2026-07-27 10:21:16,771 - Evaluate - INFO - ASR... Epoch: 0, Walltime: 66.010882 CPU time: 395.148439
2026-07-27 10:22:11,277 - Evaluate - INFO - ASR Module... Epoch: 0, RSS: 7.21 GB
2026-07-27 10:22:11,278 - Evaluate - INFO - ASR... Epoch: 0, Walltime: 54.503051 CPU time: 326.315445
2026-07-27 10:23:11,480 - Evaluate - INFO - ASR Module... Epoch: 0, RSS: 7.21 GB
2026-07-27 10:23:11,481 - Evaluate - INFO - ASR... Epoch: 0, Walltime: 60.200458 CPU time: 360.448372
2026-07-27 10:24:10,382 - Evaluate - INFO - ASR Module... Epoch: 0, RSS: 7.20 GB
2026-07-27 10:24:10,383 - Evaluate - INFO - ASR... Epoch: 0, Walltime: 58.897757 CPU time: 352.630149
2026-07-27 10:25:08,948 - Evaluate - INFO - ASR Module... Epoch: 0, RSS: 7.21 GB
2026-07-27 10:25:08,949 - Evaluate - INFO - ASR... Epoch: 0, Walltime: 58.563068 CPU time: 350.626527
2026-07-27 10:26:18,220 - Evaluate - INFO - ASR Module... Epoch: 0, RSS: 7.21 GB
2026-07-27 10:26:18,221 - Evaluate - INFO - ASR... Epoch: 0, Walltime: 69.268005 CPU time: 414.744536
2026-07-27 10:27:22,746 - Evaluate - INFO - ASR Module... Epoch: 0, RSS: 7.21 GB
2026-07-27 10:27:22,747 - Evaluate - INFO - ASR... Epoch: 0, Walltime: 64.522039 CPU time: 386.320086
2026-07-27 10:28:23,705 - Evaluate - INFO - ASR Module... Epoch: 0, RSS: 7.21 GB
2026-07-27 10:28:23,706 - Evaluate - INFO - ASR... Epoch: 0, Walltime: 60.955666 CPU time: 364.974564
2026-07-27 10:29:22,386 - Evaluate - INFO - ASR Module... Epoch: 0, RSS: 7.21 GB
2026-07-27 10:29:22,387 - Evaluate - INFO - ASR... Epoch: 0, Walltime: 58.676690 CPU time: 351.297210
2026-07-27 10:30:17,459 - Evaluate - INFO - ASR Module... Epoch: 0, RSS: 7.21 GB
2026-07-27 10:30:17,461 - Evaluate - INFO - ASR... Epoch: 0, Walltime: 55.070336 CPU time: 329.674442
2026-07-27 10:31:12,583 - Evaluate - INFO - ASR Module... Epoch: 0, RSS: 7.21 GB
2026-07-27 10:31:12,585 - Evaluate - INFO - ASR... Epoch: 0, Walltime: 55.120646 CPU time: 330.005226
2026-07-27 10:32:06,400 - Evaluate - INFO - ASR Module... Epoch: 0, RSS: 7.21 GB
2026-07-27 10:32:06,401 - Evaluate - INFO - ASR... Epoch: 0, Walltime: 53.813149 CPU time: 322.164733
2026-07-27 10:33:17,217 - Evaluate - INFO - ASR Module... Epoch: 0, RSS: 7.21 GB
2026-07-27 10:33:17,218 - Evaluate - INFO - ASR... Epoch: 0, Walltime: 70.812768 CPU time: 423.976333
2026-07-27 10:34:17,373 - Evaluate - INFO - ASR Module... Epoch: 0, RSS: 7.21 GB
2026-07-27 10:34:17,375 - Evaluate - INFO - ASR... Epoch: 0, Walltime: 60.152761 CPU time: 360.142049
2026-07-27 10:35:14,803 - Evaluate - INFO - ASR Module... Epoch: 0, RSS: 7.21 GB
2026-07-27 10:35:14,804 - Evaluate - INFO - ASR... Epoch: 0, Walltime: 57.426064 CPU time: 343.587386
2026-07-27 10:36:15,786 - Evaluate - INFO - ASR Module... Epoch: 0, RSS: 7.21 GB
2026-07-27 10:36:15,787 - Evaluate - INFO - ASR... Epoch: 0, Walltime: 60.979963 CPU time: 365.092319
2026-07-27 10:37:18,375 - Evaluate - INFO - ASR Module... Epoch: 0, RSS: 7.21 GB
2026-07-27 10:37:18,376 - Evaluate - INFO - ASR... Epoch: 0, Walltime: 62.585856 CPU time: 374.710588
2026-07-27 10:38:21,765 - Evaluate - INFO - ASR Module... Epoch: 0, RSS: 7.21 GB
2026-07-27 10:38:21,766 - Evaluate - INFO - ASR... Epoch: 0, Walltime: 63.385926 CPU time: 379.506536
2026-07-27 10:39:19,505 - Evaluate - INFO - ASR Module... Epoch: 0, RSS: 7.21 GB
2026-07-27 10:39:19,506 - Evaluate - INFO - ASR... Epoch: 0, Walltime: 57.736518 CPU time: 345.669105
2026-07-27 10:40:16,226 - Evaluate - INFO - ASR Module... Epoch: 0, RSS: 7.21 GB
2026-07-27 10:40:16,227 - Evaluate - INFO - ASR... Epoch: 0, Walltime: 56.718103 CPU time: 339.564919
2026-07-27 10:42:13,136 - Evaluate - INFO - ASR Module... Epoch: 0, RSS: 7.21 GB
2026-07-27 10:42:13,137 - Evaluate - INFO - ASR... Epoch: 0, Walltime: 116.905442 CPU time: 700.044840
2026-07-27 10:43:47,335 - Evaluate - INFO - ASR Module... Epoch: 0, RSS: 7.21 GB
2026-07-27 10:43:47,336 - Evaluate - INFO - ASR... Epoch: 0, Walltime: 94.194543 CPU time: 564.029337
2026-07-27 10:45:02,681 - Evaluate - INFO - ASR Module... Epoch: 0, RSS: 7.21 GB
2026-07-27 10:45:02,682 - Evaluate - INFO - ASR... Epoch: 0, Walltime: 75.341380 CPU time: 451.135558
2026-07-27 10:46:10,986 - Evaluate - INFO - ASR Module... Epoch: 0, RSS: 7.21 GB
2026-07-27 10:46:10,987 - Evaluate - INFO - ASR... Epoch: 0, Walltime: 68.301017 CPU time: 408.953221
2026-07-27 10:47:55,872 - Evaluate - INFO - ASR Module... Epoch: 0, RSS: 7.21 GB
2026-07-27 10:47:55,873 - Evaluate - INFO - ASR... Epoch: 0, Walltime: 104.882264 CPU time: 628.065934
2026-07-27 10:49:26,502 - Evaluate - INFO - ASR Module... Epoch: 0, RSS: 7.21 GB
2026-07-27 10:49:26,503 - Evaluate - INFO - ASR... Epoch: 0, Walltime: 90.624748 CPU time: 542.663088
2026-07-27 10:51:06,425 - Evaluate - INFO - ASR Module... Epoch: 0, RSS: 7.21 GB
2026-07-27 10:51:06,426 - Evaluate - INFO - ASR... Epoch: 0, Walltime: 99.919107 CPU time: 598.334321
2026-07-27 10:52:33,077 - Evaluate - INFO - ASR Module... Epoch: 0, RSS: 7.21 GB
2026-07-27 10:52:33,078 - Evaluate - INFO - ASR... Epoch: 0, Walltime: 86.647417 CPU time: 518.830452
2026-07-27 10:53:38,833 - Evaluate - INFO - ASR Module... Epoch: 0, RSS: 7.21 GB
2026-07-27 10:53:38,834 - Evaluate - INFO - ASR... Epoch: 0, Walltime: 65.752154 CPU time: 393.693246
2026-07-27 10:55:12,516 - Evaluate - INFO - ASR Module... Epoch: 0, RSS: 7.21 GB
2026-07-27 10:55:12,517 - Evaluate - INFO - ASR... Epoch: 0, Walltime: 93.678508 CPU time: 560.947510
2026-07-27 10:56:44,434 - Evaluate - INFO - ASR Module... Epoch: 0, RSS: 7.21 GB
2026-07-27 10:56:44,435 - Evaluate - INFO - ASR... Epoch: 0, Walltime: 91.913322 CPU time: 550.380922
2026-07-27 10:58:18,442 - Evaluate - INFO - ASR Module... Epoch: 0, RSS: 7.21 GB
2026-07-27 10:58:18,443 - Evaluate - INFO - ASR... Epoch: 0, Walltime: 94.003753 CPU time: 562.375998
2026-07-27 10:59:52,309 - Evaluate - INFO - ASR Module... Epoch: 0, RSS: 7.21 GB
2026-07-27 10:59:52,310 - Evaluate - INFO - ASR... Epoch: 0, Walltime: 93.862738 CPU time: 562.062974
2026-07-27 11:01:25,234 - Evaluate - INFO - ASR Module... Epoch: 0, RSS: 7.21 GB
2026-07-27 11:01:25,235 - Evaluate - INFO - ASR... Epoch: 0, Walltime: 92.920227 CPU time: 554.826256
2026-07-27 11:03:02,839 - Evaluate - INFO - ASR Module... Epoch: 0, RSS: 7.21 GB
2026-07-27 11:03:02,839 - Evaluate - INFO - ASR... Epoch: 0, Walltime: 97.600065 CPU time: 584.466879
2026-07-27 11:03:54,118 - Evaluate - INFO - ASR Module... Epoch: 0, RSS: 7.21 GB
2026-07-27 11:03:54,119 - Evaluate - INFO - ASR... Epoch: 0, Walltime: 51.275328 CPU time: 306.402985
2026-07-27 11:04:52,237 - Evaluate - INFO - ASR Module... Epoch: 0, RSS: 7.21 GB
2026-07-27 11:04:52,238 - Evaluate - INFO - ASR... Epoch: 0, Walltime: 58.115361 CPU time: 347.950400
2026-07-27 11:06:08,657 - Evaluate - INFO - ASR Module... Epoch: 0, RSS: 7.21 GB
2026-07-27 11:06:08,658 - Evaluate - INFO - ASR... Epoch: 0, Walltime: 76.416661 CPU time: 457.572960
2026-07-27 11:07:14,367 - Evaluate - INFO - ASR Module... Epoch: 0, RSS: 7.21 GB
2026-07-27 11:07:14,368 - Evaluate - INFO - ASR... Epoch: 0, Walltime: 65.705996 CPU time: 393.424181
2026-07-27 11:08:18,581 - Evaluate - INFO - ASR Module... Epoch: 0, RSS: 7.21 GB
2026-07-27 11:08:18,582 - Evaluate - INFO - ASR... Epoch: 0, Walltime: 64.209694 CPU time: 384.456201
2026-07-27 11:09:21,612 - Evaluate - INFO - ASR Module... Epoch: 0, RSS: 7.21 GB
2026-07-27 11:09:21,614 - Evaluate - INFO - ASR... Epoch: 0, Walltime: 63.028381 CPU time: 377.377558
2026-07-27 11:10:27,425 - Evaluate - INFO - ASR Module... Epoch: 0, RSS: 7.21 GB
2026-07-27 11:10:27,427 - Evaluate - INFO - ASR... Epoch: 0, Walltime: 65.809238 CPU time: 394.035220
2026-07-27 11:11:42,994 - Evaluate - INFO - ASR Module... Epoch: 0, RSS: 7.21 GB
2026-07-27 11:11:42,995 - Evaluate - INFO - ASR... Epoch: 0, Walltime: 75.565188 CPU time: 452.474576
2026-07-27 11:12:42,322 - Evaluate - INFO - ASR Module... Epoch: 0, RSS: 7.21 GB
2026-07-27 11:12:42,323 - Evaluate - INFO - ASR... Epoch: 0, Walltime: 59.323940 CPU time: 355.191276
2026-07-27 11:13:55,920 - Evaluate - INFO - ASR Module... Epoch: 0, RSS: 7.21 GB
2026-07-27 11:13:55,921 - Evaluate - INFO - ASR... Epoch: 0, Walltime: 73.594997 CPU time: 440.667301
2026-07-27 11:15:02,930 - Evaluate - INFO - ASR Module... Epoch: 0, RSS: 7.21 GB
2026-07-27 11:15:02,931 - Evaluate - INFO - ASR... Epoch: 0, Walltime: 67.006404 CPU time: 401.210900
2026-07-27 11:16:52,238 - Evaluate - INFO - ASR Module... Epoch: 0, RSS: 7.21 GB
2026-07-27 11:16:52,239 - Evaluate - INFO - ASR... Epoch: 0, Walltime: 109.303869 CPU time: 654.574440
2026-07-27 11:18:12,355 - Evaluate - INFO - ASR Module... Epoch: 0, RSS: 7.21 GB
2026-07-27 11:18:12,356 - Evaluate - INFO - ASR... Epoch: 0, Walltime: 80.112940 CPU time: 479.556156
2026-07-27 11:19:30,904 - Evaluate - INFO - ASR Module... Epoch: 0, RSS: 7.21 GB
2026-07-27 11:19:30,905 - Evaluate - INFO - ASR... Epoch: 0, Walltime: 78.545270 CPU time: 470.142376
2026-07-27 11:20:39,474 - Evaluate - INFO - ASR Module... Epoch: 0, RSS: 7.21 GB
2026-07-27 11:20:39,475 - Evaluate - INFO - ASR... Epoch: 0, Walltime: 68.566343 CPU time: 410.550369
2026-07-27 11:21:57,623 - Evaluate - INFO - ASR Module... Epoch: 0, RSS: 7.21 GB
2026-07-27 11:21:57,624 - Evaluate - INFO - ASR... Epoch: 0, Walltime: 78.144749 CPU time: 467.932764
2026-07-27 11:23:24,226 - Evaluate - INFO - ASR Module... Epoch: 0, RSS: 7.21 GB
2026-07-27 11:23:24,227 - Evaluate - INFO - ASR... Epoch: 0, Walltime: 86.599514 CPU time: 518.571165
2026-07-27 11:24:25,015 - Evaluate - INFO - ASR Module... Epoch: 0, RSS: 7.21 GB
2026-07-27 11:24:25,016 - Evaluate - INFO - ASR... Epoch: 0, Walltime: 60.785638 CPU time: 363.957372
2026-07-27 11:25:49,267 - Evaluate - INFO - ASR Module... Epoch: 0, RSS: 7.21 GB
2026-07-27 11:25:49,268 - Evaluate - INFO - ASR... Epoch: 0, Walltime: 84.248892 CPU time: 504.491058
2026-07-27 11:27:05,041 - Evaluate - INFO - ASR Module... Epoch: 0, RSS: 7.21 GB
2026-07-27 11:27:05,042 - Evaluate - INFO - ASR... Epoch: 0, Walltime: 75.770009 CPU time: 453.695573
2026-07-27 11:28:32,883 - Evaluate - INFO - ASR Module... Epoch: 0, RSS: 7.21 GB
2026-07-27 11:28:32,884 - Evaluate - INFO - ASR... Epoch: 0, Walltime: 87.838140 CPU time: 525.983403
2026-07-27 11:30:17,774 - Evaluate - INFO - ASR Module... Epoch: 0, RSS: 7.21 GB
2026-07-27 11:30:17,775 - Evaluate - INFO - ASR... Epoch: 0, Walltime: 104.886568 CPU time: 628.107170
2026-07-27 11:31:24,839 - Evaluate - INFO - ASR Module... Epoch: 0, RSS: 7.21 GB
2026-07-27 11:31:24,840 - Evaluate - INFO - ASR... Epoch: 0, Walltime: 67.060155 CPU time: 401.539675
2026-07-27 11:32:20,090 - Evaluate - INFO - ASR Module... Epoch: 0, RSS: 7.21 GB
2026-07-27 11:32:20,091 - Evaluate - INFO - ASR... Epoch: 0, Walltime: 55.246888 CPU time: 330.771298
2026-07-27 11:33:28,586 - Evaluate - INFO - ASR Module... Epoch: 0, RSS: 7.21 GB
2026-07-27 11:33:28,587 - Evaluate - INFO - ASR... Epoch: 0, Walltime: 68.492416 CPU time: 410.107952
2026-07-27 11:34:29,161 - Evaluate - INFO - ASR Module... Epoch: 0, RSS: 7.21 GB
2026-07-27 11:34:29,162 - Evaluate - INFO - ASR... Epoch: 0, Walltime: 60.571497 CPU time: 362.658520
2026-07-27 11:35:46,886 - Evaluate - INFO - ASR Module... Epoch: 0, RSS: 7.21 GB
2026-07-27 11:35:46,888 - Evaluate - INFO - ASR... Epoch: 0, Walltime: 77.722146 CPU time: 465.396271
2026-07-27 11:37:05,172 - Evaluate - INFO - ASR Module... Epoch: 0, RSS: 7.21 GB
2026-07-27 11:37:05,173 - Evaluate - INFO - ASR... Epoch: 0, Walltime: 78.281367 CPU time: 468.733173
2026-07-27 11:38:11,557 - Evaluate - INFO - ASR Module... Epoch: 0, RSS: 7.21 GB
2026-07-27 11:38:11,558 - Evaluate - INFO - ASR... Epoch: 0, Walltime: 66.381511 CPU time: 397.464311
2026-07-27 11:39:27,039 - Evaluate - INFO - ASR Module... Epoch: 0, RSS: 7.21 GB
2026-07-27 11:39:27,040 - Evaluate - INFO - ASR... Epoch: 0, Walltime: 75.477692 CPU time: 451.973216
2026-07-27 11:40:28,926 - Evaluate - INFO - ASR Module... Epoch: 0, RSS: 7.21 GB
2026-07-27 11:40:28,927 - Evaluate - INFO - ASR... Epoch: 0, Walltime: 61.883989 CPU time: 370.509427
2026-07-27 11:41:33,800 - Evaluate - INFO - ASR Module... Epoch: 0, RSS: 7.21 GB
2026-07-27 11:41:33,801 - Evaluate - INFO - ASR... Epoch: 0, Walltime: 64.870104 CPU time: 388.414318
2026-07-27 11:42:39,397 - Evaluate - INFO - ASR Module... Epoch: 0, RSS: 7.21 GB
2026-07-27 11:42:39,398 - Evaluate - INFO - ASR... Epoch: 0, Walltime: 65.593245 CPU time: 392.298142
2026-07-27 11:43:37,909 - Evaluate - INFO - ASR Module... Epoch: 0, RSS: 7.21 GB
2026-07-27 11:43:37,911 - Evaluate - INFO - ASR... Epoch: 0, Walltime: 58.509380 CPU time: 350.319018
2026-07-27 11:44:52,473 - Evaluate - INFO - ASR Module... Epoch: 0, RSS: 7.21 GB
2026-07-27 11:44:52,475 - Evaluate - INFO - ASR... Epoch: 0, Walltime: 74.559806 CPU time: 446.440973
2026-07-27 11:46:00,608 - Evaluate - INFO - ASR Module... Epoch: 0, RSS: 7.21 GB
2026-07-27 11:46:00,609 - Evaluate - INFO - ASR... Epoch: 0, Walltime: 68.129983 CPU time: 407.950832
2026-07-27 11:47:03,412 - Evaluate - INFO - ASR Module... Epoch: 0, RSS: 7.21 GB
2026-07-27 11:47:03,413 - Evaluate - INFO - ASR... Epoch: 0, Walltime: 62.800482 CPU time: 376.025274
2026-07-27 11:48:34,853 - Evaluate - INFO - ASR Module... Epoch: 0, RSS: 7.21 GB
2026-07-27 11:48:34,854 - Evaluate - INFO - ASR... Epoch: 0, Walltime: 91.436373 CPU time: 547.534533
2026-07-27 11:49:35,209 - Evaluate - INFO - ASR Module... Epoch: 0, RSS: 7.21 GB
2026-07-27 11:49:35,211 - Evaluate - INFO - ASR... Epoch: 0, Walltime: 60.352557 CPU time: 361.368617
2026-07-27 11:50:29,010 - Evaluate - INFO - ASR Module... Epoch: 0, RSS: 7.21 GB
2026-07-27 11:50:29,011 - Evaluate - INFO - ASR... Epoch: 0, Walltime: 53.796668 CPU time: 322.099257
2026-07-27 11:51:35,333 - Evaluate - INFO - ASR Module... Epoch: 0, RSS: 7.21 GB
2026-07-27 11:51:35,334 - Evaluate - INFO - ASR... Epoch: 0, Walltime: 66.319207 CPU time: 397.111516
2026-07-27 11:52:46,152 - Evaluate - INFO - ASR Module... Epoch: 0, RSS: 7.21 GB
2026-07-27 11:52:46,153 - Evaluate - INFO - ASR... Epoch: 0, Walltime: 70.815529 CPU time: 423.768808
2026-07-27 11:54:09,026 - Evaluate - INFO - ASR Module... Epoch: 0, RSS: 7.21 GB
2026-07-27 11:54:09,027 - Evaluate - INFO - ASR... Epoch: 0, Walltime: 82.869845 CPU time: 496.217043
2026-07-27 11:55:37,993 - Evaluate - INFO - ASR Module... Epoch: 0, RSS: 7.21 GB
2026-07-27 11:55:37,994 - Evaluate - INFO - ASR... Epoch: 0, Walltime: 88.962870 CPU time: 532.701654
2026-07-27 11:56:49,179 - Evaluate - INFO - ASR Module... Epoch: 0, RSS: 7.21 GB
2026-07-27 11:56:49,181 - Evaluate - INFO - ASR... Epoch: 0, Walltime: 71.182707 CPU time: 426.237687
2026-07-27 11:58:10,374 - Evaluate - INFO - ASR Module... Epoch: 0, RSS: 7.21 GB
2026-07-27 11:58:10,375 - Evaluate - INFO - ASR... Epoch: 0, Walltime: 81.189876 CPU time: 486.154056
2026-07-27 11:59:19,902 - Evaluate - INFO - ASR Module... Epoch: 0, RSS: 7.21 GB
2026-07-27 11:59:19,903 - Evaluate - INFO - ASR... Epoch: 0, Walltime: 69.524186 CPU time: 416.295656
2026-07-27 12:00:56,991 - Evaluate - INFO - ASR Module... Epoch: 0, RSS: 7.21 GB
2026-07-27 12:00:56,992 - Evaluate - INFO - ASR... Epoch: 0, Walltime: 97.085517 CPU time: 580.571406
2026-07-27 12:02:15,453 - Evaluate - INFO - ASR Module... Epoch: 0, RSS: 7.21 GB
2026-07-27 12:02:15,454 - Evaluate - INFO - ASR... Epoch: 0, Walltime: 78.457401 CPU time: 469.744195
2026-07-27 12:03:29,442 - Evaluate - INFO - ASR Module... Epoch: 0, RSS: 7.21 GB
2026-07-27 12:03:29,443 - Evaluate - INFO - ASR... Epoch: 0, Walltime: 73.985635 CPU time: 443.007930
2026-07-27 12:04:39,571 - Evaluate - INFO - ASR Module... Epoch: 0, RSS: 7.21 GB
2026-07-27 12:04:39,572 - Evaluate - INFO - ASR... Epoch: 0, Walltime: 70.124357 CPU time: 419.857458
2026-07-27 12:06:05,065 - Evaluate - INFO - ASR Module... Epoch: 0, RSS: 7.21 GB
2026-07-27 12:06:05,067 - Evaluate - INFO - ASR... Epoch: 0, Walltime: 85.490343 CPU time: 511.922505
2026-07-27 12:07:51,566 - Evaluate - INFO - ASR Module... Epoch: 0, RSS: 7.21 GB
2026-07-27 12:07:51,568 - Evaluate - INFO - ASR... Epoch: 0, Walltime: 106.495625 CPU time: 637.739261
2026-07-27 12:09:06,428 - Evaluate - INFO - ASR Module... Epoch: 0, RSS: 7.21 GB
2026-07-27 12:09:06,429 - Evaluate - INFO - ASR... Epoch: 0, Walltime: 74.856240 CPU time: 448.228913
2026-07-27 12:11:00,493 - Evaluate - INFO - ASR Module... Epoch: 0, RSS: 7.21 GB
2026-07-27 12:11:00,495 - Evaluate - INFO - ASR... Epoch: 0, Walltime: 114.060236 CPU time: 682.996364
2026-07-27 12:12:52,976 - Evaluate - INFO - ASR Module... Epoch: 0, RSS: 7.21 GB
2026-07-27 12:12:52,978 - Evaluate - INFO - ASR... Epoch: 0, Walltime: 112.477795 CPU time: 673.519353
2026-07-27 12:14:21,429 - Evaluate - INFO - ASR Module... Epoch: 0, RSS: 7.21 GB
2026-07-27 12:14:21,430 - Evaluate - INFO - ASR... Epoch: 0, Walltime: 88.446790 CPU time: 529.460272
2026-07-27 12:15:36,740 - Evaluate - INFO - ASR Module... Epoch: 0, RSS: 7.21 GB
2026-07-27 12:15:36,741 - Evaluate - INFO - ASR... Epoch: 0, Walltime: 75.306607 CPU time: 450.927012
2026-07-27 12:17:27,704 - Evaluate - INFO - ASR Module... Epoch: 0, RSS: 7.21 GB
2026-07-27 12:17:27,705 - Evaluate - INFO - ASR... Epoch: 0, Walltime: 110.959665 CPU time: 664.460702
2026-07-27 12:19:01,013 - Evaluate - INFO - ASR Module... Epoch: 0, RSS: 7.21 GB
2026-07-27 12:19:01,014 - Evaluate - INFO - ASR... Epoch: 0, Walltime: 93.303345 CPU time: 558.682001
2026-07-27 12:20:09,250 - Evaluate - INFO - ASR Module... Epoch: 0, RSS: 7.21 GB
2026-07-27 12:20:09,251 - Evaluate - INFO - ASR... Epoch: 0, Walltime: 68.232551 CPU time: 408.546172
2026-07-27 12:21:31,906 - Evaluate - INFO - ASR Module... Epoch: 0, RSS: 7.21 GB
2026-07-27 12:21:31,907 - Evaluate - INFO - ASR... Epoch: 0, Walltime: 82.651390 CPU time: 494.921610
2026-07-27 12:23:13,818 - Evaluate - INFO - ASR Module... Epoch: 0, RSS: 7.21 GB
2026-07-27 12:23:13,819 - Evaluate - INFO - ASR... Epoch: 0, Walltime: 101.906532 CPU time: 610.223844
2026-07-27 12:25:02,651 - Evaluate - INFO - ASR Module... Epoch: 0, RSS: 7.21 GB
2026-07-27 12:25:02,652 - Evaluate - INFO - ASR... Epoch: 0, Walltime: 108.827735 CPU time: 651.655373
2026-07-27 12:26:40,867 - Evaluate - INFO - ASR Module... Epoch: 0, RSS: 7.21 GB
2026-07-27 12:26:40,868 - Evaluate - INFO - ASR... Epoch: 0, Walltime: 98.211576 CPU time: 588.086690
2026-07-27 12:28:16,649 - Evaluate - INFO - ASR Module... Epoch: 0, RSS: 7.21 GB
2026-07-27 12:28:16,650 - Evaluate - INFO - ASR... Epoch: 0, Walltime: 95.777153 CPU time: 573.577721
2026-07-27 12:29:51,138 - Evaluate - INFO - ASR Module... Epoch: 0, RSS: 7.21 GB
2026-07-27 12:29:51,139 - Evaluate - INFO - ASR... Epoch: 0, Walltime: 94.483248 CPU time: 565.771875
2026-07-27 12:31:29,549 - Evaluate - INFO - ASR Module... Epoch: 0, RSS: 7.21 GB
2026-07-27 12:31:29,550 - Evaluate - INFO - ASR... Epoch: 0, Walltime: 98.405317 CPU time: 589.235256
2026-07-27 12:32:44,858 - Evaluate - INFO - ASR Module... Epoch: 0, RSS: 7.21 GB
2026-07-27 12:32:44,859 - Evaluate - INFO - ASR... Epoch: 0, Walltime: 75.305547 CPU time: 450.891671
2026-07-27 12:34:16,552 - Evaluate - INFO - ASR Module... Epoch: 0, RSS: 7.21 GB
2026-07-27 12:34:16,553 - Evaluate - INFO - ASR... Epoch: 0, Walltime: 91.689493 CPU time: 548.975916
2026-07-27 12:35:33,896 - Evaluate - INFO - ASR Module... Epoch: 0, RSS: 7.21 GB
2026-07-27 12:35:33,897 - Evaluate - INFO - ASR... Epoch: 0, Walltime: 77.339618 CPU time: 463.062132
2026-07-27 12:36:52,469 - Evaluate - INFO - ASR Module... Epoch: 0, RSS: 7.21 GB
2026-07-27 12:36:52,470 - Evaluate - INFO - ASR... Epoch: 0, Walltime: 78.568769 CPU time: 470.441889
2026-07-27 12:38:50,269 - Evaluate - INFO - ASR Module... Epoch: 0, RSS: 7.21 GB
2026-07-27 12:38:50,270 - Evaluate - INFO - ASR... Epoch: 0, Walltime: 117.794624 CPU time: 704.404602
2026-07-27 12:40:23,732 - Evaluate - INFO - ASR Module... Epoch: 0, RSS: 7.21 GB
2026-07-27 12:40:23,733 - Evaluate - INFO - ASR... Epoch: 0, Walltime: 93.457796 CPU time: 554.659999
2026-07-27 12:41:37,709 - Evaluate - INFO - ASR Module... Epoch: 0, RSS: 7.21 GB
2026-07-27 12:41:37,710 - Evaluate - INFO - ASR... Epoch: 0, Walltime: 73.971770 CPU time: 442.925792
2026-07-27 12:43:11,768 - Evaluate - INFO - ASR Module... Epoch: 0, RSS: 7.21 GB
2026-07-27 12:43:11,770 - Evaluate - INFO - ASR... Epoch: 0, Walltime: 94.054410 CPU time: 562.172445
2026-07-27 12:44:38,650 - Evaluate - INFO - ASR Module... Epoch: 0, RSS: 7.21 GB
2026-07-27 12:44:38,651 - Evaluate - INFO - ASR... Epoch: 0, Walltime: 86.876489 CPU time: 520.192061
2026-07-27 12:46:20,645 - Evaluate - INFO - ASR Module... Epoch: 0, RSS: 7.21 GB
2026-07-27 12:46:20,646 - Evaluate - INFO - ASR... Epoch: 0, Walltime: 101.988643 CPU time: 609.416135
2026-07-27 12:48:12,166 - Evaluate - INFO - ASR Module... Epoch: 0, RSS: 7.21 GB
2026-07-27 12:48:12,167 - Evaluate - INFO - ASR... Epoch: 0, Walltime: 111.515902 CPU time: 667.768971
2026-07-27 12:49:42,666 - Evaluate - INFO - ASR Module... Epoch: 0, RSS: 7.21 GB
2026-07-27 12:49:42,667 - Evaluate - INFO - ASR... Epoch: 0, Walltime: 90.494792 CPU time: 541.844277
2026-07-27 12:50:57,301 - Evaluate - INFO - ASR Module... Epoch: 0, RSS: 7.21 GB
2026-07-27 12:50:57,302 - Evaluate - INFO - ASR... Epoch: 0, Walltime: 74.630018 CPU time: 446.848654
2026-07-27 12:52:09,351 - Evaluate - INFO - ASR Module... Epoch: 0, RSS: 7.21 GB
2026-07-27 12:52:09,352 - Evaluate - INFO - ASR... Epoch: 0, Walltime: 72.045603 CPU time: 431.372218
2026-07-27 12:53:51,779 - Evaluate - INFO - ASR Module... Epoch: 0, RSS: 7.21 GB
2026-07-27 12:53:51,780 - Evaluate - INFO - ASR... Epoch: 0, Walltime: 102.422738 CPU time: 609.506751
2026-07-27 12:55:12,853 - Evaluate - INFO - ASR Module... Epoch: 0, RSS: 7.21 GB
2026-07-27 12:55:12,854 - Evaluate - INFO - ASR... Epoch: 0, Walltime: 81.069590 CPU time: 485.388325
2026-07-27 12:56:37,611 - Evaluate - INFO - ASR Module... Epoch: 0, RSS: 7.21 GB
2026-07-27 12:56:37,612 - Evaluate - INFO - ASR... Epoch: 0, Walltime: 84.753806 CPU time: 507.469467
2026-07-27 12:57:44,597 - Evaluate - INFO - ASR Module... Epoch: 0, RSS: 7.21 GB
2026-07-27 12:57:44,598 - Evaluate - INFO - ASR... Epoch: 0, Walltime: 66.981087 CPU time: 399.822591
2026-07-27 12:58:44,580 - Evaluate - INFO - ASR Module... Epoch: 0, RSS: 7.21 GB
2026-07-27 12:58:44,581 - Evaluate - INFO - ASR... Epoch: 0, Walltime: 59.979488 CPU time: 359.130296
2026-07-27 13:00:04,864 - Evaluate - INFO - ASR Module... Epoch: 0, RSS: 7.21 GB
2026-07-27 13:00:04,865 - Evaluate - INFO - ASR... Epoch: 0, Walltime: 80.280143 CPU time: 480.638087
2026-07-27 13:01:05,985 - Evaluate - INFO - ASR Module... Epoch: 0, RSS: 7.21 GB
2026-07-27 13:01:05,986 - Evaluate - INFO - ASR... Epoch: 0, Walltime: 61.117552 CPU time: 365.956833
2026-07-27 13:02:35,578 - Evaluate - INFO - ASR Module... Epoch: 0, RSS: 7.21 GB
2026-07-27 13:02:35,579 - Evaluate - INFO - ASR... Epoch: 0, Walltime: 89.589391 CPU time: 530.272934
2026-07-27 13:03:56,489 - Evaluate - INFO - ASR Module... Epoch: 0, RSS: 7.21 GB
2026-07-27 13:03:56,491 - Evaluate - INFO - ASR... Epoch: 0, Walltime: 80.907977 CPU time: 484.471191
2026-07-27 13:05:03,910 - Evaluate - INFO - ASR Module... Epoch: 0, RSS: 7.21 GB
2026-07-27 13:05:03,911 - Evaluate - INFO - ASR... Epoch: 0, Walltime: 67.416156 CPU time: 403.693871
2026-07-27 13:06:34,503 - Evaluate - INFO - ASR Module... Epoch: 0, RSS: 7.21 GB
2026-07-27 13:06:34,504 - Evaluate - INFO - ASR... Epoch: 0, Walltime: 90.588427 CPU time: 542.471650
2026-07-27 13:07:51,925 - Evaluate - INFO - ASR Module... Epoch: 0, RSS: 7.21 GB
2026-07-27 13:07:51,926 - Evaluate - INFO - ASR... Epoch: 0, Walltime: 77.418235 CPU time: 463.603451
2026-07-27 13:08:53,061 - Evaluate - INFO - ASR Module... Epoch: 0, RSS: 7.21 GB
2026-07-27 13:08:53,062 - Evaluate - INFO - ASR... Epoch: 0, Walltime: 61.132629 CPU time: 366.076292
2026-07-27 13:10:09,764 - Evaluate - INFO - ASR Module... Epoch: 0, RSS: 7.21 GB
2026-07-27 13:10:09,765 - Evaluate - INFO - ASR... Epoch: 0, Walltime: 76.699541 CPU time: 459.305678
2026-07-27 13:11:18,720 - Evaluate - INFO - ASR Module... Epoch: 0, RSS: 7.21 GB
2026-07-27 13:11:18,721 - Evaluate - INFO - ASR... Epoch: 0, Walltime: 68.952837 CPU time: 412.254067
2026-07-27 13:12:25,960 - Evaluate - INFO - ASR Module... Epoch: 0, RSS: 7.21 GB
2026-07-27 13:12:25,961 - Evaluate - INFO - ASR... Epoch: 0, Walltime: 67.236503 CPU time: 402.611245
2026-07-27 13:13:29,666 - Evaluate - INFO - ASR Module... Epoch: 0, RSS: 7.21 GB
2026-07-27 13:13:29,667 - Evaluate - INFO - ASR... Epoch: 0, Walltime: 63.701851 CPU time: 381.429909
2026-07-27 13:14:54,792 - Evaluate - INFO - ASR Module... Epoch: 0, RSS: 7.21 GB
2026-07-27 13:14:54,793 - Evaluate - INFO - ASR... Epoch: 0, Walltime: 85.122412 CPU time: 509.718841
2026-07-27 13:15:58,513 - Evaluate - INFO - ASR Module... Epoch: 0, RSS: 7.21 GB
2026-07-27 13:15:58,514 - Evaluate - INFO - ASR... Epoch: 0, Walltime: 63.716982 CPU time: 381.528906
2026-07-27 13:17:10,804 - Evaluate - INFO - ASR Module... Epoch: 0, RSS: 7.21 GB
2026-07-27 13:17:10,805 - Evaluate - INFO - ASR... Epoch: 0, Walltime: 72.287263 CPU time: 432.847489
2026-07-27 13:18:24,263 - Evaluate - INFO - ASR Module... Epoch: 0, RSS: 7.21 GB
2026-07-27 13:18:24,264 - Evaluate - INFO - ASR... Epoch: 0, Walltime: 73.455491 CPU time: 439.858010
2026-07-27 13:19:39,658 - Evaluate - INFO - ASR Module... Epoch: 0, RSS: 7.21 GB
2026-07-27 13:19:39,659 - Evaluate - INFO - ASR... Epoch: 0, Walltime: 75.391138 CPU time: 451.435523
2026-07-27 13:20:38,917 - Evaluate - INFO - ASR Module... Epoch: 0, RSS: 7.21 GB
2026-07-27 13:20:38,918 - Evaluate - INFO - ASR... Epoch: 0, Walltime: 59.254995 CPU time: 354.806097
